setting,active_threshold,topk,baseline,metric,direction,n_queries,mean_delta,ci95_low,ci95_high,paired_win_rate,wilcoxon_greater_p
low_morgan_lt_0.15,-2.0,10,AtomPair,top_active_fraction,cgp_minus_baseline,88,0.20681818181818182,0.16818181818181818,0.24545454545454543,0.7613636363636364,1.216604054062927e-12
low_morgan_lt_0.15,-2.0,10,AtomPair,active_lift,cgp_minus_baseline,88,4.7147424503042235,3.8921100628011467,5.548105031440461,0.7613636363636364,7.301159215403724e-13
low_morgan_lt_0.15,-2.0,10,AtomPair,top_mean_absdiff,baseline_minus_cgp,88,0.6101461233102864,0.4785082880019432,0.7346549331648746,0.8409090909090909,6.502325396774579e-13
low_morgan_lt_0.15,-2.0,10,AtomPair,top_median_absdiff,baseline_minus_cgp,88,0.6402655352996424,0.48222486581822854,0.8063719661690892,0.7840909090909091,1.414625777247057e-10
low_morgan_lt_0.15,-2.0,10,Avalon,top_active_fraction,cgp_minus_baseline,88,0.20340909090909093,0.15795454545454546,0.24772727272727274,0.7613636363636364,1.2914177169097493e-11
low_morgan_lt_0.15,-2.0,10,Avalon,active_lift,cgp_minus_baseline,88,4.6255689871977514,3.5984067225530953,5.628060701120392,0.7613636363636364,5.051722448557928e-11
low_morgan_lt_0.15,-2.0,10,Avalon,top_mean_absdiff,baseline_minus_cgp,88,0.7152186478604562,0.5728246251022624,0.8595793601525953,0.8295454545454546,6.502325396774579e-13
low_morgan_lt_0.15,-2.0,10,Avalon,top_median_absdiff,baseline_minus_cgp,88,0.7435644532342849,0.5712867176583545,0.9102863587404251,0.8409090909090909,1.2445124691868435e-11
low_morgan_lt_0.15,-2.0,10,Morgan,top_active_fraction,cgp_minus_baseline,88,0.21931818181818183,0.1806818181818182,0.2579545454545455,0.7727272727272727,3.596513294305954e-13
low_morgan_lt_0.15,-2.0,10,Morgan,active_lift,cgp_minus_baseline,88,5.051135339712577,4.152389502511602,5.951999385808886,0.7727272727272727,3.3215785075460626e-13
low_morgan_lt_0.15,-2.0,10,Morgan,top_mean_absdiff,baseline_minus_cgp,88,0.7632457058169002,0.6316208777910304,0.8974108178738109,0.8863636363636364,4.841461107926339e-15
low_morgan_lt_0.15,-2.0,10,Morgan,top_median_absdiff,baseline_minus_cgp,88,0.8164786537484112,0.6623511437402985,0.9826460717261892,0.875,1.3713349546638386e-13
low_morgan_lt_0.15,-2.0,10,NYAN,top_active_fraction,cgp_minus_baseline,88,0.17045454545454544,0.1272727272727273,0.21363636363636365,0.6704545454545454,1.3099480858828363e-10
low_morgan_lt_0.15,-2.0,10,NYAN,active_lift,cgp_minus_baseline,88,3.869602619725794,2.8689231129649424,4.856855648193067,0.6704545454545454,7.471574663224435e-10
low_morgan_lt_0.15,-2.0,10,NYAN,top_mean_absdiff,baseline_minus_cgp,88,0.5947802485517802,0.4592363826822309,0.7278552669931276,0.8409090909090909,7.032762343042324e-12
low_morgan_lt_0.15,-2.0,10,NYAN,top_median_absdiff,baseline_minus_cgp,88,0.6604774999177607,0.49434195458196967,0.8254167103540732,0.8068181818181818,1.6616595426964647e-10
low_morgan_lt_0.15,-2.0,10,RDKit2D,top_active_fraction,cgp_minus_baseline,88,0.21022727272727273,0.16704545454545458,0.25113636363636366,0.7840909090909091,2.520843657471814e-12
low_morgan_lt_0.15,-2.0,10,RDKit2D,active_lift,cgp_minus_baseline,88,4.80524174994493,3.927828235132504,5.686110188712357,0.7840909090909091,3.6351807944092986e-12
low_morgan_lt_0.15,-2.0,10,RDKit2D,top_mean_absdiff,baseline_minus_cgp,88,0.6775525869624371,0.5432278308109381,0.8129646996869366,0.875,1.4559085672781567e-12
low_morgan_lt_0.15,-2.0,10,RDKit2D,top_median_absdiff,baseline_minus_cgp,88,0.7483160277396647,0.5778296000156677,0.9208354711914662,0.8409090909090909,8.352135335478922e-12
low_morgan_lt_0.15,-2.0,50,AtomPair,top_active_fraction,cgp_minus_baseline,88,0.15613636363636363,0.13203977272727274,0.18318181818181814,0.875,9.247762969548965e-15
low_morgan_lt_0.15,-2.0,50,AtomPair,active_lift,cgp_minus_baseline,88,3.580228253945567,3.008835539347391,4.161042548956464,0.875,1.0399786179123889e-14
low_morgan_lt_0.15,-2.0,50,AtomPair,top_mean_absdiff,baseline_minus_cgp,88,0.47041315593881095,0.38937547145272106,0.5530301759948114,0.8977272727272727,6.7110901829162065e-15
low_morgan_lt_0.15,-2.0,50,AtomPair,top_median_absdiff,baseline_minus_cgp,88,0.4583805890433723,0.3632778151594969,0.5568198046762104,0.875,1.2114819532445839e-13
low_morgan_lt_0.15,-2.0,50,Avalon,top_active_fraction,cgp_minus_baseline,88,0.15159090909090908,0.12318181818181818,0.18113636363636365,0.8181818181818182,2.256799477500188e-13
low_morgan_lt_0.15,-2.0,50,Avalon,active_lift,cgp_minus_baseline,88,3.485872596096747,2.8728062907778718,4.101347589932279,0.8181818181818182,1.7809428204849107e-13
low_morgan_lt_0.15,-2.0,50,Avalon,top_mean_absdiff,baseline_minus_cgp,88,0.5364261880221469,0.4500696321470648,0.6259142659909974,0.8977272727272727,1.7692997352411166e-14
low_morgan_lt_0.15,-2.0,50,Avalon,top_median_absdiff,baseline_minus_cgp,88,0.5536407794719377,0.4595210879729662,0.6537210520581787,0.9204545454545454,3.723831563741602e-15
low_morgan_lt_0.15,-2.0,50,Morgan,top_active_fraction,cgp_minus_baseline,88,0.17954545454545456,0.15363068181818182,0.20614772727272723,0.8863636363636364,4.270723928444249e-15
low_morgan_lt_0.15,-2.0,50,Morgan,active_lift,cgp_minus_baseline,88,4.142840125036369,3.530965269751246,4.759012214777731,0.8863636363636364,3.688331296923268e-15
low_morgan_lt_0.15,-2.0,50,Morgan,top_mean_absdiff,baseline_minus_cgp,88,0.6281643144660682,0.5451920326086015,0.708869556483227,0.9204545454545454,5.375404428920198e-16
low_morgan_lt_0.15,-2.0,50,Morgan,top_median_absdiff,baseline_minus_cgp,88,0.622840767120744,0.5322637291806297,0.7196560710869314,0.9545454545454546,4.385630490781736e-16
low_morgan_lt_0.15,-2.0,50,NYAN,top_active_fraction,cgp_minus_baseline,88,0.14363636363636365,0.11795454545454544,0.17204545454545453,0.8295454545454546,1.0038631581601951e-13
low_morgan_lt_0.15,-2.0,50,NYAN,active_lift,cgp_minus_baseline,88,3.294713540445953,2.70110657284793,3.9035762764185344,0.8295454545454546,7.626171106521323e-14
low_morgan_lt_0.15,-2.0,50,NYAN,top_mean_absdiff,baseline_minus_cgp,88,0.45928724495199286,0.3759028081905579,0.5482384476570614,0.8977272727272727,4.7407478307862734e-14
low_morgan_lt_0.15,-2.0,50,NYAN,top_median_absdiff,baseline_minus_cgp,88,0.4697082700599408,0.37172426818586407,0.5750498243368631,0.8636363636363636,3.3407960395298164e-13
low_morgan_lt_0.15,-2.0,50,RDKit2D,top_active_fraction,cgp_minus_baseline,88,0.15613636363636366,0.12909090909090912,0.1840909090909091,0.875,1.9488552785300987e-14
low_morgan_lt_0.15,-2.0,50,RDKit2D,active_lift,cgp_minus_baseline,88,3.5506646266350774,2.951423512965206,4.163910628046661,0.875,2.3917809252561566e-14
low_morgan_lt_0.15,-2.0,50,RDKit2D,top_mean_absdiff,baseline_minus_cgp,88,0.5105138032407294,0.4215287559164803,0.5973008839158661,0.9318181818181818,6.4959807467299556e-15
low_morgan_lt_0.15,-2.0,50,RDKit2D,top_median_absdiff,baseline_minus_cgp,88,0.5363420357938263,0.4372017900872131,0.628858410043292,0.9318181818181818,6.287658989630464e-15
low_morgan_lt_0.15,-2.0,100,AtomPair,top_active_fraction,cgp_minus_baseline,88,0.12079545454545458,0.10102272727272728,0.14057386363636362,0.8977272727272727,4.65881676938338e-14
low_morgan_lt_0.15,-2.0,100,AtomPair,active_lift,cgp_minus_baseline,88,2.7604247114759284,2.3234538851016384,3.1793373553446647,0.8977272727272727,3.0941364607512965e-14
low_morgan_lt_0.15,-2.0,100,AtomPair,top_mean_absdiff,baseline_minus_cgp,88,0.3683001864153233,0.29650970702683815,0.4402587555830031,0.9204545454545454,2.7819646560070677e-13
low_morgan_lt_0.15,-2.0,100,AtomPair,top_median_absdiff,baseline_minus_cgp,88,0.36187549001326924,0.2885544291426496,0.4342995559369724,0.8863636363636364,5.0491535741430034e-14
low_morgan_lt_0.15,-2.0,100,Avalon,top_active_fraction,cgp_minus_baseline,88,0.1228409090909091,0.1012471590909091,0.14454829545454545,0.875,9.895316131068513e-14
low_morgan_lt_0.15,-2.0,100,Avalon,active_lift,cgp_minus_baseline,88,2.811846246867175,2.348743565092249,3.252727196477636,0.875,6.684760520397393e-14
low_morgan_lt_0.15,-2.0,100,Avalon,top_mean_absdiff,baseline_minus_cgp,88,0.4214841116434862,0.34922829008911205,0.49741411956280024,0.8977272727272727,3.922420674417901e-14
low_morgan_lt_0.15,-2.0,100,Avalon,top_median_absdiff,baseline_minus_cgp,88,0.4364541097294767,0.3642520274311954,0.513356466751206,0.9204545454545454,2.9570803983023136e-15
low_morgan_lt_0.15,-2.0,100,Morgan,top_active_fraction,cgp_minus_baseline,88,0.15,0.13045170454545454,0.17148011363636362,0.8977272727272727,1.5644161602224041e-15
low_morgan_lt_0.15,-2.0,100,Morgan,active_lift,cgp_minus_baseline,88,3.45250371969211,3.004251078686512,3.8909733913606,0.8977272727272727,1.5749279955268896e-15
low_morgan_lt_0.15,-2.0,100,Morgan,top_mean_absdiff,baseline_minus_cgp,88,0.5248356694192162,0.45699393779751696,0.5921597589065318,0.9318181818181818,7.285838369409497e-16
low_morgan_lt_0.15,-2.0,100,Morgan,top_median_absdiff,baseline_minus_cgp,88,0.5255172420987616,0.45532400390821665,0.5980367796070327,0.9772727272727273,2.2930016717994046e-16
low_morgan_lt_0.15,-2.0,100,NYAN,top_active_fraction,cgp_minus_baseline,88,0.12011363636363637,0.09795170454545456,0.14181818181818182,0.8636363636363636,3.064473165898486e-14
low_morgan_lt_0.15,-2.0,100,NYAN,active_lift,cgp_minus_baseline,88,2.7502857672179593,2.3048683664485905,3.20137082166211,0.8636363636363636,2.21349371961281e-14
low_morgan_lt_0.15,-2.0,100,NYAN,top_mean_absdiff,baseline_minus_cgp,88,0.38930876871480985,0.318987185928923,0.4627858595503735,0.8863636363636364,4.450876514985669e-14
low_morgan_lt_0.15,-2.0,100,NYAN,top_median_absdiff,baseline_minus_cgp,88,0.39970766749419534,0.32840986832815444,0.47576204391763727,0.8977272727272727,1.3249464976737131e-14
low_morgan_lt_0.15,-2.0,100,RDKit2D,top_active_fraction,cgp_minus_baseline,88,0.11897727272727271,0.09886079545454546,0.13954545454545456,0.8977272727272727,9.78688041607559e-15
low_morgan_lt_0.15,-2.0,100,RDKit2D,active_lift,cgp_minus_baseline,88,2.690617983765538,2.243559277450335,3.138366660952288,0.8977272727272727,1.0079992165680765e-14
low_morgan_lt_0.15,-2.0,100,RDKit2D,top_mean_absdiff,baseline_minus_cgp,88,0.40110584825405654,0.32833437733864657,0.4764413737689259,0.9204545454545454,1.8863913864708014e-14
low_morgan_lt_0.15,-2.0,100,RDKit2D,top_median_absdiff,baseline_minus_cgp,88,0.4313508534459371,0.35510867086293896,0.5092305922858196,0.9431818181818182,2.3462448651610514e-15
low_morgan_lt_0.15,-1.5,10,AtomPair,top_active_fraction,cgp_minus_baseline,121,0.1884297520661157,0.1512190082644628,0.22561983471074382,0.7024793388429752,6.221830092786987e-14
low_morgan_lt_0.15,-1.5,10,AtomPair,active_lift,cgp_minus_baseline,121,3.1162648466722103,2.5041619829782897,3.7225184190727796,0.7024793388429752,4.3770764512882815e-14
low_morgan_lt_0.15,-1.5,10,AtomPair,top_mean_absdiff,baseline_minus_cgp,121,0.45599933029912526,0.3545528566529724,0.566625622880578,0.7520661157024794,6.055155444742056e-13
low_morgan_lt_0.15,-1.5,10,AtomPair,top_median_absdiff,baseline_minus_cgp,121,0.4799123912472913,0.3611037064705144,0.6144679018694673,0.7355371900826446,2.4129817525678966e-10
low_morgan_lt_0.15,-1.5,10,Avalon,top_active_fraction,cgp_minus_baseline,121,0.2190082644628099,0.17685950413223142,0.2603512396694214,0.743801652892562,1.09595262930492e-14
low_morgan_lt_0.15,-1.5,10,Avalon,active_lift,cgp_minus_baseline,121,3.659749744539103,3.017923833173379,4.384624355865699,0.743801652892562,5.7912773629837364e-15
low_morgan_lt_0.15,-1.5,10,Avalon,top_mean_absdiff,baseline_minus_cgp,121,0.5697958664684787,0.4537591421856362,0.6860840856308279,0.7933884297520661,8.222917364985248e-15
low_morgan_lt_0.15,-1.5,10,Avalon,top_median_absdiff,baseline_minus_cgp,121,0.5917667434442584,0.461693052565798,0.7337644549933285,0.8181818181818182,1.6374472749790435e-13
low_morgan_lt_0.15,-1.5,10,Morgan,top_active_fraction,cgp_minus_baseline,121,0.2330578512396694,0.19586776859504135,0.271900826446281,0.7603305785123967,6.328247895350955e-17
low_morgan_lt_0.15,-1.5,10,Morgan,active_lift,cgp_minus_baseline,121,3.917026396192318,3.32649977934637,4.5186204942343435,0.7603305785123967,3.65051244985242e-17
low_morgan_lt_0.15,-1.5,10,Morgan,top_mean_absdiff,baseline_minus_cgp,121,0.603946878322908,0.4976535579964217,0.7102724007737796,0.8347107438016529,1.435120924499149e-17
low_morgan_lt_0.15,-1.5,10,Morgan,top_median_absdiff,baseline_minus_cgp,121,0.6436669476951322,0.518671263007139,0.7713480252976718,0.8264462809917356,5.525189616373972e-16
low_morgan_lt_0.15,-1.5,10,NYAN,top_active_fraction,cgp_minus_baseline,121,0.1884297520661157,0.14958677685950414,0.22892561983471077,0.7024793388429752,2.508866421784337e-13
low_morgan_lt_0.15,-1.5,10,NYAN,active_lift,cgp_minus_baseline,121,3.137921004135398,2.4966734995224003,3.774152256158691,0.7024793388429752,1.0236609943220154e-13
low_morgan_lt_0.15,-1.5,10,NYAN,top_mean_absdiff,baseline_minus_cgp,121,0.4697385030393085,0.3654136689046007,0.579222964985002,0.8181818181818182,2.8479365509672376e-13
low_morgan_lt_0.15,-1.5,10,NYAN,top_median_absdiff,baseline_minus_cgp,121,0.5220244437682708,0.3979195648461916,0.6565555043482705,0.8016528925619835,5.4641296177947074e-12
low_morgan_lt_0.15,-1.5,10,RDKit2D,top_active_fraction,cgp_minus_baseline,121,0.21239669421487606,0.1760123966942149,0.25041322314049586,0.743801652892562,5.931115939424106e-15
low_morgan_lt_0.15,-1.5,10,RDKit2D,active_lift,cgp_minus_baseline,121,3.541836849795897,2.879699894270688,4.150513428930863,0.743801652892562,3.585956776674345e-15
low_morgan_lt_0.15,-1.5,10,RDKit2D,top_mean_absdiff,baseline_minus_cgp,121,0.5182951306991571,0.40486824675008065,0.635594463084121,0.8099173553719008,9.362724345199854e-14
low_morgan_lt_0.15,-1.5,10,RDKit2D,top_median_absdiff,baseline_minus_cgp,121,0.5739614003602981,0.43682325733729954,0.7151560814666714,0.768595041322314,2.01710695019604e-12
low_morgan_lt_0.15,-1.5,50,AtomPair,top_active_fraction,cgp_minus_baseline,121,0.15239669421487603,0.12694214876033058,0.17735537190082645,0.8347107438016529,8.192553105245844e-18
low_morgan_lt_0.15,-1.5,50,AtomPair,active_lift,cgp_minus_baseline,121,2.5421897442956736,2.1201498449392795,2.9332775081199736,0.8347107438016529,4.681728613194179e-18
low_morgan_lt_0.15,-1.5,50,AtomPair,top_mean_absdiff,baseline_minus_cgp,121,0.35937484899835953,0.2915392630999636,0.43299785708888144,0.8181818181818182,2.2218259424942776e-16
low_morgan_lt_0.15,-1.5,50,AtomPair,top_median_absdiff,baseline_minus_cgp,121,0.35759814926288436,0.28095845660398117,0.4426967982064405,0.8099173553719008,9.09518666794195e-15
low_morgan_lt_0.15,-1.5,50,Avalon,top_active_fraction,cgp_minus_baseline,121,0.1652892561983471,0.13801652892561983,0.19223140495867766,0.8347107438016529,6.483608379624082e-17
low_morgan_lt_0.15,-1.5,50,Avalon,active_lift,cgp_minus_baseline,121,2.780529086772506,2.344383459122248,3.200827670570899,0.8347107438016529,2.5878966159427014e-17
low_morgan_lt_0.15,-1.5,50,Avalon,top_mean_absdiff,baseline_minus_cgp,121,0.42571243492108085,0.3535915920422614,0.49760372942680686,0.8347107438016529,8.271897801198325e-17
low_morgan_lt_0.15,-1.5,50,Avalon,top_median_absdiff,baseline_minus_cgp,121,0.4383650429487663,0.35665059741653793,0.5218580306570604,0.8429752066115702,6.955993572772134e-17
low_morgan_lt_0.15,-1.5,50,Morgan,top_active_fraction,cgp_minus_baseline,121,0.1915702479338843,0.16495867768595043,0.21570247933884298,0.859504132231405,1.0973182967737746e-19
low_morgan_lt_0.15,-1.5,50,Morgan,active_lift,cgp_minus_baseline,121,3.225140195901725,2.791679269369344,3.6719484163811678,0.859504132231405,8.288152274044807e-20
low_morgan_lt_0.15,-1.5,50,Morgan,top_mean_absdiff,baseline_minus_cgp,121,0.5048823570665972,0.4322354514785407,0.5746559264547388,0.8760330578512396,3.9737044049722004e-20
low_morgan_lt_0.15,-1.5,50,Morgan,top_median_absdiff,baseline_minus_cgp,121,0.5096514566240097,0.4341909641870331,0.5851678394186713,0.9256198347107438,6.70483310599692e-20
low_morgan_lt_0.15,-1.5,50,NYAN,top_active_fraction,cgp_minus_baseline,121,0.15256198347107439,0.1262809917355372,0.17884710743801652,0.8181818181818182,3.369716915954287e-17
low_morgan_lt_0.15,-1.5,50,NYAN,active_lift,cgp_minus_baseline,121,2.547936565102207,2.1364078097839094,2.9712432413463277,0.8181818181818182,2.0756423997324787e-17
low_morgan_lt_0.15,-1.5,50,NYAN,top_mean_absdiff,baseline_minus_cgp,121,0.3643027333827008,0.2946732675552554,0.4386791888066737,0.8429752066115702,2.1290182564507267e-16
low_morgan_lt_0.15,-1.5,50,NYAN,top_median_absdiff,baseline_minus_cgp,121,0.3730873973503293,0.29169526163789644,0.4500709112182012,0.8181818181818182,6.583330443802876e-15
low_morgan_lt_0.15,-1.5,50,RDKit2D,top_active_fraction,cgp_minus_baseline,121,0.1575206611570248,0.13156611570247934,0.18463223140495863,0.8264462809917356,5.142882893525229e-18
low_morgan_lt_0.15,-1.5,50,RDKit2D,active_lift,cgp_minus_baseline,121,2.607149797712298,2.200844489631977,3.0266911539586783,0.8264462809917356,4.204478919150984e-18
low_morgan_lt_0.15,-1.5,50,RDKit2D,top_mean_absdiff,baseline_minus_cgp,121,0.40031293508025223,0.32874479508235877,0.4714428890511128,0.8760330578512396,2.4379809978881946e-17
low_morgan_lt_0.15,-1.5,50,RDKit2D,top_median_absdiff,baseline_minus_cgp,121,0.42174111233258327,0.34122110077241063,0.5039603325597326,0.8677685950413223,2.4640452459014494e-16
low_morgan_lt_0.15,-1.5,100,AtomPair,top_active_fraction,cgp_minus_baseline,121,0.12694214876033058,0.10635537190082643,0.1490082644628099,0.8677685950413223,2.614581647863138e-17
low_morgan_lt_0.15,-1.5,100,AtomPair,active_lift,cgp_minus_baseline,121,2.114948462975933,1.7907246575999365,2.4283031260777626,0.8677685950413223,1.0516620946588406e-17
low_morgan_lt_0.15,-1.5,100,AtomPair,top_mean_absdiff,baseline_minus_cgp,121,0.28419966914070954,0.22564938883432034,0.34034671033057606,0.859504132231405,3.161870818055125e-15
low_morgan_lt_0.15,-1.5,100,AtomPair,top_median_absdiff,baseline_minus_cgp,121,0.2816723840148092,0.2226292974023884,0.34398983202419814,0.8099173553719008,2.01505740573424e-15
low_morgan_lt_0.15,-1.5,100,Avalon,top_active_fraction,cgp_minus_baseline,121,0.13826446280991733,0.11603305785123966,0.15950619834710744,0.8347107438016529,5.137720231037931e-17
low_morgan_lt_0.15,-1.5,100,Avalon,active_lift,cgp_minus_baseline,121,2.3171445008814744,1.9784012179331034,2.6542073552469327,0.8347107438016529,1.2470055816087117e-17
low_morgan_lt_0.15,-1.5,100,Avalon,top_mean_absdiff,baseline_minus_cgp,121,0.33900826501880854,0.27961728649708356,0.39800148118550244,0.859504132231405,6.240756966844514e-17
low_morgan_lt_0.15,-1.5,100,Avalon,top_median_absdiff,baseline_minus_cgp,121,0.3497450373283191,0.29016860054402027,0.4148758097434626,0.859504132231405,8.998275034794585e-18
low_morgan_lt_0.15,-1.5,100,Morgan,top_active_fraction,cgp_minus_baseline,121,0.16520661157024796,0.14388429752066118,0.18595041322314046,0.859504132231405,7.370344652486259e-20
low_morgan_lt_0.15,-1.5,100,Morgan,active_lift,cgp_minus_baseline,121,2.7724656446016147,2.415720189864951,3.0956453550163965,0.859504132231405,7.138546804040101e-20
low_morgan_lt_0.15,-1.5,100,Morgan,top_mean_absdiff,baseline_minus_cgp,121,0.4259786188214237,0.36638045437568534,0.48586329307630044,0.9008264462809917,4.476641249447951e-20
low_morgan_lt_0.15,-1.5,100,Morgan,top_median_absdiff,baseline_minus_cgp,121,0.431804325297852,0.37135900230866603,0.4962547286371818,0.9338842975206612,1.4161932078117607e-20
low_morgan_lt_0.15,-1.5,100,NYAN,top_active_fraction,cgp_minus_baseline,121,0.13421487603305787,0.11363636363636365,0.15562190082644628,0.8429752066115702,2.96679853928117e-18
low_morgan_lt_0.15,-1.5,100,NYAN,active_lift,cgp_minus_baseline,121,2.236691972431622,1.9155355319704201,2.5664337916555424,0.8429752066115702,1.81244271869099e-18
low_morgan_lt_0.15,-1.5,100,NYAN,top_mean_absdiff,baseline_minus_cgp,121,0.31392327635252193,0.2549466765717636,0.37081972147209874,0.8512396694214877,4.0367605685143405e-17
low_morgan_lt_0.15,-1.5,100,NYAN,top_median_absdiff,baseline_minus_cgp,121,0.32053947031776003,0.2568657449667844,0.38546785695292146,0.8429752066115702,7.108450653843502e-17
low_morgan_lt_0.15,-1.5,100,RDKit2D,top_active_fraction,cgp_minus_baseline,121,0.12958677685950412,0.10900826446280992,0.15115702479338844,0.8677685950413223,2.7981692447483575e-18
low_morgan_lt_0.15,-1.5,100,RDKit2D,active_lift,cgp_minus_baseline,121,2.1324096944960513,1.8011198361359952,2.496377055330144,0.8677685950413223,1.6611304477839078e-18
low_morgan_lt_0.15,-1.5,100,RDKit2D,top_mean_absdiff,baseline_minus_cgp,121,0.32314445401809355,0.263042715118947,0.38444739072331713,0.859504132231405,1.3427792436386952e-17
low_morgan_lt_0.15,-1.5,100,RDKit2D,top_median_absdiff,baseline_minus_cgp,121,0.3479595117129997,0.28465579349052983,0.4098152313238199,0.8842975206611571,3.01989262991633e-18
low_morgan_lt_0.15,-1.0,10,AtomPair,top_active_fraction,cgp_minus_baseline,187,0.1754010695187166,0.13955882352941176,0.21390374331550802,0.6417112299465241,1.36894016903373e-15
low_morgan_lt_0.15,-1.0,10,AtomPair,active_lift,cgp_minus_baseline,187,1.8684174231715227,1.4833101557734385,2.2302416223899297,0.6417112299465241,4.900056453688608e-16
low_morgan_lt_0.15,-1.0,10,AtomPair,top_mean_absdiff,baseline_minus_cgp,187,0.2809885169156232,0.20055299469682944,0.36569760927516637,0.6310160427807486,1.890562494846718e-09
low_morgan_lt_0.15,-1.0,10,AtomPair,top_median_absdiff,baseline_minus_cgp,187,0.29826676292250925,0.2086574768471411,0.3959956517875881,0.6577540106951871,1.4500745132933736e-07
low_morgan_lt_0.15,-1.0,10,Avalon,top_active_fraction,cgp_minus_baseline,187,0.20267379679144384,0.1620320855614973,0.2401069518716577,0.6631016042780749,6.715481749498875e-17
low_morgan_lt_0.15,-1.0,10,Avalon,active_lift,cgp_minus_baseline,187,2.178520913442875,1.768308815602539,2.5739057388282407,0.6631016042780749,1.4339857437397752e-17
low_morgan_lt_0.15,-1.0,10,Avalon,top_mean_absdiff,baseline_minus_cgp,187,0.37711833462901634,0.29641091350651294,0.4606379653995287,0.7058823529411765,1.4597667182420654e-13
low_morgan_lt_0.15,-1.0,10,Avalon,top_median_absdiff,baseline_minus_cgp,187,0.40271558724315765,0.30927712437931376,0.5069210678783888,0.7379679144385026,6.508473864572272e-14
low_morgan_lt_0.15,-1.0,10,Morgan,top_active_fraction,cgp_minus_baseline,187,0.2144385026737968,0.17807486631016042,0.24707219251336893,0.7112299465240641,5.1877648271996524e-20
low_morgan_lt_0.15,-1.0,10,Morgan,active_lift,cgp_minus_baseline,187,2.315419424652626,1.9299216309981158,2.6916540179806523,0.7112299465240641,1.4375205781394192e-21
low_morgan_lt_0.15,-1.0,10,Morgan,top_mean_absdiff,baseline_minus_cgp,187,0.4121111030749202,0.3323003453738212,0.49529029178319267,0.7379679144385026,4.224209316882994e-18
low_morgan_lt_0.15,-1.0,10,Morgan,top_median_absdiff,baseline_minus_cgp,187,0.44331521147853986,0.34632162726990445,0.5388121180783669,0.7379679144385026,4.4376344865337963e-16
low_morgan_lt_0.15,-1.0,10,NYAN,top_active_fraction,cgp_minus_baseline,187,0.1657754010695187,0.12887700534759358,0.20320855614973263,0.6470588235294118,1.0731304395204679e-13
low_morgan_lt_0.15,-1.0,10,NYAN,active_lift,cgp_minus_baseline,187,1.7751204050095328,1.3630621188547654,2.1943493404187757,0.6470588235294118,2.1166605210019195e-14
low_morgan_lt_0.15,-1.0,10,NYAN,top_mean_absdiff,baseline_minus_cgp,187,0.3067604338379208,0.2255116998822441,0.3831472330353485,0.7165775401069518,1.853497053190958e-11
low_morgan_lt_0.15,-1.0,10,NYAN,top_median_absdiff,baseline_minus_cgp,187,0.35257302041904487,0.25471587598772516,0.4495420275758662,0.6951871657754011,7.796329765211028e-11
low_morgan_lt_0.15,-1.0,10,RDKit2D,top_active_fraction,cgp_minus_baseline,187,0.1941176470588235,0.15989304812834224,0.22995989304812828,0.6684491978609626,5.2643948995734185e-17
low_morgan_lt_0.15,-1.0,10,RDKit2D,active_lift,cgp_minus_baseline,187,2.089508190037044,1.7028487252323123,2.4842866888078805,0.6684491978609626,2.2130789649945423e-18
low_morgan_lt_0.15,-1.0,10,RDKit2D,top_mean_absdiff,baseline_minus_cgp,187,0.3301438448648093,0.24611518495868365,0.4168636581128864,0.6684491978609626,1.5868565954135457e-11
low_morgan_lt_0.15,-1.0,10,RDKit2D,top_median_absdiff,baseline_minus_cgp,187,0.3755269508960129,0.2783466123951651,0.47809174718230757,0.6631016042780749,1.051758802366203e-10
low_morgan_lt_0.15,-1.0,50,AtomPair,top_active_fraction,cgp_minus_baseline,187,0.14181818181818182,0.11871390374331552,0.16716844919786092,0.7433155080213903,1.1090136888044728e-19
low_morgan_lt_0.15,-1.0,50,AtomPair,active_lift,cgp_minus_baseline,187,1.5162066254477984,1.253732626085655,1.7936009168777718,0.7433155080213903,5.433367271370923e-20
low_morgan_lt_0.15,-1.0,50,AtomPair,top_mean_absdiff,baseline_minus_cgp,187,0.21905719746461386,0.1625136343343378,0.275104917303639,0.6524064171122995,2.105592545615364e-11
low_morgan_lt_0.15,-1.0,50,AtomPair,top_median_absdiff,baseline_minus_cgp,187,0.22208231898276184,0.16297665273101147,0.2829339171326183,0.6844919786096256,3.5260852524445857e-11
low_morgan_lt_0.15,-1.0,50,Avalon,top_active_fraction,cgp_minus_baseline,187,0.1616042780748663,0.13389839572192513,0.18898663101604277,0.7540106951871658,2.1986944854510965e-19
low_morgan_lt_0.15,-1.0,50,Avalon,active_lift,cgp_minus_baseline,187,1.7495599378920401,1.4501333570757424,2.0404722176788153,0.7540106951871658,7.008178313757736e-20
low_morgan_lt_0.15,-1.0,50,Avalon,top_mean_absdiff,baseline_minus_cgp,187,0.2827769503086422,0.22652805935536255,0.3396271019645446,0.7540106951871658,2.356541902409194e-17
low_morgan_lt_0.15,-1.0,50,Avalon,top_median_absdiff,baseline_minus_cgp,187,0.2984377162726808,0.23742944599425123,0.35770503613820176,0.7754010695187166,3.625392372295517e-18
low_morgan_lt_0.15,-1.0,50,Morgan,top_active_fraction,cgp_minus_baseline,187,0.1903743315508021,0.16352673796791442,0.2171203208556149,0.7807486631016043,1.899536714084828e-24
low_morgan_lt_0.15,-1.0,50,Morgan,active_lift,cgp_minus_baseline,187,2.0571698571922505,1.7896483744235336,2.3368176250996844,0.7807486631016043,1.1470605726111535e-24
low_morgan_lt_0.15,-1.0,50,Morgan,top_mean_absdiff,baseline_minus_cgp,187,0.34289804235448734,0.2901269817594412,0.4006470410733579,0.7807486631016043,6.208089915402236e-23
low_morgan_lt_0.15,-1.0,50,Morgan,top_median_absdiff,baseline_minus_cgp,187,0.3570870366359919,0.2941246476619734,0.4191805101938877,0.839572192513369,2.4949577182145227e-23
low_morgan_lt_0.15,-1.0,50,NYAN,top_active_fraction,cgp_minus_baseline,187,0.14267379679144385,0.11625401069518718,0.16898395721925133,0.732620320855615,9.041644227789599e-19
low_morgan_lt_0.15,-1.0,50,NYAN,active_lift,cgp_minus_baseline,187,1.530619826213885,1.264808109526996,1.7948605330787695,0.732620320855615,1.6804110171614435e-19
low_morgan_lt_0.15,-1.0,50,NYAN,top_mean_absdiff,baseline_minus_cgp,187,0.24533282333676815,0.19351396546430624,0.2985126130962839,0.7647058823529411,4.3197340336927506e-17
low_morgan_lt_0.15,-1.0,50,NYAN,top_median_absdiff,baseline_minus_cgp,187,0.25609763775750455,0.1976038431860455,0.3150637710497252,0.7540106951871658,3.672741198017114e-15
low_morgan_lt_0.15,-1.0,50,RDKit2D,top_active_fraction,cgp_minus_baseline,187,0.15336898395721926,0.12866310160427807,0.1790401069518716,0.7700534759358288,3.3382885898611813e-21
low_morgan_lt_0.15,-1.0,50,RDKit2D,active_lift,cgp_minus_baseline,187,1.6320162356235695,1.3602385472308112,1.9065133992954357,0.7700534759358288,1.5067865899728408e-21
low_morgan_lt_0.15,-1.0,50,RDKit2D,top_mean_absdiff,baseline_minus_cgp,187,0.255460044082116,0.19966620936451412,0.3132922004602982,0.7272727272727273,5.1071039899222094e-15
low_morgan_lt_0.15,-1.0,50,RDKit2D,top_median_absdiff,baseline_minus_cgp,187,0.2730637161620833,0.21284995724218364,0.3328152048407293,0.732620320855615,1.322812782112041e-14
low_morgan_lt_0.15,-1.0,100,AtomPair,top_active_fraction,cgp_minus_baseline,187,0.11524064171122995,0.09304812834224598,0.13545588235294115,0.7433155080213903,7.779067648672125e-18
low_morgan_lt_0.15,-1.0,100,AtomPair,active_lift,cgp_minus_baseline,187,1.2360846804706573,1.020258187550631,1.4461985732391818,0.7433155080213903,1.267595784287941e-18
low_morgan_lt_0.15,-1.0,100,AtomPair,top_mean_absdiff,baseline_minus_cgp,187,0.17692278352198146,0.13400963271781638,0.22102750061522164,0.6898395721925134,1.6762434873671316e-12
low_morgan_lt_0.15,-1.0,100,AtomPair,top_median_absdiff,baseline_minus_cgp,187,0.1781677829145571,0.1339638059156437,0.22424045366939405,0.6684491978609626,1.331238793862851e-12
low_morgan_lt_0.15,-1.0,100,Avalon,top_active_fraction,cgp_minus_baseline,187,0.13347593582887698,0.11016042780748664,0.15518716577540106,0.7540106951871658,1.359388906571514e-19
low_morgan_lt_0.15,-1.0,100,Avalon,active_lift,cgp_minus_baseline,187,1.4407064303174246,1.1982216238515149,1.6743019249162057,0.7540106951871658,1.966763133579223e-20
low_morgan_lt_0.15,-1.0,100,Avalon,top_mean_absdiff,baseline_minus_cgp,187,0.22620133744543702,0.18151152075876542,0.2708661875530402,0.7914438502673797,1.6804425711902087e-18
low_morgan_lt_0.15,-1.0,100,Avalon,top_median_absdiff,baseline_minus_cgp,187,0.23428021942313268,0.1872457281318093,0.28409268423491735,0.7807486631016043,5.654272084801083e-19
low_morgan_lt_0.15,-1.0,100,Morgan,top_active_fraction,cgp_minus_baseline,187,0.17058823529411765,0.14903743315508022,0.19219385026737965,0.7967914438502673,2.1926889569933407e-25
low_morgan_lt_0.15,-1.0,100,Morgan,active_lift,cgp_minus_baseline,187,1.8386072065956496,1.6052156421747663,2.068729853567486,0.7967914438502673,1.4083320122881008e-25
low_morgan_lt_0.15,-1.0,100,Morgan,top_mean_absdiff,baseline_minus_cgp,187,0.29118170636137053,0.24632730538828715,0.3393584112133208,0.8502673796791443,3.469549976091032e-25
low_morgan_lt_0.15,-1.0,100,Morgan,top_median_absdiff,baseline_minus_cgp,187,0.3037289624658966,0.2558097300713953,0.35277270868244415,0.8770053475935828,1.3913047108114258e-26
low_morgan_lt_0.15,-1.0,100,NYAN,top_active_fraction,cgp_minus_baseline,187,0.12866310160427807,0.10668048128342245,0.15000133689839573,0.7433155080213903,3.000540163500401e-20
low_morgan_lt_0.15,-1.0,100,NYAN,active_lift,cgp_minus_baseline,187,1.3786752147297245,1.1510595516905913,1.604546210867597,0.7433155080213903,6.504948175767523e-21
low_morgan_lt_0.15,-1.0,100,NYAN,top_mean_absdiff,baseline_minus_cgp,187,0.20981090981417388,0.1686599859143272,0.2506481909042118,0.7486631016042781,1.9378530720320503e-18
low_morgan_lt_0.15,-1.0,100,NYAN,top_median_absdiff,baseline_minus_cgp,187,0.217846083858973,0.1751540648887959,0.26447702868383083,0.7647058823529411,3.5199042395387136e-18
low_morgan_lt_0.15,-1.0,100,RDKit2D,top_active_fraction,cgp_minus_baseline,187,0.13106951871657754,0.10967914438502673,0.15272994652406416,0.786096256684492,3.2089298571386332e-22
low_morgan_lt_0.15,-1.0,100,RDKit2D,active_lift,cgp_minus_baseline,187,1.389402515076706,1.1727378873484353,1.6064615499039696,0.786096256684492,1.2203126243936857e-22
low_morgan_lt_0.15,-1.0,100,RDKit2D,top_mean_absdiff,baseline_minus_cgp,187,0.21196722758909,0.16849153693449348,0.25853085667914,0.7486631016042781,9.351224508021391e-18
low_morgan_lt_0.15,-1.0,100,RDKit2D,top_median_absdiff,baseline_minus_cgp,187,0.2282763983489993,0.18208281912866273,0.2781402211797504,0.7700534759358288,8.234688681089176e-18
low_morgan_lt_0.20,-2.0,10,AtomPair,top_active_fraction,cgp_minus_baseline,88,0.2056818181818182,0.16136363636363638,0.25,0.7272727272727273,2.3984112342011876e-11
low_morgan_lt_0.20,-2.0,10,AtomPair,active_lift,cgp_minus_baseline,88,4.47874718955932,3.5064449071945445,5.4317825894279395,0.7272727272727273,9.741294287062027e-12
low_morgan_lt_0.20,-2.0,10,AtomPair,top_mean_absdiff,baseline_minus_cgp,88,0.6070538400088977,0.4554033583723306,0.7653510265487717,0.7840909090909091,1.5749664187310983e-10
low_morgan_lt_0.20,-2.0,10,AtomPair,top_median_absdiff,baseline_minus_cgp,88,0.7139504049032852,0.5260463542365125,0.907727863369655,0.7727272727272727,8.906075080263233e-10
low_morgan_lt_0.20,-2.0,10,Avalon,top_active_fraction,cgp_minus_baseline,88,0.21590909090909094,0.17045454545454544,0.2625,0.75,8.906960692817898e-11
low_morgan_lt_0.20,-2.0,10,Avalon,active_lift,cgp_minus_baseline,88,4.7282844100336945,3.68893226344664,5.748407729003629,0.75,7.366385403642347e-11
low_morgan_lt_0.20,-2.0,10,Avalon,top_mean_absdiff,baseline_minus_cgp,88,0.7048492605237037,0.5507556706801255,0.8605259703844851,0.8295454545454546,8.594428145184127e-12
low_morgan_lt_0.20,-2.0,10,Avalon,top_median_absdiff,baseline_minus_cgp,88,0.8057299709808748,0.6168685777956853,0.9931414931406007,0.8068181818181818,2.8130667788805027e-11
low_morgan_lt_0.20,-2.0,10,Morgan,top_active_fraction,cgp_minus_baseline,88,0.2113636363636364,0.16477272727272727,0.2545454545454546,0.75,1.089903254343676e-11
low_morgan_lt_0.20,-2.0,10,Morgan,active_lift,cgp_minus_baseline,88,4.638743317755233,3.666783753713372,5.565487761638019,0.75,2.112588196878699e-11
low_morgan_lt_0.20,-2.0,10,Morgan,top_mean_absdiff,baseline_minus_cgp,88,0.6858272199081761,0.5389304822917107,0.8343720298087797,0.8295454545454546,1.7969504902520557e-11
low_morgan_lt_0.20,-2.0,10,Morgan,top_median_absdiff,baseline_minus_cgp,88,0.8442283119075,0.6699435262651605,1.0145901112247553,0.7840909090909091,7.664695508826853e-12
low_morgan_lt_0.20,-2.0,10,NYAN,top_active_fraction,cgp_minus_baseline,88,0.18068181818181817,0.13295454545454544,0.22843749999999985,0.7045454545454546,3.7528191557875524e-10
low_morgan_lt_0.20,-2.0,10,NYAN,active_lift,cgp_minus_baseline,88,3.9300283337493767,2.836050973700688,4.960597473274178,0.7045454545454546,3.6669984986579495e-10
low_morgan_lt_0.20,-2.0,10,NYAN,top_mean_absdiff,baseline_minus_cgp,88,0.6356003759452009,0.4872590476988427,0.7927456031677121,0.8181818181818182,1.023402287086738e-10
low_morgan_lt_0.20,-2.0,10,NYAN,top_median_absdiff,baseline_minus_cgp,88,0.773905295962653,0.60164273170414,0.9626695398876605,0.7613636363636364,5.617424251567754e-11
low_morgan_lt_0.20,-2.0,10,RDKit2D,top_active_fraction,cgp_minus_baseline,88,0.19204545454545452,0.1488636363636364,0.23863636363636365,0.7386363636363636,5.736758718894497e-10
low_morgan_lt_0.20,-2.0,10,RDKit2D,active_lift,cgp_minus_baseline,88,4.174229597002946,3.1937384933168764,5.1607617653853195,0.7386363636363636,4.831337390800752e-10
low_morgan_lt_0.20,-2.0,10,RDKit2D,top_mean_absdiff,baseline_minus_cgp,88,0.6372724413915422,0.5037329580230024,0.7852653970979074,0.8181818181818182,1.1428946627622783e-11
low_morgan_lt_0.20,-2.0,10,RDKit2D,top_median_absdiff,baseline_minus_cgp,88,0.7960653180813427,0.6188329538692083,0.9846282043024984,0.7954545454545454,7.887447542054888e-12
low_morgan_lt_0.20,-2.0,50,AtomPair,top_active_fraction,cgp_minus_baseline,88,0.16954545454545455,0.1431818181818182,0.195,0.875,9.736377881207978e-15
low_morgan_lt_0.20,-2.0,50,AtomPair,active_lift,cgp_minus_baseline,88,3.7175928206538824,3.1532468460568435,4.330171523914348,0.875,8.879473414041149e-15
low_morgan_lt_0.20,-2.0,50,AtomPair,top_mean_absdiff,baseline_minus_cgp,88,0.4994936054602493,0.40614257073065274,0.5937044317305891,0.9090909090909091,3.922420674417901e-14
low_morgan_lt_0.20,-2.0,50,AtomPair,top_median_absdiff,baseline_minus_cgp,88,0.5536324200812405,0.4514425915704288,0.6590447030831539,0.9090909090909091,1.606942455871874e-14
low_morgan_lt_0.20,-2.0,50,Avalon,top_active_fraction,cgp_minus_baseline,88,0.16522727272727275,0.1384090909090909,0.19249999999999998,0.8636363636363636,4.569017924220976e-14
low_morgan_lt_0.20,-2.0,50,Avalon,active_lift,cgp_minus_baseline,88,3.6366770858775586,3.0240857976202635,4.240818483967076,0.8636363636363636,3.1959030606974005e-14
low_morgan_lt_0.20,-2.0,50,Avalon,top_mean_absdiff,baseline_minus_cgp,88,0.5708943059736207,0.4794447674047806,0.6672228839435977,0.8977272727272727,1.3683079187875775e-14
low_morgan_lt_0.20,-2.0,50,Avalon,top_median_absdiff,baseline_minus_cgp,88,0.6464370155772485,0.533192838130278,0.763991724909217,0.9204545454545454,5.002549889644925e-15
low_morgan_lt_0.20,-2.0,50,Morgan,top_active_fraction,cgp_minus_baseline,88,0.19181818181818186,0.16340340909090909,0.21772727272727274,0.8977272727272727,4.403584382181045e-15
low_morgan_lt_0.20,-2.0,50,Morgan,active_lift,cgp_minus_baseline,88,4.219812490287802,3.621427549586937,4.8063147139773275,0.8977272727272727,3.631388034381659e-15
low_morgan_lt_0.20,-2.0,50,Morgan,top_mean_absdiff,baseline_minus_cgp,88,0.625803079817878,0.5376631689908926,0.7218844225009501,0.9431818181818182,1.1660741387930514e-15
low_morgan_lt_0.20,-2.0,50,Morgan,top_median_absdiff,baseline_minus_cgp,88,0.6717490353247823,0.5662041270338126,0.7799053822145071,0.9545454545454546,7.793751305524191e-16
low_morgan_lt_0.20,-2.0,50,NYAN,top_active_fraction,cgp_minus_baseline,88,0.1625,0.13772727272727273,0.18796022727272726,0.8636363636363636,1.0992275744821888e-14
low_morgan_lt_0.20,-2.0,50,NYAN,active_lift,cgp_minus_baseline,88,3.5643114428083824,3.0307890692687622,4.14127924725636,0.8636363636363636,9.450642605526243e-15
low_morgan_lt_0.20,-2.0,50,NYAN,top_mean_absdiff,baseline_minus_cgp,88,0.5221238223560662,0.4335115121903883,0.6120466161842824,0.8977272727272727,6.7110901829162065e-15
low_morgan_lt_0.20,-2.0,50,NYAN,top_median_absdiff,baseline_minus_cgp,88,0.5770159550358419,0.47448879829454943,0.68450907649686,0.8977272727272727,6.9332046134649736e-15
low_morgan_lt_0.20,-2.0,50,RDKit2D,top_active_fraction,cgp_minus_baseline,88,0.16863636363636364,0.1411306818181818,0.1959090909090909,0.8522727272727273,2.6971883567949515e-14
low_morgan_lt_0.20,-2.0,50,RDKit2D,active_lift,cgp_minus_baseline,88,3.687332735518024,3.063041962483766,4.282161734290315,0.8522727272727273,3.075138412213513e-14
low_morgan_lt_0.20,-2.0,50,RDKit2D,top_mean_absdiff,baseline_minus_cgp,88,0.5277906621118282,0.44176562504096134,0.6144969832988635,0.9090909090909091,1.2028111323418563e-14
low_morgan_lt_0.20,-2.0,50,RDKit2D,top_median_absdiff,baseline_minus_cgp,88,0.6005901883561985,0.49376268752005426,0.7171759054884701,0.8977272727272727,8.703888734588817e-15
low_morgan_lt_0.20,-2.0,100,AtomPair,top_active_fraction,cgp_minus_baseline,88,0.1344318181818182,0.1127244318181818,0.15488920454545455,0.8863636363636364,7.413491381811619e-15
low_morgan_lt_0.20,-2.0,100,AtomPair,active_lift,cgp_minus_baseline,88,2.942608018278543,2.502089236024699,3.4154935524983197,0.8863636363636364,6.966554723889181e-15
low_morgan_lt_0.20,-2.0,100,AtomPair,top_mean_absdiff,baseline_minus_cgp,88,0.3928753168053332,0.31844180656413235,0.47303513163169675,0.9090909090909091,9.746210738288119e-14
low_morgan_lt_0.20,-2.0,100,AtomPair,top_median_absdiff,baseline_minus_cgp,88,0.4038739934625152,0.32560409575734495,0.4917409323668339,0.9090909090909091,2.596209939135949e-14
low_morgan_lt_0.20,-2.0,100,Avalon,top_active_fraction,cgp_minus_baseline,88,0.13363636363636364,0.11113352272727273,0.15681818181818183,0.875,2.3382874043252695e-14
low_morgan_lt_0.20,-2.0,100,Avalon,active_lift,cgp_minus_baseline,88,2.9354236148038058,2.465425200402499,3.3951941230202585,0.875,1.7249844623169083e-14
low_morgan_lt_0.20,-2.0,100,Avalon,top_mean_absdiff,baseline_minus_cgp,88,0.4630102167413994,0.38683068237165136,0.5453927587111814,0.9090909090909091,1.4130643455819815e-14
low_morgan_lt_0.20,-2.0,100,Avalon,top_median_absdiff,baseline_minus_cgp,88,0.4969777626105166,0.4151513168260449,0.5783441050582122,0.9431818181818182,1.332955348185069e-15
low_morgan_lt_0.20,-2.0,100,Morgan,top_active_fraction,cgp_minus_baseline,88,0.1568181818181818,0.1357926136363636,0.17852272727272725,0.875,2.86797953310728e-15
low_morgan_lt_0.20,-2.0,100,Morgan,active_lift,cgp_minus_baseline,88,3.442702321043613,2.980078025856068,3.896326540320102,0.875,2.7870050445398657e-15
low_morgan_lt_0.20,-2.0,100,Morgan,top_mean_absdiff,baseline_minus_cgp,88,0.5322284039354946,0.4608806548986406,0.6029989218410081,0.9204545454545454,1.332955348185069e-15
low_morgan_lt_0.20,-2.0,100,Morgan,top_median_absdiff,baseline_minus_cgp,88,0.5469130155738227,0.4719808285043986,0.624345425522816,0.9545454545454546,8.621671713214732e-16
low_morgan_lt_0.20,-2.0,100,NYAN,top_active_fraction,cgp_minus_baseline,88,0.1310227272727273,0.11056534090909093,0.15181818181818182,0.8863636363636364,8.482318562510496e-15
low_morgan_lt_0.20,-2.0,100,NYAN,active_lift,cgp_minus_baseline,88,2.8693779764840133,2.434977399087292,3.313400687882546,0.8863636363636364,6.431346281155732e-15
low_morgan_lt_0.20,-2.0,100,NYAN,top_mean_absdiff,baseline_minus_cgp,88,0.421712315123097,0.35248047789365594,0.4973467709554865,0.9090909090909091,1.2028111323418563e-14
low_morgan_lt_0.20,-2.0,100,NYAN,top_median_absdiff,baseline_minus_cgp,88,0.4514039849980856,0.37487627581965416,0.5357252756541045,0.9431818181818182,2.4252205544243468e-15
low_morgan_lt_0.20,-2.0,100,RDKit2D,top_active_fraction,cgp_minus_baseline,88,0.13204545454545455,0.1103380681818182,0.15454829545454546,0.875,8.667996739755258e-15
low_morgan_lt_0.20,-2.0,100,RDKit2D,active_lift,cgp_minus_baseline,88,2.880248095632524,2.4124432984343573,3.3588196641743595,0.875,6.753003638221934e-15
low_morgan_lt_0.20,-2.0,100,RDKit2D,top_mean_absdiff,baseline_minus_cgp,88,0.42187213650218003,0.34704702551908245,0.49986012937153623,0.9318181818181818,1.2028111323418563e-14
low_morgan_lt_0.20,-2.0,100,RDKit2D,top_median_absdiff,baseline_minus_cgp,88,0.45922295985821454,0.381763346267706,0.5400206099890718,0.9318181818181818,4.109514082030298e-15
low_morgan_lt_0.20,-1.5,10,AtomPair,top_active_fraction,cgp_minus_baseline,121,0.17520661157024794,0.1338842975206612,0.2206611570247934,0.6446280991735537,1.8334728815919518e-10
low_morgan_lt_0.20,-1.5,10,AtomPair,active_lift,cgp_minus_baseline,121,2.741433352718842,2.043464935846569,3.4353244383231765,0.6446280991735537,1.339865411317954e-10
low_morgan_lt_0.20,-1.5,10,AtomPair,top_mean_absdiff,baseline_minus_cgp,121,0.4504764954185244,0.33221482989253676,0.570962152596907,0.71900826446281,3.4071010008592864e-10
low_morgan_lt_0.20,-1.5,10,AtomPair,top_median_absdiff,baseline_minus_cgp,121,0.5280070455416783,0.38504250214039737,0.6804931517225716,0.7107438016528925,4.706878263233333e-09
low_morgan_lt_0.20,-1.5,10,Avalon,top_active_fraction,cgp_minus_baseline,121,0.20991735537190082,0.1669421487603306,0.255392561983471,0.7272727272727273,3.4216982860480283e-12
low_morgan_lt_0.20,-1.5,10,Avalon,active_lift,cgp_minus_baseline,121,3.3289363220197554,2.650288206810261,4.051684582290407,0.7272727272727273,6.72141890453983e-13
low_morgan_lt_0.20,-1.5,10,Avalon,top_mean_absdiff,baseline_minus_cgp,121,0.5410061746000597,0.4149843921248651,0.6664166017432027,0.768595041322314,1.2277527152449494e-12
low_morgan_lt_0.20,-1.5,10,Avalon,top_median_absdiff,baseline_minus_cgp,121,0.6111420005466597,0.4742169999778473,0.765097250759025,0.7355371900826446,2.3676943490014133e-11
low_morgan_lt_0.20,-1.5,10,Morgan,top_active_fraction,cgp_minus_baseline,121,0.21322314049586777,0.17355371900826447,0.25206611570247933,0.7272727272727273,1.336285228276457e-14
low_morgan_lt_0.20,-1.5,10,Morgan,active_lift,cgp_minus_baseline,121,3.3775379170592803,2.766118156376414,4.0202693222443715,0.7272727272727273,6.414385367588411e-15
low_morgan_lt_0.20,-1.5,10,Morgan,top_mean_absdiff,baseline_minus_cgp,121,0.5406342413433258,0.4156993681332902,0.6643355095154948,0.7768595041322314,2.1308758334065953e-12
low_morgan_lt_0.20,-1.5,10,Morgan,top_median_absdiff,baseline_minus_cgp,121,0.6536741392821177,0.5108694074651929,0.8023950525966337,0.7272727272727273,1.2506443815229283e-12
low_morgan_lt_0.20,-1.5,10,NYAN,top_active_fraction,cgp_minus_baseline,121,0.18677685950413223,0.14049586776859505,0.23059917355371892,0.6528925619834711,1.3641598740774453e-11
low_morgan_lt_0.20,-1.5,10,NYAN,active_lift,cgp_minus_baseline,121,2.941066127494872,2.21667888454862,3.681862043982137,0.6528925619834711,7.333346493216206e-12
low_morgan_lt_0.20,-1.5,10,NYAN,top_mean_absdiff,baseline_minus_cgp,121,0.4956741308660173,0.3750926610836573,0.6151285615199378,0.768595041322314,7.812001999630535e-12
low_morgan_lt_0.20,-1.5,10,NYAN,top_median_absdiff,baseline_minus_cgp,121,0.5950685294651934,0.4431469273429233,0.7461358962186456,0.7272727272727273,1.556702455363681e-11
low_morgan_lt_0.20,-1.5,10,RDKit2D,top_active_fraction,cgp_minus_baseline,121,0.1884297520661157,0.14791322314049588,0.22892561983471074,0.6942148760330579,4.229710450354518e-12
low_morgan_lt_0.20,-1.5,10,RDKit2D,active_lift,cgp_minus_baseline,121,2.9614017986718144,2.306311341247512,3.615529053801992,0.6942148760330579,7.829331019965623e-12
low_morgan_lt_0.20,-1.5,10,RDKit2D,top_mean_absdiff,baseline_minus_cgp,121,0.48878269432086596,0.37037307722158824,0.6144198664548577,0.7520661157024794,7.019555430732992e-12
low_morgan_lt_0.20,-1.5,10,RDKit2D,top_median_absdiff,baseline_minus_cgp,121,0.6042159027018303,0.4604940036306454,0.7614295407064877,0.71900826446281,1.7909954775027643e-11
low_morgan_lt_0.20,-1.5,50,AtomPair,top_active_fraction,cgp_minus_baseline,121,0.15950413223140497,0.13305371900826446,0.18512396694214878,0.8264462809917356,1.1293502364674112e-17
low_morgan_lt_0.20,-1.5,50,AtomPair,active_lift,cgp_minus_baseline,121,2.5306462029442147,2.1155383737805957,2.9397694731046546,0.8264462809917356,8.778825661225497e-18
low_morgan_lt_0.20,-1.5,50,AtomPair,top_mean_absdiff,baseline_minus_cgp,121,0.3759689527232496,0.2988762039679445,0.45668027326933414,0.8099173553719008,6.995520921020769e-15
low_morgan_lt_0.20,-1.5,50,AtomPair,top_median_absdiff,baseline_minus_cgp,121,0.41332701947453454,0.32336628660580097,0.5015868092351328,0.7851239669421488,2.78180217238675e-14
low_morgan_lt_0.20,-1.5,50,Avalon,top_active_fraction,cgp_minus_baseline,121,0.1793388429752066,0.15256198347107439,0.20677685950413227,0.8347107438016529,7.93132047975437e-18
low_morgan_lt_0.20,-1.5,50,Avalon,active_lift,cgp_minus_baseline,121,2.860883162784277,2.4336670732683863,3.2820137999063888,0.8347107438016529,7.106155682388744e-18
low_morgan_lt_0.20,-1.5,50,Avalon,top_mean_absdiff,baseline_minus_cgp,121,0.45061080703476236,0.37262441313710687,0.5267931092849502,0.8429752066115702,3.4637023852001546e-17
low_morgan_lt_0.20,-1.5,50,Avalon,top_median_absdiff,baseline_minus_cgp,121,0.5028478184985267,0.4091989957239041,0.6010791013926249,0.8512396694214877,1.8713968202151567e-17
low_morgan_lt_0.20,-1.5,50,Morgan,top_active_fraction,cgp_minus_baseline,121,0.20165289256198346,0.1753636363636364,0.22661570247933885,0.8677685950413223,9.482585146589874e-20
low_morgan_lt_0.20,-1.5,50,Morgan,active_lift,cgp_minus_baseline,121,3.2157049852757424,2.790223569620161,3.6053670426460362,0.8677685950413223,7.885656458174148e-20
low_morgan_lt_0.20,-1.5,50,Morgan,top_mean_absdiff,baseline_minus_cgp,121,0.4987360689163493,0.42161393732343067,0.5785779395235738,0.9008264462809917,1.6426180455379905e-19
low_morgan_lt_0.20,-1.5,50,Morgan,top_median_absdiff,baseline_minus_cgp,121,0.5372327513639692,0.4458328496928741,0.6244485698247024,0.9090909090909091,1.2102456612870255e-19
low_morgan_lt_0.20,-1.5,50,NYAN,top_active_fraction,cgp_minus_baseline,121,0.16859504132231404,0.1439504132231405,0.19553719008264464,0.8347107438016529,1.879828629200766e-18
low_morgan_lt_0.20,-1.5,50,NYAN,active_lift,cgp_minus_baseline,121,2.6811043477092915,2.281616348374782,3.0890631556826373,0.8347107438016529,1.5505865484000902e-18
low_morgan_lt_0.20,-1.5,50,NYAN,top_mean_absdiff,baseline_minus_cgp,121,0.4044227774265753,0.3328138032842607,0.4811229956129199,0.8264462809917356,3.4637023852001546e-17
low_morgan_lt_0.20,-1.5,50,NYAN,top_median_absdiff,baseline_minus_cgp,121,0.4390210763987612,0.3501251192395982,0.5231011848046176,0.8099173553719008,2.5177414170842644e-16
low_morgan_lt_0.20,-1.5,50,RDKit2D,top_active_fraction,cgp_minus_baseline,121,0.16743801652892562,0.14214462809917353,0.19339669421487599,0.8099173553719008,2.372565784709244e-18
low_morgan_lt_0.20,-1.5,50,RDKit2D,active_lift,cgp_minus_baseline,121,2.655162917227577,2.2404124552151377,3.0796005192592357,0.8099173553719008,1.896551920399315e-18
low_morgan_lt_0.20,-1.5,50,RDKit2D,top_mean_absdiff,baseline_minus_cgp,121,0.41043853076853143,0.33229373869832635,0.4873187540215209,0.8347107438016529,6.806761357976119e-17
low_morgan_lt_0.20,-1.5,50,RDKit2D,top_median_absdiff,baseline_minus_cgp,121,0.46438319732055977,0.37372645961111345,0.555189272085631,0.8429752066115702,1.5446645992947107e-16
low_morgan_lt_0.20,-1.5,100,AtomPair,top_active_fraction,cgp_minus_baseline,121,0.13644628099173553,0.1141301652892562,0.15818181818181815,0.8512396694214877,3.694370177448041e-18
low_morgan_lt_0.20,-1.5,100,AtomPair,active_lift,cgp_minus_baseline,121,2.167742731334644,1.8327417731640057,2.516952106884401,0.8512396694214877,1.9519746422143146e-18
low_morgan_lt_0.20,-1.5,100,AtomPair,top_mean_absdiff,baseline_minus_cgp,121,0.3039994599408285,0.24328118853993397,0.36685857206003225,0.8347107438016529,1.2234099327553496e-15
low_morgan_lt_0.20,-1.5,100,AtomPair,top_median_absdiff,baseline_minus_cgp,121,0.3069775112188317,0.24244283183832235,0.3760841329483117,0.8264462809917356,1.8518615659148836e-15
low_morgan_lt_0.20,-1.5,100,Avalon,top_active_fraction,cgp_minus_baseline,121,0.14925619834710743,0.12710330578512394,0.17124380165289257,0.8512396694214877,5.012273568251431e-18
low_morgan_lt_0.20,-1.5,100,Avalon,active_lift,cgp_minus_baseline,121,2.3803390186964872,2.0312457671865576,2.717902472515978,0.8512396694214877,3.795679091705743e-18
low_morgan_lt_0.20,-1.5,100,Avalon,top_mean_absdiff,baseline_minus_cgp,121,0.372021548410893,0.3045574794576313,0.43838690026416427,0.8760330578512396,8.998275034794585e-18
low_morgan_lt_0.20,-1.5,100,Avalon,top_median_absdiff,baseline_minus_cgp,121,0.39001559003709413,0.321670977943067,0.45865614201792,0.8760330578512396,2.9936746176334836e-18
low_morgan_lt_0.20,-1.5,100,Morgan,top_active_fraction,cgp_minus_baseline,121,0.17338842975206611,0.15165289256198344,0.1952892561983471,0.8760330578512396,6.555336731519893e-20
low_morgan_lt_0.20,-1.5,100,Morgan,active_lift,cgp_minus_baseline,121,2.7647594079604474,2.411347318213509,3.090237407258904,0.8760330578512396,5.997800386713317e-20
low_morgan_lt_0.20,-1.5,100,Morgan,top_mean_absdiff,baseline_minus_cgp,121,0.43548221257358427,0.37602786422786205,0.4966534805120531,0.8760330578512396,7.913796724932238e-20
low_morgan_lt_0.20,-1.5,100,Morgan,top_median_absdiff,baseline_minus_cgp,121,0.4455746110850533,0.3824563550959644,0.5134730520007206,0.9173553719008265,4.8080819134938073e-20
low_morgan_lt_0.20,-1.5,100,NYAN,top_active_fraction,cgp_minus_baseline,121,0.1424793388429752,0.12132231404958678,0.16421694214876034,0.8429752066115702,1.0515703389499873e-18
low_morgan_lt_0.20,-1.5,100,NYAN,active_lift,cgp_minus_baseline,121,2.267545418344682,1.9218749765105498,2.607331790221455,0.8429752066115702,9.626321914788616e-19
low_morgan_lt_0.20,-1.5,100,NYAN,top_mean_absdiff,baseline_minus_cgp,121,0.3371513757126479,0.2761895388038244,0.3963033147568646,0.8842975206611571,4.700241268002224e-18
low_morgan_lt_0.20,-1.5,100,NYAN,top_median_absdiff,baseline_minus_cgp,121,0.35227102276745004,0.28303463841771154,0.41831839046540714,0.8925619834710744,6.73017396874769e-18
low_morgan_lt_0.20,-1.5,100,RDKit2D,top_active_fraction,cgp_minus_baseline,121,0.13760330578512397,0.11520247933884298,0.1598367768595041,0.8264462809917356,2.1308944736254055e-18
low_morgan_lt_0.20,-1.5,100,RDKit2D,active_lift,cgp_minus_baseline,121,2.182052623643415,1.8415647717183852,2.55857685845195,0.8264462809917356,1.2702128708446489e-18
low_morgan_lt_0.20,-1.5,100,RDKit2D,top_mean_absdiff,baseline_minus_cgp,121,0.3357302664207874,0.2710178951618142,0.3988442889230153,0.8677685950413223,2.183837510902285e-17
low_morgan_lt_0.20,-1.5,100,RDKit2D,top_median_absdiff,baseline_minus_cgp,121,0.3607254782212948,0.2925305389815173,0.4313293788062968,0.8677685950413223,1.60313808430297e-17
low_morgan_lt_0.20,-1.0,10,AtomPair,top_active_fraction,cgp_minus_baseline,187,0.15935828877005345,0.12192513368983958,0.19786096256684493,0.5668449197860963,1.9773153882042345e-12
low_morgan_lt_0.20,-1.0,10,AtomPair,active_lift,cgp_minus_baseline,187,1.6115567921120026,1.2243688146166223,1.9979990957768639,0.5668449197860963,3.418370801183627e-12
low_morgan_lt_0.20,-1.0,10,AtomPair,top_mean_absdiff,baseline_minus_cgp,187,0.2731793649947547,0.18701410938796165,0.36274725146199466,0.5989304812834224,1.0136409302335475e-06
low_morgan_lt_0.20,-1.0,10,AtomPair,top_median_absdiff,baseline_minus_cgp,187,0.33949978519660634,0.23749547545625524,0.4506455404628267,0.6203208556149733,7.244854712682753e-07
low_morgan_lt_0.20,-1.0,10,Avalon,top_active_fraction,cgp_minus_baseline,187,0.1893048128342246,0.14866310160427806,0.23155080213903742,0.6470588235294118,7.55323662710361e-14
low_morgan_lt_0.20,-1.0,10,Avalon,active_lift,cgp_minus_baseline,187,1.9371146920838898,1.5111759832780027,2.3579429706922173,0.6470588235294118,1.026501955463836e-14
low_morgan_lt_0.20,-1.0,10,Avalon,top_mean_absdiff,baseline_minus_cgp,187,0.3534415580720745,0.2650203822499137,0.4465739635678934,0.6737967914438503,8.076696940157003e-11
low_morgan_lt_0.20,-1.0,10,Avalon,top_median_absdiff,baseline_minus_cgp,187,0.41870557277897286,0.3082002760857928,0.5306009911318769,0.6737967914438503,5.976111570764072e-11
low_morgan_lt_0.20,-1.0,10,Morgan,top_active_fraction,cgp_minus_baseline,187,0.20641711229946524,0.1663101604278075,0.24491978609625667,0.6684491978609626,2.0088104464948813e-17
low_morgan_lt_0.20,-1.0,10,Morgan,active_lift,cgp_minus_baseline,187,2.111152402298283,1.7143477639137465,2.5048882669993087,0.6684491978609626,2.212019742488777e-18
low_morgan_lt_0.20,-1.0,10,Morgan,top_mean_absdiff,baseline_minus_cgp,187,0.34790683695025504,0.2629059262306952,0.4430539648151828,0.6898395721925134,2.4432013319683056e-10
low_morgan_lt_0.20,-1.0,10,Morgan,top_median_absdiff,baseline_minus_cgp,187,0.43459985484643016,0.33026466214404326,0.545918817391673,0.6470588235294118,2.8657778602261542e-11
low_morgan_lt_0.20,-1.0,10,NYAN,top_active_fraction,cgp_minus_baseline,187,0.16470588235294117,0.12832887700534762,0.20481283422459892,0.6042780748663101,2.000902479125902e-12
low_morgan_lt_0.20,-1.0,10,NYAN,active_lift,cgp_minus_baseline,187,1.6746468411448763,1.2918675927175558,2.0708206030535905,0.6042780748663101,2.9007332768414686e-13
low_morgan_lt_0.20,-1.0,10,NYAN,top_mean_absdiff,baseline_minus_cgp,187,0.31302075372535093,0.22765272782002635,0.40464808755717346,0.6631016042780749,4.344350931165964e-09
low_morgan_lt_0.20,-1.0,10,NYAN,top_median_absdiff,baseline_minus_cgp,187,0.3933125334705617,0.2816273159345179,0.5037376430950093,0.6684491978609626,8.278571704597134e-10
low_morgan_lt_0.20,-1.0,10,RDKit2D,top_active_fraction,cgp_minus_baseline,187,0.17754010695187167,0.13903743315508021,0.21712566844919776,0.5935828877005348,4.2313429900696415e-15
low_morgan_lt_0.20,-1.0,10,RDKit2D,active_lift,cgp_minus_baseline,187,1.805376557675138,1.4040202675788969,2.212327512803119,0.5935828877005348,5.071656608184286e-15
low_morgan_lt_0.20,-1.0,10,RDKit2D,top_mean_absdiff,baseline_minus_cgp,187,0.31124229485403754,0.23206762578417212,0.39965246759804385,0.6577540106951871,1.0193834938823797e-09
low_morgan_lt_0.20,-1.0,10,RDKit2D,top_median_absdiff,baseline_minus_cgp,187,0.40644198261484016,0.29576102074683597,0.516999434792477,0.6684491978609626,6.887952772301005e-11
low_morgan_lt_0.20,-1.0,50,AtomPair,top_active_fraction,cgp_minus_baseline,187,0.14449197860962568,0.11839304812834224,0.17005347593582887,0.7433155080213903,7.500525817092372e-19
low_morgan_lt_0.20,-1.0,50,AtomPair,active_lift,cgp_minus_baseline,187,1.475291808834883,1.22196560919002,1.722988900467816,0.7433155080213903,4.408962719760053e-19
low_morgan_lt_0.20,-1.0,50,AtomPair,top_mean_absdiff,baseline_minus_cgp,187,0.23282230505083545,0.17767448451761195,0.2939302531088208,0.6684491978609626,7.328399504194375e-11
low_morgan_lt_0.20,-1.0,50,AtomPair,top_median_absdiff,baseline_minus_cgp,187,0.26135641025123435,0.19183134822742431,0.3282715503661729,0.6737967914438503,2.714462073370734e-11
low_morgan_lt_0.20,-1.0,50,Avalon,top_active_fraction,cgp_minus_baseline,187,0.16866310160427808,0.1396764705882353,0.19754010695187166,0.7593582887700535,5.3634566175704316e-20
low_morgan_lt_0.20,-1.0,50,Avalon,active_lift,cgp_minus_baseline,187,1.731566020593816,1.4435337533336394,2.0195060387906634,0.7593582887700535,2.967840727917244e-20
low_morgan_lt_0.20,-1.0,50,Avalon,top_mean_absdiff,baseline_minus_cgp,187,0.2992038327099738,0.2388022191286191,0.3586442373092035,0.7700534759358288,4.8630841516176285e-18
low_morgan_lt_0.20,-1.0,50,Avalon,top_median_absdiff,baseline_minus_cgp,187,0.34240730043206824,0.27840877114081564,0.4159547034131413,0.7754010695187166,4.0320180254326837e-19
low_morgan_lt_0.20,-1.0,50,Morgan,top_active_fraction,cgp_minus_baseline,187,0.19508021390374333,0.16940909090909093,0.22235561497326203,0.7967914438502673,1.7981401045187612e-24
low_morgan_lt_0.20,-1.0,50,Morgan,active_lift,cgp_minus_baseline,187,1.9991722543973505,1.7426163715232834,2.2544054709225536,0.7967914438502673,1.0047039661760969e-24
low_morgan_lt_0.20,-1.0,50,Morgan,top_mean_absdiff,baseline_minus_cgp,187,0.33617613859988876,0.27741576429358483,0.3954595504804873,0.8128342245989305,3.511028203602108e-22
low_morgan_lt_0.20,-1.0,50,Morgan,top_median_absdiff,baseline_minus_cgp,187,0.3700965337225243,0.3029044184993758,0.44042683263884524,0.8288770053475936,4.56517629541109e-23
low_morgan_lt_0.20,-1.0,50,NYAN,top_active_fraction,cgp_minus_baseline,187,0.15016042780748665,0.12352673796791444,0.17689839572192512,0.7433155080213903,1.083015623743676e-19
low_morgan_lt_0.20,-1.0,50,NYAN,active_lift,cgp_minus_baseline,187,1.537034164329589,1.2858871063730473,1.7958818076907697,0.7433155080213903,5.3607270942836977e-20
low_morgan_lt_0.20,-1.0,50,NYAN,top_mean_absdiff,baseline_minus_cgp,187,0.2666229117451109,0.212016161968514,0.3238844646649329,0.7219251336898396,1.3367779132358728e-16
low_morgan_lt_0.20,-1.0,50,NYAN,top_median_absdiff,baseline_minus_cgp,187,0.2946012661171975,0.2277283741645487,0.35948869778088244,0.7165775401069518,8.505039649557739e-16
low_morgan_lt_0.20,-1.0,50,RDKit2D,top_active_fraction,cgp_minus_baseline,187,0.1567914438502674,0.13208021390374333,0.18417112299465244,0.7379679144385026,4.441365463083074e-21
low_morgan_lt_0.20,-1.0,50,RDKit2D,active_lift,cgp_minus_baseline,187,1.6012321222847914,1.3328422128141129,1.8793971344186438,0.7379679144385026,2.035235984117533e-21
low_morgan_lt_0.20,-1.0,50,RDKit2D,top_mean_absdiff,baseline_minus_cgp,187,0.2689691770022591,0.21090279136558038,0.32520902145180874,0.7219251336898396,2.7591102446669723e-16
low_morgan_lt_0.20,-1.0,50,RDKit2D,top_median_absdiff,baseline_minus_cgp,187,0.3138780374197292,0.249354787858963,0.38024662158785877,0.7754010695187166,2.5536457040714474e-17
low_morgan_lt_0.20,-1.0,100,AtomPair,top_active_fraction,cgp_minus_baseline,187,0.12406417112299467,0.10267245989304813,0.14759358288770055,0.7219251336898396,1.5938295817640666e-19
low_morgan_lt_0.20,-1.0,100,AtomPair,active_lift,cgp_minus_baseline,187,1.267836241789219,1.0494752539169385,1.4843542441629294,0.7219251336898396,7.769489760645624e-20
low_morgan_lt_0.20,-1.0,100,AtomPair,top_mean_absdiff,baseline_minus_cgp,187,0.18572215741924522,0.13927324212057587,0.23422780385538333,0.6577540106951871,1.5580707383710417e-11
low_morgan_lt_0.20,-1.0,100,AtomPair,top_median_absdiff,baseline_minus_cgp,187,0.19096257943345016,0.14201688343725735,0.24583627093105698,0.6951871657754011,4.668255274597067e-12
low_morgan_lt_0.20,-1.0,100,Avalon,top_active_fraction,cgp_minus_baseline,187,0.14657754010695187,0.12400668449197862,0.17058823529411765,0.7486631016042781,7.22376436991736e-21
low_morgan_lt_0.20,-1.0,100,Avalon,active_lift,cgp_minus_baseline,187,1.5046517854215418,1.26882592910518,1.7627905679549583,0.7486631016042781,3.886788107927088e-21
low_morgan_lt_0.20,-1.0,100,Avalon,top_mean_absdiff,baseline_minus_cgp,187,0.24435904627070418,0.19419719467565857,0.2939579014676658,0.7754010695187166,2.897914250437747e-18
low_morgan_lt_0.20,-1.0,100,Avalon,top_median_absdiff,baseline_minus_cgp,187,0.2589971455880802,0.20624601581122773,0.31002264513764016,0.7647058823529411,3.888228289917157e-19
low_morgan_lt_0.20,-1.0,100,Morgan,top_active_fraction,cgp_minus_baseline,187,0.17363636363636367,0.15101069518716578,0.1971176470588235,0.7967914438502673,4.876511578550684e-25
low_morgan_lt_0.20,-1.0,100,Morgan,active_lift,cgp_minus_baseline,187,1.7801405629760092,1.5542443612278734,2.005526552468597,0.7967914438502673,2.5829083998791123e-25
low_morgan_lt_0.20,-1.0,100,Morgan,top_mean_absdiff,baseline_minus_cgp,187,0.29263466154262835,0.2453065584184348,0.34250526111191965,0.8128342245989305,3.6842018751552285e-23
low_morgan_lt_0.20,-1.0,100,Morgan,top_median_absdiff,baseline_minus_cgp,187,0.3081270573149624,0.2587159701689362,0.36103696891811765,0.8556149732620321,2.8907353912701484e-25
low_morgan_lt_0.20,-1.0,100,NYAN,top_active_fraction,cgp_minus_baseline,187,0.13550802139037432,0.11401069518716578,0.15754144385026736,0.7486631016042781,1.9849323846873697e-21
low_morgan_lt_0.20,-1.0,100,NYAN,active_lift,cgp_minus_baseline,187,1.3874098706595954,1.157111883313334,1.6095371777807335,0.7486631016042781,1.2436852673701365e-21
low_morgan_lt_0.20,-1.0,100,NYAN,top_mean_absdiff,baseline_minus_cgp,187,0.22313001527192625,0.17712263158987593,0.2674330898358917,0.8021390374331551,2.196642090300167e-19
low_morgan_lt_0.20,-1.0,100,NYAN,top_median_absdiff,baseline_minus_cgp,187,0.2360405156302968,0.18767097373891442,0.28544764157863906,0.7807486631016043,1.1802439066564302e-19
low_morgan_lt_0.20,-1.0,100,RDKit2D,top_active_fraction,cgp_minus_baseline,187,0.13502673796791445,0.11208155080213904,0.15764705882352942,0.7754010695187166,5.81821274442274e-22
low_morgan_lt_0.20,-1.0,100,RDKit2D,active_lift,cgp_minus_baseline,187,1.378068211931461,1.1557503554269155,1.6102467534686462,0.7754010695187166,3.355945262708125e-22
low_morgan_lt_0.20,-1.0,100,RDKit2D,top_mean_absdiff,baseline_minus_cgp,187,0.21943262424622223,0.17230222493038264,0.26570707932256354,0.7486631016042781,2.149607832914484e-17
low_morgan_lt_0.20,-1.0,100,RDKit2D,top_median_absdiff,baseline_minus_cgp,187,0.23945254663330437,0.18886514023751927,0.28961344050694215,0.7700534759358288,3.4586025126503077e-18
low_morgan_lt_0.25,-2.0,10,AtomPair,top_active_fraction,cgp_minus_baseline,88,0.2215909090909091,0.17272727272727273,0.27386363636363636,0.7272727272727273,3.489569457160786e-11
low_morgan_lt_0.25,-2.0,10,AtomPair,active_lift,cgp_minus_baseline,88,4.769869735610069,3.744299241857698,5.776275510240385,0.7272727272727273,1.3623435620472676e-11
low_morgan_lt_0.25,-2.0,10,AtomPair,top_mean_absdiff,baseline_minus_cgp,88,0.6643181495007329,0.5089295412469436,0.8281001602618695,0.8181818181818182,8.015025063302453e-11
low_morgan_lt_0.25,-2.0,10,AtomPair,top_median_absdiff,baseline_minus_cgp,88,0.7711147364316275,0.5736886245565653,0.9776463865112667,0.7954545454545454,5.740394240202404e-10
low_morgan_lt_0.25,-2.0,10,Avalon,top_active_fraction,cgp_minus_baseline,88,0.19772727272727272,0.14769886363636361,0.24318181818181817,0.6931818181818182,1.7956592353379068e-09
low_morgan_lt_0.25,-2.0,10,Avalon,active_lift,cgp_minus_baseline,88,4.265869188109847,3.2649998229505646,5.280980006513888,0.6931818181818182,1.5580672611160387e-09
low_morgan_lt_0.25,-2.0,10,Avalon,top_mean_absdiff,baseline_minus_cgp,88,0.6305358855044522,0.4576183209450788,0.7932394629191747,0.7954545454545454,9.868681917885313e-10
low_morgan_lt_0.25,-2.0,10,Avalon,top_median_absdiff,baseline_minus_cgp,88,0.7605486182715553,0.566723312533362,0.9673115628659862,0.7954545454545454,9.618934328285014e-10
low_morgan_lt_0.25,-2.0,10,Morgan,top_active_fraction,cgp_minus_baseline,88,0.2,0.1534090909090909,0.24659090909090908,0.7045454545454546,2.8007355409300273e-10
low_morgan_lt_0.25,-2.0,10,Morgan,active_lift,cgp_minus_baseline,88,4.2951929652951355,3.337504444193137,5.350850066354932,0.7045454545454546,3.763195466975087e-10
low_morgan_lt_0.25,-2.0,10,Morgan,top_mean_absdiff,baseline_minus_cgp,88,0.6665731249348691,0.513151580096189,0.8253435847062645,0.8295454545454546,3.23310350447483e-11
low_morgan_lt_0.25,-2.0,10,Morgan,top_median_absdiff,baseline_minus_cgp,88,0.7990892434344542,0.6035458045089895,1.008272560585746,0.7954545454545454,1.414625777247057e-10
low_morgan_lt_0.25,-2.0,10,NYAN,top_active_fraction,cgp_minus_baseline,88,0.1875,0.1408806818181818,0.23295454545454544,0.6818181818181818,4.071205765117681e-10
low_morgan_lt_0.25,-2.0,10,NYAN,active_lift,cgp_minus_baseline,88,4.038687578324329,3.0604024969323533,5.03872879154855,0.6818181818181818,3.6990203912879216e-10
low_morgan_lt_0.25,-2.0,10,NYAN,top_mean_absdiff,baseline_minus_cgp,88,0.649735079464418,0.5019045258149444,0.8046863655827242,0.8181818181818182,1.175830144906213e-11
low_morgan_lt_0.25,-2.0,10,NYAN,top_median_absdiff,baseline_minus_cgp,88,0.7797901494513181,0.6009260687135546,0.9800171000587976,0.8068181818181818,1.8482325018886668e-11
low_morgan_lt_0.25,-2.0,10,RDKit2D,top_active_fraction,cgp_minus_baseline,88,0.17954545454545454,0.1340625,0.2238636363636364,0.6363636363636364,2.138594239289386e-09
low_morgan_lt_0.25,-2.0,10,RDKit2D,active_lift,cgp_minus_baseline,88,3.854639286715248,2.917275226977203,4.805328069080921,0.6363636363636364,2.7454248940445342e-09
low_morgan_lt_0.25,-2.0,10,RDKit2D,top_mean_absdiff,baseline_minus_cgp,88,0.5863558001362518,0.42892477271000884,0.7371093048694455,0.8068181818181818,1.8992854946688374e-10
low_morgan_lt_0.25,-2.0,10,RDKit2D,top_median_absdiff,baseline_minus_cgp,88,0.7776400168308597,0.5870056243200452,0.9771896523739666,0.7840909090909091,6.804759885408966e-11
low_morgan_lt_0.25,-2.0,50,AtomPair,top_active_fraction,cgp_minus_baseline,88,0.17204545454545456,0.14477272727272728,0.1981818181818182,0.8863636363636364,5.012303529638262e-15
low_morgan_lt_0.25,-2.0,50,AtomPair,active_lift,cgp_minus_baseline,88,3.711752177949279,3.1522796587346424,4.290205048425874,0.8863636363636364,4.339417320646226e-15
low_morgan_lt_0.25,-2.0,50,AtomPair,top_mean_absdiff,baseline_minus_cgp,88,0.5090855324969611,0.41660165812290284,0.6035248340955089,0.8863636363636364,2.8563270636504335e-14
low_morgan_lt_0.25,-2.0,50,AtomPair,top_median_absdiff,baseline_minus_cgp,88,0.5576948935076044,0.4535089736632306,0.6702289473236224,0.8522727272727273,5.909060940589145e-14
low_morgan_lt_0.25,-2.0,50,Avalon,top_active_fraction,cgp_minus_baseline,88,0.1643181818181818,0.138625,0.19204545454545452,0.8409090909090909,2.412572384641463e-14
low_morgan_lt_0.25,-2.0,50,Avalon,active_lift,cgp_minus_baseline,88,3.5539622828634716,2.989460665930286,4.136026498487912,0.8409090909090909,2.4037539178829983e-14
low_morgan_lt_0.25,-2.0,50,Avalon,top_mean_absdiff,baseline_minus_cgp,88,0.5570646363177828,0.4603564069304196,0.6481105208122634,0.875,2.4358884637703975e-14
low_morgan_lt_0.25,-2.0,50,Avalon,top_median_absdiff,baseline_minus_cgp,88,0.6236332176479416,0.5143747748054507,0.7324071768690372,0.8977272727272727,2.8563270636504335e-14
low_morgan_lt_0.25,-2.0,50,Morgan,top_active_fraction,cgp_minus_baseline,88,0.18,0.1534090909090909,0.2072840909090909,0.8863636363636364,5.521926910730711e-15
low_morgan_lt_0.25,-2.0,50,Morgan,active_lift,cgp_minus_baseline,88,3.8831649584281034,3.297564299177316,4.456134973161651,0.8863636363636364,4.512171561367954e-15
low_morgan_lt_0.25,-2.0,50,Morgan,top_mean_absdiff,baseline_minus_cgp,88,0.5806694566397081,0.4899128932380905,0.6715626553616731,0.9204545454545454,1.9878000785177174e-15
low_morgan_lt_0.25,-2.0,50,Morgan,top_median_absdiff,baseline_minus_cgp,88,0.634499849069636,0.5298331820429502,0.7437443009474919,0.9431818181818182,1.7403590844015365e-15
low_morgan_lt_0.25,-2.0,50,NYAN,top_active_fraction,cgp_minus_baseline,88,0.16272727272727272,0.13727272727272727,0.1888693181818182,0.8636363636363636,6.710814996945559e-15
low_morgan_lt_0.25,-2.0,50,NYAN,active_lift,cgp_minus_baseline,88,3.514759428959968,2.9862956022186022,4.083266096197472,0.8636363636363636,7.035708911733836e-15
low_morgan_lt_0.25,-2.0,50,NYAN,top_mean_absdiff,baseline_minus_cgp,88,0.5339981821156106,0.44945089257367526,0.6225630935263495,0.9090909090909091,2.26980225462834e-15
low_morgan_lt_0.25,-2.0,50,NYAN,top_median_absdiff,baseline_minus_cgp,88,0.5962691531187209,0.49601598431979504,0.7070196491751713,0.8863636363636364,7.643854748558027e-15
low_morgan_lt_0.25,-2.0,50,RDKit2D,top_active_fraction,cgp_minus_baseline,88,0.15795454545454546,0.12977272727272726,0.18500000000000003,0.8522727272727273,4.0351400344099776e-14
low_morgan_lt_0.25,-2.0,50,RDKit2D,active_lift,cgp_minus_baseline,88,3.401832526086905,2.7859312302960033,4.016489080369646,0.8522727272727273,4.5867703283712684e-14
low_morgan_lt_0.25,-2.0,50,RDKit2D,top_mean_absdiff,baseline_minus_cgp,88,0.49557253727277967,0.4060156089655969,0.5898734495966755,0.8863636363636364,2.8563270636504335e-14
low_morgan_lt_0.25,-2.0,50,RDKit2D,top_median_absdiff,baseline_minus_cgp,88,0.578464904100904,0.47664001699185976,0.6894711351721774,0.8977272727272727,1.7133561739796778e-14
low_morgan_lt_0.25,-2.0,100,AtomPair,top_active_fraction,cgp_minus_baseline,88,0.13693181818181818,0.11613636363636362,0.15863920454545455,0.8863636363636364,6.9392319596215954e-15
low_morgan_lt_0.25,-2.0,100,AtomPair,active_lift,cgp_minus_baseline,88,2.9541893475876337,2.5008032839212557,3.40633636798238,0.8863636363636364,5.128825338042216e-15
low_morgan_lt_0.25,-2.0,100,AtomPair,top_mean_absdiff,baseline_minus_cgp,88,0.3969880423848835,0.3242684990091768,0.4732421364892406,0.9318181818181818,5.909060940589145e-14
low_morgan_lt_0.25,-2.0,100,AtomPair,top_median_absdiff,baseline_minus_cgp,88,0.4190782522848828,0.34183421919786433,0.5019235867101087,0.9204545454545454,3.848258601053538e-15
low_morgan_lt_0.25,-2.0,100,Avalon,top_active_fraction,cgp_minus_baseline,88,0.13454545454545455,0.11215625,0.15693465909090906,0.8636363636363636,2.5157025735781443e-14
low_morgan_lt_0.25,-2.0,100,Avalon,active_lift,cgp_minus_baseline,88,2.9057021148266604,2.4521678891842438,3.3699063271489496,0.8636363636363636,2.5737519907903526e-14
low_morgan_lt_0.25,-2.0,100,Avalon,top_mean_absdiff,baseline_minus_cgp,88,0.46571807772122237,0.3897948520125333,0.5391312456418751,0.8977272727272727,1.0234058799866041e-14
low_morgan_lt_0.25,-2.0,100,Avalon,top_median_absdiff,baseline_minus_cgp,88,0.5099446403526765,0.42913380856195793,0.5999123205850827,0.9090909090909091,1.3782228274858256e-15
low_morgan_lt_0.25,-2.0,100,Morgan,top_active_fraction,cgp_minus_baseline,88,0.15511363636363634,0.13420170454545452,0.17637215909090903,0.8863636363636364,1.861792724233901e-15
low_morgan_lt_0.25,-2.0,100,Morgan,active_lift,cgp_minus_baseline,88,3.3465816836948137,2.884954891300615,3.818299832217043,0.8863636363636364,1.978225648748245e-15
low_morgan_lt_0.25,-2.0,100,Morgan,top_mean_absdiff,baseline_minus_cgp,88,0.5162554256818178,0.4469585759605859,0.5870305040572986,0.9090909090909091,9.221135220004847e-16
low_morgan_lt_0.25,-2.0,100,Morgan,top_median_absdiff,baseline_minus_cgp,88,0.5382758162205309,0.4629839519104445,0.6165067711090986,0.9431818181818182,6.154351785962467e-16
low_morgan_lt_0.25,-2.0,100,NYAN,top_active_fraction,cgp_minus_baseline,88,0.13636363636363635,0.11590909090909092,0.15784374999999998,0.9090909090909091,3.8006579760239494e-15
low_morgan_lt_0.25,-2.0,100,NYAN,active_lift,cgp_minus_baseline,88,2.9449744942217704,2.51341715950201,3.41572960023172,0.9090909090909091,3.193241037135577e-15
low_morgan_lt_0.25,-2.0,100,NYAN,top_mean_absdiff,baseline_minus_cgp,88,0.4328985718821324,0.36330650340180165,0.5036721494101566,0.9431818181818182,3.603366224299248e-15
low_morgan_lt_0.25,-2.0,100,NYAN,top_median_absdiff,baseline_minus_cgp,88,0.46428370036698074,0.3883531033458977,0.5437904125802147,0.9431818181818182,1.3782228274858256e-15
low_morgan_lt_0.25,-2.0,100,RDKit2D,top_active_fraction,cgp_minus_baseline,88,0.13295454545454544,0.11010511363636363,0.1550028409090909,0.8636363636363636,5.742661935232027e-15
low_morgan_lt_0.25,-2.0,100,RDKit2D,active_lift,cgp_minus_baseline,88,2.863845855830557,2.395413264660792,3.3637729899593656,0.8636363636363636,5.5003265321730615e-15
low_morgan_lt_0.25,-2.0,100,RDKit2D,top_mean_absdiff,baseline_minus_cgp,88,0.4237741671223457,0.34437629497556815,0.5017189483700237,0.9204545454545454,1.1276123691448302e-14
low_morgan_lt_0.25,-2.0,100,RDKit2D,top_median_absdiff,baseline_minus_cgp,88,0.46639014372009446,0.38756198175360623,0.5474654768752688,0.9431818181818182,1.9876652609970917e-15
low_morgan_lt_0.25,-1.5,10,AtomPair,top_active_fraction,cgp_minus_baseline,121,0.19421487603305787,0.14958677685950414,0.23966942148760326,0.6611570247933884,4.012823552162232e-11
low_morgan_lt_0.25,-1.5,10,AtomPair,active_lift,cgp_minus_baseline,121,3.030012657190807,2.3015364311461397,3.807104933038171,0.6611570247933884,3.078999193191361e-11
low_morgan_lt_0.25,-1.5,10,AtomPair,top_mean_absdiff,baseline_minus_cgp,121,0.5074688463533406,0.3877083651595609,0.642028372176285,0.7851239669421488,1.8874734075203472e-11
low_morgan_lt_0.25,-1.5,10,AtomPair,top_median_absdiff,baseline_minus_cgp,121,0.5929638467515503,0.4364814253787203,0.7477606737319703,0.7603305785123967,1.1998693481789762e-10
low_morgan_lt_0.25,-1.5,10,Avalon,top_active_fraction,cgp_minus_baseline,121,0.20578512396694212,0.1578512396694215,0.25041322314049586,0.7024793388429752,1.0585149929345986e-11
low_morgan_lt_0.25,-1.5,10,Avalon,active_lift,cgp_minus_baseline,121,3.2218014053926365,2.4783664614062424,3.91609581366523,0.7024793388429752,3.4100866171658412e-12
low_morgan_lt_0.25,-1.5,10,Avalon,top_mean_absdiff,baseline_minus_cgp,121,0.5026231290411766,0.3702993188727328,0.6389074345362878,0.768595041322314,3.23474237298068e-11
low_morgan_lt_0.25,-1.5,10,Avalon,top_median_absdiff,baseline_minus_cgp,121,0.6021047987665381,0.4408659891149391,0.7542947719666518,0.768595041322314,3.8434999829287054e-11
low_morgan_lt_0.25,-1.5,10,Morgan,top_active_fraction,cgp_minus_baseline,121,0.21404958677685948,0.16611570247933882,0.2628099173553719,0.6694214876033058,7.768313595696198e-13
low_morgan_lt_0.25,-1.5,10,Morgan,active_lift,cgp_minus_baseline,121,3.338366219957314,2.6400416449895996,4.032448170828949,0.6694214876033058,5.639611665070386e-13
low_morgan_lt_0.25,-1.5,10,Morgan,top_mean_absdiff,baseline_minus_cgp,121,0.541123653516945,0.4150093950650187,0.6676095670329651,0.8264462809917356,5.2208035092904256e-14
low_morgan_lt_0.25,-1.5,10,Morgan,top_median_absdiff,baseline_minus_cgp,121,0.6494005401411925,0.49972372905929446,0.7971541928773946,0.8016528925619835,3.5751017148452936e-13
low_morgan_lt_0.25,-1.5,10,NYAN,top_active_fraction,cgp_minus_baseline,121,0.19917355371900827,0.1578512396694215,0.24214876033057853,0.6528925619834711,4.774596756989527e-13
low_morgan_lt_0.25,-1.5,10,NYAN,active_lift,cgp_minus_baseline,121,3.1148914206540104,2.4626448616081094,3.8105124189460913,0.6528925619834711,1.895151514152428e-13
low_morgan_lt_0.25,-1.5,10,NYAN,top_mean_absdiff,baseline_minus_cgp,121,0.5145682577340102,0.4011095360454897,0.6340547938148701,0.7851239669421488,1.1142951367660738e-13
low_morgan_lt_0.25,-1.5,10,NYAN,top_median_absdiff,baseline_minus_cgp,121,0.6098574128459893,0.4686456415892438,0.7584006938325916,0.7768595041322314,8.61556531131996e-13
low_morgan_lt_0.25,-1.5,10,RDKit2D,top_active_fraction,cgp_minus_baseline,121,0.18429752066115704,0.14049586776859505,0.2281198347107437,0.6446280991735537,5.829453085330806e-12
low_morgan_lt_0.25,-1.5,10,RDKit2D,active_lift,cgp_minus_baseline,121,2.875703439377626,2.228906556401738,3.5467902300546723,0.6446280991735537,9.782563256248854e-12
low_morgan_lt_0.25,-1.5,10,RDKit2D,top_mean_absdiff,baseline_minus_cgp,121,0.4645189856078037,0.34918154480060115,0.5801058601704571,0.768595041322314,6.4197873412577524e-12
low_morgan_lt_0.25,-1.5,10,RDKit2D,top_median_absdiff,baseline_minus_cgp,121,0.6087758523332194,0.46439656060717444,0.7637980427088367,0.743801652892562,9.417484734203119e-12
low_morgan_lt_0.25,-1.5,50,AtomPair,top_active_fraction,cgp_minus_baseline,121,0.16033057851239668,0.13322314049586778,0.18529338842975207,0.8347107438016529,1.236278263598798e-17
low_morgan_lt_0.25,-1.5,50,AtomPair,active_lift,cgp_minus_baseline,121,2.5076732693655575,2.098771796299689,2.898511017898959,0.8347107438016529,7.642949278311451e-18
low_morgan_lt_0.25,-1.5,50,AtomPair,top_mean_absdiff,baseline_minus_cgp,121,0.3795321360665993,0.3009844840360851,0.46923249903490544,0.8016528925619835,1.532302326272452e-14
low_morgan_lt_0.25,-1.5,50,AtomPair,top_median_absdiff,baseline_minus_cgp,121,0.40937587627967864,0.3201716531367664,0.5030559305837826,0.743801652892562,2.6901502933672297e-13
low_morgan_lt_0.25,-1.5,50,Avalon,top_active_fraction,cgp_minus_baseline,121,0.1811570247933884,0.15403305785123964,0.20859504132231405,0.8429752066115702,6.9254082297390925e-18
low_morgan_lt_0.25,-1.5,50,Avalon,active_lift,cgp_minus_baseline,121,2.8393348258214157,2.4189937410189746,3.2734461635414958,0.8429752066115702,4.795041356061418e-18
low_morgan_lt_0.25,-1.5,50,Avalon,top_mean_absdiff,baseline_minus_cgp,121,0.4400244977269206,0.36668509990667103,0.5223222867782715,0.8264462809917356,7.921562648617949e-17
low_morgan_lt_0.25,-1.5,50,Avalon,top_median_absdiff,baseline_minus_cgp,121,0.4827202830905256,0.3933864954010317,0.5788383237427963,0.8264462809917356,6.675513562082232e-16
low_morgan_lt_0.25,-1.5,50,Morgan,top_active_fraction,cgp_minus_baseline,121,0.1899173553719008,0.16462396694214876,0.21504545454545454,0.8512396694214877,1.950172549329777e-19
low_morgan_lt_0.25,-1.5,50,Morgan,active_lift,cgp_minus_baseline,121,2.971059639799609,2.5705564972877357,3.353148562178877,0.8512396694214877,1.5780165957026367e-19
low_morgan_lt_0.25,-1.5,50,Morgan,top_mean_absdiff,baseline_minus_cgp,121,0.4600033407643425,0.38286208364259106,0.5377033153611085,0.8677685950413223,1.5491312659326461e-18
low_morgan_lt_0.25,-1.5,50,Morgan,top_median_absdiff,baseline_minus_cgp,121,0.49687976883926377,0.4082808448776722,0.5828354020385985,0.8760330578512396,1.1242289081442194e-17
low_morgan_lt_0.25,-1.5,50,NYAN,top_active_fraction,cgp_minus_baseline,121,0.17024793388429754,0.14462396694214874,0.19619834710743803,0.8264462809917356,1.2662883754917443e-18
low_morgan_lt_0.25,-1.5,50,NYAN,active_lift,cgp_minus_baseline,121,2.6671957736347847,2.262489196199446,3.050838770794419,0.8264462809917356,8.778899266425978e-19
low_morgan_lt_0.25,-1.5,50,NYAN,top_mean_absdiff,baseline_minus_cgp,121,0.40593777756553057,0.3327590889778625,0.48706880284476956,0.8264462809917356,2.2324824607488124e-17
low_morgan_lt_0.25,-1.5,50,NYAN,top_median_absdiff,baseline_minus_cgp,121,0.44095065032395586,0.353738449691638,0.5300750878461588,0.7933884297520661,5.019625464096558e-15
low_morgan_lt_0.25,-1.5,50,RDKit2D,top_active_fraction,cgp_minus_baseline,121,0.16066115702479342,0.13503305785123967,0.18827272727272726,0.8016528925619835,5.242411187258576e-18
low_morgan_lt_0.25,-1.5,50,RDKit2D,active_lift,cgp_minus_baseline,121,2.5111349849400497,2.121874292387354,2.926222853687297,0.8016528925619835,5.237774751427572e-18
low_morgan_lt_0.25,-1.5,50,RDKit2D,top_mean_absdiff,baseline_minus_cgp,121,0.3782898206559245,0.3001053158272301,0.454891745255743,0.8016528925619835,2.9732738873292242e-15
low_morgan_lt_0.25,-1.5,50,RDKit2D,top_median_absdiff,baseline_minus_cgp,121,0.43482579094644497,0.34665886268596585,0.5268842975257713,0.8181818181818182,5.712079352681195e-15
low_morgan_lt_0.25,-1.5,100,AtomPair,top_active_fraction,cgp_minus_baseline,121,0.13619834710743803,0.11388429752066116,0.15843181818181817,0.8429752066115702,3.211512180338582e-18
low_morgan_lt_0.25,-1.5,100,AtomPair,active_lift,cgp_minus_baseline,121,2.1325697683283176,1.7823131293659287,2.4924672498799936,0.8429752066115702,2.853233465554597e-18
low_morgan_lt_0.25,-1.5,100,AtomPair,top_mean_absdiff,baseline_minus_cgp,121,0.3038644205141728,0.24373204676360571,0.3676704409350061,0.8347107438016529,8.061023705701115e-16
low_morgan_lt_0.25,-1.5,100,AtomPair,top_median_absdiff,baseline_minus_cgp,121,0.31654936394655175,0.25284371505672315,0.3876988053910769,0.8264462809917356,4.767624858117734e-16
low_morgan_lt_0.25,-1.5,100,Avalon,top_active_fraction,cgp_minus_baseline,121,0.15041322314049585,0.12892355371900827,0.17338842975206611,0.8512396694214877,4.182460545209855e-18
low_morgan_lt_0.25,-1.5,100,Avalon,active_lift,cgp_minus_baseline,121,2.357066089806739,2.006063849825698,2.7159860491960464,0.8512396694214877,4.5546796528204065e-18
low_morgan_lt_0.25,-1.5,100,Avalon,top_mean_absdiff,baseline_minus_cgp,121,0.37270534149525986,0.3088404651060053,0.4366338925241058,0.8760330578512396,8.230017388645566e-18
low_morgan_lt_0.25,-1.5,100,Avalon,top_median_absdiff,baseline_minus_cgp,121,0.4003098810725164,0.33322231660986446,0.4746746552178036,0.8512396694214877,2.3332528259457e-18
low_morgan_lt_0.25,-1.5,100,Morgan,top_active_fraction,cgp_minus_baseline,121,0.1697520661157025,0.14991735537190082,0.19157231404958677,0.8842975206611571,5.272631507678211e-20
low_morgan_lt_0.25,-1.5,100,Morgan,active_lift,cgp_minus_baseline,121,2.6579862471756237,2.3196063528206254,2.9967665322841235,0.8842975206611571,4.697757757153224e-20
low_morgan_lt_0.25,-1.5,100,Morgan,top_mean_absdiff,baseline_minus_cgp,121,0.419578480273793,0.3602365273313414,0.4787986847399988,0.8925619834710744,2.3475379618418435e-20
low_morgan_lt_0.25,-1.5,100,Morgan,top_median_absdiff,baseline_minus_cgp,121,0.4378077181906166,0.36935980983778055,0.5018969559420441,0.9008264462809917,2.7107616777883287e-20
low_morgan_lt_0.25,-1.5,100,NYAN,top_active_fraction,cgp_minus_baseline,121,0.1468595041322314,0.125698347107438,0.16818181818181818,0.8429752066115702,3.985213934883035e-19
low_morgan_lt_0.25,-1.5,100,NYAN,active_lift,cgp_minus_baseline,121,2.3023821591522378,1.9568431317464665,2.656844841482298,0.8429752066115702,3.542998489109808e-19
low_morgan_lt_0.25,-1.5,100,NYAN,top_mean_absdiff,baseline_minus_cgp,121,0.34380868378681256,0.28500626095316406,0.40435576442024257,0.9090909090909091,1.2612544805545785e-18
low_morgan_lt_0.25,-1.5,100,NYAN,top_median_absdiff,baseline_minus_cgp,121,0.3602431813976054,0.29700096586906405,0.4307002128945956,0.8925619834710744,4.807129283745763e-18
low_morgan_lt_0.25,-1.5,100,RDKit2D,top_active_fraction,cgp_minus_baseline,121,0.13818181818181816,0.11760330578512396,0.1608285123966942,0.8429752066115702,1.292509446776092e-18
low_morgan_lt_0.25,-1.5,100,RDKit2D,active_lift,cgp_minus_baseline,121,2.162345113987827,1.8164591177148677,2.5122038115044023,0.8429752066115702,1.1950531469647482e-18
low_morgan_lt_0.25,-1.5,100,RDKit2D,top_mean_absdiff,baseline_minus_cgp,121,0.33483095132090607,0.27411637606567957,0.3989094791742535,0.859504132231405,1.7905302710031393e-17
low_morgan_lt_0.25,-1.5,100,RDKit2D,top_median_absdiff,baseline_minus_cgp,121,0.3636058029771132,0.2969197884494726,0.4328433585496851,0.8760330578512396,1.0516299842162099e-17
low_morgan_lt_0.25,-1.0,10,AtomPair,top_active_fraction,cgp_minus_baseline,187,0.1716577540106952,0.12941176470588237,0.21283422459893048,0.5935828877005348,1.0260970292125166e-12
low_morgan_lt_0.25,-1.0,10,AtomPair,active_lift,cgp_minus_baseline,187,1.7269556135203825,1.3210276706311932,2.1546905571420965,0.5935828877005348,9.919897820944841e-13
low_morgan_lt_0.25,-1.0,10,AtomPair,top_mean_absdiff,baseline_minus_cgp,187,0.31229645321366656,0.22213785487319976,0.41406408768308073,0.6524064171122995,7.122949512382956e-08
low_morgan_lt_0.25,-1.0,10,AtomPair,top_median_absdiff,baseline_minus_cgp,187,0.3785501728014881,0.26755410401700913,0.48870498941412704,0.6524064171122995,6.193724495221872e-08
low_morgan_lt_0.25,-1.0,10,Avalon,top_active_fraction,cgp_minus_baseline,187,0.18449197860962566,0.14490641711229946,0.22673796791443848,0.6042780748663101,6.243033177425981e-14
low_morgan_lt_0.25,-1.0,10,Avalon,active_lift,cgp_minus_baseline,187,1.8617166535458143,1.453221004969814,2.270803553238037,0.6042780748663101,2.4416562350654815e-14
low_morgan_lt_0.25,-1.0,10,Avalon,top_mean_absdiff,baseline_minus_cgp,187,0.3282277692029661,0.23735191042895074,0.42235788486260767,0.6844919786096256,9.45922539904505e-10
low_morgan_lt_0.25,-1.0,10,Avalon,top_median_absdiff,baseline_minus_cgp,187,0.41283004826702363,0.3039086414624879,0.5288916938711282,0.6951871657754011,1.0989101914650045e-10
low_morgan_lt_0.25,-1.0,10,Morgan,top_active_fraction,cgp_minus_baseline,187,0.19839572192513374,0.15882352941176472,0.23796791443850268,0.6256684491978609,2.1561584600602462e-16
low_morgan_lt_0.25,-1.0,10,Morgan,active_lift,cgp_minus_baseline,187,1.9949593916832273,1.6028742168705779,2.395679334337721,0.6256684491978609,2.2240920174828943e-17
low_morgan_lt_0.25,-1.0,10,Morgan,top_mean_absdiff,baseline_minus_cgp,187,0.3601105756098952,0.2689773103456926,0.4511939239802967,0.732620320855615,1.9314776327497835e-13
low_morgan_lt_0.25,-1.0,10,Morgan,top_median_absdiff,baseline_minus_cgp,187,0.44104853536240146,0.33369084975059965,0.5503695018221884,0.7272727272727273,2.265194041727231e-13
low_morgan_lt_0.25,-1.0,10,NYAN,top_active_fraction,cgp_minus_baseline,187,0.1695187165775401,0.12994652406417112,0.20909090909090905,0.6256684491978609,8.854481738118722e-14
low_morgan_lt_0.25,-1.0,10,NYAN,active_lift,cgp_minus_baseline,187,1.7079481055525312,1.3512026328929074,2.0828212661113272,0.6256684491978609,2.190517862582803e-14
low_morgan_lt_0.25,-1.0,10,NYAN,top_mean_absdiff,baseline_minus_cgp,187,0.32790830662601034,0.24452317713620236,0.41122363475195167,0.6898395721925134,1.8704789412208636e-11
low_morgan_lt_0.25,-1.0,10,NYAN,top_median_absdiff,baseline_minus_cgp,187,0.4056641711852822,0.2965624891162693,0.5169511380681971,0.7005347593582888,1.2383692756437781e-11
low_morgan_lt_0.25,-1.0,10,RDKit2D,top_active_fraction,cgp_minus_baseline,187,0.16470588235294117,0.12727272727272726,0.20374331550802136,0.5935828877005348,2.7700930074682343e-13
low_morgan_lt_0.25,-1.0,10,RDKit2D,active_lift,cgp_minus_baseline,187,1.6577279966461436,1.2620939010291696,2.056666201245484,0.5935828877005348,1.6783712256238466e-13
low_morgan_lt_0.25,-1.0,10,RDKit2D,top_mean_absdiff,baseline_minus_cgp,187,0.30349890066819385,0.21957141450978412,0.38937896214058415,0.6844919786096256,2.003657230391617e-10
low_morgan_lt_0.25,-1.0,10,RDKit2D,top_median_absdiff,baseline_minus_cgp,187,0.4159179290524375,0.3092512582196001,0.5298671177298376,0.6898395721925134,1.128586449653041e-11
low_morgan_lt_0.25,-1.0,50,AtomPair,top_active_fraction,cgp_minus_baseline,187,0.14085561497326204,0.1158288770053476,0.16620320855614973,0.7486631016042781,1.1698629475442344e-18
low_morgan_lt_0.25,-1.0,50,AtomPair,active_lift,cgp_minus_baseline,187,1.4196654227396117,1.1563623498714788,1.6779026404520376,0.7486631016042781,9.72676255644716e-19
low_morgan_lt_0.25,-1.0,50,AtomPair,top_mean_absdiff,baseline_minus_cgp,187,0.23806604233914042,0.17768438472937206,0.3006663021492681,0.6524064171122995,6.192344856897504e-11
low_morgan_lt_0.25,-1.0,50,AtomPair,top_median_absdiff,baseline_minus_cgp,187,0.26269643677427823,0.19538038962051107,0.33277324576761996,0.6524064171122995,9.137741416984452e-11
low_morgan_lt_0.25,-1.0,50,Avalon,top_active_fraction,cgp_minus_baseline,187,0.16663101604278074,0.13903475935828877,0.1928368983957219,0.7647058823529411,5.9693288618079e-20
low_morgan_lt_0.25,-1.0,50,Avalon,active_lift,cgp_minus_baseline,187,1.6828884222785774,1.400924945389871,1.9681828236283896,0.7647058823529411,5.393735990277399e-20
low_morgan_lt_0.25,-1.0,50,Avalon,top_mean_absdiff,baseline_minus_cgp,187,0.2915385009854145,0.23373817189618132,0.3532304839302423,0.7486631016042781,3.682563620171195e-17
low_morgan_lt_0.25,-1.0,50,Avalon,top_median_absdiff,baseline_minus_cgp,187,0.3285725045668143,0.26316544440337447,0.39750041696959687,0.732620320855615,5.870677942539156e-17
low_morgan_lt_0.25,-1.0,50,Morgan,top_active_fraction,cgp_minus_baseline,187,0.18385026737967913,0.15914171122994653,0.20866577540106948,0.8128342245989305,6.301211569342468e-25
low_morgan_lt_0.25,-1.0,50,Morgan,active_lift,cgp_minus_baseline,187,1.8522901005779582,1.6013134621321115,2.0992612544878475,0.8128342245989305,5.202618150758552e-25
low_morgan_lt_0.25,-1.0,50,Morgan,top_mean_absdiff,baseline_minus_cgp,187,0.3107015693333513,0.25289098695193546,0.3692260370312587,0.7807486631016043,8.794114313965724e-21
low_morgan_lt_0.25,-1.0,50,Morgan,top_median_absdiff,baseline_minus_cgp,187,0.343678381801228,0.2803665200983583,0.4146384264382057,0.7914438502673797,4.60275554831721e-20
low_morgan_lt_0.25,-1.0,50,NYAN,top_active_fraction,cgp_minus_baseline,187,0.14780748663101603,0.12288770053475934,0.1748689839572192,0.732620320855615,6.166447958326006e-20
low_morgan_lt_0.25,-1.0,50,NYAN,active_lift,cgp_minus_baseline,187,1.4921941013153663,1.2426074287977302,1.753978363682361,0.732620320855615,3.899321395794138e-20
low_morgan_lt_0.25,-1.0,50,NYAN,top_mean_absdiff,baseline_minus_cgp,187,0.2668726455371386,0.21039807401190747,0.3253774038342484,0.6844919786096256,2.7591102446669723e-16
low_morgan_lt_0.25,-1.0,50,NYAN,top_median_absdiff,baseline_minus_cgp,187,0.29749807515253196,0.23275857903695568,0.36380338592600775,0.679144385026738,2.3907983289324544e-14
low_morgan_lt_0.25,-1.0,50,RDKit2D,top_active_fraction,cgp_minus_baseline,187,0.14545454545454545,0.12095454545454544,0.17059625668449194,0.7379679144385026,1.8719739936728262e-20
low_morgan_lt_0.25,-1.0,50,RDKit2D,active_lift,cgp_minus_baseline,187,1.465890782348401,1.2143443338397508,1.7331734002734318,0.7379679144385026,1.4191007127458652e-20
low_morgan_lt_0.25,-1.0,50,RDKit2D,top_mean_absdiff,baseline_minus_cgp,187,0.24755571179852054,0.19133556689777836,0.30836259858564496,0.7005347593582888,3.313747180141616e-14
low_morgan_lt_0.25,-1.0,50,RDKit2D,top_median_absdiff,baseline_minus_cgp,187,0.29287433161796816,0.22612284416077832,0.35949460834854685,0.7379679144385026,7.713370272757503e-15
low_morgan_lt_0.25,-1.0,100,AtomPair,top_active_fraction,cgp_minus_baseline,187,0.12545454545454543,0.10395320855614973,0.14770187165775397,0.7379679144385026,4.7958259552614566e-20
low_morgan_lt_0.25,-1.0,100,AtomPair,active_lift,cgp_minus_baseline,187,1.2655644045317558,1.034583417178756,1.4837900884867246,0.7379679144385026,3.538953254637097e-20
low_morgan_lt_0.25,-1.0,100,AtomPair,top_mean_absdiff,baseline_minus_cgp,187,0.1870260341179571,0.14171077401824694,0.23549089906015389,0.6684491978609626,5.7366245369116545e-12
low_morgan_lt_0.25,-1.0,100,AtomPair,top_median_absdiff,baseline_minus_cgp,187,0.1990403722715502,0.14986314863611802,0.25087078051539796,0.7058823529411765,6.692367372792306e-13
low_morgan_lt_0.25,-1.0,100,Avalon,top_active_fraction,cgp_minus_baseline,187,0.1472192513368984,0.1237433155080214,0.17096524064171117,0.7593582887700535,6.28731068560721e-21
low_morgan_lt_0.25,-1.0,100,Avalon,active_lift,cgp_minus_baseline,187,1.4866640437074672,1.2581228103886641,1.7113780255131517,0.7593582887700535,4.36739233336561e-21
low_morgan_lt_0.25,-1.0,100,Avalon,top_mean_absdiff,baseline_minus_cgp,187,0.24570921070155635,0.1976477183179,0.29264654148533936,0.7593582887700535,2.130704168268712e-18
low_morgan_lt_0.25,-1.0,100,Avalon,top_median_absdiff,baseline_minus_cgp,187,0.2678423292292431,0.21770841620469036,0.32211679998433285,0.7807486631016043,4.718505321325112e-20
low_morgan_lt_0.25,-1.0,100,Morgan,top_active_fraction,cgp_minus_baseline,187,0.172620320855615,0.15122860962566848,0.1936938502673797,0.8235294117647058,4.843601071997143e-26
low_morgan_lt_0.25,-1.0,100,Morgan,active_lift,cgp_minus_baseline,187,1.740475369370645,1.5224505430638855,1.9556342383708578,0.8235294117647058,3.396867129372928e-26
low_morgan_lt_0.25,-1.0,100,Morgan,top_mean_absdiff,baseline_minus_cgp,187,0.2827625021063766,0.23549185773671436,0.32921068602188414,0.8181818181818182,3.1988716459772946e-24
low_morgan_lt_0.25,-1.0,100,Morgan,top_median_absdiff,baseline_minus_cgp,187,0.30085216140617954,0.25228820780813843,0.34806740670575426,0.8288770053475936,2.8907353912701484e-25
low_morgan_lt_0.25,-1.0,100,NYAN,top_active_fraction,cgp_minus_baseline,187,0.1370053475935829,0.11427807486631014,0.15946657754010693,0.7700534759358288,5.854946512845838e-22
low_morgan_lt_0.25,-1.0,100,NYAN,active_lift,cgp_minus_baseline,187,1.3832464298870024,1.163673271208725,1.6081477283468344,0.7700534759358288,3.8843521706169525e-22
low_morgan_lt_0.25,-1.0,100,NYAN,top_mean_absdiff,baseline_minus_cgp,187,0.2252462558771227,0.18410259346526658,0.2736688845095691,0.7914438502673797,2.4215456964011033e-19
low_morgan_lt_0.25,-1.0,100,NYAN,top_median_absdiff,baseline_minus_cgp,187,0.2416750383929083,0.19365688813156928,0.29789934998139955,0.7807486631016043,1.9207430326356713e-19
low_morgan_lt_0.25,-1.0,100,RDKit2D,top_active_fraction,cgp_minus_baseline,187,0.13614973262032085,0.11363368983957219,0.15866443850267378,0.7967914438502673,9.621978220006676e-23
low_morgan_lt_0.25,-1.0,100,RDKit2D,active_lift,cgp_minus_baseline,187,1.372547187502299,1.1490422207084146,1.5977245323765001,0.7967914438502673,7.05253643654997e-23
low_morgan_lt_0.25,-1.0,100,RDKit2D,top_mean_absdiff,baseline_minus_cgp,187,0.21896734556995015,0.17382439719934925,0.26793915283417696,0.7433155080213903,1.8940580810960856e-17
low_morgan_lt_0.25,-1.0,100,RDKit2D,top_median_absdiff,baseline_minus_cgp,187,0.24517306013491608,0.19611835979595393,0.29664409381622975,0.7967914438502673,1.2360520442866715e-19
low_morgan_lt_0.30,-2.0,10,AtomPair,top_active_fraction,cgp_minus_baseline,88,0.21818181818181823,0.1715625,0.27159090909090905,0.6931818181818182,9.112843687298544e-11
low_morgan_lt_0.30,-2.0,10,AtomPair,active_lift,cgp_minus_baseline,88,4.681507470139055,3.6229126261944042,5.776332009859804,0.6931818181818182,7.888910899741102e-11
low_morgan_lt_0.30,-2.0,10,AtomPair,top_mean_absdiff,baseline_minus_cgp,88,0.6572265182781848,0.49407680450392943,0.8204262756488673,0.7613636363636364,4.423313947984983e-10
low_morgan_lt_0.30,-2.0,10,AtomPair,top_median_absdiff,baseline_minus_cgp,88,0.7887285366887227,0.5808464534226004,0.9922351755227281,0.75,9.868681917885313e-10
low_morgan_lt_0.30,-2.0,10,Avalon,top_active_fraction,cgp_minus_baseline,88,0.1965909090909091,0.1488636363636364,0.24434659090909075,0.7159090909090909,4.505097741564922e-10
low_morgan_lt_0.30,-2.0,10,Avalon,active_lift,cgp_minus_baseline,88,4.222317630322914,3.198608151183175,5.25074617465316,0.7159090909090909,5.535452083236429e-10
low_morgan_lt_0.30,-2.0,10,Avalon,top_mean_absdiff,baseline_minus_cgp,88,0.6058837866978137,0.43644922395243735,0.7771861948526996,0.7727272727272727,5.833121773340213e-09
low_morgan_lt_0.30,-2.0,10,Avalon,top_median_absdiff,baseline_minus_cgp,88,0.725607697918101,0.5216242838244646,0.940226619562715,0.7840909090909091,1.0945524772201469e-08
low_morgan_lt_0.30,-2.0,10,Morgan,top_active_fraction,cgp_minus_baseline,88,0.18977272727272732,0.14428977272727272,0.23863636363636365,0.7045454545454546,2.566438571035736e-10
low_morgan_lt_0.30,-2.0,10,Morgan,active_lift,cgp_minus_baseline,88,4.068727066907607,3.0203983116076176,5.135614775215727,0.7045454545454546,3.113519488241842e-10
low_morgan_lt_0.30,-2.0,10,Morgan,top_mean_absdiff,baseline_minus_cgp,88,0.665019760490329,0.511965607761712,0.826868940419572,0.7954545454545454,8.696642055379097e-11
low_morgan_lt_0.30,-2.0,10,Morgan,top_median_absdiff,baseline_minus_cgp,88,0.8133183995285601,0.6084725471933614,1.0248582002655398,0.7840909090909091,4.5404637167882143e-10
low_morgan_lt_0.30,-2.0,10,NYAN,top_active_fraction,cgp_minus_baseline,88,0.18522727272727268,0.14204545454545456,0.2340909090909091,0.6590909090909091,3.0402642712621527e-10
low_morgan_lt_0.30,-2.0,10,NYAN,active_lift,cgp_minus_baseline,88,3.9767008818853147,2.9897405831099544,4.932855335485947,0.6590909090909091,7.197819734177726e-10
low_morgan_lt_0.30,-2.0,10,NYAN,top_mean_absdiff,baseline_minus_cgp,88,0.6492559967548005,0.5008462174433755,0.8005090065874139,0.7954545454545454,4.3846880333573304e-11
low_morgan_lt_0.30,-2.0,10,NYAN,top_median_absdiff,baseline_minus_cgp,88,0.790330954656714,0.6090830516348598,0.9789670197960729,0.8181818181818182,3.4177783097890484e-11
low_morgan_lt_0.30,-2.0,10,RDKit2D,top_active_fraction,cgp_minus_baseline,88,0.17613636363636365,0.12954545454545457,0.2204545454545455,0.7159090909090909,1.7130263643093448e-09
low_morgan_lt_0.30,-2.0,10,RDKit2D,active_lift,cgp_minus_baseline,88,3.7769555310101324,2.833931678619882,4.783968052714629,0.7159090909090909,8.714416777157479e-10
low_morgan_lt_0.30,-2.0,10,RDKit2D,top_mean_absdiff,baseline_minus_cgp,88,0.5651779282749471,0.4107982870278647,0.7248298346535407,0.7954545454545454,9.37534869734403e-10
low_morgan_lt_0.30,-2.0,10,RDKit2D,top_median_absdiff,baseline_minus_cgp,88,0.7384277926817462,0.543642753965601,0.9369106595059995,0.7840909090909091,4.660637330484629e-10
low_morgan_lt_0.30,-2.0,50,AtomPair,top_active_fraction,cgp_minus_baseline,88,0.16818181818181818,0.1415909090909091,0.1950056818181818,0.8863636363636364,8.780068065619847e-15
low_morgan_lt_0.30,-2.0,50,AtomPair,active_lift,cgp_minus_baseline,88,3.61188164145042,3.0321406971026783,4.211138089790555,0.8863636363636364,6.7515385026414245e-15
low_morgan_lt_0.30,-2.0,50,AtomPair,top_mean_absdiff,baseline_minus_cgp,88,0.49389735499816284,0.4025840364168676,0.5877278336914841,0.8977272727272727,5.377256117865128e-14
low_morgan_lt_0.30,-2.0,50,AtomPair,top_median_absdiff,baseline_minus_cgp,88,0.5477856507456057,0.443585341907998,0.6614773178306843,0.8636363636363636,8.876320620555506e-14
low_morgan_lt_0.30,-2.0,50,Avalon,top_active_fraction,cgp_minus_baseline,88,0.16454545454545455,0.13886363636363636,0.19113636363636363,0.8522727272727273,1.3672883815626762e-14
low_morgan_lt_0.30,-2.0,50,Avalon,active_lift,cgp_minus_baseline,88,3.538972817749352,2.956310165478463,4.116027755285815,0.8522727272727273,1.206197060256976e-14
low_morgan_lt_0.30,-2.0,50,Avalon,top_mean_absdiff,baseline_minus_cgp,88,0.5469980014231062,0.44939636923501425,0.6458586414460706,0.8863636363636364,2.0110950564406582e-14
low_morgan_lt_0.30,-2.0,50,Avalon,top_median_absdiff,baseline_minus_cgp,88,0.6126826058667079,0.49952180213675257,0.7301230494371421,0.875,4.7407478307862734e-14
low_morgan_lt_0.30,-2.0,50,Morgan,top_active_fraction,cgp_minus_baseline,88,0.17181818181818181,0.1443125,0.1997727272727273,0.875,8.239031919923576e-15
low_morgan_lt_0.30,-2.0,50,Morgan,active_lift,cgp_minus_baseline,88,3.687548402234434,3.1010027376107288,4.29052666521114,0.875,9.109958473542553e-15
low_morgan_lt_0.30,-2.0,50,Morgan,top_mean_absdiff,baseline_minus_cgp,88,0.5590437301285353,0.46783396717739945,0.6549142734408054,0.9318181818181818,2.591103914469773e-15
low_morgan_lt_0.30,-2.0,50,Morgan,top_median_absdiff,baseline_minus_cgp,88,0.6145451968265909,0.5112690654928718,0.7272274861337543,0.9204545454545454,1.9878000785177174e-15
low_morgan_lt_0.30,-2.0,50,NYAN,top_active_fraction,cgp_minus_baseline,88,0.1631818181818182,0.13863636363636364,0.1890909090909091,0.8636363636363636,5.507264776180621e-15
low_morgan_lt_0.30,-2.0,50,NYAN,active_lift,cgp_minus_baseline,88,3.508624093295032,2.9574242127318118,4.04106045378379,0.8636363636363636,6.674253166825055e-15
low_morgan_lt_0.30,-2.0,50,NYAN,top_mean_absdiff,baseline_minus_cgp,88,0.5285237840092105,0.44496318588834327,0.6216063249468725,0.9090909090909091,3.9767753980970134e-15
low_morgan_lt_0.30,-2.0,50,NYAN,top_median_absdiff,baseline_minus_cgp,88,0.5930668873902918,0.4913725068413524,0.6988857524177381,0.8863636363636364,3.723831563741602e-15
low_morgan_lt_0.30,-2.0,50,RDKit2D,top_active_fraction,cgp_minus_baseline,88,0.1534090909090909,0.12431818181818181,0.18409090909090906,0.8295454545454546,4.8578741518930026e-14
low_morgan_lt_0.30,-2.0,50,RDKit2D,active_lift,cgp_minus_baseline,88,3.292084466427079,2.683427313402703,3.9178027937928803,0.8295454545454546,4.743808060452988e-14
low_morgan_lt_0.30,-2.0,50,RDKit2D,top_mean_absdiff,baseline_minus_cgp,88,0.47951610975646125,0.38546733369043984,0.5740130574054323,0.8409090909090909,9.746210738288119e-14
low_morgan_lt_0.30,-2.0,50,RDKit2D,top_median_absdiff,baseline_minus_cgp,88,0.5581676406588734,0.447937892811189,0.6701646257003961,0.875,6.912473472241044e-14
low_morgan_lt_0.30,-2.0,100,AtomPair,top_active_fraction,cgp_minus_baseline,88,0.13715909090909092,0.1164715909090909,0.1593181818181818,0.8863636363636364,5.8451214751919105e-15
low_morgan_lt_0.30,-2.0,100,AtomPair,active_lift,cgp_minus_baseline,88,2.9472028572336613,2.485602409320996,3.443614359821285,0.8863636363636364,5.885185675345834e-15
low_morgan_lt_0.30,-2.0,100,AtomPair,top_mean_absdiff,baseline_minus_cgp,88,0.39364498577419327,0.32064893264737826,0.47010683328978253,0.9204545454545454,1.0054379730438507e-13
low_morgan_lt_0.30,-2.0,100,AtomPair,top_median_absdiff,baseline_minus_cgp,88,0.416449766250232,0.3379476706707382,0.5016908627686048,0.9090909090909091,8.156947808872917e-15
low_morgan_lt_0.30,-2.0,100,Avalon,top_active_fraction,cgp_minus_baseline,88,0.1364772727272727,0.11534090909090909,0.15784659090909087,0.875,1.4955271916374515e-14
low_morgan_lt_0.30,-2.0,100,Avalon,active_lift,cgp_minus_baseline,88,2.9344680019431992,2.485566306999305,3.4181295531603166,0.875,1.529432865254037e-14
low_morgan_lt_0.30,-2.0,100,Avalon,top_mean_absdiff,baseline_minus_cgp,88,0.4658196598346959,0.3899647181401647,0.543860127056658,0.9090909090909091,1.0570429093935313e-14
low_morgan_lt_0.30,-2.0,100,Avalon,top_median_absdiff,baseline_minus_cgp,88,0.5108706104431555,0.43133805783588536,0.5924094810806723,0.9090909090909091,1.7403590844015365e-15
low_morgan_lt_0.30,-2.0,100,Morgan,top_active_fraction,cgp_minus_baseline,88,0.15386363636363634,0.13193181818181818,0.1759119318181818,0.8863636363636364,2.1037853807706527e-15
low_morgan_lt_0.30,-2.0,100,Morgan,active_lift,cgp_minus_baseline,88,3.3053673784643482,2.8553596367065524,3.7788434891998457,0.8863636363636364,2.3087581085240243e-15
low_morgan_lt_0.30,-2.0,100,Morgan,top_mean_absdiff,baseline_minus_cgp,88,0.507954604815234,0.43563866824582287,0.5806100644230338,0.9090909090909091,1.2057565688829526e-15
low_morgan_lt_0.30,-2.0,100,Morgan,top_median_absdiff,baseline_minus_cgp,88,0.5290342338941462,0.45107618626726353,0.6087778315232836,0.9545454545454546,5.196367083810195e-16
low_morgan_lt_0.30,-2.0,100,NYAN,top_active_fraction,cgp_minus_baseline,88,0.1368181818181818,0.11658522727272727,0.15591193181818178,0.8977272727272727,3.7549503480196585e-15
low_morgan_lt_0.30,-2.0,100,NYAN,active_lift,cgp_minus_baseline,88,2.942885978820381,2.4975965640631563,3.3701253711382932,0.8977272727272727,3.723557474911246e-15
low_morgan_lt_0.30,-2.0,100,NYAN,top_mean_absdiff,baseline_minus_cgp,88,0.430842498741417,0.36094715961102347,0.4993902541165462,0.9318181818181818,6.7110901829162065e-15
low_morgan_lt_0.30,-2.0,100,NYAN,top_median_absdiff,baseline_minus_cgp,88,0.4631978007720053,0.38650694245322736,0.5428562937413516,0.9431818181818182,1.9228719099821095e-15
low_morgan_lt_0.30,-2.0,100,RDKit2D,top_active_fraction,cgp_minus_baseline,88,0.13204545454545455,0.11102272727272727,0.15420454545454546,0.8636363636363636,4.7454598677393775e-15
low_morgan_lt_0.30,-2.0,100,RDKit2D,active_lift,cgp_minus_baseline,88,2.8355171089068816,2.3507617172505895,3.290200448556965,0.8636363636363636,4.460412567396625e-15
low_morgan_lt_0.30,-2.0,100,RDKit2D,top_mean_absdiff,baseline_minus_cgp,88,0.42025036181696296,0.3462030520185606,0.49731181011710196,0.9204545454545454,1.2028111323418563e-14
low_morgan_lt_0.30,-2.0,100,RDKit2D,top_median_absdiff,baseline_minus_cgp,88,0.4662347818335878,0.3888684924535152,0.5493208701415411,0.9545454545454546,2.1241988907466642e-15
low_morgan_lt_0.30,-1.5,10,AtomPair,top_active_fraction,cgp_minus_baseline,121,0.19669421487603303,0.14956611570247932,0.24545454545454548,0.6528925619834711,2.618180911018391e-11
low_morgan_lt_0.30,-1.5,10,AtomPair,active_lift,cgp_minus_baseline,121,3.0676738434788815,2.3761039026304025,3.8607320871584307,0.6528925619834711,1.5136145339165932e-11
low_morgan_lt_0.30,-1.5,10,AtomPair,top_mean_absdiff,baseline_minus_cgp,121,0.508359100553592,0.3818045344266103,0.6419853620185499,0.7272727272727273,9.32298020137555e-11
low_morgan_lt_0.30,-1.5,10,AtomPair,top_median_absdiff,baseline_minus_cgp,121,0.6060093440257844,0.45297965154206676,0.7736822931754401,0.71900826446281,3.1911140406018763e-10
low_morgan_lt_0.30,-1.5,10,Avalon,top_active_fraction,cgp_minus_baseline,121,0.2066115702479339,0.16198347107438016,0.2528925619834711,0.7024793388429752,7.600026381449118e-12
low_morgan_lt_0.30,-1.5,10,Avalon,active_lift,cgp_minus_baseline,121,3.2265029261799314,2.512020528355691,3.969938476735091,0.7024793388429752,5.741596677509024e-12
low_morgan_lt_0.30,-1.5,10,Avalon,top_mean_absdiff,baseline_minus_cgp,121,0.49066623514393065,0.3622884731470152,0.6228776234699546,0.7520661157024794,1.4666850499898216e-10
low_morgan_lt_0.30,-1.5,10,Avalon,top_median_absdiff,baseline_minus_cgp,121,0.5719240248436108,0.40999714227100786,0.7341777380341438,0.7603305785123967,8.703631470531317e-10
low_morgan_lt_0.30,-1.5,10,Morgan,top_active_fraction,cgp_minus_baseline,121,0.20330578512396694,0.16033057851239668,0.24876033057851238,0.6859504132231405,2.1002405434229067e-12
low_morgan_lt_0.30,-1.5,10,Morgan,active_lift,cgp_minus_baseline,121,3.1700479220198465,2.452107638199143,3.8718401111118053,0.6859504132231405,1.3947696840059587e-12
low_morgan_lt_0.30,-1.5,10,Morgan,top_mean_absdiff,baseline_minus_cgp,121,0.54456302081711,0.42337547497987876,0.6664890604965066,0.7768595041322314,5.617865277868508e-13
low_morgan_lt_0.30,-1.5,10,Morgan,top_median_absdiff,baseline_minus_cgp,121,0.6592099435082907,0.5015974655031242,0.8184947544195201,0.7520661157024794,4.732660005990686e-12
low_morgan_lt_0.30,-1.5,10,NYAN,top_active_fraction,cgp_minus_baseline,121,0.19421487603305784,0.1512190082644628,0.2396694214876033,0.628099173553719,3.7273887832157804e-12
low_morgan_lt_0.30,-1.5,10,NYAN,active_lift,cgp_minus_baseline,121,3.032057682827339,2.330034290109278,3.7458368563499165,0.628099173553719,2.9862825790543033e-12
low_morgan_lt_0.30,-1.5,10,NYAN,top_mean_absdiff,baseline_minus_cgp,121,0.5178084744303102,0.3949418548281254,0.6397712990110485,0.7851239669421488,5.310383304960002e-13
low_morgan_lt_0.30,-1.5,10,NYAN,top_median_absdiff,baseline_minus_cgp,121,0.6143196929748409,0.4663907726100345,0.7650980220238456,0.7933884297520661,3.1235187912916187e-12
low_morgan_lt_0.30,-1.5,10,RDKit2D,top_active_fraction,cgp_minus_baseline,121,0.1776859504132231,0.1322314049586777,0.21985537190082635,0.6611570247933884,2.2020925650867543e-11
low_morgan_lt_0.30,-1.5,10,RDKit2D,active_lift,cgp_minus_baseline,121,2.7712307303617463,2.0897856974709805,3.45867487478779,0.6611570247933884,4.040542398140802e-11
low_morgan_lt_0.30,-1.5,10,RDKit2D,top_mean_absdiff,baseline_minus_cgp,121,0.44764869405786034,0.32896457513621846,0.5699917912679557,0.768595041322314,5.415614448270323e-11
low_morgan_lt_0.30,-1.5,10,RDKit2D,top_median_absdiff,baseline_minus_cgp,121,0.5664142127305631,0.418026681285732,0.7301812758448573,0.7603305785123967,1.946139002818291e-10
low_morgan_lt_0.30,-1.5,50,AtomPair,top_active_fraction,cgp_minus_baseline,121,0.15719008264462805,0.13090909090909092,0.1861198347107438,0.8264462809917356,2.2638737046556418e-17
low_morgan_lt_0.30,-1.5,50,AtomPair,active_lift,cgp_minus_baseline,121,2.4529558595760688,2.060845626598381,2.868024710981199,0.8264462809917356,2.0853652284375334e-17
low_morgan_lt_0.30,-1.5,50,AtomPair,top_mean_absdiff,baseline_minus_cgp,121,0.36778316680339074,0.28314014080013694,0.44710515877234375,0.7851239669421488,3.8141493041987713e-14
low_morgan_lt_0.30,-1.5,50,AtomPair,top_median_absdiff,baseline_minus_cgp,121,0.4056219333909791,0.31612249208625776,0.4967822462146727,0.7603305785123967,2.54095561860853e-13
low_morgan_lt_0.30,-1.5,50,Avalon,top_active_fraction,cgp_minus_baseline,121,0.17983471074380164,0.15454132231404957,0.20611570247933883,0.8512396694214877,2.5725469235621976e-18
low_morgan_lt_0.30,-1.5,50,Avalon,active_lift,cgp_minus_baseline,121,2.8072387935155243,2.397090076769536,3.239860821279399,0.8512396694214877,3.0682176568545e-18
low_morgan_lt_0.30,-1.5,50,Avalon,top_mean_absdiff,baseline_minus_cgp,121,0.4315624326956458,0.3567992904498218,0.5122516886626375,0.8429752066115702,7.585864780426326e-17
low_morgan_lt_0.30,-1.5,50,Avalon,top_median_absdiff,baseline_minus_cgp,121,0.4741973678311064,0.378110631231665,0.572028183767573,0.8016528925619835,1.1982297943586732e-15
low_morgan_lt_0.30,-1.5,50,Morgan,top_active_fraction,cgp_minus_baseline,121,0.18462809917355372,0.15818181818181823,0.2110743801652893,0.8512396694214877,3.893284582041756e-19
low_morgan_lt_0.30,-1.5,50,Morgan,active_lift,cgp_minus_baseline,121,2.8790411277793133,2.4694058233337186,3.285489052032309,0.8512396694214877,2.869311430080428e-19
low_morgan_lt_0.30,-1.5,50,Morgan,top_mean_absdiff,baseline_minus_cgp,121,0.4414038722206403,0.3646559934760939,0.5255640449093164,0.8677685950413223,3.752371578992116e-18
low_morgan_lt_0.30,-1.5,50,Morgan,top_median_absdiff,baseline_minus_cgp,121,0.48258939482827773,0.39680649200434515,0.5720987010550261,0.859504132231405,1.2563045399468744e-17
low_morgan_lt_0.30,-1.5,50,NYAN,top_active_fraction,cgp_minus_baseline,121,0.16925619834710745,0.1444628099173554,0.19404958677685952,0.8347107438016529,9.015602705752874e-19
low_morgan_lt_0.30,-1.5,50,NYAN,active_lift,cgp_minus_baseline,121,2.643609947737302,2.2426097096486073,3.045766144919998,0.8347107438016529,9.21968596812138e-19
low_morgan_lt_0.30,-1.5,50,NYAN,top_mean_absdiff,baseline_minus_cgp,121,0.401930616207061,0.3264795717447733,0.47877060853004094,0.8347107438016529,8.094861896566385e-17
low_morgan_lt_0.30,-1.5,50,NYAN,top_median_absdiff,baseline_minus_cgp,121,0.44243543665213436,0.3540791742719156,0.5370044307537065,0.7933884297520661,1.1025135352361086e-15
low_morgan_lt_0.30,-1.5,50,RDKit2D,top_active_fraction,cgp_minus_baseline,121,0.15487603305785125,0.12743388429752064,0.18413223140495869,0.7933884297520661,1.4410602867687195e-17
low_morgan_lt_0.30,-1.5,50,RDKit2D,active_lift,cgp_minus_baseline,121,2.4163279392924997,2.0267955883566606,2.8462976890967138,0.7933884297520661,1.733603165548484e-17
low_morgan_lt_0.30,-1.5,50,RDKit2D,top_mean_absdiff,baseline_minus_cgp,121,0.3645996317487452,0.2901976788695428,0.4447022084325936,0.7603305785123967,1.8704998234271836e-14
low_morgan_lt_0.30,-1.5,50,RDKit2D,top_median_absdiff,baseline_minus_cgp,121,0.41920555173178886,0.32660733068082626,0.5163837083793593,0.8016528925619835,3.739832611273403e-14
low_morgan_lt_0.30,-1.5,100,AtomPair,top_active_fraction,cgp_minus_baseline,121,0.13628099173553723,0.113801652892562,0.15760330578512396,0.8512396694214877,3.1063699236200515e-18
low_morgan_lt_0.30,-1.5,100,AtomPair,active_lift,cgp_minus_baseline,121,2.1287752958226664,1.799248354825647,2.4788330462486146,0.8512396694214877,2.5718265249833102e-18
low_morgan_lt_0.30,-1.5,100,AtomPair,top_mean_absdiff,baseline_minus_cgp,121,0.29987768539385334,0.23593625334572696,0.35991296705489084,0.8181818181818182,2.6286891214158624e-15
low_morgan_lt_0.30,-1.5,100,AtomPair,top_median_absdiff,baseline_minus_cgp,121,0.3119099346361862,0.24780988317901317,0.38091178818349436,0.8016528925619835,2.2761315438796916e-15
low_morgan_lt_0.30,-1.5,100,Avalon,top_active_fraction,cgp_minus_baseline,121,0.15107438016528923,0.12801033057851238,0.174297520661157,0.8512396694214877,3.690804266778871e-18
low_morgan_lt_0.30,-1.5,100,Avalon,active_lift,cgp_minus_baseline,121,2.3591104087083883,1.9942473722392071,2.7128697519097233,0.8512396694214877,3.584306332994062e-18
low_morgan_lt_0.30,-1.5,100,Avalon,top_mean_absdiff,baseline_minus_cgp,121,0.37194264143027084,0.30813800404023695,0.4351894074716184,0.8760330578512396,1.0753221664214693e-17
low_morgan_lt_0.30,-1.5,100,Avalon,top_median_absdiff,baseline_minus_cgp,121,0.39870563843181694,0.32938533046072727,0.4688634835800273,0.8512396694214877,6.292885543392995e-18
low_morgan_lt_0.30,-1.5,100,Morgan,top_active_fraction,cgp_minus_baseline,121,0.16760330578512395,0.14627685950413222,0.18909297520661159,0.8677685950413223,7.197165389901497e-20
low_morgan_lt_0.30,-1.5,100,Morgan,active_lift,cgp_minus_baseline,121,2.6162980678281715,2.282230429705872,2.9633993287797935,0.8677685950413223,6.55972630219484e-20
low_morgan_lt_0.30,-1.5,100,Morgan,top_mean_absdiff,baseline_minus_cgp,121,0.412912436306442,0.3522255534891376,0.4744664110412663,0.9008264462809917,4.476641249447951e-20
low_morgan_lt_0.30,-1.5,100,Morgan,top_median_absdiff,baseline_minus_cgp,121,0.42705613975788365,0.364255449852649,0.4907528332376687,0.9173553719008265,2.5226959531137094e-20
low_morgan_lt_0.30,-1.5,100,NYAN,top_active_fraction,cgp_minus_baseline,121,0.14628099173553719,0.12544834710743802,0.16950619834710748,0.8512396694214877,3.1919459238837995e-19
low_morgan_lt_0.30,-1.5,100,NYAN,active_lift,cgp_minus_baseline,121,2.2866784396885795,1.9449264779469118,2.6404381310669303,0.8512396694214877,3.256034167888467e-19
low_morgan_lt_0.30,-1.5,100,NYAN,top_mean_absdiff,baseline_minus_cgp,121,0.340850851805265,0.2812171727515468,0.40199183636088326,0.8925619834710744,3.0621582560019047e-18
low_morgan_lt_0.30,-1.5,100,NYAN,top_median_absdiff,baseline_minus_cgp,121,0.3567691416415186,0.28870136493983295,0.42728615608232884,0.859504132231405,2.4379809978881946e-17
low_morgan_lt_0.30,-1.5,100,RDKit2D,top_active_fraction,cgp_minus_baseline,121,0.13719008264462812,0.11553512396694213,0.16008471074380165,0.8264462809917356,1.3429069628831375e-18
low_morgan_lt_0.30,-1.5,100,RDKit2D,active_lift,cgp_minus_baseline,121,2.14246653255004,1.7915569596189782,2.4948090123349402,0.8264462809917356,1.4370585167516958e-18
low_morgan_lt_0.30,-1.5,100,RDKit2D,top_mean_absdiff,baseline_minus_cgp,121,0.3336349333690725,0.2686991813776973,0.398633907169619,0.859504132231405,1.4036647886128994e-17
low_morgan_lt_0.30,-1.5,100,RDKit2D,top_median_absdiff,baseline_minus_cgp,121,0.36317309709159995,0.29859060607430826,0.4300751127461875,0.8842975206611571,9.620508487380062e-18
low_morgan_lt_0.30,-1.0,10,AtomPair,top_active_fraction,cgp_minus_baseline,187,0.17486631016042778,0.13262032085561495,0.2155080213903743,0.5882352941176471,3.625647405786374e-13
low_morgan_lt_0.30,-1.0,10,AtomPair,active_lift,cgp_minus_baseline,187,1.7553537887716528,1.3637648693882105,2.155002898757493,0.5882352941176471,2.1413790089357383e-13
low_morgan_lt_0.30,-1.0,10,AtomPair,top_mean_absdiff,baseline_minus_cgp,187,0.32068834081662567,0.2269905732573409,0.41917376109401777,0.6256684491978609,4.7090828280352566e-08
low_morgan_lt_0.30,-1.0,10,AtomPair,top_median_absdiff,baseline_minus_cgp,187,0.3936678208256661,0.28618835173983437,0.5069510881311228,0.6470588235294118,1.710452011580132e-08
low_morgan_lt_0.30,-1.0,10,Avalon,top_active_fraction,cgp_minus_baseline,187,0.18128342245989304,0.14064171122994654,0.22299465240641714,0.6149732620320856,1.0158755008368808e-13
low_morgan_lt_0.30,-1.0,10,Avalon,active_lift,cgp_minus_baseline,187,1.8204457440229598,1.398698128697111,2.218350702264066,0.6149732620320856,7.250784713143445e-14
low_morgan_lt_0.30,-1.0,10,Avalon,top_mean_absdiff,baseline_minus_cgp,187,0.324975925664832,0.2337727205947858,0.42581894104402973,0.6631016042780749,1.8599184993033483e-09
low_morgan_lt_0.30,-1.0,10,Avalon,top_median_absdiff,baseline_minus_cgp,187,0.3906025362525068,0.2777470404023274,0.5085233274093759,0.6844919786096256,2.336538870108823e-09
low_morgan_lt_0.30,-1.0,10,Morgan,top_active_fraction,cgp_minus_baseline,187,0.19304812834224597,0.153475935828877,0.22995989304812828,0.6256684491978609,2.659054560465386e-16
low_morgan_lt_0.30,-1.0,10,Morgan,active_lift,cgp_minus_baseline,187,1.9366485722113251,1.5530541855426845,2.3222638254487586,0.6256684491978609,1.0921917594076483e-16
low_morgan_lt_0.30,-1.0,10,Morgan,top_mean_absdiff,baseline_minus_cgp,187,0.35168771476753774,0.2633416346348165,0.44628747465523966,0.679144385026738,4.6978469238182344e-11
low_morgan_lt_0.30,-1.0,10,Morgan,top_median_absdiff,baseline_minus_cgp,187,0.4401662271816276,0.3253070436720456,0.5552236885260885,0.6684491978609626,3.4014282290360717e-11
low_morgan_lt_0.30,-1.0,10,NYAN,top_active_fraction,cgp_minus_baseline,187,0.1695187165775401,0.13101604278074866,0.2080213903743316,0.6310160427807486,3.8573885683588094e-14
low_morgan_lt_0.30,-1.0,10,NYAN,active_lift,cgp_minus_baseline,187,1.7031889286076412,1.323296378172405,2.1002803896803237,0.6310160427807486,9.644682737164784e-14
low_morgan_lt_0.30,-1.0,10,NYAN,top_mean_absdiff,baseline_minus_cgp,187,0.3373649730610433,0.25071007677141316,0.42268185218251003,0.6951871657754011,2.0303283255481468e-11
low_morgan_lt_0.30,-1.0,10,NYAN,top_median_absdiff,baseline_minus_cgp,187,0.4159379206038451,0.31264284298325523,0.5289156425250502,0.7219251336898396,1.2160514597569523e-11
low_morgan_lt_0.30,-1.0,10,RDKit2D,top_active_fraction,cgp_minus_baseline,187,0.16310160427807488,0.12620320855614975,0.19999999999999998,0.5989304812834224,8.222426991763535e-14
low_morgan_lt_0.30,-1.0,10,RDKit2D,active_lift,cgp_minus_baseline,187,1.6371598449030915,1.2645327859642732,2.025690777499754,0.5989304812834224,7.602932891521297e-14
low_morgan_lt_0.30,-1.0,10,RDKit2D,top_mean_absdiff,baseline_minus_cgp,187,0.29255429149414214,0.20720404896383465,0.3846455119479647,0.6844919786096256,2.154056070986359e-09
low_morgan_lt_0.30,-1.0,10,RDKit2D,top_median_absdiff,baseline_minus_cgp,187,0.38695990383537254,0.2818098199151626,0.49574747373149414,0.7005347593582888,4.87587560761138e-10
low_morgan_lt_0.30,-1.0,50,AtomPair,top_active_fraction,cgp_minus_baseline,187,0.13828877005347592,0.11283155080213904,0.16438502673796793,0.7647058823529411,2.451779871723958e-18
low_morgan_lt_0.30,-1.0,50,AtomPair,active_lift,cgp_minus_baseline,187,1.3896995198225015,1.1302429007381765,1.6404866034752843,0.7647058823529411,7.952448425898574e-19
low_morgan_lt_0.30,-1.0,50,AtomPair,top_mean_absdiff,baseline_minus_cgp,187,0.23169155054479185,0.1696622720509531,0.28926725274401904,0.6470588235294118,6.76693587330441e-11
low_morgan_lt_0.30,-1.0,50,AtomPair,top_median_absdiff,baseline_minus_cgp,187,0.2612389295071209,0.1978013937514139,0.33167993225460196,0.6737967914438503,3.655206500256422e-11
low_morgan_lt_0.30,-1.0,50,Avalon,top_active_fraction,cgp_minus_baseline,187,0.16342245989304813,0.13518449197860963,0.19133957219251335,0.7700534759358288,5.981504373280721e-20
low_morgan_lt_0.30,-1.0,50,Avalon,active_lift,cgp_minus_baseline,187,1.6424401624116058,1.3785200048165607,1.921370662016443,0.7700534759358288,3.414477597824324e-20
low_morgan_lt_0.30,-1.0,50,Avalon,top_mean_absdiff,baseline_minus_cgp,187,0.28547889347970085,0.22710152579120246,0.34720096740581924,0.7700534759358288,4.895590116814835e-17
low_morgan_lt_0.30,-1.0,50,Avalon,top_median_absdiff,baseline_minus_cgp,187,0.32498233550633454,0.25767766472954806,0.3948941881130806,0.7219251336898396,5.674307474846546e-17
low_morgan_lt_0.30,-1.0,50,Morgan,top_active_fraction,cgp_minus_baseline,187,0.17647058823529413,0.1529385026737968,0.2010748663101604,0.786096256684492,3.646178894313524e-24
low_morgan_lt_0.30,-1.0,50,Morgan,active_lift,cgp_minus_baseline,187,1.7718166446452226,1.5205514844107548,2.0287476193694207,0.786096256684492,2.463382210161237e-24
low_morgan_lt_0.30,-1.0,50,Morgan,top_mean_absdiff,baseline_minus_cgp,187,0.29790233992493365,0.2429307794705744,0.3584601960890807,0.7914438502673797,6.197977802784075e-20
low_morgan_lt_0.30,-1.0,50,Morgan,top_median_absdiff,baseline_minus_cgp,187,0.33502580351719163,0.2691664825922308,0.4043038137818981,0.7807486631016043,1.0931669341414063e-19
low_morgan_lt_0.30,-1.0,50,NYAN,top_active_fraction,cgp_minus_baseline,187,0.14449197860962568,0.1186042780748663,0.17091176470588235,0.732620320855615,2.4124263296030926e-19
low_morgan_lt_0.30,-1.0,50,NYAN,active_lift,cgp_minus_baseline,187,1.453279046454241,1.1977703289814492,1.7187538062079522,0.732620320855615,1.1494089733323996e-19
low_morgan_lt_0.30,-1.0,50,NYAN,top_mean_absdiff,baseline_minus_cgp,187,0.2668333830265328,0.21077791097229837,0.32191364610213846,0.7165775401069518,1.6534538191146717e-16
low_morgan_lt_0.30,-1.0,50,NYAN,top_median_absdiff,baseline_minus_cgp,187,0.30296354468029124,0.235878161229015,0.36742024382711047,0.7005347593582888,5.846258791478578e-16
low_morgan_lt_0.30,-1.0,50,RDKit2D,top_active_fraction,cgp_minus_baseline,187,0.13989304812834225,0.11454545454545456,0.16599465240641711,0.732620320855615,1.6784168969193308e-19
low_morgan_lt_0.30,-1.0,50,RDKit2D,active_lift,cgp_minus_baseline,187,1.4056306480169525,1.1576197967838526,1.660751797196023,0.732620320855615,1.1337717596608365e-19
low_morgan_lt_0.30,-1.0,50,RDKit2D,top_mean_absdiff,baseline_minus_cgp,187,0.2390654767297873,0.18183148476286845,0.29444896829771067,0.6737967914438503,2.4526675144391784e-13
low_morgan_lt_0.30,-1.0,50,RDKit2D,top_median_absdiff,baseline_minus_cgp,187,0.2839666525509587,0.21746268393941467,0.35230140562688217,0.7219251336898396,4.9934002720275736e-14
low_morgan_lt_0.30,-1.0,100,AtomPair,top_active_fraction,cgp_minus_baseline,187,0.1243850267379679,0.10229812834224598,0.14668716577540106,0.7433155080213903,7.103263157603113e-20
low_morgan_lt_0.30,-1.0,100,AtomPair,active_lift,cgp_minus_baseline,187,1.250684524875316,1.0255009869989955,1.4683887070897885,0.7433155080213903,4.3690786323079806e-20
low_morgan_lt_0.30,-1.0,100,AtomPair,top_mean_absdiff,baseline_minus_cgp,187,0.18431799022481782,0.13921681017690776,0.23272238493219974,0.6631016042780749,2.2236334011241678e-11
low_morgan_lt_0.30,-1.0,100,AtomPair,top_median_absdiff,baseline_minus_cgp,187,0.19524559702003316,0.1475263701412893,0.24634494032459592,0.6684491978609626,8.694266114477343e-12
low_morgan_lt_0.30,-1.0,100,Avalon,top_active_fraction,cgp_minus_baseline,187,0.14609625668449197,0.12267245989304812,0.16909759358288765,0.7647058823529411,9.141821569033208e-21
low_morgan_lt_0.30,-1.0,100,Avalon,active_lift,cgp_minus_baseline,187,1.468772225654639,1.233388396297103,1.7027005288637431,0.7647058823529411,6.152510619456364e-21
low_morgan_lt_0.30,-1.0,100,Avalon,top_mean_absdiff,baseline_minus_cgp,187,0.2458607649838989,0.19910961396755078,0.2948998374184014,0.7486631016042781,2.207807159775146e-18
low_morgan_lt_0.30,-1.0,100,Avalon,top_median_absdiff,baseline_minus_cgp,187,0.26745592130262175,0.21610002175155116,0.32098707982269237,0.7433155080213903,2.0168638511840309e-19
low_morgan_lt_0.30,-1.0,100,Morgan,top_active_fraction,cgp_minus_baseline,187,0.16999999999999998,0.14833957219251334,0.19144786096256683,0.8288770053475936,5.919816459010285e-26
low_morgan_lt_0.30,-1.0,100,Morgan,active_lift,cgp_minus_baseline,187,1.707686412496764,1.484529717406006,1.928907944014582,0.8288770053475936,4.607168144100427e-26
low_morgan_lt_0.30,-1.0,100,Morgan,top_mean_absdiff,baseline_minus_cgp,187,0.27836591421779966,0.23204656345004213,0.3249422966514427,0.8235294117647058,6.0893909416548995e-24
low_morgan_lt_0.30,-1.0,100,Morgan,top_median_absdiff,baseline_minus_cgp,187,0.2942526461080309,0.247107971152002,0.3444915890543165,0.8502673796791443,2.6198259455066386e-25
low_morgan_lt_0.30,-1.0,100,NYAN,top_active_fraction,cgp_minus_baseline,187,0.13545454545454544,0.11304679144385027,0.159572192513369,0.7700534759358288,8.13696945163316e-22
low_morgan_lt_0.30,-1.0,100,NYAN,active_lift,cgp_minus_baseline,187,1.362685118602945,1.1434408905729965,1.5951724397571143,0.7700534759358288,5.695575231724082e-22
low_morgan_lt_0.30,-1.0,100,NYAN,top_mean_absdiff,baseline_minus_cgp,187,0.2244915976913529,0.1797853314265907,0.27149768221214604,0.7914438502673797,2.906249878843527e-19
low_morgan_lt_0.30,-1.0,100,NYAN,top_median_absdiff,baseline_minus_cgp,187,0.2404487782022866,0.1909392036450591,0.29024128633049995,0.786096256684492,5.209879696862828e-19
low_morgan_lt_0.30,-1.0,100,RDKit2D,top_active_fraction,cgp_minus_baseline,187,0.13481283422459894,0.11310160427807486,0.15668582887700533,0.8021390374331551,1.6836525423830683e-22
low_morgan_lt_0.30,-1.0,100,RDKit2D,active_lift,cgp_minus_baseline,187,1.3551427284625932,1.1377851796009193,1.5818550277254544,0.8021390374331551,1.041113439302701e-22
low_morgan_lt_0.30,-1.0,100,RDKit2D,top_mean_absdiff,baseline_minus_cgp,187,0.21920090573009685,0.17476767868619594,0.2706500824206311,0.7540106951871658,6.988831534987192e-18
low_morgan_lt_0.30,-1.0,100,RDKit2D,top_median_absdiff,baseline_minus_cgp,187,0.24620422039754977,0.19758486752208437,0.29564117456425726,0.8181818181818182,9.66616096092404e-20
