inchikey,prism_name,broad_id,prism_columns,prism_screens,prism_targets,prism_moa,prism_smiles,_cgp_row,compound_id,canonical_smiles,has_structure,has_compound_profile,num_nonmissing_prism_cell_lines
AAKJLRGGTJKAMG-UHFFFAOYSA-N,erlotinib,BRD-K70401845-003-09-6,1,HTS,"EGFR, NR1I2",EGFR inhibitor,C#Cc1cccc(Nc2ncnc3cc(OCCOC)c(OCCOC)cc23)c1,85,AAKJLRGGTJKAMG-UHFFFAOYSA-N,C#Cc1cccc(N=c2[nH]cnc3cc(OCCOC)c(OCCOC)cc23)c1,True,True,572
ABBADGFSRBWENF-UHFFFAOYSA-N,AG-1024,BRD-K08310154-001-03-8,1,HTS,IGF1R,insulin growth factor receptor inhibitor,CC(C)(C)c1cc(C=C(C#N)C#N)cc(Br)c1O,210,ABBADGFSRBWENF-UHFFFAOYSA-N,CC(C)(C)c1cc(C=C(C#N)C#N)cc(Br)c1O,True,True,565
ABJKWBDEJIDSJZ-UHFFFAOYSA-N,butenafine,BRD-K90630139-003-05-9,1,HTS,SQLE,fungal squalene epoxidase inhibitor,CN(Cc1ccc(C(C)(C)C)cc1)Cc1cccc2ccccc12,264,ABJKWBDEJIDSJZ-UHFFFAOYSA-N,CN(Cc1ccc(C(C)(C)C)cc1)Cc1cccc2ccccc12,True,True,557
ACAKNPKRLPMONU-UHFFFAOYSA-N,CK-636,BRD-K81572616-001-01-9,1,HTS,"ACTR2, ACTR3, ARPC1B, ARPC2, ARPC3, ARPC4, ARPC5",actin related protein inhibitor,Cc1[nH]c2ccccc2c1CCNC(=O)c1cccs1,386,ACAKNPKRLPMONU-UHFFFAOYSA-N,Cc1[nH]c2ccccc2c1CCNC(=O)c1cccs1,True,True,571
ACCMWZWAEFYUGZ-UHFFFAOYSA-N,bilastine,BRD-K51937257-001-01-4,1,HTS,HRH1,histamine receptor antagonist,CCOCCn1c(C2CCN(CCc3ccc(C(C)(C)C(=O)O)cc3)CC2)nc2ccccc21,400,ACCMWZWAEFYUGZ-UHFFFAOYSA-N,CCOCCn1c(C2CCN(CCc3ccc(C(C)(C)C(=O)O)cc3)CC2)nc2ccccc21,True,True,563
ACEWLPOYLGNNHV-UHFFFAOYSA-N,ibuprofen-piconol,BRD-A75224450-001-02-4,1,MTS004,"PTGS1, PTGS2",cyclooxygenase inhibitor,CC(C)Cc1ccc(C(C)C(=O)OCc2ccccn2)cc1,420,ACEWLPOYLGNNHV-UHFFFAOYSA-N,CC(C)Cc1ccc(C(C)C(=O)OCc2ccccn2)cc1,True,True,547
ACGDKVXYNVEAGU-UHFFFAOYSA-N,guanethidine,BRD-K62676709-065-05-5,1,HTS,SLC6A2,adrenergic inhibitor,N=C(N)NCCN1CCCCCCC1,427,ACGDKVXYNVEAGU-UHFFFAOYSA-N,N=C(N)NCCN1CCCCCCC1,True,True,574
ACGUYXCXAPNIKK-UHFFFAOYSA-N,hexachlorophene,BRD-K99792991-001-34-9,1,HTS,"GLUD1, SDHD",potassium channel activator,Oc1c(Cl)cc(Cl)c(Cl)c1Cc1c(O)c(Cl)cc(Cl)c1Cl,433,ACGUYXCXAPNIKK-UHFFFAOYSA-N,Oc1c(Cl)cc(Cl)c(Cl)c1Cc1c(O)c(Cl)cc(Cl)c1Cl,True,True,571
ACQBHJXEAYTHCY-UHFFFAOYSA-N,ciproxifan,BRD-K01767299-050-02-1,1,HTS,"ADRA2A, ADRA2C, HRH3, HRH4, HTR3A",histamine receptor antagonist,O=C(c1ccc(OCCCc2c[nH]cn2)cc1)C1CC1,506,ACQBHJXEAYTHCY-UHFFFAOYSA-N,O=C(c1ccc(OCCCc2c[nH]cn2)cc1)C1CC1,True,True,574
ACVGNKYJVGNLIL-UHFFFAOYSA-N,gabazine,BRD-K79905821-004-03-6,1,HTS,"GABRA1, GABRA2, GABRA3, GABRA4, GABRA5, GABRA6, GABRG2",GABA receptor antagonist,COc1ccc(-c2ccc(=N)n(CCCC(=O)O)n2)cc1,548,ACVGNKYJVGNLIL-UHFFFAOYSA-N,COc1ccc(-c2ccc(=N)n(CCCC(=O)O)n2)cc1,True,True,563
ACVGWSKVRYFWRP-UHFFFAOYSA-N,rutaecarpine,BRD-K94723713-001-10-6,1,HTS,PTGS2,cyclooxygenase inhibitor,O=c1c2ccccc2nc2n1CCc1c-2[nH]c2ccccc12,550,ACVGWSKVRYFWRP-UHFFFAOYSA-N,O=c1c2ccccc2nc2n1CCc1c-2[nH]c2ccccc12,True,True,565
ACWZRVQXLIRSDF-UHFFFAOYSA-N,MEK162,BRD-K82244583-001-01-3,1,HTS,"MAP2K1, MAP2K2",MEK inhibitor,Cn1cnc2c(F)c(Nc3ccc(Br)cc3F)c(C(=O)NOCCO)cc21,562,ACWZRVQXLIRSDF-UHFFFAOYSA-N,Cn1cnc2c(F)c(Nc3ccc(Br)cc3F)c(C(=O)NOCCO)cc21,True,True,550
ADEBPBSSDYVVLD-UHFFFAOYSA-N,donepezil,BRD-A49160188-003-12-7,1,HTS,"ACHE, HTR2A",acetylcholinesterase inhibitor,COc1cc2c(cc1OC)C(=O)C(CC1CCN(Cc3ccccc3)CC1)C2,617,ADEBPBSSDYVVLD-UHFFFAOYSA-N,COc1cc2c(cc1OC)C(=O)C(CC1CCN(Cc3ccccc3)CC1)C2,True,True,563
ADGGYDAFIHSYFI-UHFFFAOYSA-N,PI3K-IN-2,BRD-K62374002-001-01-5,1,MTS004,,PI3K inhibitor,Nc1cc(C(F)(F)F)c(-c2nc(N3CCOCC3)nc(N3CCOCC3)n2)cn1,635,ADGGYDAFIHSYFI-UHFFFAOYSA-N,N=c1cc(C(F)(F)F)c(-c2nc(N3CCOCC3)nc(N3CCOCC3)n2)c[nH]1,True,True,548
AEOCXXJPGCBFJA-UHFFFAOYSA-N,ethionamide,BRD-K51207550-001-23-0,1,HTS,,mycolic synthesis inhibitor,CCc1cc(C(=N)S)ccn1,867,AEOCXXJPGCBFJA-UHFFFAOYSA-N,CCc1cc(C(N)=S)ccn1,True,True,569
AEZPAUSGTAHLOQ-UHFFFAOYSA-N,PHTPP,BRD-K76568384-001-02-2,1,HTS,ESR2,estrogen receptor antagonist,Oc1ccc(-c2c(-c3ccccc3)nn3c(C(F)(F)F)cc(C(F)(F)F)nc23)cc1,938,AEZPAUSGTAHLOQ-UHFFFAOYSA-N,Oc1ccc(-c2c(-c3ccccc3)nn3c(C(F)(F)F)cc(C(F)(F)F)nc23)cc1,True,True,568
AFCGFAGUEYAMAO-UHFFFAOYSA-N,acamprosate,BRD-K26262077-238-01-5,1,HTS,"GABRA1, GABRA2, GABRA3, GABRA4, GABRA5, GABRA6, GABRB1, GABRB2, GABRB3, GABRD, GABRE, GABRG1, GABRG2, GABRG3, GABRP, GABRQ, GRIN1, GRIN2A, GRIN2B, GRIN2C, GRIN2D, GRIN3A, GRIN3B, GRM5",glutamate receptor antagonist,CC(=O)NCCCS(=O)(=O)O,959,AFCGFAGUEYAMAO-UHFFFAOYSA-N,CC(=O)NCCCS(=O)(=O)O,True,True,538
AFFZCQDLQIEQGB-UHFFFAOYSA-N,aminolevulinic-acid-benzyl-ester,BRD-K59998349-003-01-4,1,HTS,,,NCC(=O)CCC(=O)OCc1ccccc1,993,AFFZCQDLQIEQGB-UHFFFAOYSA-N,NCC(=O)CCC(=O)OCc1ccccc1,True,True,563
AFNXATANNDIXLG-UHFFFAOYSA-N,sulconazole,BRD-A70649075-008-30-8,1,HTS,,sterol demethylase inhibitor,Clc1ccc(CSC(Cn2ccnc2)c2ccc(Cl)cc2Cl)cc1,1063,AFNXATANNDIXLG-UHFFFAOYSA-N,Clc1ccc(CSC(Cn2ccnc2)c2ccc(Cl)cc2Cl)cc1,True,True,570
AFSOIHMEOKEZJF-UHFFFAOYSA-N,carmoxirole,BRD-K82484965-003-03-5,1,HTS,DRD2,dopamine receptor agonist,O=C(O)c1ccc2[nH]cc(CCCCN3CC=C(c4ccccc4)CC3)c2c1,1098,AFSOIHMEOKEZJF-UHFFFAOYSA-N,O=C(O)c1ccc2[nH]cc(CCCCN3CC=C(c4ccccc4)CC3)c2c1,True,True,569
AFTZZRFCMOAFCR-UHFFFAOYSA-N,EHop-016,BRD-K32289541-001-01-0,1,HTS,"RAC1, RAC3",Ras GTPase inhibitor,CCn1c2ccccc2c2cc(Nc3ccnc(NCCCN4CCOCC4)n3)ccc21,1108,AFTZZRFCMOAFCR-UHFFFAOYSA-N,CCn1c2ccccc2c2cc(N=c3cc[nH]c(=NCCCN4CCOCC4)[nH]3)ccc21,True,True,570
AGBQKNBQESQNJD-UHFFFAOYSA-N,thioctic-acid,BRD-A16347691-001-13-1,1,HTS,"ACHE, LIAS, LIPT1, PTGS2, SLC5A6",reducing agent,O=C(O)CCCCC1CCSS1,1165,AGBQKNBQESQNJD-UHFFFAOYSA-N,O=C(O)CCCCC1CCSS1,True,True,571
AGJBLWCLQCKRJP-UHFFFAOYSA-N,drofenine,BRD-A22267103-003-13-1,1,HTS,,,CCN(CC)CCOC(=O)C(c1ccccc1)C1CCCCC1,1214,AGJBLWCLQCKRJP-UHFFFAOYSA-N,CCN(CC)CCOC(=O)C(c1ccccc1)C1CCCCC1,True,True,569
AGMMTXLNIQSRCG-UHFFFAOYSA-N,quinethazone,BRD-A59303141-001-10-4,1,HTS,"CA1, CA2, SLC12A1, SLC12A2, SLC12A3",thiazide diuretic,CCC1NC(=O)c2cc(S(N)(=O)=O)c(Cl)cc2N1,1249,AGMMTXLNIQSRCG-UHFFFAOYSA-N,CCC1NC(=O)c2cc(S(N)(=O)=O)c(Cl)cc2N1,True,True,550
AGPKZVBTJJNPAG-UHFFFAOYSA-N,isoleucine,BRD-A02232681-001-01-8,1,MTS004,"ACADSB, BCAT1, BCAT2, IARS, IARS2",,CCC(C)C(N)C(=O)O,1269,AGPKZVBTJJNPAG-UHFFFAOYSA-N,CCC(C)C(N)C(=O)O,True,True,548
AHCYOTLTLQTPSU-UHFFFAOYSA-N,VU0357121,BRD-K86109159-001-02-6,1,HTS,GRM5,glutamate receptor positive allosteric modulator,CCCCOc1ccc(C(=O)Nc2ccc(F)cc2F)cc1,1359,AHCYOTLTLQTPSU-UHFFFAOYSA-N,CCCCOc1ccc(C(=O)Nc2ccc(F)cc2F)cc1,True,True,574
AHFZDNYNXFMRFQ-UHFFFAOYSA-N,org-27569,BRD-K57597776-001-01-2,1,HTS,CNR1,cannabinoid receptor modulator,CCc1c(C(=O)NCCc2ccc(N3CCCCC3)cc2)[nH]c2ccc(Cl)cc12,1382,AHFZDNYNXFMRFQ-UHFFFAOYSA-N,CCc1c(C(=O)NCCc2ccc(N3CCCCC3)cc2)[nH]c2ccc(Cl)cc12,True,True,568
AHJRHEGDXFFMBM-UHFFFAOYSA-N,palbociclib,BRD-K51313569-003-03-3,1,HTS,"CDK4, CDK6",CDK inhibitor,CC(=O)c1c(C)c2cnc(Nc3ccc(N4CCNCC4)cn3)nc2n(C2CCCC2)c1=O,1400,AHJRHEGDXFFMBM-UHFFFAOYSA-N,CC(=O)c1c(C)c2c[nH]c(=Nc3ccc(N4CCNCC4)cn3)nc2n(C2CCCC2)c1=O,True,True,569
AHLPHDHHMVZTML-UHFFFAOYSA-N,ornithine,BRD-A13561534-003-02-0,1,HTS,"ARG1, ARG2, GATM, GPRC6A, OAT, OAZ1, OAZ2, OAZ3, OTC, SLC25A15, SLC25A2, SLC7A1, SLC7A2, SLC7A3, SLC7A4",NFkB pathway modulator,NCCCC(N)C(=O)O,1411,AHLPHDHHMVZTML-UHFFFAOYSA-N,NCCCC(N)C(=O)O,True,True,538
AHYMHWXQRWRBKT-UHFFFAOYSA-N,EMD-1214063,BRD-K97963946-001-01-3,1,HTS,MET,hepatocyte growth factor receptor inhibitor,CN1CCC(COc2cnc(-c3cccc(Cn4nc(-c5cccc(C#N)c5)ccc4=O)c3)nc2)CC1,1506,AHYMHWXQRWRBKT-UHFFFAOYSA-N,CN1CCC(COc2cnc(-c3cccc(Cn4nc(-c5cccc(C#N)c5)ccc4=O)c3)nc2)CC1,True,True,574
AIGAZQPHXLWMOJ-UHFFFAOYSA-N,tanshinone-i,BRD-K34073885-001-09-3,1,HTS,IFNG,AP inhibitor,Cc1coc2c1C(=O)C(=O)c1c-2ccc2c(C)cccc12,1547,AIGAZQPHXLWMOJ-UHFFFAOYSA-N,Cc1coc2c1C(=O)C(=O)c1c-2ccc2c(C)cccc12,True,True,537
AILRADAXUVEEIR-UHFFFAOYSA-N,brigatinib,BRD-K56981171-001-01-0,1,MTS004,"ALK, EGFR","ALK tyrosine kinase receptor inhibitor, EGFR inhibitor",COc1cc(N2CCC(N3CCN(C)CC3)CC2)ccc1Nc1ncc(Cl)c(Nc2ccccc2P(C)(C)=O)n1,1588,AILRADAXUVEEIR-UHFFFAOYSA-N,COc1cc(N2CCC(N3CCN(C)CC3)CC2)ccc1N=c1[nH]cc(Cl)c(=Nc2ccccc2P(C)(C)=O)[nH]1,True,True,547
AJRGHIGYPXNABY-UHFFFAOYSA-N,PCI-34051,BRD-K88742110-001-07-9,1,HTS,"HDAC1, HDAC10, HDAC6, HDAC8",HDAC inhibitor,COc1ccc(Cn2ccc3ccc(C(=O)NO)cc32)cc1,1833,AJRGHIGYPXNABY-UHFFFAOYSA-N,COc1ccc(Cn2ccc3ccc(C(O)=NO)cc32)cc1,True,True,565
AKCRNFFTGXBONI-UHFFFAOYSA-N,torin-1,BRD-K40175214-001-11-6,1,HTS,MTOR,mTOR inhibitor,CCC(=O)N1CCN(c2ccc(-n3c(=O)ccc4cnc5ccc(-c6cnc7ccccc7c6)cc5c43)cc2C(F)(F)F)CC1,1915,AKCRNFFTGXBONI-UHFFFAOYSA-N,CCC(=O)N1CCN(c2ccc(-n3c(=O)ccc4cnc5ccc(-c6cnc7ccccc7c6)cc5c43)cc2C(F)(F)F)CC1,True,True,574
AKMNUCBQGHFICM-UHFFFAOYSA-N,SB-334867,BRD-K41567364-001-04-6,1,HTS,"HCRTR1, HCRTR2",orexin receptor antagonist,Cc1nc2ccc(NC(=O)Nc3ccnc4cccnc34)cc2o1,1988,AKMNUCBQGHFICM-UHFFFAOYSA-N,Cc1nc2ccc(NC(=O)N=c3cc[nH]c4cccnc34)cc2o1,True,True,565
AKSIZPIFQAYJGF-UHFFFAOYSA-N,aurora-a-inhibitor-i,BRD-K53561341-001-07-5,1,HTS,AURKA,Aurora kinase inhibitor,CCN1CCN(C(=O)Cc2ccc(Nc3ncc(F)c(Nc4ccc(C(=O)Nc5ccccc5Cl)cc4)n3)cc2)CC1,2035,AKSIZPIFQAYJGF-UHFFFAOYSA-N,CCN1CCN(C(=O)Cc2ccc(N=c3[nH]cc(F)c(=Nc4ccc(C(=O)Nc5ccccc5Cl)cc4)[nH]3)cc2)CC1,True,True,570
ALBKMJDFBZVHAK-UHFFFAOYSA-N,ZK-93423,BRD-K33882852-003-02-8,1,HTS,"GABRA1, GABRA2, GABRA3, GABRA5, GABRB2, GABRG2",benzodiazepine receptor agonist,CCOC(=O)c1ncc2[nH]c3ccc(OCc4ccccc4)cc3c2c1COC,2096,ALBKMJDFBZVHAK-UHFFFAOYSA-N,CCOC(=O)c1ncc2[nH]c3ccc(OCc4ccccc4)cc3c2c1COC,True,True,563
ALLWOAVDORUJLA-UHFFFAOYSA-N,rebamipide,BRD-A15909516-001-06-6,1,HTS,FPR1,free radical scavenger,O=C(NC(Cc1cc(=O)[nH]c2ccccc12)C(=O)O)c1ccc(Cl)cc1,2171,ALLWOAVDORUJLA-UHFFFAOYSA-N,O=C(NC(Cc1cc(=O)[nH]c2ccccc12)C(=O)O)c1ccc(Cl)cc1,True,True,572
ALOBUEHUHMBRLE-UHFFFAOYSA-N,ibutilide,BRD-A74391928-051-01-3; BRD-A74391928-051-02-1,2,HTS,"CACNA1C, CACNA2D1, CACNB1, CACNG1, KCNH2, KCNH6, KCNH7, KCNJ11, KCNK1, KCNK6",potassium channel blocker,CCCCCCCN(CC)CCCC(O)c1ccc(NS(C)(=O)=O)cc1,2183,ALOBUEHUHMBRLE-UHFFFAOYSA-N,CCCCCCCN(CC)CCCC(O)c1ccc(NS(C)(=O)=O)cc1,True,True,575
ALWKGYPQUAPLQC-UHFFFAOYSA-N,neostigmine,BRD-K18922609-004-23-1,1,HTS,ACHE,acetylcholinesterase inhibitor,CN(C)C(=O)Oc1cccc([N+](C)(C)C)c1,2248,ALWKGYPQUAPLQC-UHFFFAOYSA-N,CN(C)C(=O)Oc1cccc([N+](C)(C)C)c1,True,True,565
ALYNCZNDIQEVRV-UHFFFAOYSA-N,potassium-p-aminobenzoate,BRD-K58497451-237-10-7,1,HTS,,,Nc1ccc(C(=O)O)cc1,2265,ALYNCZNDIQEVRV-UHFFFAOYSA-N,Nc1ccc(C(=O)O)cc1,True,True,569
AMDBBAQNWSUWGN-UHFFFAOYSA-N,ioversol,BRD-A65818372-001-05-3,1,HTS,,radiopaque medium,O=C(NCC(O)CO)c1c(I)c(C(=O)NCC(O)CO)c(I)c(N(CCO)C(=O)CO)c1I,2285,AMDBBAQNWSUWGN-UHFFFAOYSA-N,O=C(NCC(O)CO)c1c(I)c(C(=O)NCC(O)CO)c(I)c(N(CCO)C(=O)CO)c1I,True,True,550
AMEROGPZOLAFBN-UHFFFAOYSA-N,fimasartan,BRD-K21586122-001-01-9,1,MTS004,AGTR1,angiotensin receptor antagonist,CCCCc1nc(C)c(CC(=S)N(C)C)c(=O)n1Cc1ccc(-c2ccccc2-c2nnn[nH]2)cc1,2299,AMEROGPZOLAFBN-UHFFFAOYSA-N,CCCCc1nc(C)c(CC(=S)N(C)C)c(=O)n1Cc1ccc(-c2ccccc2-c2nn[nH]n2)cc1,True,True,547
AMKVXSZCKVJAGH-UHFFFAOYSA-N,naratriptan,BRD-K61337602-003-02-1,1,HTS,"HTR1A, HTR1B, HTR1D, HTR1E, HTR1F",serotonin receptor agonist,CNS(=O)(=O)CCc1ccc2[nH]cc(C3CCN(C)CC3)c2c1,2345,AMKVXSZCKVJAGH-UHFFFAOYSA-N,CNS(=O)(=O)CCc1ccc2[nH]cc(C3CCN(C)CC3)c2c1,True,True,569
ANDGGVOPIJEHOF-UHFFFAOYSA-N,ampalex,BRD-K24771047-001-01-6,1,HTS,"GRIA1, GRIA2, GRIA3, GRIA4",glutamate receptor agonist,O=C(c1ccc2nccnc2c1)N1CCCCC1,2462,ANDGGVOPIJEHOF-UHFFFAOYSA-N,O=C(c1ccc2nccnc2c1)N1CCCCC1,True,True,565
ANGKOCUUWGHLCE-UHFFFAOYSA-N,glycopyrrolate,BRD-A81233518-004-16-1,1,HTS,"CHRM1, CHRM2, CHRM3, CHRM4, CHRM5",acetylcholine receptor antagonist,C[N+]1(C)CCC(OC(=O)C(O)(c2ccccc2)C2CCCC2)C1,2492,ANGKOCUUWGHLCE-UHFFFAOYSA-N,C[N+]1(C)CCC(OC(=O)C(O)(c2ccccc2)C2CCCC2)C1,True,True,572
ANGUXJDGJCHGOG-UHFFFAOYSA-N,GSK163090,BRD-K69669039-001-01-8,1,MTS004,"HTR1A, HTR1B, HTR1D",serotonin receptor antagonist,Cc1ccc2c(N3CCN(CCc4cccc(N5CCNC5=O)c4)CC3)cccc2n1,2498,ANGUXJDGJCHGOG-UHFFFAOYSA-N,Cc1ccc2c(N3CCN(CCc4cccc(N5CCNC5=O)c4)CC3)cccc2n1,True,True,548
ANMATWQYLIFGOK-UHFFFAOYSA-N,iguratimod,BRD-K15426076-001-01-2,1,HTS,PTGS2,"cyclooxygenase inhibitor, NFkB pathway inhibitor",CS(=O)(=O)Nc1cc2occ(NC=O)c(=O)c2cc1Oc1ccccc1,2530,ANMATWQYLIFGOK-UHFFFAOYSA-N,CS(=O)(=O)Nc1cc2occ(NC=O)c(=O)c2cc1Oc1ccccc1,True,True,550
ANMLJLFWUCQGKZ-UHFFFAOYSA-N,talniflumate,BRD-A98378129-001-02-2,1,HTS,CLCA1,cyclooxygenase inhibitor,O=C1OC(OC(=O)c2cccnc2Nc2cccc(C(F)(F)F)c2)c2ccccc21,2535,ANMLJLFWUCQGKZ-UHFFFAOYSA-N,O=C1OC(OC(=O)c2ccc[nH]c2=Nc2cccc(C(F)(F)F)c2)c2ccccc21,True,True,557
ANZXOIAKUNOVQU-UHFFFAOYSA-N,bambuterol,BRD-A17462676-003-11-6,1,HTS,"ADRB2, BCHE",adrenergic receptor agonist,CN(C)C(=O)Oc1cc(OC(=O)N(C)C)cc(C(O)CNC(C)(C)C)c1,2639,ANZXOIAKUNOVQU-UHFFFAOYSA-N,CN(C)C(=O)Oc1cc(OC(=O)N(C)C)cc(C(O)CNC(C)(C)C)c1,True,True,572
AOCCBINRVIKJHY-UHFFFAOYSA-N,carmofur,BRD-K11630072-001-13-2,1,HTS,TYMS,thymidylate synthase inhibitor,CCCCCCNC(=O)n1cc(F)c(=O)[nH]c1=O,2651,AOCCBINRVIKJHY-UHFFFAOYSA-N,CCCCCCNC(=O)n1cc(F)c(=O)[nH]c1=O,True,True,538
APHGZZPEOCCYNO-UHFFFAOYSA-N,WZ-3146,BRD-K73293050-001-03-1,1,HTS,EGFR,EGFR inhibitor,C=CC(=O)Nc1cccc(Oc2nc(Nc3ccc(N4CCN(C)CC4)cc3)ncc2Cl)c1,2876,APHGZZPEOCCYNO-UHFFFAOYSA-N,C=CC(=O)Nc1cccc(Oc2[nH]c(=Nc3ccc(N4CCN(C)CC4)cc3)ncc2Cl)c1,True,True,565
AQCHWTWZEMGIFD-UHFFFAOYSA-N,metolazone,BRD-A61793559-001-15-6,1,HTS,SLC12A3,carbonic anhydrase inhibitor,Cc1ccccc1N1C(=O)c2cc(S(N)(=O)=O)c(Cl)cc2NC1C,3036,AQCHWTWZEMGIFD-UHFFFAOYSA-N,Cc1ccccc1N1C(=O)c2cc(S(N)(=O)=O)c(Cl)cc2NC1C,True,True,569
AQFFXPQJLZFABJ-UHFFFAOYSA-N,AH6809,BRD-K59339270-001-02-6,1,HTS,"PTGDR, PTGER1, PTGER2, PTGER3",prostanoid receptor antagonist,CC(C)Oc1ccc2c(=O)c3cc(C(=O)O)ccc3oc2c1,3059,AQFFXPQJLZFABJ-UHFFFAOYSA-N,CC(C)Oc1ccc2c(=O)c3cc(C(=O)O)ccc3oc2c1,True,True,574
AQGNHMOJWBZFQQ-UHFFFAOYSA-N,CHIR-99021,BRD-K16189898-003-03-3,1,HTS,"CDK1, GSK3A, GSK3B, MAPK1",glycogen synthase kinase inhibitor,Cc1c[nH]c(-c2cnc(NCCNc3ccc(C#N)cn3)nc2-c2ccc(Cl)cc2Cl)n1,3069,AQGNHMOJWBZFQQ-UHFFFAOYSA-N,Cc1c[nH]c(-c2c[nH]c(=NCCN=c3ccc(C#N)c[nH]3)nc2-c2ccc(Cl)cc2Cl)n1,True,True,574
AQHHHDLHHXJYJD-UHFFFAOYSA-N,propranolol,BRD-A10070317-003-28-3,1,HTS,,adrenergic receptor antagonist,CC(C)NCC(O)COc1cccc2ccccc12,3076,AQHHHDLHHXJYJD-UHFFFAOYSA-N,CC(C)NCC(O)COc1cccc2ccccc12,True,True,550
AQIXAKUUQRKLND-UHFFFAOYSA-N,cimetidine,BRD-K34157611-001-16-0,1,HTS,"HRH2, SLC29A4, SLC47A1, SLC47A2",histamine receptor antagonist,CN/C(=N\C#N)NCCSCc1nc[nH]c1C,3089,AQIXAKUUQRKLND-UHFFFAOYSA-N,CN=C(NC#N)NCCSCc1[nH]cnc1C,True,True,563
AQNDDEOPVVGCPG-UHFFFAOYSA-N,esmolol,BRD-A07395371-003-10-0,1,HTS,ADRB1,adrenergic receptor antagonist,COC(=O)CCc1ccc(OCC(O)CNC(C)C)cc1,3116,AQNDDEOPVVGCPG-UHFFFAOYSA-N,COC(=O)CCc1ccc(OCC(O)CNC(C)C)cc1,True,True,569
ARBYGDBJECGMGA-UHFFFAOYSA-N,RU-58841,BRD-K62762455-001-01-3,1,HTS,AR,androgen receptor antagonist,CC1(C)C(=O)N(c2ccc(C#N)c(C(F)(F)F)c2)C(=O)N1CCCCO,3223,ARBYGDBJECGMGA-UHFFFAOYSA-N,CC1(C)C(=O)N(c2ccc(C#N)c(C(F)(F)F)c2)C(=O)N1CCCCO,True,True,563
ARDYECYBETXQFD-UHFFFAOYSA-N,NSC-405020,BRD-A67975844-001-01-8,1,HTS,MMP1,matrix metalloprotease inhibitor,CCCC(C)NC(=O)c1ccc(Cl)c(Cl)c1,3233,ARDYECYBETXQFD-UHFFFAOYSA-N,CCCC(C)NC(=O)c1ccc(Cl)c(Cl)c1,True,True,571
ARFHIAQFJWUCFH-UHFFFAOYSA-N,nifurtimox,BRD-A00100033-001-08-9,1,HTS,,DNA inhibitor,CC1CS(=O)(=O)CCN1N=Cc1ccc([N+](=O)[O-])o1,3244,ARFHIAQFJWUCFH-UHFFFAOYSA-N,CC1CS(=O)(=O)CCN1N=Cc1ccc([N+](=O)[O-])o1,True,True,574
ARYUXFNGXHNNDM-UHFFFAOYSA-N,VU0361737,BRD-K45462423-001-03-7,1,HTS,GRM4,glutamate receptor positive allosteric modulator,COc1cc(NC(=O)c2ccccn2)ccc1Cl,3394,ARYUXFNGXHNNDM-UHFFFAOYSA-N,COc1cc(NC(=O)c2ccccn2)ccc1Cl,True,True,565
ASOADIZOVZTJSR-UHFFFAOYSA-N,opicapone,BRD-K66192203-001-02-2,1,MTS004,COMT,catechol O methyltransferase inhibitor,Cc1c(Cl)c(C)[n+]([O-])c(Cl)c1-c1noc(-c2cc(O)c(O)c([N+](=O)[O-])c2)n1,3518,ASOADIZOVZTJSR-UHFFFAOYSA-N,Cc1c(Cl)c(C)[n+]([O-])c(Cl)c1-c1noc(-c2cc(O)c(O)c([N+](=O)[O-])c2)n1,True,True,548
ASWVTGNCAZCNNR-UHFFFAOYSA-N,sulfamethazine,BRD-K11640013-001-15-8; BRD-K11640013-236-10-1,2,HTS,,PABA antagonist,Cc1cc(C)nc(NS(=O)(=O)c2ccc(N)cc2)n1,3585,ASWVTGNCAZCNNR-UHFFFAOYSA-N,Cc1cc(C)[nH]c(=NS(=O)(=O)c2ccc(N)cc2)n1,True,True,571
ASXGJMSKWNBENU-UHFFFAOYSA-N,8-hydroxy-DPAT,BRD-A48015106-004-08-9,1,HTS,"CDK1, CHEK1, CHEK2, GSK3B, HTR5A, HTR7, LCK, MAPK14, MARK1, PDPK1, PRKCA, PRKCB, PRKCD, PRKCE, PRKCG",serotonin receptor agonist,CCCN(CCC)C1CCc2cccc(O)c2C1,3591,ASXGJMSKWNBENU-UHFFFAOYSA-N,CCCN(CCC)C1CCc2cccc(O)c2C1,True,True,574
ATCGGEJZONJOCL-UHFFFAOYSA-N,irsogladine,BRD-K74195153-050-12-1,1,HTS,PDE4A,phosphodiesterase inhibitor,Nc1nc(N)nc(-c2cc(Cl)ccc2Cl)n1,3635,ATCGGEJZONJOCL-UHFFFAOYSA-N,N=c1nc(-c2cc(Cl)ccc2Cl)[nH]c(=N)[nH]1,True,True,563
ATEFPOUAMCWAQS-UHFFFAOYSA-N,daphnetin,BRD-K61269089-001-05-5,1,HTS,,protein kinase inhibitor,O=c1ccc2ccc(O)c(O)c2o1,3653,ATEFPOUAMCWAQS-UHFFFAOYSA-N,O=c1ccc2ccc(O)c(O)c2o1,True,True,557
ATHGHQPFGPMSJY-UHFFFAOYSA-N,spermidine,BRD-K40438880-305-06-6,1,HTS,"KCNJ4, TXNRD1",glutamate receptor modulator,NCCCCNCCCN,3675,ATHGHQPFGPMSJY-UHFFFAOYSA-N,NCCCCNCCCN,True,True,518
AULLUGALUBVBDD-UHFFFAOYSA-N,UNC0321,BRD-K74236984-001-04-8,1,MTS004,EHMT2,histone lysine methyltransferase inhibitor,COc1cc2c(NC3CCN(C)CC3)nc(N3CCCN(C)CC3)nc2cc1OCCOCCN(C)C,3900,AULLUGALUBVBDD-UHFFFAOYSA-N,COc1cc2c(=NC3CCN(C)CC3)[nH]c(N3CCCN(C)CC3)nc2cc1OCCOCCN(C)C,True,True,547
AUZONCFQVSMFAP-UHFFFAOYSA-N,disulfiram,BRD-K32744045-001-31-2,1,HTS,"ALDH2, DBH","aldehyde dehydrogenase inhibitor, DNA methyltransferase inhibitor, TRPV agonist",CCN(CC)C(=S)SSC(=S)N(CC)CC,3989,AUZONCFQVSMFAP-UHFFFAOYSA-N,CCN(CC)C(=S)SSC(=S)N(CC)CC,True,True,572
AVOLMBLBETYQHX-UHFFFAOYSA-N,etacrynic-acid,BRD-K63630713-001-25-8,1,HTS,"ATP1A1, SLC12A1",sodium/potassium/chloride transporter inhibitor,C=C(CC)C(=O)c1ccc(OCC(=O)O)c(Cl)c1Cl,4091,AVOLMBLBETYQHX-UHFFFAOYSA-N,C=C(CC)C(=O)c1ccc(OCC(=O)O)c(Cl)c1Cl,True,True,569
AVWWVJUMXRXPNF-UHFFFAOYSA-N,bephenium-hydroxynaphthoate,BRD-K47878171-086-06-0,1,HTS,,anthelmintic agent,C[N+](C)(CCOc1ccccc1)Cc1ccccc1,4146,AVWWVJUMXRXPNF-UHFFFAOYSA-N,C[N+](C)(CCOc1ccccc1)Cc1ccccc1,True,True,516
AWOPBSAJHCUSAS-UHFFFAOYSA-N,atglistatin,BRD-K43363084-001-01-3,1,HTS,,adipose triglyceride lipase inhibitor,CN(C)C(=O)Nc1cccc(-c2ccc(N(C)C)cc2)c1,4266,AWOPBSAJHCUSAS-UHFFFAOYSA-N,CN(C)C(=O)Nc1cccc(-c2ccc(N(C)C)cc2)c1,True,True,571
AXISYYRBXTVTFY-UHFFFAOYSA-N,isopropyl-myristate,BRD-K13409143-001-01-9,1,HTS,,,CCCCCCCCCCCCCC(=O)OC(C)C,4382,AXISYYRBXTVTFY-UHFFFAOYSA-N,CCCCCCCCCCCCCC(=O)OC(C)C,True,True,538
AXRCEOKUDYDWLF-UHFFFAOYSA-N,enzastaurin,BRD-K79404599-001-09-3,1,HTS,"AKT1, GSK3B, PRKCA, PRKCB, PRKCD, PRKCG",PKC inhibitor,Cn1cc(C2=C(c3cn(C4CCN(Cc5ccccn5)CC4)c4ccccc34)C(=O)NC2=O)c2ccccc21,4458,AXRCEOKUDYDWLF-UHFFFAOYSA-N,Cn1cc(C2=C(c3cn(C4CCN(Cc5ccccn5)CC4)c4ccccc34)C(=O)NC2=O)c2ccccc21,True,True,574
AXTGDCSMTYGJND-UHFFFAOYSA-N,laurocapram,BRD-K35698076-001-01-2,1,HTS,,,CCCCCCCCCCCCN1CCCCCC1=O,4483,AXTGDCSMTYGJND-UHFFFAOYSA-N,CCCCCCCCCCCCN1CCCCCC1=O,True,True,569
AYDXAULLCROVIT-UHFFFAOYSA-N,indobufen,BRD-A16296925-001-01-3,1,HTS,"PTGS1, PTGS2","cyclooxygenase inhibitor, platelet aggregation inhibitor",CCC(C(=O)O)c1ccc(N2Cc3ccccc3C2=O)cc1,4544,AYDXAULLCROVIT-UHFFFAOYSA-N,CCC(C(=O)O)c1ccc(N2Cc3ccccc3C2=O)cc1,True,True,563
AYJRTVVIBJSSKN-UHFFFAOYSA-N,GSK1292263,BRD-K60341624-001-02-2,1,HTS,GRPR,glucose dependent insulinotropic receptor agonist,CC(C)c1noc(N2CCC(COc3ccc(-c4ccc(S(C)(=O)=O)cc4)nc3)CC2)n1,4589,AYJRTVVIBJSSKN-UHFFFAOYSA-N,CC(C)c1noc(N2CCC(COc3ccc(-c4ccc(S(C)(=O)=O)cc4)nc3)CC2)n1,True,True,572
AYYCFGDXLUPJAQ-UHFFFAOYSA-N,BMY-7378,BRD-K31054881-300-04-7,1,HTS,"ADRA1A, ADRA1B, ADRA1D, HTR1A","adrenergic receptor antagonist, serotonin receptor antagonist",COc1ccccc1N1CCN(CCN2C(=O)CC3(CCCC3)CC2=O)CC1,4700,AYYCFGDXLUPJAQ-UHFFFAOYSA-N,COc1ccccc1N1CCN(CCN2C(=O)CC3(CCCC3)CC2=O)CC1,True,True,571
AZEXWHKOMMASPA-UHFFFAOYSA-N,PF-02545920,BRD-K31519811-001-02-2,1,HTS,PDE10A,phosphodiesterase inhibitor,Cn1cc(-c2ccncc2)c(-c2ccc(OCc3ccc4ccccc4n3)cc2)n1,4743,AZEXWHKOMMASPA-UHFFFAOYSA-N,Cn1cc(-c2ccncc2)c(-c2ccc(OCc3ccc4ccccc4n3)cc2)n1,True,True,565
AZKMWHRDICVYEI-UHFFFAOYSA-N,DS2-(806622),BRD-K09619578-001-01-3,1,HTS,,,O=C(Nc1c(-c2cccs2)nc2ccccn12)c1ccc(Cl)cc1,4784,AZKMWHRDICVYEI-UHFFFAOYSA-N,O=C(Nc1c(-c2cccs2)nc2ccccn12)c1ccc(Cl)cc1,True,True,571
BAAILVWEAXFTSF-UHFFFAOYSA-N,WAY-200070,BRD-K08223200-001-01-1,1,HTS,"ERBB2, ERBB3, ERBB4, ESR2",estrogen receptor agonist,Oc1ccc(-c2nc3cc(O)cc(Br)c3o2)cc1,4904,BAAILVWEAXFTSF-UHFFFAOYSA-N,Oc1ccc(-c2nc3cc(O)cc(Br)c3o2)cc1,True,True,563
BALLNEJQLSTPIO-UHFFFAOYSA-N,fruquintinib,BRD-K70504253-001-01-3,1,MTS004,KDR,VEGFR inhibitor,CNC(=O)c1c(C)oc2cc(Oc3ncnc4cc(OC)c(OC)cc34)ccc12,4974,BALLNEJQLSTPIO-UHFFFAOYSA-N,CNC(=O)c1c(C)oc2cc(Oc3ncnc4cc(OC)c(OC)cc34)ccc12,True,True,548
BAORCAMWLWRZQG-UHFFFAOYSA-N,genz-644282,BRD-K99475619-001-01-2,1,HTS,TOP1,topoisomerase inhibitor,CNCCn1c(=O)c2cc(OC)c(OC)cc2c2cnc3cc4c(cc3c21)OCO4,5001,BAORCAMWLWRZQG-UHFFFAOYSA-N,CNCCn1c(=O)c2cc(OC)c(OC)cc2c2cnc3cc4c(cc3c21)OCO4,True,True,557
BATCTBJIJJEPHM-UHFFFAOYSA-N,PF-04457845,BRD-K86816506-001-01-8,1,HTS,FAAH,FAAH inhibitor,O=C(Nc1cccnn1)N1CCC(=Cc2cccc(Oc3ccc(C(F)(F)F)cn3)c2)CC1,5034,BATCTBJIJJEPHM-UHFFFAOYSA-N,O=C(N=c1cccn[nH]1)N1CCC(=Cc2cccc(Oc3ccc(C(F)(F)F)cn3)c2)CC1,True,True,547
BBDGBGOVJPEFBT-UHFFFAOYSA-N,LDN-212854,BRD-K59831625-001-01-6,1,HTS,"ABL1, ACVR1, RIPK2",bone morphogenic protein inhibitor,c1cc(-c2cnn3cc(-c4ccc(N5CCNCC5)cc4)cnc23)c2cccnc2c1,5107,BBDGBGOVJPEFBT-UHFFFAOYSA-N,c1cc(-c2cnn3cc(-c4ccc(N5CCNCC5)cc4)cnc23)c2cccnc2c1,True,True,574
BBVNTTZIOTWDSV-UHFFFAOYSA-N,PF-5274857,BRD-K40302533-001-02-9,1,HTS,SMO,smoothened receptor antagonist,Cc1cnc(-c2cc(N3CCN(C(=O)CCS(C)(=O)=O)CC3)ncc2Cl)c(C)c1,5248,BBVNTTZIOTWDSV-UHFFFAOYSA-N,Cc1cnc(-c2cc(N3CCN(C(=O)CCS(C)(=O)=O)CC3)ncc2Cl)c(C)c1,True,True,572
BCFGMOOMADDAQU-UHFFFAOYSA-N,lapatinib,BRD-K19687926-379-07-4,1,HTS,"EGFR, ERBB2",EGFR inhibitor,CS(=O)(=O)CCNCc1ccc(-c2ccc3ncnc(Nc4ccc(OCc5cccc(F)c5)c(Cl)c4)c3c2)o1,5316,BCFGMOOMADDAQU-UHFFFAOYSA-N,CS(=O)(=O)CCNCc1ccc(-c2ccc3[nH]cnc(=Nc4ccc(OCc5cccc(F)c5)c(Cl)c4)c3c2)o1,True,True,570
BCGWQEUPMDMJNV-UHFFFAOYSA-N,imipramine,BRD-K38436528-003-26-1,1,HTS,"ADRA1A, ADRA1B, ADRA1D, CHRM1, CHRM2, CHRM3, CHRM4, CHRM5, DRD1, DRD2, DRD5, HRH1, HTR1A, HTR2A, HTR2C, HTR6, HTR7, KCND2, KCND3, KCNH1, KCNH2, SLC6A2, SLC6A3, SLC6A4","norepinephrine reputake inhibitor, serotonin reuptake inhibitor",CN(C)CCCN1c2ccccc2CCc2ccccc21,5332,BCGWQEUPMDMJNV-UHFFFAOYSA-N,CN(C)CCCN1c2ccccc2CCc2ccccc21,True,True,557
BCQZXOMGPXTTIC-UHFFFAOYSA-N,halothane,BRD-A20550616-001-02-9,1,HTS,"ATP2C1, ATP5D, GABRA1, GABRA2, GABRA3, GABRA4, GABRA5, GABRA6, GABRB1, GABRB2, GABRB3, GABRD, GABRE, GABRG1, GABRG2, GABRG3, GABRP, GABRQ, GLRA1, GLRB, GNG2, GRIN2A, GRIN3A, GRIN3B, KCNJ3, KCNJ6, KCNK10, KCNK12, KCNK13, KCNK15, KCNK18, KCNK2, KCNK3, KCNK9, KCNMA1, KCNN4, MT-ND1, NPSR1, RHO",glutamate receptor antagonist,FC(F)(F)C(Cl)Br,5401,BCQZXOMGPXTTIC-UHFFFAOYSA-N,FC(F)(F)C(Cl)Br,True,True,538
BCZUAADEACICHN-UHFFFAOYSA-N,SGX523,BRD-K19477839-001-07-6,1,HTS,MET,hepatocyte growth factor receptor inhibitor,Cn1cc(-c2ccc3nnc(Sc4ccc5ncccc5c4)n3n2)cn1,5470,BCZUAADEACICHN-UHFFFAOYSA-N,Cn1cc(-c2ccc3nnc(Sc4ccc5ncccc5c4)n3n2)cn1,True,True,565
BDJRBEYXGGNYIS-UHFFFAOYSA-N,azelaic-acid,BRD-K08976401-001-18-5,1,HTS,"AKR1D1, SRD5A2, TYR",tyrosinase inhibitor,O=C(O)CCCCCCCC(=O)O,5544,BDJRBEYXGGNYIS-UHFFFAOYSA-N,O=C(O)CCCCCCCC(=O)O,True,True,550
BDUHCSBCVGXTJM-UHFFFAOYSA-N,nutlin-3,BRD-A12230535-001-06-7,1,HTS,"MDM2, TP53",MDM inhibitor,COc1ccc(C2=NC(c3ccc(Cl)cc3)C(c3ccc(Cl)cc3)N2C(=O)N2CCNC(=O)C2)c(OC(C)C)c1,5618,BDUHCSBCVGXTJM-UHFFFAOYSA-N,COc1ccc(C2=NC(c3ccc(Cl)cc3)C(c3ccc(Cl)cc3)N2C(=O)N2CCNC(=O)C2)c(OC(C)C)c1,True,True,550
BERLXWPRSBJFHO-UHFFFAOYSA-N,SD-208,BRD-K24566386-001-01-9,1,HTS,TGFBR1,TGF beta receptor inhibitor,Fc1ccc(Cl)cc1-c1nc(Nc2ccncc2)c2nccnc2n1,5777,BERLXWPRSBJFHO-UHFFFAOYSA-N,Fc1ccc(Cl)cc1-c1nc(=Nc2ccncc2)c2nccnc2[nH]1,True,True,562
BEUQXVWXFDOSAQ-UHFFFAOYSA-N,taselisib,BRD-K44844162-001-01-6,1,HTS,PIK3CA,PI3K inhibitor,Cc1nc(-c2cn3c(n2)-c2ccc(-c4cnn(C(C)(C)C(N)=O)c4)cc2OCC3)n(C(C)C)n1,5794,BEUQXVWXFDOSAQ-UHFFFAOYSA-N,Cc1nc(-c2cn3c(n2)-c2ccc(-c4cnn(C(C)(C)C(N)=O)c4)cc2OCC3)n(C(C)C)n1,True,True,563
BEZZFPOZAYTVHN-UHFFFAOYSA-N,oxfendazole,BRD-A33447119-001-10-8,1,HTS,,anthelmintic agent,COC(=O)Nc1nc2ccc(S(=O)c3ccccc3)cc2[nH]1,5831,BEZZFPOZAYTVHN-UHFFFAOYSA-N,COC(=O)N=c1[nH]c2ccc([S+]([O-])c3ccccc3)cc2[nH]1,True,True,572
BFCDFTHTSVTWOG-UHFFFAOYSA-N,suloctidil,BRD-A34205397-001-04-5,1,HTS,,adrenergic receptor antagonist,CCCCCCCCNC(C)C(O)c1ccc(SC(C)C)cc1,5851,BFCDFTHTSVTWOG-UHFFFAOYSA-N,CCCCCCCCNC(C)C(O)c1ccc(SC(C)C)cc1,True,True,570
BFDBKMOZYNOTPK-UHFFFAOYSA-N,vonoprazan,BRD-K32768103-051-02-6,1,HTS,ATP4A,potassium-competitive acid antagonist,CNCc1cc(-c2ccccc2F)n(S(=O)(=O)c2cccnc2)c1,5857,BFDBKMOZYNOTPK-UHFFFAOYSA-N,CNCc1cc(-c2ccccc2F)n(S(=O)(=O)c2cccnc2)c1,True,True,571
BFPSDSIWYFKGBC-UHFFFAOYSA-N,chlorotrianisene,BRD-K27062708-001-23-1,1,HTS,"ESR1, ESR2",estrogenic hormone,COc1ccc(C(Cl)=C(c2ccc(OC)cc2)c2ccc(OC)cc2)cc1,5945,BFPSDSIWYFKGBC-UHFFFAOYSA-N,COc1ccc(C(Cl)=C(c2ccc(OC)cc2)c2ccc(OC)cc2)cc1,True,True,565
BFSMGDJOXZAERB-UHFFFAOYSA-N,dabrafenib,BRD-K09951645-001-06-8,1,HTS,"BRAF, LIMK1, NEK11, RAF1, SIK1",RAF inhibitor,CC(C)(C)c1nc(-c2cccc(NS(=O)(=O)c3c(F)cccc3F)c2F)c(-c2ccnc(N)n2)s1,5968,BFSMGDJOXZAERB-UHFFFAOYSA-N,CC(C)(C)c1nc(-c2cccc(NS(=O)(=O)c3c(F)cccc3F)c2F)c(-c2cc[nH]c(=N)n2)s1,True,True,550
BFSRTTWIPACGMI-UHFFFAOYSA-N,CNX-2006,BRD-K24869513-001-02-1,1,HTS,EGFR,EGFR inhibitor,C=CC(=O)Nc1cccc(Nc2nc(Nc3ccc(NC4CN(CCF)C4)cc3OC)ncc2C(F)(F)F)c1,5971,BFSRTTWIPACGMI-UHFFFAOYSA-N,C=CC(=O)Nc1cccc(N=c2[nH]c(=Nc3ccc(NC4CN(CCF)C4)cc3OC)[nH]cc2C(F)(F)F)c1,True,True,574
BFUJHVVEMMWLHC-UHFFFAOYSA-N,fipexide,BRD-K37688416-003-13-1,1,HTS,,psychoactive drug,O=C(COc1ccc(Cl)cc1)N1CCN(Cc2ccc3c(c2)OCO3)CC1,5982,BFUJHVVEMMWLHC-UHFFFAOYSA-N,O=C(COc1ccc(Cl)cc1)N1CCN(Cc2ccc3c(c2)OCO3)CC1,True,True,569
BGDKAVGWHJFAGW-UHFFFAOYSA-N,tropicamide,BRD-A79672927-001-20-7,1,HTS,"CHRM1, CHRM2, CHRM3, CHRM4",acetylcholine receptor antagonist,CCN(Cc1ccncc1)C(=O)C(CO)c1ccccc1,6053,BGDKAVGWHJFAGW-UHFFFAOYSA-N,CCN(Cc1ccncc1)C(=O)C(CO)c1ccccc1,True,True,569
BGEBZHIAGXMEMV-UHFFFAOYSA-N,bergapten,BRD-K12968785-001-13-3,1,HTS,,,COc1c2ccoc2cc2oc(=O)ccc12,6063,BGEBZHIAGXMEMV-UHFFFAOYSA-N,COc1c2ccoc2cc2oc(=O)ccc12,True,True,557
BGFHMYJZJZLMHW-UHFFFAOYSA-N,stemregenin-1,BRD-K36739687-001-03-0,1,HTS,AHR,aryl hydrocarbon receptor antagonist,CC(C)n1cnc2c(NCCc3ccc(O)cc3)nc(-c3csc4ccccc34)nc21,6066,BGFHMYJZJZLMHW-UHFFFAOYSA-N,CC(C)n1cnc2c(=NCCc3ccc(O)cc3)[nH]c(-c3csc4ccccc34)nc21,True,True,570
BGLPECHZZQDNCD-UHFFFAOYSA-N,PRT062070,BRD-K25835157-001-01-4,1,HTS,SYK,"JAK inhibitor, syk inhibitor",CCS(=O)(=O)N1CCN(c2ccc(Nc3ncc(C(N)=O)c(NC4CC4)n3)cc2)CC1,6114,BGLPECHZZQDNCD-UHFFFAOYSA-N,CCS(=O)(=O)N1CCN(c2ccc(N=c3[nH]cc(C(N)=O)c(=NC4CC4)[nH]3)cc2)CC1,True,True,571
BGRJTUBHPOOWDU-UHFFFAOYSA-N,sulpiride,BRD-A55272860-001-14-6; BRD-A55272860-001-15-3,2,HTS,,dopamine receptor antagonist,CCN1CCCC1CNC(=O)c1cc(S(N)(=O)=O)ccc1OC,6164,BGRJTUBHPOOWDU-UHFFFAOYSA-N,CCN1CCCC1CNC(=O)c1cc(S(N)(=O)=O)ccc1OC,True,True,577
BHBOSTKQCZEAJM-UHFFFAOYSA-N,JNJ-1661010,BRD-K47376733-001-08-1,1,HTS,FAAH,FAAH inhibitor,O=C(Nc1ccccc1)N1CCN(c2nc(-c3ccccc3)ns2)CC1,6253,BHBOSTKQCZEAJM-UHFFFAOYSA-N,O=C(Nc1ccccc1)N1CCN(c2nc(-c3ccccc3)ns2)CC1,True,True,572
BHLXTPHDSZUFHR-UHFFFAOYSA-N,varespladib,BRD-K09711437-001-04-3,1,HTS,PLA2G2A,secretory phospholipase inhibitor,CCc1c(C(=O)C(N)=O)c2c(OCC(=O)O)cccc2n1Cc1ccccc1,6325,BHLXTPHDSZUFHR-UHFFFAOYSA-N,CCc1c(C(=O)C(N)=O)c2c(OCC(=O)O)cccc2n1Cc1ccccc1,True,True,550
BIUCOFQROHIAEO-UHFFFAOYSA-N,CRT0044876,BRD-K02816415-001-01-9,1,HTS,,,O=C(O)c1cc2cccc([N+](=O)[O-])c2[nH]1,6575,BIUCOFQROHIAEO-UHFFFAOYSA-N,O=C(O)c1cc2cccc([N+](=O)[O-])c2[nH]1,True,True,571
BJCJYEYYYGBROF-UHFFFAOYSA-N,flumatinib,BRD-K68870568-066-01-5,1,HTS,"ABL1, PDGFRB",Bcr-Abl kinase inhibitor,Cc1ncc(NC(=O)c2ccc(CN3CCN(C)CC3)c(C(F)(F)F)c2)cc1Nc1nccc(-c2cccnc2)n1,6622,BJCJYEYYYGBROF-UHFFFAOYSA-N,Cc1ncc(NC(=O)c2ccc(CN3CCN(C)CC3)c(C(F)(F)F)c2)cc1N=c1nc(-c2cccnc2)cc[nH]1,True,True,572
BJHCGMHPEKLROM-UHFFFAOYSA-N,modaline,BRD-K25317177-065-01-4,1,HTS,,,Cc1nccnc1N1CCCCC1,6666,BJHCGMHPEKLROM-UHFFFAOYSA-N,Cc1nccnc1N1CCCCC1,True,True,568
BJSDNVVWJYDOLK-UHFFFAOYSA-N,BML-190,BRD-K94379058-001-06-8,1,HTS,CNR2,cannabinoid receptor inverse agonist,COc1ccc2c(c1)c(CC(=O)N1CCOCC1)c(C)n2C(=O)c1ccc(Cl)cc1,6730,BJSDNVVWJYDOLK-UHFFFAOYSA-N,COc1ccc2c(c1)c(CC(=O)N1CCOCC1)c(C)n2C(=O)c1ccc(Cl)cc1,True,True,563
BKCDJTRMYWSXMC-UHFFFAOYSA-N,A-366,BRD-K06182768-001-02-3,1,MTS004,"EHMT1, EHMT2",histone lysine methyltransferase inhibitor,COc1cc2c(cc1OCCCN1CCCC1)N=C(N)C21CCC1,6799,BKCDJTRMYWSXMC-UHFFFAOYSA-N,COc1cc2c(cc1OCCCN1CCCC1)N=C(N)C21CCC1,True,True,547
BKJIXTWSNXCKJH-UHFFFAOYSA-N,elesclomol,BRD-K82135108-001-04-3,1,HTS,HSPA1A,oxidative stress inducer,CN(NC(=O)CC(=O)NN(C)C(=S)c1ccccc1)C(=S)c1ccccc1,6853,BKJIXTWSNXCKJH-UHFFFAOYSA-N,CN(NC(=O)CC(=O)NN(C)C(=S)c1ccccc1)C(=S)c1ccccc1,True,True,572
BKQFRNYHFIQEKN-UHFFFAOYSA-N,erastin,BRD-A25004090-001-08-4,1,HTS,VDAC2,ion channel antagonist,CCOc1ccccc1-n1c(C(C)N2CCN(C(=O)COc3ccc(Cl)cc3)CC2)nc2ccccc2c1=O,6892,BKQFRNYHFIQEKN-UHFFFAOYSA-N,CCOc1ccccc1-n1c(C(C)N2CCN(C(=O)COc3ccc(Cl)cc3)CC2)nc2ccccc2c1=O,True,True,570
BKWJAKQVGHWELA-UHFFFAOYSA-N,MK-1775,BRD-K54256913-001-08-7,1,HTS,WEE1,WEE1 kinase inhibitor,C=CCn1c(=O)c2cnc(Nc3ccc(N4CCN(C)CC4)cc3)nc2n1-c1cccc(C(C)(C)O)n1,6929,BKWJAKQVGHWELA-UHFFFAOYSA-N,C=CCn1c(=O)c2c[nH]c(=Nc3ccc(N4CCN(C)CC4)cc3)nc2n1-c1cccc(C(C)(C)O)n1,True,True,569
BLFLLBZGZJTVJG-UHFFFAOYSA-N,benzocaine,BRD-K75466013-001-14-4,1,HTS,SCN10A,sodium channel blocker,CCOC(=O)c1ccc(N)cc1,6997,BLFLLBZGZJTVJG-UHFFFAOYSA-N,CCOC(=O)c1ccc(N)cc1,True,True,568
BLPUOQGPBJPXRL-UHFFFAOYSA-N,ilepcimide,BRD-K43873574-001-01-8,1,HTS,,anticonvulsant,O=C(C=Cc1ccc2c(c1)OCO2)N1CCCCC1,7060,BLPUOQGPBJPXRL-UHFFFAOYSA-N,O=C(C=Cc1ccc2c(c1)OCO2)N1CCCCC1,True,True,572
BLXXJMDCKKHMKV-UHFFFAOYSA-N,nabumetone,BRD-K65146499-001-27-9,1,HTS,"PTGS1, PTGS2",cyclooxygenase inhibitor,COc1ccc2cc(CCC(C)=O)ccc2c1,7124,BLXXJMDCKKHMKV-UHFFFAOYSA-N,COc1ccc2cc(CCC(C)=O)ccc2c1,True,True,540
BMMXYEBLEBULND-UHFFFAOYSA-N,BGT226,BRD-K29415052-050-04-8,1,HTS,"MTOR, PIK3CA, PIK3CB, PIK3CG",PI3K inhibitor,COc1ccc(-c2ccc3ncc4c(c3c2)n(-c2ccc(N3CCNCC3)c(C(F)(F)F)c2)c(=O)n4C)cn1,7221,BMMXYEBLEBULND-UHFFFAOYSA-N,COc1ccc(-c2ccc3ncc4c(c3c2)n(-c2ccc(N3CCNCC3)c(C(F)(F)F)c2)c(=O)n4C)cn1,True,True,574
BMOVQUBVGICXQN-UHFFFAOYSA-N,clinofibrate,BRD-A90625545-001-02-0,1,HTS,LPL,lipase clearing factor inhibitor,CCC(C)(Oc1ccc(C2(c3ccc(OC(C)(CC)C(=O)O)cc3)CCCCC2)cc1)C(=O)O,7235,BMOVQUBVGICXQN-UHFFFAOYSA-N,CCC(C)(Oc1ccc(C2(c3ccc(OC(C)(CC)C(=O)O)cc3)CCCCC2)cc1)C(=O)O,True,True,571
BMPDWHIDQYTSHX-UHFFFAOYSA-N,licarbazepine,BRD-A22642447-001-01-9,1,HTS,SCN5A,voltage-gated sodium channel blocker,NC(=O)N1c2ccccc2CC(O)c2ccccc21,7237,BMPDWHIDQYTSHX-UHFFFAOYSA-N,NC(=O)N1c2ccccc2CC(O)c2ccccc21,True,True,565
BMUACLADCKCNKZ-UHFFFAOYSA-N,IKK-2-inhibitor,BRD-K26373640-001-05-1,1,HTS,IKBKB,"IKK inhibitor, SYK inhibitor",NC(=O)c1sc(-c2ccsc2)cc1N,7265,BMUACLADCKCNKZ-UHFFFAOYSA-N,NC(=O)c1sc(-c2ccsc2)cc1N,True,True,574
BNFRJXLZYUTIII-UHFFFAOYSA-N,efaproxiral,BRD-K37355418-236-01-6,1,HTS,"HBA1, HBB",haemoglobin oxygen release stimulant,Cc1cc(C)cc(NC(=O)Cc2ccc(OC(C)(C)C(=O)O)cc2)c1,7344,BNFRJXLZYUTIII-UHFFFAOYSA-N,Cc1cc(C)cc(NC(=O)Cc2ccc(OC(C)(C)C(=O)O)cc2)c1,True,True,557
BNQSTAOJRULKNX-UHFFFAOYSA-N,hexamethylenebisacetamide,BRD-K04710043-001-17-8,1,MTS004,AKT1,"AKT inhibitor, differentiation inducer, NFKB pathway inhibitor",CC(=O)NCCCCCCNC(C)=O,7426,BNQSTAOJRULKNX-UHFFFAOYSA-N,CC(=O)NCCCCCCNC(C)=O,True,True,548
BNRNXUUZRGQAQC-UHFFFAOYSA-N,sildenafil,BRD-K79759585-048-04-8,1,HTS,"PDE5A, PDE6G, PDE6H, SLCO1B1, SLCO1B3",phosphodiesterase inhibitor,CCCc1nn(C)c2c(=O)[nH]c(-c3cc(S(=O)(=O)N4CCN(C)CC4)ccc3OCC)nc12,7436,BNRNXUUZRGQAQC-UHFFFAOYSA-N,CCCc1nn(C)c2c(=O)[nH]c(-c3cc(S(=O)(=O)N4CCN(C)CC4)ccc3OCC)nc12,True,True,562
BOFQWVMAQOTZIW-UHFFFAOYSA-N,deferasirox,BRD-K97010173-001-04-1,1,HTS,CYP3A4,chelating agent,O=C(O)c1ccc(-n2nc(-c3ccccc3O)nc2-c2ccccc2O)cc1,7538,BOFQWVMAQOTZIW-UHFFFAOYSA-N,O=C(O)c1ccc(-n2nc(-c3ccccc3O)nc2-c2ccccc2O)cc1,True,True,573
BOVGTQGAOIONJV-UHFFFAOYSA-N,gliclazide,BRD-A61154809-001-15-9,1,HTS,"ABCC8, VEGFA","ATP channel blocker, insulin secretagogue",Cc1ccc(S(=O)(=O)NC(=O)NN2CC3CCCC3C2)cc1,7629,BOVGTQGAOIONJV-UHFFFAOYSA-N,Cc1ccc(S(=O)(=O)NC(=O)NN2CC3CCCC3C2)cc1,True,True,574
BPBPYQWMFCTCNG-UHFFFAOYSA-N,PX-12,BRD-A56592690-001-04-3,1,HTS,"TXN, TXNRD1",thioredoxin inhibitor,CCC(C)SSc1ncc[nH]1,7668,BPBPYQWMFCTCNG-UHFFFAOYSA-N,CCC(C)SSc1ncc[nH]1,True,True,574
BPEGJWRSRHCHSN-UHFFFAOYSA-N,temozolomide,BRD-K32107296-001-16-9,1,HTS,MGMT,DNA alkylating agent,Cn1nnc2c(C(N)=O)ncn2c1=O,7691,BPEGJWRSRHCHSN-UHFFFAOYSA-N,Cn1nnc2c(C(N)=O)ncn2c1=O,True,True,565
BPFYOAJNDMUVBL-UHFFFAOYSA-N,marbofloxacin,BRD-K71926323-001-13-8; BRD-K71926323-001-14-6,2,HTS,,bacterial DNA gyrase inhibitor,CN1CCN(c2c(F)cc3c(=O)c(C(=O)O)cn4c3c2OCN4C)CC1,7705,BPFYOAJNDMUVBL-UHFFFAOYSA-N,CN1CCN(c2c(F)cc3c(=O)c(C(=O)O)cn4c3c2OCN4C)CC1,True,True,576
BPICBUSOMSTKRF-UHFFFAOYSA-N,xylazine,BRD-K21565985-001-22-5,1,HTS,"ADRA2A, ADRA2B, ADRA2C",adrenergic receptor agonist,Cc1cccc(C)c1NC1=NCCCS1,7722,BPICBUSOMSTKRF-UHFFFAOYSA-N,Cc1cccc(C)c1N=C1NCCCS1,True,True,570
BPPGPYJBCVXILI-UHFFFAOYSA-N,EMD-386088,BRD-K47659338-003-02-8,1,HTS,HTR6,serotonin receptor agonist,Cc1[nH]c2ccc(Cl)cc2c1C1=CCNCC1,7772,BPPGPYJBCVXILI-UHFFFAOYSA-N,Cc1[nH]c2ccc(Cl)cc2c1C1=CCNCC1,True,True,565
BPQMGSKTAYIVFO-UHFFFAOYSA-N,vismodegib,BRD-K44827188-001-06-0,1,HTS,SMO,"hedgehog pathway inhibitor, smoothened receptor antagonist",CS(=O)(=O)c1ccc(C(=O)Nc2ccc(Cl)c(-c3ccccn3)c2)c(Cl)c1,7785,BPQMGSKTAYIVFO-UHFFFAOYSA-N,CS(=O)(=O)c1ccc(C(=O)Nc2ccc(Cl)c(-c3ccccn3)c2)c(Cl)c1,True,True,569
BQIPXWYNLPYNHW-UHFFFAOYSA-N,metipranolol,BRD-A99388803-001-01-5,1,HTS,"ADRB1, ADRB2",adrenergic receptor antagonist,CC(=O)Oc1c(C)cc(OCC(O)CNC(C)C)c(C)c1C,7914,BQIPXWYNLPYNHW-UHFFFAOYSA-N,CC(=O)Oc1c(C)cc(OCC(O)CNC(C)C)c(C)c1C,True,True,557
BQLDGDMKDYAGNE-UHFFFAOYSA-N,LFM-A13,BRD-A30655177-001-14-0,1,HTS,BTK,Bruton's tyrosine kinase (BTK) inhibitor,CC(=O)C(C#N)C(=O)Nc1cc(Br)ccc1Br,7932,BQLDGDMKDYAGNE-UHFFFAOYSA-N,CC(=O)C(C#N)C(=O)Nc1cc(Br)ccc1Br,True,True,565
BQSJTQLCZDPROO-UHFFFAOYSA-N,febuxostat,BRD-K48367671-001-05-9,1,HTS,XDH,xanthine oxidase inhibitor,Cc1nc(-c2ccc(OCC(C)C)c(C#N)c2)sc1C(=O)O,7982,BQSJTQLCZDPROO-UHFFFAOYSA-N,Cc1nc(-c2ccc(OCC(C)C)c(C#N)c2)sc1C(=O)O,True,True,563
BQXQGZPYHWWCEB-UHFFFAOYSA-N,carazolol,BRD-A50675490-001-01-0,1,MTS004,"ADRB1, ADRB2, ADRB3",adrenergic receptor antagonist,CC(C)NCC(O)COc1cccc2[nH]c3ccccc3c12,8022,BQXQGZPYHWWCEB-UHFFFAOYSA-N,CC(C)NCC(O)COc1cccc2[nH]c3ccccc3c12,True,True,548
BRBKOPJOKNSWSG-UHFFFAOYSA-N,sulfaguanidine,BRD-K45086103-001-15-5; BRD-K45086103-001-16-3,2,HTS,,bacterial antifolate,N=C(N)NS(=O)(=O)c1ccc(N)cc1,8050,BRBKOPJOKNSWSG-UHFFFAOYSA-N,N=C(N)NS(=O)(=O)c1ccc(N)cc1,True,True,575
BRZANEXCSZCZCI-UHFFFAOYSA-N,nifenazone,BRD-K47407372-001-17-1,1,HTS,,analgesic agent,Cc1c(NC(=O)c2cccnc2)c(=O)n(-c2ccccc2)n1C,8216,BRZANEXCSZCZCI-UHFFFAOYSA-N,Cc1c(NC(=O)c2cccnc2)c(=O)n(-c2ccccc2)n1C,True,True,569
BSHWLCACYCVCJE-UHFFFAOYSA-N,eprazinone,BRD-A72212290-300-01-4,1,HTS,,mucolytic agent,CCOC(CN1CCN(CC(C)C(=O)c2ccccc2)CC1)c1ccccc1,8269,BSHWLCACYCVCJE-UHFFFAOYSA-N,CCOC(CN1CCN(CC(C)C(=O)c2ccccc2)CC1)c1ccccc1,True,True,557
BSMNRYCSBFHEMQ-UHFFFAOYSA-N,amitifadine,BRD-A68942014-003-01-7,1,HTS,"SLC6A2, SLC6A3, SLC6A4",serotonin transporter (SERT) inhibitor,Clc1ccc(C23CNCC2C3)cc1Cl,8290,BSMNRYCSBFHEMQ-UHFFFAOYSA-N,Clc1ccc(C23CNCC2C3)cc1Cl,True,True,572
BSYNRYMUTXBXSQ-UHFFFAOYSA-N,aspirin,BRD-K11433652-001-17-0,1,HTS,"AKR1C1, ASIC3, EDNRA, HSPA5, IKBKB, NFKB1, NFKB2, NFKBIA, PRKAA1, PRKAA2, PRKAB1, PRKAB2, PRKAG1, PRKAG2, PRKAG3, PTGS1, PTGS2, RPS6KA3, TP53",cyclooxygenase inhibitor,CC(=O)Oc1ccccc1C(=O)O,8373,BSYNRYMUTXBXSQ-UHFFFAOYSA-N,CC(=O)Oc1ccccc1C(=O)O,True,True,550
BTCSSZJGUNDROE-UHFFFAOYSA-N,gamma-aminobutyric-acid,BRD-K77245796-003-01-6,1,HTS,"GABBR1, GABBR2, GABRA1, GABRA2, GABRA3, GABRA5, GABRB2, GABRG2, GATM, KCTD12, KCTD16, KCTD8, SLC6A1",benzodiazepine receptor agonist,NCCCC(=O)O,8410,BTCSSZJGUNDROE-UHFFFAOYSA-N,NCCCC(=O)O,True,True,557
BTFHLQRNAMSNLC-UHFFFAOYSA-N,clorgiline,BRD-K73251053-003-22-2,1,HTS,MAOA,monoamine oxidase inhibitor,C#CCN(C)CCCOc1ccc(Cl)cc1Cl,8425,BTFHLQRNAMSNLC-UHFFFAOYSA-N,C#CCN(C)CCCOc1ccc(Cl)cc1Cl,True,True,570
BTFMCMVEUCGQDX-UHFFFAOYSA-N,piperacetazine,BRD-K16277217-001-10-9,1,HTS,,dopamine receptor antagonist,CC(=O)c1ccc2c(c1)N(CCCN1CCC(CCO)CC1)c1ccccc1S2,8426,BTFMCMVEUCGQDX-UHFFFAOYSA-N,CC(=O)c1ccc2c(c1)N(CCCN1CCC(CCO)CC1)c1ccccc1S2,True,True,541
BTGNGJJLZOIYID-UHFFFAOYSA-N,sivelestat,BRD-K02152879-414-02-1,1,MTS004,"CELA1, ELANE",elastase inhibitor,CC(C)(C)C(=O)Oc1ccc(S(=O)(=O)Nc2ccccc2C(=O)NCC(=O)O)cc1,8429,BTGNGJJLZOIYID-UHFFFAOYSA-N,CC(C)(C)C(=O)Oc1ccc(S(=O)(=O)Nc2ccccc2C(=O)NCC(=O)O)cc1,True,True,547
BUGYDGFZZOZRHP-UHFFFAOYSA-N,memantine,BRD-A79803969-003-16-1,1,HTS,"CHRFAM7A, DRD2, GRIN1, GRIN2A, GRIN2B, GRIN3A, HTR3A",glutamate receptor antagonist,CC12CC3CC(C)(C1)CC(N)(C3)C2,8638,BUGYDGFZZOZRHP-UHFFFAOYSA-N,CC12CC3CC(C)(C1)CC(N)(C3)C2,True,True,565
BUJAGSGYPOAWEI-UHFFFAOYSA-N,tocainide,BRD-A92670106-003-05-4,1,HTS,SCN5A,sodium channel blocker,Cc1cccc(C)c1NC(=O)C(C)N,8648,BUJAGSGYPOAWEI-UHFFFAOYSA-N,Cc1cccc(C)c1NC(=O)C(C)N,True,True,570
BUZAJRPLUGXRAB-UHFFFAOYSA-N,AM-251,BRD-K92000912-001-12-6,1,HTS,"CNR1, GPR18, GPR55",cannabinoid receptor antagonist,Cc1c(C(=O)NN2CCCCC2)nn(-c2ccc(Cl)cc2Cl)c1-c1ccc(I)cc1,8756,BUZAJRPLUGXRAB-UHFFFAOYSA-N,Cc1c(C(=O)NN2CCCCC2)nn(-c2ccc(Cl)cc2Cl)c1-c1ccc(I)cc1,True,True,569
BVJSXSQRIUSRCO-UHFFFAOYSA-N,tenovin-6,BRD-K13949769-001-01-7,1,HTS,"SIRT1, SIRT2, SIRT3",SIRT inhibitor,CN(C)CCCCC(=O)Nc1ccc(NC(=S)NC(=O)c2ccc(C(C)(C)C)cc2)cc1,8829,BVJSXSQRIUSRCO-UHFFFAOYSA-N,CN(C)CCCCC(=O)Nc1ccc(NC(=S)NC(=O)c2ccc(C(C)(C)C)cc2)cc1,True,True,574
BVPWJMCABCPUQY-UHFFFAOYSA-N,clebopride,BRD-K17294426-050-12-3,1,HTS,"ACHE, DRD2",dopamine receptor antagonist,COc1cc(N)c(Cl)cc1C(=O)NC1CCN(Cc2ccccc2)CC1,8867,BVPWJMCABCPUQY-UHFFFAOYSA-N,COc1cc(N)c(Cl)cc1C(=O)NC1CCN(Cc2ccccc2)CC1,True,True,574
BVRDQVRQVGRNHG-UHFFFAOYSA-N,compound-401,BRD-K19655798-001-01-9,1,HTS,"MTOR, PRKDC",DNA dependent protein kinase inhibitor,O=c1cc(N2CCOCC2)nc2c3ccccc3ccn12,8880,BVRDQVRQVGRNHG-UHFFFAOYSA-N,O=c1cc(N2CCOCC2)nc2c3ccccc3ccn12,True,True,563
BWPIARFWQZKAIA-UHFFFAOYSA-N,protriptyline,BRD-K42098891-003-20-5,1,HTS,"SLC6A2, SLC6A4",tricyclic antidepressant,CNCCCC1c2ccccc2C=Cc2ccccc21,9067,BWPIARFWQZKAIA-UHFFFAOYSA-N,CNCCCC1c2ccccc2C=Cc2ccccc21,True,True,557
BWZJBXAPRCVCKQ-UHFFFAOYSA-N,IKK-16,BRD-K14618467-001-04-6,1,HTS,IKBKB,IKK inhibitor,O=C(c1ccc(Nc2nccc(-c3cc4ccccc4s3)n2)cc1)N1CCC(N2CCCC2)CC1,9124,BWZJBXAPRCVCKQ-UHFFFAOYSA-N,O=C(c1ccc(N=c2nc(-c3cc4ccccc4s3)cc[nH]2)cc1)N1CCC(N2CCCC2)CC1,True,True,574
BWZNJVZTAWBIFG-UHFFFAOYSA-N,Y-320,BRD-K96259238-001-01-4,1,HTS,IL17A,interleukin inhibitor,Cc1c(C(=O)Nc2ccc(N3CCC(N4CCOCC4)CC3)c(C#N)c2)cnn1-c1ccc(Cl)cc1,9125,BWZNJVZTAWBIFG-UHFFFAOYSA-N,Cc1c(C(=O)Nc2ccc(N3CCC(N4CCOCC4)CC3)c(C#N)c2)cnn1-c1ccc(Cl)cc1,True,True,571
BXBNADAPIHHXJQ-UHFFFAOYSA-N,CX-516,BRD-K25140590-001-03-0,1,HTS,,glutamate receptor modulator,O=C(c1ccc2c(c1)OCO2)N1CCCCC1,9140,BXBNADAPIHHXJQ-UHFFFAOYSA-N,O=C(c1ccc2c(c1)OCO2)N1CCCCC1,True,True,571
BXNMTOQRYBFHNZ-UHFFFAOYSA-N,resiquimod,BRD-K76210423-001-01-6,1,HTS,"TLR7, TLR8",toll-like receptor agonist,CCOCc1nc2c(N)nc3ccccc3c2n1CC(C)(C)O,9227,BXNMTOQRYBFHNZ-UHFFFAOYSA-N,CCOCc1nc2c(=N)[nH]c3ccccc3c2n1CC(C)(C)O,True,True,557
BXWNKGSJHAJOGX-UHFFFAOYSA-N,1-hexadecanol,BRD-K37203094-001-02-5,1,HTS,,,CCCCCCCCCCCCCCCCO,9292,BXWNKGSJHAJOGX-UHFFFAOYSA-N,CCCCCCCCCCCCCCCCO,True,True,538
BYBLEWFAAKGYCD-UHFFFAOYSA-N,miconazole,BRD-A82396632-008-29-0,1,HTS,"KCNH2, KCNH6, KCNH7, KCNMA1, KCNMB1, KCNMB2, KCNMB3, KCNMB4, KCNN1, KCNN2, KCNN3, KCNN4, NOS2, NOS3, TRPM2, TRPV5",bacterial cell wall synthesis inhibitor,Clc1ccc(COC(Cn2ccnc2)c2ccc(Cl)cc2Cl)c(Cl)c1,9327,BYBLEWFAAKGYCD-UHFFFAOYSA-N,Clc1ccc(COC(Cn2ccnc2)c2ccc(Cl)cc2Cl)c(Cl)c1,True,True,550
BYFMCKSPFYVMOU-UHFFFAOYSA-N,bendazac,BRD-K19515365-001-02-6,1,MTS004,"PTGS1, PTGS2",cyclooxygenase inhibitor,O=C(O)COc1nn(Cc2ccccc2)c2ccccc12,9356,BYFMCKSPFYVMOU-UHFFFAOYSA-N,O=C(O)COc1nn(Cc2ccccc2)c2ccccc12,True,True,547
BYJAVTDNIXVSPW-UHFFFAOYSA-N,tetrahydrozoline,BRD-A28856712-003-26-0,1,HTS,,adrenergic receptor agonist,c1ccc2c(c1)CCCC2C1=NCCN1,9383,BYJAVTDNIXVSPW-UHFFFAOYSA-N,c1ccc2c(c1)CCCC2C1=NCCN1,True,True,569
BYUKOOOZTSTOOH-UHFFFAOYSA-N,dimesna,BRD-K30126819-304-02-7,1,HTS,,tubulin polymerization inhibitor,O=S(=O)(O)CCSSCCS(=O)(=O)O,9458,BYUKOOOZTSTOOH-UHFFFAOYSA-N,O=S(=O)(O)CCSSCCS(=O)(=O)O,True,True,571
BYWWNRBKPCPJMG-UHFFFAOYSA-N,PHT-427,BRD-K59745944-001-02-0,1,HTS,"AKT2, PDPK1","AKT inhibitor, pyruvate dehydrogenase inhibitor",CCCCCCCCCCCCc1ccc(S(=O)(=O)Nc2nncs2)cc1,9474,BYWWNRBKPCPJMG-UHFFFAOYSA-N,CCCCCCCCCCCCc1ccc(S(=O)(=O)N=c2[nH]ncs2)cc1,True,True,565
BZEWSEKUUPWQDQ-UHFFFAOYSA-N,dyclonine,BRD-K72259270-003-25-6,1,MTS004,"SCN10A, SCN5A",sodium channel blocker,CCCCOc1ccc(C(=O)CCN2CCCCC2)cc1,9540,BZEWSEKUUPWQDQ-UHFFFAOYSA-N,CCCCOc1ccc(C(=O)CCN2CCCCC2)cc1,True,True,548
BZKPWHYZMXOIDC-UHFFFAOYSA-N,acetazolamide,BRD-K43457670-001-27-8,1,HTS,"AQP1, CA1, CA12, CA14, CA2, CA3, CA4, CA7",carbonic anhydrase inhibitor,CC(=O)Nc1nnc(S(N)(=O)=O)s1,9584,BZKPWHYZMXOIDC-UHFFFAOYSA-N,CC(=O)N=c1[nH]nc(S(N)(=O)=O)s1,True,True,507
CAHKINHBCWCHCF-UHFFFAOYSA-N,N-acetyl-tyrosine,BRD-A24857382-001-03-4,1,MTS004,,,CC(=O)NC(Cc1ccc(O)cc1)C(=O)O,9738,CAHKINHBCWCHCF-UHFFFAOYSA-N,CC(=O)NC(Cc1ccc(O)cc1)C(=O)O,True,True,547
CAJIGINSTLKQMM-UHFFFAOYSA-N,propoxycaine,BRD-K18250272-003-11-0,1,HTS,,local anesthetic,CCCOc1cc(N)ccc1C(=O)OCCN(CC)CC,9745,CAJIGINSTLKQMM-UHFFFAOYSA-N,CCCOc1cc(N)ccc1C(=O)OCCN(CC)CC,True,True,550
CANZROMYQDHYHR-UHFFFAOYSA-N,oxotremorine-m,BRD-K01942991-005-08-2,1,HTS,"CHRM1, CHRM2, CHRM3, CHRM4",acetylcholine receptor agonist,C[N+](C)(C)CC#CCN1CCCC1=O,9782,CANZROMYQDHYHR-UHFFFAOYSA-N,C[N+](C)(C)CC#CCN1CCCC1=O,True,True,565
CAOSCCRYLYQBES-UHFFFAOYSA-N,IOX2,BRD-K98251413-001-04-0,1,HTS,"EGLN1, KDM2A, KDM5C",hypoxia inducible factor inhibitor,O=C(O)CNC(=O)c1c(O)c2ccccc2n(Cc2ccccc2)c1=O,9789,CAOSCCRYLYQBES-UHFFFAOYSA-N,O=C(O)CNC(=O)c1c(O)c2ccccc2n(Cc2ccccc2)c1=O,True,True,574
CBIAKDAYHRWZCU-UHFFFAOYSA-N,WHI-P154,BRD-K07487750-001-03-3,1,HTS,"EGFR, JAK1, JAK2, JAK3",JAK inhibitor,COc1cc2ncnc(Nc3ccc(O)c(Br)c3)c2cc1OC,9926,CBIAKDAYHRWZCU-UHFFFAOYSA-N,COc1cc2[nH]cnc(=Nc3ccc(O)c(Br)c3)c2cc1OC,True,True,570
CBOQJANXLMLOSS-UHFFFAOYSA-N,ethyl-vanillin,BRD-K82104468-001-05-0,1,HTS,,,CCOc1cc(C=O)ccc1O,9963,CBOQJANXLMLOSS-UHFFFAOYSA-N,CCOc1cc(C=O)ccc1O,True,True,574
CCAWRGNYALGPQH-UHFFFAOYSA-N,AGI-6780,BRD-K04691817-001-01-8,1,HTS,IDH2,isocitrate dehydrogenase inhibitor,O=C(Nc1cccc(C(F)(F)F)c1)Nc1cc(S(=O)(=O)NC2CC2)ccc1-c1ccsc1,10040,CCAWRGNYALGPQH-UHFFFAOYSA-N,O=C(Nc1cccc(C(F)(F)F)c1)Nc1cc(S(=O)(=O)NC2CC2)ccc1-c1ccsc1,True,True,569
CDJNNOJINJAXPV-UHFFFAOYSA-N,BAY-87-2243,BRD-K70463136-001-01-5,1,HTS,HIF1A,hypoxia inducible factor inhibitor,Cc1cc(-c2nc(-c3ccc(OC(F)(F)F)cc3)no2)nn1Cc1ccnc(N2CCN(C3CC3)CC2)c1,10288,CDJNNOJINJAXPV-UHFFFAOYSA-N,Cc1cc(-c2nc(-c3ccc(OC(F)(F)F)cc3)no2)nn1Cc1ccnc(N2CCN(C3CC3)CC2)c1,True,True,572
CDMGBJANTYXAIV-UHFFFAOYSA-N,SB-203580,BRD-A37704979-001-10-7,1,HTS,"AKT1, ALOX5, CHEK1, CYP2D6, CYP3A4, GAK, GSK3B, LCK, MAPK1, MAPK10, MAPK11, MAPK12, MAPK14, MAPK8, MAPK9, PRKCA, RAF1, RIPK2, ROCK1, RPS6KB1, SGK1, SRC, TNF",p38 MAPK inhibitor,CS(=O)c1ccc(-c2nc(-c3ccc(F)cc3)c(-c3ccncc3)[nH]2)cc1,10310,CDMGBJANTYXAIV-UHFFFAOYSA-N,C[S+]([O-])c1ccc(-c2nc(-c3ccc(F)cc3)c(-c3ccncc3)[nH]2)cc1,True,True,569
CDOOFZZILLRUQH-UHFFFAOYSA-N,GDC-0834,BRD-A30984645-001-01-5,1,HTS,BTK,Bruton's tyrosine kinase (BTK) inhibitor,Cc1c(NC(=O)c2cc3c(s2)CCCC3)cccc1-c1cn(C)c(=O)c(Nc2ccc(C3C(=O)N(C)CCN3C)cc2)n1,10328,CDOOFZZILLRUQH-UHFFFAOYSA-N,Cc1c(NC(=O)c2cc3c(s2)CCCC3)cccc1-c1cn(C)c(=O)c(=Nc2ccc(C3C(=O)N(C)CCN3C)cc2)[nH]1,True,True,564
CDOSHBSSFJOMGT-UHFFFAOYSA-N,linalool,BRD-A43082461-001-06-3,1,HTS,,anticonvulsant,C=CC(C)(O)CCC=C(C)C,10330,CDOSHBSSFJOMGT-UHFFFAOYSA-N,C=CC(C)(O)CCC=C(C)C,True,True,538
CEGSUKYESLWKJP-UHFFFAOYSA-N,serdemetan,BRD-K65924316-001-03-1,1,HTS,MDM2,MDM inhibitor,c1ccc2c(CCNc3ccc(Nc4ccncc4)cc3)c[nH]c2c1,10471,CEGSUKYESLWKJP-UHFFFAOYSA-N,c1ccc2c(CCNc3ccc(N=c4cc[nH]cc4)cc3)c[nH]c2c1,True,True,565
CEIIEALEIHQDBX-UHFFFAOYSA-N,PNU-120596,BRD-K71731651-001-04-3,1,HTS,CHRNA7,acetylcholine receptor agonist,COc1cc(OC)c(NC(=O)Nc2cc(C)on2)cc1Cl,10478,CEIIEALEIHQDBX-UHFFFAOYSA-N,COc1cc(OC)c(NC(=O)N=c2cc(C)o[nH]2)cc1Cl,True,True,557
CEMAWMOMDPGJMB-UHFFFAOYSA-N,oxprenolol,BRD-A43671941-003-11-9,1,HTS,"ADRB1, ADRB2",adrenergic receptor antagonist,C=CCOc1ccccc1OCC(O)CNC(C)C,10502,CEMAWMOMDPGJMB-UHFFFAOYSA-N,C=CCOc1ccccc1OCC(O)CNC(C)C,True,True,570
CESYKOGBSMNBPD-UHFFFAOYSA-N,methyclothiazide,BRD-A95340155-001-09-7,1,HTS,"CA1, CA2, CA4, SLC12A1, SLC12A3",chloride reabsorption inhibitor,CN1C(CCl)Nc2cc(Cl)c(S(N)(=O)=O)cc2S1(=O)=O,10548,CESYKOGBSMNBPD-UHFFFAOYSA-N,CN1C(CCl)Nc2cc(Cl)c(S(N)(=O)=O)cc2S1(=O)=O,True,True,574
CEUORZQYGODEFX-UHFFFAOYSA-N,aripiprazole,BRD-K70358946-001-15-7,1,HTS,"ADRA1A, ADRA1B, ADRA2A, ADRA2B, ADRA2C, CHRM1, CHRM2, CHRM3, CHRM4, CHRM5, DRD1, DRD2, DRD3, DRD4, DRD5, HRH1, HTR1A, HTR1B, HTR1D, HTR1E, HTR2A, HTR2C, HTR3A, HTR6, HTR7","serotonin receptor agonist, serotonin receptor antagonist",O=C1CCc2ccc(OCCCCN3CCN(c4cccc(Cl)c4Cl)CC3)cc2N1,10559,CEUORZQYGODEFX-UHFFFAOYSA-N,O=C1CCc2ccc(OCCCCN3CCN(c4cccc(Cl)c4Cl)CC3)cc2N1,True,True,572
CFBUZOUXXHZCFB-UHFFFAOYSA-N,cilomilast,BRD-K38473998-001-02-0,1,HTS,"PDE4A, PDE4B, PDE4D",phosphodiesterase inhibitor,COc1ccc(C2(C#N)CCC(C(=O)O)CC2)cc1OC1CCCC1,10604,CFBUZOUXXHZCFB-UHFFFAOYSA-N,COc1ccc(C2(C#N)CCC(C(=O)O)CC2)cc1OC1CCCC1,True,True,557
CFJMRBQWBDQYMK-UHFFFAOYSA-N,carbetapentane,BRD-K06181161-048-15-1,1,HTS,CHRM2,acetylcholine receptor antagonist,CCN(CC)CCOCCOC(=O)C1(c2ccccc2)CCCC1,10679,CFJMRBQWBDQYMK-UHFFFAOYSA-N,CCN(CC)CCOCCOC(=O)C1(c2ccccc2)CCCC1,True,True,570
CFKMVGJGLGKFKI-UHFFFAOYSA-N,chlorocresol,BRD-K89056082-001-07-7,1,HTS,,ryanodine receptor activator,Cc1cc(O)ccc1Cl,10687,CFKMVGJGLGKFKI-UHFFFAOYSA-N,Cc1cc(O)ccc1Cl,True,True,569
CFOYWRHIYXMDOT-UHFFFAOYSA-N,carbimazole,BRD-K87156652-001-12-7,1,HTS,TPO,antithyroid agent,CCOC(=O)n1ccn(C)c1=S,10719,CFOYWRHIYXMDOT-UHFFFAOYSA-N,CCOC(=O)n1ccn(C)c1=S,True,True,557
CGBJSGAELGCMKE-UHFFFAOYSA-N,GSK2126458,BRD-K07972848-001-02-0,1,HTS,"MTOR, PIK3CA, PIK3CB, PIK3CD, PIK3CG","mTOR inhibitor, PI3K inhibitor",COc1ncc(-c2ccc3nccc(-c4ccnnc4)c3c2)cc1NS(=O)(=O)c1ccc(F)cc1F,10804,CGBJSGAELGCMKE-UHFFFAOYSA-N,COc1ncc(-c2ccc3nccc(-c4ccnnc4)c3c2)cc1NS(=O)(=O)c1ccc(F)cc1F,True,True,570
CGIGDMFJXJATDK-UHFFFAOYSA-N,indomethacin,BRD-K57222227-001-30-1,1,HTS,"GLO1, PLA2G2A, PPARA, PPARG, PTGDR2, PTGR2, PTGS1, PTGS2, SLC46A1",cyclooxygenase inhibitor,COc1ccc2c(c1)c(CC(=O)O)c(C)n2C(=O)c1ccc(Cl)cc1,10858,CGIGDMFJXJATDK-UHFFFAOYSA-N,COc1ccc2c(c1)c(CC(=O)O)c(C)n2C(=O)c1ccc(Cl)cc1,True,True,572
CGNMLOKEMNBUAI-UHFFFAOYSA-N,adrafinil,BRD-A90926615-001-01-9,1,HTS,,adrenergic receptor agonist,O=C(CS(=O)C(c1ccccc1)c1ccccc1)NO,10890,CGNMLOKEMNBUAI-UHFFFAOYSA-N,[O-][S+](CC(O)=NO)C(c1ccccc1)c1ccccc1,True,True,571
CHILCFMQWMQVAL-UHFFFAOYSA-N,IKK-2-inhibitor-V,BRD-K74305673-001-06-2,1,HTS,IKBKB,"IKK inhibitor, NFkB pathway inhibitor",O=C(Nc1cc(C(F)(F)F)cc(C(F)(F)F)c1)c1cc(Cl)ccc1O,11045,CHILCFMQWMQVAL-UHFFFAOYSA-N,O=C(Nc1cc(C(F)(F)F)cc(C(F)(F)F)c1)c1cc(Cl)ccc1O,True,True,563
CIKWKGFPFXJVGW-UHFFFAOYSA-N,ethacridine-lactate-monohydrate,BRD-K24715592-406-02-1,1,HTS,,DNA intercalating agent,CCOc1ccc2nc3cc(N)ccc3c(N)c2c1,11237,CIKWKGFPFXJVGW-UHFFFAOYSA-N,CCOc1ccc2[nH]c3cc(N)ccc3c(=N)c2c1,True,True,538
CITWCLNVRIKQAF-UHFFFAOYSA-N,capadenoson,BRD-K97025174-001-01-4,1,HTS,ADORA1,adenosine receptor agonist,N#Cc1c(N)nc(SCc2csc(-c3ccc(Cl)cc3)n2)c(C#N)c1-c1ccc(OCCO)cc1,11276,CITWCLNVRIKQAF-UHFFFAOYSA-N,N#Cc1c(SCc2csc(-c3ccc(Cl)cc3)n2)[nH]c(=N)c(C#N)c1-c1ccc(OCCO)cc1,True,True,571
CJLMANFTWLNAKC-UHFFFAOYSA-N,K02288,BRD-K58568447-001-01-1,1,HTS,BMP1,bone morphogenic protein inhibitor,COc1cc(-c2cc(-c3cccc(O)c3)cnc2N)cc(OC)c1OC,11414,CJLMANFTWLNAKC-UHFFFAOYSA-N,COc1cc(-c2cc(-c3cccc(O)c3)c[nH]c2=N)cc(OC)c1OC,True,True,571
CJXAEXPPLWQRFR-UHFFFAOYSA-N,clemizole,BRD-K04704168-003-14-3,1,HTS,,HCV inhibitor,Clc1ccc(Cn2c(CN3CCCC3)nc3ccccc32)cc1,11502,CJXAEXPPLWQRFR-UHFFFAOYSA-N,Clc1ccc(Cn2c(CN3CCCC3)nc3ccccc32)cc1,True,True,569
CKLGZXFOLMHCMC-UHFFFAOYSA-N,VU0238429,BRD-K24187789-001-01-7,1,HTS,CHRM5,acetylcholine receptor allosteric modulator,COc1ccc(CN2C(=O)C(=O)c3cc(OC(F)(F)F)ccc32)cc1,11601,CKLGZXFOLMHCMC-UHFFFAOYSA-N,COc1ccc(CN2C(=O)C(=O)c3cc(OC(F)(F)F)ccc32)cc1,True,True,571
CKNAQFVBEHDJQV-UHFFFAOYSA-N,oltipraz,BRD-K86972824-001-01-4; BRD-K86972824-001-02-2,2,HTS,ANG,"nuclear factor erythroid derived, like (NRF2) activator",Cc1c(-c2cnccn2)ssc1=S,11615,CKNAQFVBEHDJQV-UHFFFAOYSA-N,Cc1c(-c2cnccn2)ssc1=S,True,True,575
CLOMYZFHNHFSIQ-UHFFFAOYSA-N,clonixin-lysinate,BRD-M63173034-001-03-6,1,MTS004,,cyclooxygenase inhibitor,Cc1c(Cl)cccc1Nc1ncccc1C(=O)O,11808,CLOMYZFHNHFSIQ-UHFFFAOYSA-N,Cc1c(Cl)cccc1N=c1[nH]cccc1C(=O)O,True,True,547
CLPFFLWZZBQMAO-UHFFFAOYSA-N,fadrozole,BRD-A25619068-003-03-4,1,HTS,"CYP11B1, CYP19A1",aromatase inhibitor,N#Cc1ccc(C2CCCc3cncn32)cc1,11809,CLPFFLWZZBQMAO-UHFFFAOYSA-N,N#Cc1ccc(C2CCCc3cncn32)cc1,True,True,574
CMHHMUWAYWTMGS-UHFFFAOYSA-N,oxybuprocaine,BRD-K04185004-003-11-9,1,HTS,SCN10A,local anesthetic,CCCCOc1cc(C(=O)OCCN(CC)CC)ccc1N,11955,CMHHMUWAYWTMGS-UHFFFAOYSA-N,CCCCOc1cc(C(=O)OCCN(CC)CC)ccc1N,True,True,569
CMJCXYNUCSMDBY-UHFFFAOYSA-N,LGX818,BRD-A56085258-001-01-8,1,HTS,BRAF,RAF inhibitor,COC(=O)NC(C)CNc1nccc(-c2cn(C(C)C)nc2-c2cc(Cl)cc(NS(C)(=O)=O)c2F)n1,11970,CMJCXYNUCSMDBY-UHFFFAOYSA-N,COC(=O)NC(C)CN=c1nc(-c2cn(C(C)C)nc2-c2cc(Cl)cc(NS(C)(=O)=O)c2F)cc[nH]1,True,True,572
CMSMOCZEIVJLDB-UHFFFAOYSA-N,cyclophosphamide,BRD-A09722536-002-18-0,1,HTS,"CYP2A6, CYP2B6, CYP2C18, CYP2C19, CYP2C8, CYP2C9, CYP2D6, CYP3A4, CYP3A5, CYP3A7",DNA alkylating agent,O=P1(N(CCCl)CCCl)NCCCO1,12036,CMSMOCZEIVJLDB-UHFFFAOYSA-N,O=P1(N(CCCl)CCCl)NCCCO1,True,True,569
CNBGNNVCVSKAQZ-UHFFFAOYSA-N,benzydamine,BRD-K28542495-003-13-5,1,HTS,,prostanoid receptor antagonist,CN(C)CCCOc1nn(Cc2ccccc2)c2ccccc12,12110,CNBGNNVCVSKAQZ-UHFFFAOYSA-N,CN(C)CCCOc1nn(Cc2ccccc2)c2ccccc12,True,True,557
CNIIGCLFLJGOGP-UHFFFAOYSA-N,naphazoline,BRD-K77641333-003-27-1,1,HTS,"ADRA1A, ADRA2A",adrenergic receptor agonist,c1ccc2c(CC3=NCCN3)cccc2c1,12156,CNIIGCLFLJGOGP-UHFFFAOYSA-N,c1ccc2c(CC3=NCCN3)cccc2c1,True,True,574
COVZYZSDYWQREU-UHFFFAOYSA-N,busulfan,BRD-K23204545-001-16-4,1,HTS,,DNA inhibitor,CS(=O)(=O)OCCCCOS(C)(=O)=O,12431,COVZYZSDYWQREU-UHFFFAOYSA-N,CS(=O)(=O)OCCCCOS(C)(=O)=O,True,True,565
CPEUVMUXAHMANV-UHFFFAOYSA-N,flubendazole,BRD-K86003836-001-10-5,1,HTS,TUBB,tubulin polymerization inhibitor,COC(=O)Nc1nc2cc(C(=O)c3ccc(F)cc3)ccc2[nH]1,12479,CPEUVMUXAHMANV-UHFFFAOYSA-N,COC(=O)N=c1[nH]c2ccc(C(=O)c3ccc(F)cc3)cc2[nH]1,True,True,570
CPJSUEIXXCENMM-UHFFFAOYSA-N,phenacetin,BRD-K38323065-001-19-9,1,HTS,PTGS1,cyclooxygenase inhibitor,CCOc1ccc(NC(C)=O)cc1,12526,CPJSUEIXXCENMM-UHFFFAOYSA-N,CCOc1ccc(NC(C)=O)cc1,True,True,569
CPRAGQJXBLMUEL-UHFFFAOYSA-N,TGX-221,BRD-A41692738-001-07-6,1,HTS,"PIK3CB, PIK3CD",PI3K inhibitor,Cc1cc(C(C)Nc2ccccc2)c2nc(N3CCOCC3)cc(=O)n2c1,12573,CPRAGQJXBLMUEL-UHFFFAOYSA-N,Cc1cc(C(C)Nc2ccccc2)c2nc(N3CCOCC3)cc(=O)n2c1,True,True,565
CQERVFFAOOUFEQ-UHFFFAOYSA-N,UNC669,BRD-K21906513-001-04-0,1,HTS,L3MBTL1,L3MBTL antagonist,O=C(c1cncc(Br)c1)N1CCC(N2CCCC2)CC1,12670,CQERVFFAOOUFEQ-UHFFFAOYSA-N,O=C(c1cncc(Br)c1)N1CCC(N2CCCC2)CC1,True,True,538
CQRYARSYNCAZFO-UHFFFAOYSA-N,salicyl-alcohol,BRD-K08493205-001-04-9,1,HTS,,,OCc1ccccc1O,12752,CQRYARSYNCAZFO-UHFFFAOYSA-N,OCc1ccccc1O,True,True,569
CQVJTTOZTTVVBK-UHFFFAOYSA-N,EMD-66684,BRD-K88759641-003-02-8,1,HTS,AGTR1,angiotensin receptor antagonist,CCCCc1nc2ccn(CC(=O)N(C)C)c(=O)c2n1Cc1ccc(-c2ccccc2-c2nnn[nH]2)cc1,12783,CQVJTTOZTTVVBK-UHFFFAOYSA-N,CCCCc1nc2ccn(CC(=O)N(C)C)c(=O)c2n1Cc1ccc(-c2ccccc2-c2nn[nH]n2)cc1,True,True,565
CQXADFVORZEARL-UHFFFAOYSA-N,rilmenidine,BRD-K01638814-011-01-4,1,MTS004,ADRA2A,"adrenergic receptor agonist, imidazoline receptor agonist",C1COC(NC(C2CC2)C2CC2)=N1,12792,CQXADFVORZEARL-UHFFFAOYSA-N,C1COC(=NC(C2CC2)C2CC2)N1,True,True,547
CSGAUKGQUCHWDP-UHFFFAOYSA-N,tempol,BRD-K95053546-001-01-9; BRD-K95053546-001-02-7; BRD-K95053546-001-03-5,3,HTS,,free radical scavenger,CC1(C)CC(O)CC(C)(C)N1O,13004,CSGAUKGQUCHWDP-UHFFFAOYSA-N,CC1(C)CC(O)CC(C)(C)N1O,True,True,577
CSHZYWUPJWVTMQ-UHFFFAOYSA-N,rucinol,BRD-K61036791-001-01-6,1,HTS,TYR,tyrosinase inhibitor,CCCCc1ccc(O)cc1O,13018,CSHZYWUPJWVTMQ-UHFFFAOYSA-N,CCCCc1ccc(O)cc1O,True,True,572
CTESJDQKVOEUOY-UHFFFAOYSA-N,A-769662,BRD-K41918892-001-05-9,1,HTS,,AMPK activator,N#Cc1c(O)c2c(-c3ccc(-c4ccccc4O)cc3)csc2[nH]c1=O,13144,CTESJDQKVOEUOY-UHFFFAOYSA-N,N#Cc1c(O)[nH]c2scc(-c3ccc(-c4ccccc4O)cc3)c2c1=O,True,True,570
CTQMJYWDVABFRZ-UHFFFAOYSA-N,cloxyquin,BRD-K46982791-001-09-4,1,HTS,KCNK18,potassium channel activator,Oc1ccc(Cl)c2cccnc12,13219,CTQMJYWDVABFRZ-UHFFFAOYSA-N,Oc1ccc(Cl)c2cccnc12,True,True,569
CTRLABGOLIVAIY-UHFFFAOYSA-N,oxcarbazepine,BRD-K04196797-001-24-4,1,HTS,"SCN10A, SCN11A, SCN1A, SCN2A, SCN3A, SCN4A, SCN5A, SCN7A, SCN8A, SCN9A",sodium channel blocker,NC(=O)N1c2ccccc2CC(=O)c2ccccc21,13228,CTRLABGOLIVAIY-UHFFFAOYSA-N,NC(=O)N1c2ccccc2CC(=O)c2ccccc21,True,True,570
CUDVHEFYRIWYQD-UHFFFAOYSA-N,lucitanib,BRD-K31309378-001-01-5,1,HTS,"FGFR1, FLT1, KDR, KIT, PDGFRA, PDGFRB, RET","FGFR inhibitor, VEGFR inhibitor",CNC(=O)c1cccc2cc(Oc3ccnc4cc(OCC5(N)CC5)c(OC)cc34)ccc12,13306,CUDVHEFYRIWYQD-UHFFFAOYSA-N,CNC(=O)c1cccc2cc(Oc3ccnc4cc(OCC5(N)CC5)c(OC)cc34)ccc12,True,True,563
CUHVIMMYOGQXCV-UHFFFAOYSA-N,medetomidine,BRD-A21607826-003-05-1,1,HTS,"ADRA1A, ADRA1B, ADRA1D, ADRA2A, ADRA2B, ADRA2C",adrenergic receptor agonist,Cc1cccc(C(C)c2c[nH]cn2)c1C,13332,CUHVIMMYOGQXCV-UHFFFAOYSA-N,Cc1cccc(C(C)c2c[nH]cn2)c1C,True,True,565
CUIHSIWYWATEQL-UHFFFAOYSA-N,pazopanib,BRD-K74514084-001-03-9,1,HTS,"CSF1R, FGF1, FGFR1, FGFR3, FLT1, FLT4, ITK, KDR, KIT, PDGFRA, PDGFRB, SH2B3","KIT inhibitor, PDGFR tyrosine kinase receptor inhibitor, VEGFR inhibitor",Cc1ccc(Nc2nccc(N(C)c3ccc4c(C)n(C)nc4c3)n2)cc1S(N)(=O)=O,13336,CUIHSIWYWATEQL-UHFFFAOYSA-N,Cc1ccc(N=c2nc(N(C)c3ccc4c(C)n(C)nc4c3)cc[nH]2)cc1S(N)(=O)=O,True,True,557
CULUWZNBISUWAS-UHFFFAOYSA-N,benznidazole,BRD-K56156805-001-09-6,1,HTS,,DNA synthesis inhibitor,O=C(Cn1ccnc1[N+](=O)[O-])NCc1ccccc1,13372,CULUWZNBISUWAS-UHFFFAOYSA-N,O=C(Cn1ccnc1[N+](=O)[O-])NCc1ccccc1,True,True,557
CUQCMXFWIMOWRP-UHFFFAOYSA-N,1-phenylbiguanide,BRD-K31491153-003-05-9,1,HTS,"HTR3A, HTR3B",serotonin receptor agonist,N=C(N)NC(=N)Nc1ccccc1,13406,CUQCMXFWIMOWRP-UHFFFAOYSA-N,N=C(N)N=C(N)Nc1ccccc1,True,True,571
CURUTKGFNZGFSE-UHFFFAOYSA-N,dicycloverine,BRD-K68507560-003-24-6,1,HTS,"CHRM1, CHRM2, CHRM3",acetylcholine receptor antagonist,CCN(CC)CCOC(=O)C1(C2CCCCC2)CCCCC1,13416,CURUTKGFNZGFSE-UHFFFAOYSA-N,CCN(CC)CCOC(=O)C1(C2CCCCC2)CCCCC1,True,True,564
CVHGCWVMTZWGAY-UHFFFAOYSA-N,fomocaine,BRD-K44942188-001-09-1,1,HTS,,voltage-gated sodium channel modulator,c1ccc(OCc2ccc(CCCN3CCOCC3)cc2)cc1,13535,CVHGCWVMTZWGAY-UHFFFAOYSA-N,c1ccc(OCc2ccc(CCCN3CCOCC3)cc2)cc1,True,True,563
CVHZOJJKTDOEJC-UHFFFAOYSA-N,saccharin,BRD-K46493214-001-06-7,1,HTS,"CA1, CA12, CA2, CA9",DNA polymerase inhibitor,O=C1NS(=O)(=O)c2ccccc21,13539,CVHZOJJKTDOEJC-UHFFFAOYSA-N,O=C1NS(=O)(=O)c2ccccc21,True,True,570
CVSVTCORWBXHQV-UHFFFAOYSA-N,creatine,BRD-K19615002-001-02-3,1,HTS,"CKB, CKM, CKMT1A, CKMT2, GAMT, SLC6A8",,CN(CC(=O)O)C(=N)N,13619,CVSVTCORWBXHQV-UHFFFAOYSA-N,CN(CC(=O)O)C(=N)N,True,True,569
CVWXJKQAOSCOAB-UHFFFAOYSA-N,quizartinib,BRD-K93918653-001-08-9,1,HTS,"CSF1R, FLT3, KIT, PDGFRA, PDGFRB, RET",FLT3 inhibitor,CC(C)(C)c1cc(NC(=O)Nc2ccc(-c3cn4c(n3)sc3cc(OCCN5CCOCC5)ccc34)cc2)no1,13649,CVWXJKQAOSCOAB-UHFFFAOYSA-N,CC(C)(C)c1cc(=NC(=O)Nc2ccc(-c3cn4c(n3)sc3cc(OCCN5CCOCC5)ccc34)cc2)[nH]o1,True,True,571
CWHUFRVAEUJCEF-UHFFFAOYSA-N,buparlisib,BRD-K42191735-001-05-3,1,HTS,"PIK3CA, PIK3CG",PI3K inhibitor,Nc1cc(C(F)(F)F)c(-c2cc(N3CCOCC3)nc(N3CCOCC3)n2)cn1,13736,CWHUFRVAEUJCEF-UHFFFAOYSA-N,N=c1cc(C(F)(F)F)c(-c2cc(N3CCOCC3)nc(N3CCOCC3)n2)c[nH]1,True,True,574
CWJNMKKMGIAGDK-UHFFFAOYSA-N,amtolmetin-guacil,BRD-K70924353-001-01-2,1,HTS,"PTGS1, PTGS2",cyclooxygenase inhibitor,COc1ccccc1OC(=O)CNC(=O)Cc1ccc(C(=O)c2ccc(C)cc2)n1C,13753,CWJNMKKMGIAGDK-UHFFFAOYSA-N,COc1ccccc1OC(=O)CNC(=O)Cc1ccc(C(=O)c2ccc(C)cc2)n1C,True,True,572
CWRVKFFCRWGWCS-UHFFFAOYSA-N,pentylenetetrazol,BRD-K57718010-001-11-9,1,HTS,,GABA receptor antagonist,C1CCc2nnnn2CC1,13816,CWRVKFFCRWGWCS-UHFFFAOYSA-N,C1CCc2nnnn2CC1,True,True,574
CWXYHOHYCJXYFQ-UHFFFAOYSA-N,betamipron,BRD-K82142815-001-19-1,1,HTS,,panipenem uptake inhibitor,O=C(O)CCNC(=O)c1ccccc1,13848,CWXYHOHYCJXYFQ-UHFFFAOYSA-N,O=C(O)CCNC(=O)c1ccccc1,True,True,570
CXOFVDLJLONNDW-UHFFFAOYSA-N,phenytoin,BRD-K55930204-236-24-3,1,HTS,"SCN10A, SCN11A, SCN1A, SCN2A, SCN3A, SCN4A, SCN5A, SCN7A, SCN8A, SCN9A",hydantoin antiepileptic,O=C1NC(=O)C(c2ccccc2)(c2ccccc2)N1,13956,CXOFVDLJLONNDW-UHFFFAOYSA-N,O=C1NC(=O)C(c2ccccc2)(c2ccccc2)N1,True,True,574
CXQHYVUVSFXTMY-UHFFFAOYSA-N,foretinib,BRD-K03449891-001-08-6,1,HTS,"FLT1, FLT4, KDR, MET",VEGFR inhibitor,COc1cc2c(Oc3ccc(NC(=O)C4(C(=O)Nc5ccc(F)cc5)CC4)cc3F)ccnc2cc1OCCCN1CCOCC1,13969,CXQHYVUVSFXTMY-UHFFFAOYSA-N,COc1cc2c(Oc3ccc(NC(=O)C4(C(=O)Nc5ccc(F)cc5)CC4)cc3F)ccnc2cc1OCCCN1CCOCC1,True,True,565
CXUCKELNYMZTRT-UHFFFAOYSA-N,1-EBIO,BRD-K70586315-001-02-4,1,HTS,"KCNN1, KCNN2, KCNN3, KCNN4",potassium channel activator,CCn1c(=O)[nH]c2ccccc21,13992,CXUCKELNYMZTRT-UHFFFAOYSA-N,CCn1c(=O)[nH]c2ccccc21,True,True,569
CXVGEDCSTKKODG-UHFFFAOYSA-N,sulisobenzone,BRD-K38602774-001-03-2,1,HTS,,,COc1cc(O)c(C(=O)c2ccccc2)cc1S(=O)(=O)O,13999,CXVGEDCSTKKODG-UHFFFAOYSA-N,COc1cc(O)c(C(=O)c2ccccc2)cc1S(=O)(=O)O,True,True,569
CYOHGALHFOKKQC-UHFFFAOYSA-N,selumetinib,BRD-K57080016-001-15-9,1,HTS,MAP2K1,MEK inhibitor,Cn1cnc2c(F)c(Nc3ccc(Br)cc3Cl)c(C(=O)NOCCO)cc21,14157,CYOHGALHFOKKQC-UHFFFAOYSA-N,Cn1cnc2c(F)c(Nc3ccc(Br)cc3Cl)c(C(=O)NOCCO)cc21,True,True,574
CZFFBEXEKNGXKS-UHFFFAOYSA-N,raltegravir,BRD-K05658747-001-02-9,1,HTS,,HIV integrase inhibitor,Cc1nnc(C(=O)NC(C)(C)c2nc(C(=O)NCc3ccc(F)cc3)c(O)c(=O)n2C)o1,14282,CZFFBEXEKNGXKS-UHFFFAOYSA-N,Cc1nnc(C(=O)NC(C)(C)c2nc(C(=O)NCc3ccc(F)cc3)c(O)c(=O)n2C)o1,True,True,565
CZKPOZZJODAYPZ-UHFFFAOYSA-N,eptifibatide,BRD-A90547603-001-02-5,1,HTS,"ITGA2B, ITGB3",platelet aggregation inhibitor,N=C(N)NCCCCC1NC(=O)CCSSCC(C(N)=O)NC(=O)C2CCCN2C(=O)C(Cc2c[nH]c3ccccc23)NC(=O)C(CC(=O)O)NC(=O)CNC1=O,14323,CZKPOZZJODAYPZ-UHFFFAOYSA-N,N=C(N)NCCCCC1NC(=O)CCSSCC(C(N)=O)NC(=O)C2CCCN2C(=O)C(Cc2c[nH]c3ccccc23)NC(=O)C(CC(=O)O)NC(=O)CNC1=O,True,True,571
CZQHHVNHHHRRDU-UHFFFAOYSA-N,LY294002,BRD-K27305650-001-16-6,1,HTS,"AKT1, CHEK1, GSK3B, LCK, MAPK1, MAPK11, MAPK12, MAPK14, MAPK8, MTOR, PIK3CA, PIK3CB, PIK3CD, PIK3CG, PLK1, PRKCA, PRKDC, ROCK1, RPS6KB1, SGK1","mTOR inhibitor, PI3K inhibitor, DNA dependent protein kinase inhibitor, phosphodiesterase inhibitor, PLK inhibitor",O=c1cc(N2CCOCC2)oc2c(-c3ccccc3)cccc12,14382,CZQHHVNHHHRRDU-UHFFFAOYSA-N,O=c1cc(N2CCOCC2)oc2c(-c3ccccc3)cccc12,True,True,565
CZRCFAOMWRAFIC-UHFFFAOYSA-N,KD-023,BRD-K71164191-001-01-0,1,HTS,"ACACA, ACACB",ACAT inhibitor,CCCCCCCCCCCCCCOc1ccc(C(=O)O)o1,14392,CZRCFAOMWRAFIC-UHFFFAOYSA-N,CCCCCCCCCCCCCCOc1ccc(C(=O)O)o1,True,True,565
DAFOCGYVTAOKAJ-UHFFFAOYSA-N,fenigam,BRD-A66920069-001-01-3,1,HTS,"GABBR1, GABBR2",benzodiazepine receptor agonist,NCC(CC(=O)O)c1ccccc1,14492,DAFOCGYVTAOKAJ-UHFFFAOYSA-N,NCC(CC(=O)O)c1ccccc1,True,True,574
DALCQQSLNPLQFZ-UHFFFAOYSA-N,T-5224,BRD-K84925803-001-01-9,1,HTS,JUN,AP inhibitor,O=C(O)CCc1cc(C(=O)c2ccc(OC3CCCC3)cc2O)ccc1OCc1ccc2c(O)noc2c1,14537,DALCQQSLNPLQFZ-UHFFFAOYSA-N,O=C(O)CCc1cc(C(=O)c2ccc(OC3CCCC3)cc2O)ccc1OCc1ccc2c(=O)[nH]oc2c1,True,True,557
DATAGRPVKZEWHA-UHFFFAOYSA-N,L-Theanine,BRD-A08715367-001-01-7,1,HTS,,glutamate receptor antagonist,CCNC(=O)CCC(N)C(=O)O,14598,DATAGRPVKZEWHA-UHFFFAOYSA-N,CCNC(=O)CCC(N)C(=O)O,True,True,565
DBABZHXKTCFAPX-UHFFFAOYSA-N,probenecid,BRD-K95237249-001-26-5,1,HTS,"PANX1, SLC22A11, SLC22A6, SLC22A8, SLCO1C1",uricosuric blocker,CCCN(CCC)S(=O)(=O)c1ccc(C(=O)O)cc1,14636,DBABZHXKTCFAPX-UHFFFAOYSA-N,CCCN(CCC)S(=O)(=O)c1ccc(C(=O)O)cc1,True,True,572
DCOPUUMXTXDBNB-UHFFFAOYSA-N,diclofenac,BRD-K08252256-236-33-8,1,HTS,"AKR1C3, ALOX5, ASIC1, ASIC3, KCNQ2, KCNQ3, PLA2G2A, PPARG, PTGS1, PTGS2, SCN4A",cyclooxygenase inhibitor,O=C(O)Cc1ccccc1Nc1c(Cl)cccc1Cl,14927,DCOPUUMXTXDBNB-UHFFFAOYSA-N,O=C(O)Cc1ccccc1Nc1c(Cl)cccc1Cl,True,True,550
DCSUBABJRXZOMT-UHFFFAOYSA-N,cisapride,BRD-A12896037-001-04-3,1,HTS,"HTR2A, HTR3A, HTR4, KCNH2",serotonin receptor agonist,COc1cc(N)c(Cl)cc1C(=O)NC1CCN(CCCOc2ccc(F)cc2)CC1OC,14952,DCSUBABJRXZOMT-UHFFFAOYSA-N,COc1cc(N)c(Cl)cc1C(=O)NC1CCN(CCCOc2ccc(F)cc2)CC1OC,True,True,550
DEEOXSOLTLIWMG-UHFFFAOYSA-N,CP-673451,BRD-K43621685-001-02-5,1,HTS,"KIT, PDGFRA, PDGFRB",PDGFR tyrosine kinase receptor inhibitor,COCCOc1ccc2c(c1)ncn2-c1ccc2cccc(N3CCC(N)CC3)c2n1,15196,DEEOXSOLTLIWMG-UHFFFAOYSA-N,COCCOc1ccc2c(c1)ncn2-c1ccc2cccc(N3CCC(N)CC3)c2n1,True,True,569
DEFBCZWQLILOJF-UHFFFAOYSA-N,NSC-23766,BRD-A80213327-305-08-3,1,HTS,,Ras GTPase inhibitor,CCN(CC)CCCC(C)Nc1nc(C)cc(Nc2ccc3nc(C)cc(N)c3c2)n1,15200,DEFBCZWQLILOJF-UHFFFAOYSA-N,CCN(CC)CCCC(C)N=c1[nH]c(C)cc(=Nc2ccc3[nH]c(C)cc(=N)c3c2)[nH]1,True,True,569
DFEYYRMXOJXZRJ-UHFFFAOYSA-N,sevoflurane,BRD-K05638300-001-01-2,1,HTS,"ATP2C1, ATP5D, GABRA1, GABRA2, GABRA3, GABRA4, GABRA5, GABRA6, GABRB1, GABRB2, GABRB3, GABRD, GABRE, GABRG1, GABRG2, GABRG3, GABRP, GABRQ, GLRA1, GLRB, GRIA1, KCNA1, KCNK10, KCNK18, KCNK2, KCNK3, KCNK9, MT-ND1",membrane integrity inhibitor,FCOC(C(F)(F)F)C(F)(F)F,15391,DFEYYRMXOJXZRJ-UHFFFAOYSA-N,FCOC(C(F)(F)F)C(F)(F)F,True,True,538
DFJSJLGUIXFDJP-UHFFFAOYSA-N,AZD8931,BRD-K98572433-001-02-9,1,HTS,"EGFR, ERBB2, ERBB3",EGFR inhibitor,CNC(=O)CN1CCC(Oc2cc3c(Nc4cccc(Cl)c4F)ncnc3cc2OC)CC1,15429,DFJSJLGUIXFDJP-UHFFFAOYSA-N,CNC(=O)CN1CCC(Oc2cc3c(=Nc4cccc(Cl)c4F)[nH]cnc3cc2OC)CC1,True,True,572
DFOVLSMXPWPCFH-UHFFFAOYSA-N,ML161,BRD-K59036917-001-16-7,1,HTS,,protease-activated receptor inhibitor,CCCC(=O)Nc1cccc(NC(=O)c2ccccc2Br)c1,15467,DFOVLSMXPWPCFH-UHFFFAOYSA-N,CCCC(=O)Nc1cccc(NC(=O)c2ccccc2Br)c1,True,True,574
DFPAKSUCGFBDDF-UHFFFAOYSA-N,nicotinamide,BRD-K28912512-001-23-2,1,HTS,"BST1, LDHA, PARP1, SIRT5",protein synthesis stimulant,NC(=O)c1cccnc1,15470,DFPAKSUCGFBDDF-UHFFFAOYSA-N,NC(=O)c1cccnc1,True,True,564
DFQGDHBGRSTTHX-UHFFFAOYSA-N,GSK2190915,BRD-K15691453-236-01-6,1,MTS004,ALOX5AP,lipoxygenase inhibitor,CCOc1ccc(-c2ccc(Cn3c(CC(C)(C)C(=O)O)c(SC(C)(C)C)c4cc(OCc5ccc(C)cn5)ccc43)cc2)cn1,15478,DFQGDHBGRSTTHX-UHFFFAOYSA-N,CCOc1ccc(-c2ccc(Cn3c(CC(C)(C)C(=O)O)c(SC(C)(C)C)c4cc(OCc5ccc(C)cn5)ccc43)cc2)cn1,True,True,547
DFYRUELUNQRZTB-UHFFFAOYSA-N,apocynin,BRD-K64990520-001-08-4,1,HTS,NOX4,NADPH oxidase inhibitor,COc1cc(C(C)=O)ccc1O,15533,DFYRUELUNQRZTB-UHFFFAOYSA-N,COc1cc(C(C)=O)ccc1O,True,True,565
DGENZVKCTGIDRZ-UHFFFAOYSA-N,GW-9508,BRD-K71534238-001-10-0,1,HTS,"FFAR1, FFAR4","free fatty acid receptor agonist, G protein-coupled receptor agonist",O=C(O)CCc1ccc(NCc2cccc(Oc3ccccc3)c2)cc1,15579,DGENZVKCTGIDRZ-UHFFFAOYSA-N,O=C(O)CCc1ccc(NCc2cccc(Oc3ccccc3)c2)cc1,True,True,571
DGMKFQYCZXERLX-UHFFFAOYSA-N,proglumide,BRD-A44863528-001-13-2,1,HTS,"CCKAR, CCKBR",CCK receptor antagonist,CCCN(CCC)C(=O)C(CCC(=O)O)NC(=O)c1ccccc1,15645,DGMKFQYCZXERLX-UHFFFAOYSA-N,CCCN(CCC)C(=O)C(CCC(=O)O)NC(=O)c1ccccc1,True,True,563
DGPGXHRHNRYVDH-UHFFFAOYSA-N,API-001,BRD-K26325692-003-01-3,1,HTS,SIGMAR1,sigma receptor antagonist,Cc1cc(OCCN2CCOCC2)nn1-c1ccc2ccccc2c1,15664,DGPGXHRHNRYVDH-UHFFFAOYSA-N,Cc1cc(OCCN2CCOCC2)nn1-c1ccc2ccccc2c1,True,True,565
DGWXOLHKVGDQLN-UHFFFAOYSA-N,NU6027,BRD-K03294269-001-08-0,1,HTS,"CCNA2, CDK2",CDK inhibitor,Nc1nc(N)c([N+][O-])c(OCC2CCCCC2)n1,15719,DGWXOLHKVGDQLN-UHFFFAOYSA-N,N=c1[nH]c(OCC2CCCCC2)c(N=O)c(=N)[nH]1,True,True,574
DHMQDGOQFOQNFH-UHFFFAOYSA-N,AZD4282,BRD-K72369578-001-04-1,1,HTS,"AGXT, AGXT2, ALAS1, ALAS2, BAAT, GARS, GATM, GCAT, GCSH, GLDC, GLRA1, GLRA2, GLRA3, GLRB, GLYAT, GLYATL1, GLYATL2, GNMT, GPR18, GPRC6A, GRIN1, GRIN2A, GRIN2B, GRIN2C, GRIN2D, GRIN3B, GSS, PIPOX, SHMT1, SHMT2, SLC32A1, SLC36A1, SLC6A5, SLC6A9",glutamate receptor antagonist,NCC(=O)O,15811,DHMQDGOQFOQNFH-UHFFFAOYSA-N,NCC(=O)O,True,True,538
DIIYLGZNZGPXRR-UHFFFAOYSA-N,FK-3311,BRD-K38350380-001-01-8,1,HTS,PTGS2,cyclooxygenase inhibitor,CC(=O)c1ccc(NS(C)(=O)=O)c(Oc2ccc(F)cc2F)c1,15962,DIIYLGZNZGPXRR-UHFFFAOYSA-N,CC(=O)c1ccc(NS(C)(=O)=O)c(Oc2ccc(F)cc2F)c1,True,True,565
DJEIHHYCDCTAAH-UHFFFAOYSA-N,mofezolac,BRD-K49372556-001-04-1,1,MTS004,PTGS1,cyclooxygenase inhibitor,COc1ccc(-c2noc(CC(=O)O)c2-c2ccc(OC)cc2)cc1,16095,DJEIHHYCDCTAAH-UHFFFAOYSA-N,COc1ccc(-c2noc(CC(=O)O)c2-c2ccc(OC)cc2)cc1,True,True,548
DJKNRCWSXSZACF-UHFFFAOYSA-N,CPI-1189,BRD-K11073688-001-01-6,1,HTS,TNF,tumor necrosis factor release inhibitor,CC(=O)Nc1ccc(C(=O)NC(C)(C)C)cc1,16141,DJKNRCWSXSZACF-UHFFFAOYSA-N,CC(=O)Nc1ccc(C(=O)NC(C)(C)C)cc1,True,True,549
DJQOOSBJCLSSEY-UHFFFAOYSA-N,acipimox,BRD-K63736853-001-04-8,1,HTS,HCAR2,cholesterol inhibitor,Cc1cnc(C(=O)O)c[n+]1[O-],16192,DJQOOSBJCLSSEY-UHFFFAOYSA-N,Cc1cnc(C(=O)O)c[n+]1[O-],True,True,557
DJUFPMUQJKWIJB-UHFFFAOYSA-N,pyronaridine,BRD-K73132780-001-01-2,1,MTS004,,antimalarial agent,COc1ccc2nc3cc(Cl)ccc3c(Nc3cc(CN4CCCC4)c(O)c(CN4CCCC4)c3)c2n1,16220,DJUFPMUQJKWIJB-UHFFFAOYSA-N,COc1ccc2[nH]c3cc(Cl)ccc3c(=Nc3cc(CN4CCCC4)c(O)c(CN4CCCC4)c3)c2n1,True,True,548
DKMFBWQBDIGMHM-UHFFFAOYSA-N,melperone,BRD-K92984783-003-05-7,1,HTS,"DRD2, HTR2A","dopamine receptor antagonist, serotonin receptor antagonist",CC1CCN(CCCC(=O)c2ccc(F)cc2)CC1,16367,DKMFBWQBDIGMHM-UHFFFAOYSA-N,CC1CCN(CCCC(=O)c2ccc(F)cc2)CC1,True,True,572
DKNUPRMJNUQNHR-UHFFFAOYSA-N,CEP-32496,BRD-K20722021-001-02-1,1,HTS,"BRAF, RAF1",RAF inhibitor,COc1cc2ncnc(Oc3cccc(NC(=O)Nc4cc(C(C)(C)C(F)(F)F)on4)c3)c2cc1OC,16386,DKNUPRMJNUQNHR-UHFFFAOYSA-N,COc1cc2ncnc(Oc3cccc(NC(=O)N=c4cc(C(C)(C)C(F)(F)F)o[nH]4)c3)c2cc1OC,True,True,550
DKNWSYNQZKUICI-UHFFFAOYSA-N,amantadine,BRD-K70330367-003-07-9,1,HTS,"DRD2, GRIN2A, GRIN2B, GRIN2C, GRIN2D, GRIN3A",glutamate receptor antagonist,NC12CC3CC(CC(C3)C1)C2,16387,DKNWSYNQZKUICI-UHFFFAOYSA-N,NC12CC3CC(CC(C3)C1)C2,True,True,572
DKORMNNYNRPTBJ-UHFFFAOYSA-N,TMC-353121,BRD-K66097663-001-01-8,1,HTS,,RSV fusion inhibitor,Cc1ccc(CCCO)c(NCc2ccc3nc(NCCCN4CCOCC4)n(Cc4nc(C)ccc4O)c3c2)c1,16393,DKORMNNYNRPTBJ-UHFFFAOYSA-N,Cc1ccc(CCCO)c(NCc2ccc3[nH]c(=NCCCN4CCOCC4)n(Cc4nc(C)ccc4O)c3c2)c1,True,True,574
DKPQHFZUICCZHF-UHFFFAOYSA-N,SB-525334,BRD-K37720887-001-07-8,1,HTS,TGFBR1,TGF beta receptor inhibitor,Cc1cccc(-c2[nH]c(C(C)(C)C)nc2-c2ccc3nccnc3c2)n1,16398,DKPQHFZUICCZHF-UHFFFAOYSA-N,Cc1cccc(-c2[nH]c(C(C)(C)C)nc2-c2ccc3nccnc3c2)n1,True,True,569
DKYWVDODHFEZIM-UHFFFAOYSA-N,ketoprofen,BRD-A97739905-001-26-5,1,HTS,"CXCR1, PTGS1, PTGS2, SLC5A8",cyclooxygenase inhibitor,CC(C(=O)O)c1cccc(C(=O)c2ccccc2)c1,16467,DKYWVDODHFEZIM-UHFFFAOYSA-N,CC(C(=O)O)c1cccc(C(=O)c2ccccc2)c1,True,True,549
DLFCEZOMHBPDGI-UHFFFAOYSA-N,STF-118804,BRD-K39171998-001-01-1,1,HTS,NAMPT,NAMPT inhibitor,Cc1ccc(S(=O)(=O)Cc2nc(-c3ccc(C(=O)NCc4cccnc4)cc3)oc2C)cc1,16513,DLFCEZOMHBPDGI-UHFFFAOYSA-N,Cc1ccc(S(=O)(=O)Cc2nc(-c3ccc(C(=O)NCc4cccnc4)cc3)oc2C)cc1,True,True,570
DLGOEMSEDOSKAD-UHFFFAOYSA-N,carmustine,BRD-K36234266-001-09-8,1,HTS,GSR,"DNA alkylating agent, DNA inhibitor",O=C(NCCCl)N(CCCl)[N+][O-],16519,DLGOEMSEDOSKAD-UHFFFAOYSA-N,O=NN(CCCl)C(=O)NCCCl,True,True,538
DMDGGSIALPNSEE-UHFFFAOYSA-N,hydroflumethiazide,BRD-K36862742-001-25-6,1,HTS,"ATP1A1, CA1, CA12, CA2, CA4, CA9, KCNMA1, SLC12A1, SLC12A3",sodium/potassium/chloride transporter inhibitor,NS(=O)(=O)c1cc2c(cc1C(F)(F)F)NCNS2(=O)=O,16654,DMDGGSIALPNSEE-UHFFFAOYSA-N,NS(=O)(=O)c1cc2c(cc1C(F)(F)F)NCNS2(=O)=O,True,True,569
DMMILYKXNCVKOJ-UHFFFAOYSA-N,BX-912,BRD-K49669041-001-08-4,1,HTS,"CDK2, CHEK1, GSK3B, KDR, PDK1, PDPK1",pyruvate dehydrogenase kinase inhibitor,O=C(Nc1cccc(Nc2ncc(Br)c(NCCc3c[nH]cn3)n2)c1)N1CCCC1,16718,DMMILYKXNCVKOJ-UHFFFAOYSA-N,O=C(Nc1cccc(N=c2[nH]cc(Br)c(=NCCc3c[nH]cn3)[nH]2)c1)N1CCCC1,True,True,565
DMWVGXGXHPOEPT-UHFFFAOYSA-N,SRC-kinase-inhibitor-I,BRD-K50495309-001-02-0,1,HTS,"CSK, LCK, RIPK2",src inhibitor,COc1cc2ncnc(Nc3ccc(Oc4ccccc4)cc3)c2cc1OC,16782,DMWVGXGXHPOEPT-UHFFFAOYSA-N,COc1cc2[nH]cnc(=Nc3ccc(Oc4ccccc4)cc3)c2cc1OC,True,True,571
DNTSIBUQMRRYIU-UHFFFAOYSA-N,GW-9662,BRD-K93258693-001-17-3,1,HTS,"NCOA2, PPARG, RXRA",PPAR receptor antagonist,O=C(Nc1ccccc1)c1cc([N+](=O)[O-])ccc1Cl,16914,DNTSIBUQMRRYIU-UHFFFAOYSA-N,O=C(Nc1ccccc1)c1cc([N+](=O)[O-])ccc1Cl,True,True,572
DOBKQCZBPPCLEG-UHFFFAOYSA-N,thiazovivin,BRD-K03164761-001-02-1,1,HTS,,rho associated kinase inhibitor,O=C(NCc1ccccc1)c1csc(Nc2ccncn2)n1,16976,DOBKQCZBPPCLEG-UHFFFAOYSA-N,O=C(NCc1ccccc1)c1csc(=Nc2ccncn2)[nH]1,True,True,570
DOIRQSBPFJWKBE-UHFFFAOYSA-N,dibutyl-phthalate,BRD-K73477617-001-08-5,1,HTS,TRPA1,,CCCCOC(=O)c1ccccc1C(=O)OCCCC,17031,DOIRQSBPFJWKBE-UHFFFAOYSA-N,CCCCOC(=O)c1ccccc1C(=O)OCCCC,True,True,570
DOTGPNHGTYJDEP-UHFFFAOYSA-N,LY2606368,BRD-K20463415-300-01-4,1,MTS004,CHEK1,CHK inhibitor,COc1cccc(OCCCN)c1-c1cc(Nc2cnc(C#N)cn2)n[nH]1,17119,DOTGPNHGTYJDEP-UHFFFAOYSA-N,COc1cccc(OCCCN)c1-c1cc(=Nc2cnc(C#N)cn2)[nH][nH]1,True,True,548
DOUYETYNHWVLEO-UHFFFAOYSA-N,imiquimod,BRD-K26657438-001-15-2,1,HTS,"TLR7, TLR8","interferon inducer, toll-like receptor agonist",CC(C)Cn1cnc2c(N)nc3ccccc3c21,17134,DOUYETYNHWVLEO-UHFFFAOYSA-N,CC(C)Cn1cnc2c(=N)[nH]c3ccccc3c21,True,True,571
DPDZHVCKYBCJHW-UHFFFAOYSA-N,D-4476,BRD-K09132007-001-07-5,1,HTS,"CSNK1A1, CSNK1D, TGFB1",TGF beta receptor inhibitor,NC(=O)c1ccc(-c2nc(-c3ccc4c(c3)OCCO4)c(-c3ccccn3)[nH]2)cc1,17186,DPDZHVCKYBCJHW-UHFFFAOYSA-N,NC(=O)c1ccc(-c2nc(-c3ccc4c(c3)OCCO4)c(-c3ccccn3)[nH]2)cc1,True,True,550
DPHUWDIXHNQOSY-UHFFFAOYSA-N,napabucasin,BRD-K22064724-001-01-8,1,MTS004,STAT3,STAT inhibitor,CC(=O)c1cc2c(o1)C(=O)c1ccccc1C2=O,17210,DPHUWDIXHNQOSY-UHFFFAOYSA-N,CC(=O)c1cc2c(o1)C(=O)c1ccccc1C2=O,True,True,548
DPJNKUOXBZSZAI-UHFFFAOYSA-N,UNC1999,BRD-K26989966-001-03-5,1,HTS,EZH2,histone lysine methyltransferase inhibitor,CCCc1cc(C)[nH]c(=O)c1CNC(=O)c1cc(-c2ccc(N3CCN(C(C)C)CC3)nc2)cc2c1cnn2C(C)C,17221,DPJNKUOXBZSZAI-UHFFFAOYSA-N,CCCc1cc(C)[nH]c(=O)c1CNC(=O)c1cc(-c2ccc(N3CCN(C(C)C)CC3)nc2)cc2c1cnn2C(C)C,True,True,570
DPLMXAYKJZOTKO-UHFFFAOYSA-N,ETP-46464,BRD-K24556407-001-02-3,1,HTS,,ATR kinase inhibitor,CC(C)(C#N)c1ccc(N2C(=O)OCc3cnc4ccc(-c5cnc6ccccc6c5)cc4c32)cc1,17235,DPLMXAYKJZOTKO-UHFFFAOYSA-N,CC(C)(C#N)c1ccc(N2C(=O)OCc3cnc4ccc(-c5cnc6ccccc6c5)cc4c32)cc1,True,True,571
DPSPPJIUMHPXMA-UHFFFAOYSA-N,flumequine,BRD-A69777949-001-24-2,1,HTS,,topoisomerase inhibitor,CC1CCc2cc(F)cc3c(=O)c(C(=O)O)cn1c23,17283,DPSPPJIUMHPXMA-UHFFFAOYSA-N,CC1CCc2cc(F)cc3c(=O)c(C(=O)O)cn1c23,True,True,557
DPWPWRLQFGFJFI-UHFFFAOYSA-N,pargyline,BRD-K83597974-003-22-2,1,HTS,"MAOA, MAOB",monoamine oxidase inhibitor,C#CCN(C)Cc1ccccc1,17321,DPWPWRLQFGFJFI-UHFFFAOYSA-N,C#CCN(C)Cc1ccccc1,True,True,550
DQDAYGNAKTZFIW-UHFFFAOYSA-N,phenprocoumon,BRD-A49838158-001-01-1,1,HTS,VKORC1,vitamin K antagonist,CCC(c1ccccc1)c1c(O)c2ccccc2oc1=O,17374,DQDAYGNAKTZFIW-UHFFFAOYSA-N,CCC(c1ccccc1)c1c(O)c2ccccc2oc1=O,True,True,569
DQKXQSGTHWVTAD-UHFFFAOYSA-N,pramoxine,BRD-K46523383-003-22-9,1,HTS,,topical anesthetic,CCCCOc1ccc(OCCCN2CCOCC2)cc1,17424,DQKXQSGTHWVTAD-UHFFFAOYSA-N,CCCCOc1ccc(OCCCN2CCOCC2)cc1,True,True,570
DQMZLTXERSFNPB-UHFFFAOYSA-N,primidone,BRD-K32247306-001-29-4,1,HTS,"CHRNA4, CHRNA7, GABRA1, GABRA2, GABRA3, GABRA4, GABRA5, GABRA6, GABRB1, GABRB2, GABRB3, GABRD, GABRE, GABRG1, GABRG2, GABRG3, GABRP, GABRQ, GRIA2, GRIK2, SCN10A, SCN11A, SCN1A, SCN2A, SCN3A, SCN4A, SCN5A, SCN7A, SCN8A, SCN9A",GABA receptor antagonist,CCC1(c2ccccc2)C(=O)NCNC1=O,17439,DQMZLTXERSFNPB-UHFFFAOYSA-N,CCC1(c2ccccc2)C(=O)NCNC1=O,True,True,563
DRCMAZOSEIMCHM-UHFFFAOYSA-N,capsazepine,BRD-K44849676-001-10-5,1,HTS,"TRPV1, TRPV4",TRPV agonist,Oc1cc2c(cc1O)CN(C(=S)NCCc1ccc(Cl)cc1)CCC2,17536,DRCMAZOSEIMCHM-UHFFFAOYSA-N,Oc1cc2c(cc1O)CN(C(=S)NCCc1ccc(Cl)cc1)CCC2,True,True,570
DRLFMBDRBRZALE-UHFFFAOYSA-N,melatonin,BRD-K97530723-001-20-9,1,HTS,"ASMT, CALM1, CALR, EPX, ESR1, HTR2B, MPO, MTNR1A, MTNR1B, NQO2, RORB","melatonin receptor agonist, nitric oxide synthase inhibitor",COc1ccc2[nH]cc(CCNC(C)=O)c2c1,17580,DRLFMBDRBRZALE-UHFFFAOYSA-N,COc1ccc2[nH]cc(CCNC(C)=O)c2c1,True,True,574
DRRWBCNQOKKKOL-UHFFFAOYSA-N,eupatilin,BRD-K47031502-001-01-6,1,HTS,,mucus protecting agent,COc1ccc(-c2cc(=O)c3c(O)c(OC)c(O)cc3o2)cc1OC,17620,DRRWBCNQOKKKOL-UHFFFAOYSA-N,COc1ccc(-c2cc(=O)c3c(O)c(OC)c(O)cc3o2)cc1OC,True,True,557
DSFNLJXHXBIKDS-UHFFFAOYSA-N,IOWH032,BRD-K84892605-001-01-1,1,HTS,CFTR,CFTR channel antagonist,O=C(NCc1ccc(Oc2ccccc2)cc1)c1nc(-c2cc(Br)c(O)c(Br)c2)no1,17711,DSFNLJXHXBIKDS-UHFFFAOYSA-N,O=C(NCc1ccc(Oc2ccccc2)cc1)c1nc(-c2cc(Br)c(O)c(Br)c2)no1,True,True,550
DSLPMJSGSBLWRE-UHFFFAOYSA-N,irosustat,BRD-K87777313-001-02-2,1,MTS004,"CA2, STS",steroid sulfatase inhibitor,NS(=O)(=O)Oc1ccc2c3c(c(=O)oc2c1)CCCCC3,17753,DSLPMJSGSBLWRE-UHFFFAOYSA-N,NS(=O)(=O)Oc1ccc2c3c(c(=O)oc2c1)CCCCC3,True,True,547
DSXXEELGXBCYNQ-UHFFFAOYSA-N,bisindolylmaleimide-ix,BRD-K06543683-066-02-1,1,HTS,"AKT1, GSK3B, LCK, MAPK1, MAPK11, MAPK12, MAPK14, MAPK8, PRKCA, ROCK1, RPS6KB1, SIRT1",PKC inhibitor,Cn1cc(C2=C(c3cn(CCCSC(=N)N)c4ccccc34)C(=O)NC2=O)c2ccccc21,17859,DSXXEELGXBCYNQ-UHFFFAOYSA-N,Cn1cc(C2=C(c3cn(CCCSC(=N)N)c4ccccc34)C(=O)NC2=O)c2ccccc21,True,True,571
DTDZLJHKVNTQGZ-UHFFFAOYSA-N,AZD7545,BRD-A87435144-001-01-6,1,HTS,PDK1,pyruvate dehydrogenase kinase inhibitor,CN(C)C(=O)c1ccc(S(=O)(=O)c2ccc(NC(=O)C(C)(O)C(F)(F)F)c(Cl)c2)cc1,17902,DTDZLJHKVNTQGZ-UHFFFAOYSA-N,CN(C)C(=O)c1ccc(S(=O)(=O)c2ccc(NC(=O)C(C)(O)C(F)(F)F)c(Cl)c2)cc1,True,True,571
DTEKTGDVSARYDS-UHFFFAOYSA-N,BI-D1870,BRD-A81370665-001-03-6,1,HTS,"RPS6KA1, RPS6KA2, RPS6KA3, RPS6KA6",ribosomal protein inhibitor,CC(C)CCN1c2nc(Nc3cc(F)c(O)c(F)c3)ncc2N(C)C(=O)C1C,17904,DTEKTGDVSARYDS-UHFFFAOYSA-N,CC(C)CCN1c2[nH]c(=Nc3cc(F)c(O)c(F)c3)ncc2N(C)C(=O)C1C,True,True,574
DTGLZDAWLRGWQN-UHFFFAOYSA-N,prasugrel,BRD-A83029242-001-05-3,1,HTS,P2RY12,purinergic receptor antagonist,CC(=O)Oc1cc2c(s1)CCN(C(C(=O)C1CC1)c1ccccc1F)C2,17913,DTGLZDAWLRGWQN-UHFFFAOYSA-N,CC(=O)Oc1cc2c(s1)CCN(C(C(=O)C1CC1)c1ccccc1F)C2,True,True,565
DUIHHZKTCSNTGM-UHFFFAOYSA-N,VE-821,BRD-K26756394-001-02-2,1,HTS,ATR,ATR kinase inhibitor,CS(=O)(=O)c1ccc(-c2cnc(N)c(C(=O)Nc3ccccc3)n2)cc1,18102,DUIHHZKTCSNTGM-UHFFFAOYSA-N,CS(=O)(=O)c1ccc(-c2c[nH]c(=N)c(C(=O)Nc3ccccc3)n2)cc1,True,True,571
DURULFYMVIFBIR-UHFFFAOYSA-N,practolol,BRD-A41304429-001-14-8,1,HTS,ADRB1,adrenergic receptor antagonist,CC(=O)Nc1ccc(OCC(O)CNC(C)C)cc1,18161,DURULFYMVIFBIR-UHFFFAOYSA-N,CC(=O)Nc1ccc(OCC(O)CNC(C)C)cc1,True,True,570
DUYJMQONPNNFPI-UHFFFAOYSA-N,osimertinib,BRD-K42805893-001-04-9,1,HTS,EGFR,EGFR inhibitor,C=CC(=O)Nc1cc(Nc2nccc(-c3cn(C)c4ccccc34)n2)c(OC)cc1N(C)CCN(C)C,18220,DUYJMQONPNNFPI-UHFFFAOYSA-N,C=CC(=O)Nc1cc(N=c2nc(-c3cn(C)c4ccccc34)cc[nH]2)c(OC)cc1N(C)CCN(C)C,True,True,574
DWFGGOFPIISJIT-UHFFFAOYSA-N,SRPIN340,BRD-K62621335-001-01-7,1,HTS,"SRPK1, SRPK2",serine arginine protein kinase inhibitor,O=C(Nc1cc(C(F)(F)F)ccc1N1CCCCC1)c1ccncc1,18432,DWFGGOFPIISJIT-UHFFFAOYSA-N,O=C(Nc1cc(C(F)(F)F)ccc1N1CCCCC1)c1ccncc1,True,True,570
DWZAEMINVBZMHQ-UHFFFAOYSA-N,PF-05212384,BRD-K07955840-001-02-3,1,HTS,"MTOR, PIK3CA","mTOR inhibitor, PI3K inhibitor",CN(C)C1CCN(C(=O)c2ccc(NC(=O)Nc3ccc(-c4nc(N5CCOCC5)nc(N5CCOCC5)n4)cc3)cc2)CC1,18564,DWZAEMINVBZMHQ-UHFFFAOYSA-N,CN(C)C1CCN(C(=O)c2ccc(NC(=O)Nc3ccc(-c4nc(N5CCOCC5)nc(N5CCOCC5)n4)cc3)cc2)CC1,True,True,570
DXCUKNQANPLTEJ-UHFFFAOYSA-N,PD-173074,BRD-K97764662-001-17-3,1,HTS,"FGFR1, FGFR2, FGFR3, FGFR4, FLT1, FLT4, KDR, PDGFRA, PDGFRB","FGFR inhibitor, VEGFR inhibitor",CCN(CC)CCCCNc1ncc2cc(-c3cc(OC)cc(OC)c3)c(NC(=O)NC(C)(C)C)nc2n1,18583,DXCUKNQANPLTEJ-UHFFFAOYSA-N,CCN(CC)CCCCN=c1nc2[nH]c(=NC(=O)NC(C)(C)C)c(-c3cc(OC)cc(OC)c3)cc2c[nH]1,True,True,565
DXGLGDHPHMLXJC-UHFFFAOYSA-N,oxybenzone,BRD-K59037100-001-14-7,1,HTS,LIPE,lipase inhibitor,COc1ccc(C(=O)c2ccccc2)c(O)c1,18612,DXGLGDHPHMLXJC-UHFFFAOYSA-N,COc1ccc(C(=O)c2ccccc2)c(O)c1,True,True,574
DXPOSRCHIDYWHW-UHFFFAOYSA-N,xamoterol,BRD-A59337442-051-05-3,1,HTS,ADRB1,adrenergic receptor agonist,O=C(NCCNCC(O)COc1ccc(O)cc1)N1CCOCC1,18668,DXPOSRCHIDYWHW-UHFFFAOYSA-N,O=C(NCCNCC(O)COc1ccc(O)cc1)N1CCOCC1,True,True,571
DXYUAIFZCFRPTH-UHFFFAOYSA-N,glycitein,BRD-K78303961-001-02-3,1,HTS,TNF,tumor necrosis factor release inhibitor,COc1cc2c(=O)c(-c3ccc(O)cc3)coc2cc1O,18722,DXYUAIFZCFRPTH-UHFFFAOYSA-N,COc1cc2c(=O)c(-c3ccc(O)cc3)coc2cc1O,True,True,574
DYEFUKCXAQOFHX-UHFFFAOYSA-N,ebselen,BRD-K29359156-001-30-1,1,HTS,ALB,"cyclooxygenase inhibitor, glutathione peroxidase agonist, H+/K+-ATPase inhibitor, nitric oxide synthase inhibitor",O=c1c2ccccc2[se]n1-c1ccccc1,18773,DYEFUKCXAQOFHX-UHFFFAOYSA-N,O=c1c2ccccc2[se]n1-c1ccccc1,True,True,574
DYLUUSLLRIQKOE-UHFFFAOYSA-N,enasidenib,BRD-K70601687-001-01-3,1,MTS004,IDH1,isocitrate dehydrogenase inhibitor,CC(C)(O)CNc1nc(Nc2ccnc(C(F)(F)F)c2)nc(-c2cccc(C(F)(F)F)n2)n1,18826,DYLUUSLLRIQKOE-UHFFFAOYSA-N,CC(C)(O)CN=c1[nH]c(-c2cccc(C(F)(F)F)n2)nc(=Nc2ccnc(C(F)(F)F)c2)[nH]1,True,True,547
DYNHJHQFHQTFTP-UHFFFAOYSA-N,crenolanib,BRD-K22127577-001-03-7,1,HTS,"CSF1R, FLT3, KIT, PDGFRA, PDGFRB",PDGFR tyrosine kinase receptor inhibitor,CC1(COc2ccc3c(c2)ncn3-c2ccc3cccc(N4CCC(N)CC4)c3n2)COC1,18832,DYNHJHQFHQTFTP-UHFFFAOYSA-N,CC1(COc2ccc3c(c2)ncn3-c2ccc3cccc(N4CCC(N)CC4)c3n2)COC1,True,True,538
DYTOQURYRYYNOR-UHFFFAOYSA-N,NSI-189,BRD-K74371986-001-01-7,1,HTS,,neurotrophic agent,CC(C)CCNc1ncccc1C(=O)N1CCN(Cc2ccccc2)CC1,18875,DYTOQURYRYYNOR-UHFFFAOYSA-N,CC(C)CCN=c1[nH]cccc1C(=O)N1CCN(Cc2ccccc2)CC1,True,True,562
DZLNHFMRPBPULJ-UHFFFAOYSA-N,timonacic,BRD-A38592941-001-02-7,1,HTS,ANXA5,antioxidant,O=C(O)C1CSCN1,19011,DZLNHFMRPBPULJ-UHFFFAOYSA-N,O=C(O)C1CSCN1,True,True,574
FARMEEAGJWMFSZ-UHFFFAOYSA-N,WAY-170523,BRD-K36198571-001-02-0,1,HTS,MMP13,metalloproteinase inhibitor,Cc1cc(C)c(N(Cc2ccccc2)S(=O)(=O)c2ccc(OCCNC(=O)c3cc4ccccc4o3)cc2)c(C(=O)NO)c1,19262,FARMEEAGJWMFSZ-UHFFFAOYSA-N,Cc1cc(C)c(N(Cc2ccccc2)S(=O)(=O)c2ccc(OCCNC(=O)c3cc4ccccc4o3)cc2)c(C(O)=NO)c1,True,True,542
FATGTHLOZSXOBC-UHFFFAOYSA-N,OC000459,BRD-K36463073-001-03-9,1,MTS004,PTGDR2,CRTH receptor antagonist,Cc1c(Cc2ccc3ccccc3n2)c2cc(F)ccc2n1CC(=O)O,19280,FATGTHLOZSXOBC-UHFFFAOYSA-N,Cc1c(Cc2ccc3ccccc3n2)c2cc(F)ccc2n1CC(=O)O,True,True,548
FAYAUAZLLLJJGH-UHFFFAOYSA-N,SNS-314,BRD-K71512533-066-02-8,1,HTS,"AURKA, AURKB, AURKC",Aurora kinase inhibitor,O=C(Nc1cccc(Cl)c1)Nc1ncc(CCNc2ncnc3ccsc23)s1,19307,FAYAUAZLLLJJGH-UHFFFAOYSA-N,O=C(N=c1[nH]cc(CCN=c2[nH]cnc3ccsc23)s1)Nc1cccc(Cl)c1,True,True,565
FBKMWOJEPMPVTQ-UHFFFAOYSA-N,INCB-024360; epacadostat,BRD-K79450420-001-01-8; BRD-K79450420-001-02-6,2,MTS004,IDO1,"indoleamine 2,3-dioxygenase inhibitor",NS(=O)(=O)NCCNc1nonc1/C(=N/O)Nc1ccc(F)c(Br)c1,19374,FBKMWOJEPMPVTQ-UHFFFAOYSA-N,NS(=O)(=O)NCCN=c1[nH]onc1C(=NO)Nc1ccc(F)c(Br)c1,True,True,552
FBLPQCAQRNSVHB-UHFFFAOYSA-N,PF-4708671,BRD-K14711741-001-02-1,1,HTS,RPS6KB1,ribosomal protein inhibitor,CCc1cncnc1N1CCN(Cc2nc3cc(C(F)(F)F)ccc3[nH]2)CC1,19385,FBLPQCAQRNSVHB-UHFFFAOYSA-N,CCc1cncnc1N1CCN(Cc2nc3cc(C(F)(F)F)ccc3[nH]2)CC1,True,True,574
FCDLCPWAQCPTKC-UHFFFAOYSA-N,rhein,BRD-K27335680-001-10-0,1,HTS,HSP90AA1,,O=C(O)c1cc(O)c2c(c1)C(=O)c1cccc(O)c1C2=O,19512,FCDLCPWAQCPTKC-UHFFFAOYSA-N,O=C(O)c1cc(O)c2c(c1)C(=O)c1cccc(O)c1C2=O,True,True,565
FDDDEECHVMSUSB-UHFFFAOYSA-N,sulfanilamide,BRD-K02594908-001-16-4,1,HTS,"CYP2C19, CYP2C9, CYP2D6, CYP2E1, CYP3A4",carbonic anhydrase inhibitor,Nc1ccc(S(N)(=O)=O)cc1,19705,FDDDEECHVMSUSB-UHFFFAOYSA-N,Nc1ccc(S(N)(=O)=O)cc1,True,True,557
FDGQSTZJBFJUBT-UHFFFAOYSA-N,hypoxanthine,BRD-K03739921-001-06-8,1,HTS,PNP,PARP inhibitor,O=c1[nH]cnc2nc[nH]c12,19735,FDGQSTZJBFJUBT-UHFFFAOYSA-N,O=c1[nH]cnc2[nH]cnc12,True,True,565
FDLYAMZZIXQODN-UHFFFAOYSA-N,olaparib,BRD-K02113016-001-15-4,1,HTS,"PARP1, PARP2",PARP inhibitor,O=C(c1cc(Cc2n[nH]c(=O)c3ccccc23)ccc1F)N1CCN(C(=O)C2CC2)CC1,19769,FDLYAMZZIXQODN-UHFFFAOYSA-N,O=C(c1cc(Cc2n[nH]c(=O)c3ccccc23)ccc1F)N1CCN(C(=O)C2CC2)CC1,True,True,567
FDMQDKQUTRLUBU-UHFFFAOYSA-N,olmutinib,BRD-K60421517-001-01-4,1,MTS004,"BTK, EGFR","EGFR inhibitor, Bruton's tyrosine kinase (BTK) inhibitor",C=CC(=O)Nc1cccc(Oc2nc(Nc3ccc(N4CCN(C)CC4)cc3)nc3ccsc23)c1,19773,FDMQDKQUTRLUBU-UHFFFAOYSA-N,C=CC(=O)Nc1cccc(Oc2[nH]c(=Nc3ccc(N4CCN(C)CC4)cc3)nc3ccsc23)c1,True,True,547
FEBOTPHFXYHVPL-UHFFFAOYSA-N,benperidol,BRD-K79425933-001-09-3,1,HTS,DRD2,dopamine receptor antagonist,O=C(CCCN1CCC(n2c(=O)[nH]c3ccccc32)CC1)c1ccc(F)cc1,19876,FEBOTPHFXYHVPL-UHFFFAOYSA-N,O=C(CCCN1CCC(n2c(=O)[nH]c3ccccc32)CC1)c1ccc(F)cc1,True,True,565
FECQXVPRUCCUIL-UHFFFAOYSA-N,SKA-31,BRD-K67304264-001-08-5,1,HTS,KCNN4,potassium channel activator,Nc1nc2c(ccc3ccccc32)s1,19884,FECQXVPRUCCUIL-UHFFFAOYSA-N,N=c1[nH]c2c(ccc3ccccc32)s1,True,True,571
FELGMEQIXOGIFQ-UHFFFAOYSA-N,ondansetron,BRD-A19736161-001-06-7,1,HTS,"HTR1A, HTR1B, HTR3A, HTR3B, HTR4, OPRM1",serotonin receptor antagonist,Cc1nccn1CC1CCc2c(c3ccccc3n2C)C1=O,19948,FELGMEQIXOGIFQ-UHFFFAOYSA-N,Cc1nccn1CC1CCc2c(c3ccccc3n2C)C1=O,True,True,574
FERIUCNNQQJTOY-UHFFFAOYSA-N,sodium-butyrate,BRD-K05878375-236-05-7,1,HTS,"BCHE, FFAR2, FFAR3, HDAC1, HDAC2, HDAC3, HDAC8",HDAC inhibitor,CCCC(=O)O,19984,FERIUCNNQQJTOY-UHFFFAOYSA-N,CCCC(=O)O,True,True,538
FEROPKNOYKURCJ-UHFFFAOYSA-N,zacopride,BRD-A65615053-003-02-2,1,HTS,"HTR3A, HTR3B, HTR4, HTR5A",serotonin receptor antagonist,COc1cc(N)c(Cl)cc1C(=O)NC1CN2CCC1CC2,19987,FEROPKNOYKURCJ-UHFFFAOYSA-N,COc1cc(N)c(Cl)cc1C(=O)NC1CN2CCC1CC2,True,True,565
FEZBIKUBAYAZIU-UHFFFAOYSA-N,trimethobenzamide,BRD-K34415467-003-13-0,1,HTS,DRD2,histamine receptor antagonist,COc1cc(C(=O)NCc2ccc(OCCN(C)C)cc2)cc(OC)c1OC,20032,FEZBIKUBAYAZIU-UHFFFAOYSA-N,COc1cc(C(=O)NCc2ccc(OCCN(C)C)cc2)cc(OC)c1OC,True,True,569
FFGPTBGBLSHEPO-UHFFFAOYSA-N,carbamazepine,BRD-K71799949-001-36-4,1,HTS,"SCN10A, SCN11A, SCN1A, SCN2A, SCN3A, SCN4A, SCN5A, SCN7A, SCN8A, SCN9A",carboxamide antiepileptic,NC(=O)N1c2ccccc2C=Cc2ccccc21,20090,FFGPTBGBLSHEPO-UHFFFAOYSA-N,NC(=O)N1c2ccccc2C=Cc2ccccc21,True,True,572
FFINMCNLQNTKLU-UHFFFAOYSA-N,iodipamide,BRD-K67261995-001-11-7,1,HTS,ALB,radiopaque medium,O=C(CCCCC(=O)Nc1c(I)cc(I)c(C(=O)O)c1I)Nc1c(I)cc(I)c(C(=O)O)c1I,20105,FFINMCNLQNTKLU-UHFFFAOYSA-N,O=C(CCCCC(=O)Nc1c(I)cc(I)c(C(=O)O)c1I)Nc1c(I)cc(I)c(C(=O)O)c1I,True,True,569
FFWOKTFYGVYKIR-UHFFFAOYSA-N,rheochrysidin,BRD-K67772619-001-05-1,1,HTS,PTPN1,protein tyrosine kinase inhibitor,COc1cc(O)c2c(c1)C(=O)c1cc(C)cc(O)c1C2=O,20209,FFWOKTFYGVYKIR-UHFFFAOYSA-N,COc1cc(O)c2c(c1)C(=O)c1cc(C)cc(O)c1C2=O,True,True,563
FFXVTQDGTKEXHF-UHFFFAOYSA-N,VUF10166,BRD-K11046126-001-02-0,1,HTS,"HTR3A, HTR3B",serotonin receptor antagonist,CN1CCN(c2nc3ccccc3nc2Cl)CC1,20218,FFXVTQDGTKEXHF-UHFFFAOYSA-N,CN1CCN(c2nc3ccccc3nc2Cl)CC1,True,True,570
FFYNAVGJSYHHFO-UHFFFAOYSA-N,sarpogrelate,BRD-A34358106-003-01-6,1,HTS,"HTR2A, HTR2B, HTR2C",serotonin receptor antagonist,COc1cccc(CCc2ccccc2OCC(CN(C)C)OC(=O)CCC(=O)O)c1,20223,FFYNAVGJSYHHFO-UHFFFAOYSA-N,COc1cccc(CCc2ccccc2OCC(CN(C)C)OC(=O)CCC(=O)O)c1,True,True,565
FGQFOYHRJSUHMR-UHFFFAOYSA-N,lesinurad,BRD-K75024268-001-01-0,1,HTS,SLC22A12,uric acid diuretic,O=C(O)CSc1nnc(Br)n1-c1ccc(C2CC2)c2ccccc12,20340,FGQFOYHRJSUHMR-UHFFFAOYSA-N,O=C(O)CSc1nnc(Br)n1-c1ccc(C2CC2)c2ccccc12,True,True,569
FGTCROZDHDSNIO-UHFFFAOYSA-N,OSI-930,BRD-K25340465-001-11-1,1,HTS,"KDR, KIT","KIT inhibitor, VEGFR inhibitor",O=C(Nc1ccc(OC(F)(F)F)cc1)c1sccc1NCc1ccnc2ccccc12,20363,FGTCROZDHDSNIO-UHFFFAOYSA-N,O=C(Nc1ccc(OC(F)(F)F)cc1)c1sccc1NCc1ccnc2ccccc12,True,True,538
FGXWKSZFVQUSTL-UHFFFAOYSA-N,domperidone,BRD-K38305202-001-17-4,1,HTS,"DRD2, DRD3",dopamine receptor antagonist,O=c1[nH]c2ccccc2n1CCCN1CCC(n2c(=O)[nH]c3cc(Cl)ccc32)CC1,20406,FGXWKSZFVQUSTL-UHFFFAOYSA-N,O=c1[nH]c2ccccc2n1CCCN1CCC(n2c(=O)[nH]c3cc(Cl)ccc32)CC1,True,True,570
FHCSBLWRGCOVPT-UHFFFAOYSA-N,AZD2858,BRD-K85849709-001-01-5,1,HTS,GSK3B,glycogen synthase kinase inhibitor,CN1CCN(S(=O)(=O)c2ccc(-c3cnc(N)c(C(=O)Nc4cccnc4)n3)cc2)CC1,20433,FHCSBLWRGCOVPT-UHFFFAOYSA-N,CN1CCN(S(=O)(=O)c2ccc(-c3c[nH]c(=N)c(C(=O)Nc4cccnc4)n3)cc2)CC1,True,True,570
FHFYDNQZQSQIAI-UHFFFAOYSA-N,pefloxacin,BRD-K55034111-066-17-1,1,HTS,TOP2A,bacterial DNA gyrase inhibitor,CCn1cc(C(=O)O)c(=O)c2cc(F)c(N3CCN(C)CC3)cc21,20457,FHFYDNQZQSQIAI-UHFFFAOYSA-N,CCn1cc(C(=O)O)c(=O)c2cc(F)c(N3CCN(C)CC3)cc21,True,True,569
FHGJSJFIQNQBCK-UHFFFAOYSA-N,menbutone,BRD-K53852914-001-01-8,1,HTS,,,COc1ccc(C(=O)CCC(=O)O)c2ccccc12,20461,FHGJSJFIQNQBCK-UHFFFAOYSA-N,COc1ccc(C(=O)CCC(=O)O)c2ccccc12,True,True,570
FHYUGAJXYORMHI-UHFFFAOYSA-N,SB-431542,BRD-K67298865-001-09-0,1,HTS,"ACVR1C, TGFBR1",TGF beta receptor inhibitor,NC(=O)c1ccc(-c2nc(-c3ccc4c(c3)OCO4)c(-c3ccccn3)[nH]2)cc1,20596,FHYUGAJXYORMHI-UHFFFAOYSA-N,NC(=O)c1ccc(-c2nc(-c3ccc4c(c3)OCO4)c(-c3ccccn3)[nH]2)cc1,True,True,571
FIMYFEGKMOCQKT-UHFFFAOYSA-N,Ro-4987655,BRD-K64538373-001-01-4,1,HTS,MAP2K1,MEK inhibitor,O=C(NOCCO)c1cc(CN2OCCCC2=O)c(F)c(F)c1Nc1ccc(I)cc1F,20689,FIMYFEGKMOCQKT-UHFFFAOYSA-N,O=C(NOCCO)c1cc(CN2OCCCC2=O)c(F)c(F)c1Nc1ccc(I)cc1F,True,True,569
FINHMKGKINIASC-UHFFFAOYSA-N,chuanxiongzine,BRD-K25691735-001-09-5,1,HTS,,,Cc1nc(C)c(C)nc1C,20695,FINHMKGKINIASC-UHFFFAOYSA-N,Cc1nc(C)c(C)nc1C,True,True,565
FIPWRIJSWJWJAI-UHFFFAOYSA-N,piperonyl-butoxide,BRD-K76452401-001-03-6,1,HTS,,cytochrome P450 inhibitor,CCCCOCCOCCOCc1cc2c(cc1CCC)OCO2,20716,FIPWRIJSWJWJAI-UHFFFAOYSA-N,CCCCOCCOCCOCc1cc2c(cc1CCC)OCO2,True,True,570
FJCFFCXMEXZEIM-UHFFFAOYSA-N,oxiniacic-acid,BRD-K20417253-001-01-9,1,HTS,,,O=C(O)c1ccc[n+]([O-])c1,20802,FJCFFCXMEXZEIM-UHFFFAOYSA-N,O=C(O)c1ccc[n+]([O-])c1,True,True,570
FJHHZXWJVIEFGJ-UHFFFAOYSA-N,zibotentan,BRD-K31553034-001-03-0,1,HTS,EDNRA,endothelin receptor antagonist,COc1nc(C)cnc1NS(=O)(=O)c1cccnc1-c1ccc(-c2nnco2)cc1,20830,FJHHZXWJVIEFGJ-UHFFFAOYSA-N,COc1nc(C)c[nH]c1=NS(=O)(=O)c1cccnc1-c1ccc(-c2nnco2)cc1,True,True,570
FJLBFSROUSIWMA-UHFFFAOYSA-N,metyrapone,BRD-K46862739-001-14-3,1,MTS004,CYP11B1,cytochrome P450 inhibitor,CC(C)(C(=O)c1cccnc1)c1cccnc1,20856,FJLBFSROUSIWMA-UHFFFAOYSA-N,CC(C)(C(=O)c1cccnc1)c1cccnc1,True,True,547
FKPLJWGRBCQLTL-UHFFFAOYSA-N,LY2365109,BRD-K13888115-003-02-2,1,HTS,SLC6A9,Glycine transporter 1 inhibitor,CN(CCOc1ccc(-c2ccc3c(c2)OCO3)cc1C(C)(C)C)CC(=O)O,21067,FKPLJWGRBCQLTL-UHFFFAOYSA-N,CN(CCOc1ccc(-c2ccc3c(c2)OCO3)cc1C(C)(C)C)CC(=O)O,True,True,565
FLNXBVJLPJNOSI-UHFFFAOYSA-N,cloperastine,BRD-A80908310-003-13-8,1,HTS,,antitussive,Clc1ccc(C(OCCN2CCCCC2)c2ccccc2)cc1,21233,FLNXBVJLPJNOSI-UHFFFAOYSA-N,Clc1ccc(C(OCCN2CCCCC2)c2ccccc2)cc1,True,True,570
FLOSMHQXBMRNHR-UHFFFAOYSA-N,methazolamide,BRD-K13356952-001-25-1,1,HTS,"CA1, CA12, CA14, CA2, CA4, CA7",carbonic anhydrase inhibitor,CC(=O)N=c1sc(S(N)(=O)=O)nn1C,21238,FLOSMHQXBMRNHR-UHFFFAOYSA-N,CC(=O)N=c1sc(S(N)(=O)=O)nn1C,True,True,557
FLVRDMUHUXVRET-UHFFFAOYSA-N,L-701324,BRD-K08109516-001-07-8,1,HTS,"GRIN1, GRIN2A, GRIN2B, GRIN2C, GRIN2D",glutamate receptor antagonist,O=c1[nH]c2cc(Cl)ccc2c(O)c1-c1cccc(Oc2ccccc2)c1,21284,FLVRDMUHUXVRET-UHFFFAOYSA-N,O=c1[nH]c2cc(Cl)ccc2c(O)c1-c1cccc(Oc2ccccc2)c1,True,True,571
FNHKPVJBJVTLMP-UHFFFAOYSA-N,regorafenib,BRD-K16730910-001-07-3,1,HTS,"ABL1, BRAF, DDR2, EPHA2, FGFR1, FGFR2, FLT1, FLT4, FRK, KDR, KIT, MAPK11, NTRK1, PDGFRA, PDGFRB, RAF1, RET, TEK","FGFR inhibitor, KIT inhibitor, PDGFR tyrosine kinase receptor inhibitor, RAF inhibitor, RET tyrosine kinase inhibitor, VEGFR inhibitor",CNC(=O)c1cc(Oc2ccc(NC(=O)Nc3ccc(Cl)c(C(F)(F)F)c3)c(F)c2)ccn1,21561,FNHKPVJBJVTLMP-UHFFFAOYSA-N,CNC(=O)c1cc(Oc2ccc(NC(=O)Nc3ccc(Cl)c(C(F)(F)F)c3)c(F)c2)ccn1,True,True,572
FNOMTMVRTBHRET-UHFFFAOYSA-N,GP1a,BRD-K65285700-001-02-3,1,HTS,CNR2,cannabinoid receptor agonist,Cc1ccc2c(c1)Cc1c(C(=O)NN3CCCCC3)nn(-c3ccc(Cl)cc3Cl)c1-2,21605,FNOMTMVRTBHRET-UHFFFAOYSA-N,Cc1ccc2c(c1)Cc1c(C(=O)NN3CCCCC3)nn(-c3ccc(Cl)cc3Cl)c1-2,True,True,562
FNQQBFNIYODEMB-UHFFFAOYSA-N,meticrane,BRD-K58265391-001-12-7,1,HTS,,diuretic,Cc1cc2c(cc1S(N)(=O)=O)S(=O)(=O)CCC2,21626,FNQQBFNIYODEMB-UHFFFAOYSA-N,Cc1cc2c(cc1S(N)(=O)=O)S(=O)(=O)CCC2,True,True,570
FNYGWXSATBUBER-UHFFFAOYSA-N,AGI-5198,BRD-A56371469-001-03-3,1,HTS,IDH1,isocitrate dehydrogenase inhibitor,Cc1ccccc1C(C(=O)NC1CCCCC1)N(C(=O)Cn1ccnc1C)c1cccc(F)c1,21664,FNYGWXSATBUBER-UHFFFAOYSA-N,Cc1ccccc1C(C(=O)NC1CCCCC1)N(C(=O)Cn1ccnc1C)c1cccc(F)c1,True,True,572
FNYLWPVRPXGIIP-UHFFFAOYSA-N,triamterene,BRD-K92049597-001-20-8,1,HTS,"SCNN1A, SCNN1B, SCNN1D, SCNN1G",sodium channel blocker,Nc1nc(N)c2nc(-c3ccccc3)c(N)nc2n1,21666,FNYLWPVRPXGIIP-UHFFFAOYSA-N,N=c1[nH]c(=N)c2nc(-c3ccccc3)c(=N)[nH]c2[nH]1,True,True,571
FOFDIMHVKGYHRU-UHFFFAOYSA-N,amuvatinib,BRD-K66538826-001-07-2,1,HTS,"KIT, MET","FLT3 inhibitor, KIT inhibitor, PDGFR tyrosine kinase receptor inhibitor, RAD51 inhibitor, RET tyrosine kinase inhibitor",S=C(NCc1ccc2c(c1)OCO2)N1CCN(c2ncnc3c2oc2ccccc23)CC1,21715,FOFDIMHVKGYHRU-UHFFFAOYSA-N,S=C(NCc1ccc2c(c1)OCO2)N1CCN(c2ncnc3c2oc2ccccc23)CC1,True,True,563
FOHHNHSLJDZUGQ-UHFFFAOYSA-N,halofantrine,BRD-A51964809-003-12-6,1,HTS,"KCNH2, KCNN4",antimalarial agent,CCCCN(CCCC)CCC(O)c1cc2c(Cl)cc(Cl)cc2c2cc(C(F)(F)F)ccc12,21727,FOHHNHSLJDZUGQ-UHFFFAOYSA-N,CCCCN(CCCC)CCC(O)c1cc2c(Cl)cc(Cl)cc2c2cc(C(F)(F)F)ccc12,True,True,574
FPCCSQOGAWCVBH-UHFFFAOYSA-N,ketanserin,BRD-K49671696-045-08-5,1,HTS,"ADRA1A, ADRA1B, ADRA1D, DRD1, DRD5, HTR1A, HTR1B, HTR1D, HTR2A, HTR2B, HTR2C, HTR5A, HTR7, SLC18A1, SLC18A2",serotonin receptor antagonist,O=C(c1ccc(F)cc1)C1CCN(CCn2c(=O)[nH]c3ccccc3c2=O)CC1,21875,FPCCSQOGAWCVBH-UHFFFAOYSA-N,O=C(c1ccc(F)cc1)C1CCN(CCn2c(=O)[nH]c3ccccc3c2=O)CC1,True,True,563
FPEIJQLXFHKLJV-UHFFFAOYSA-N,WAY-600,BRD-K85920262-001-02-1,1,HTS,MTOR,mTOR inhibitor,c1cncc(CN2CCC(n3ncc4c(N5CCOCC5)nc(-c5ccc6[nH]ccc6c5)nc43)CC2)c1,21892,FPEIJQLXFHKLJV-UHFFFAOYSA-N,c1cncc(CN2CCC(n3ncc4c(N5CCOCC5)nc(-c5ccc6[nH]ccc6c5)nc43)CC2)c1,True,True,570
FQQIIPAOSKSOJM-UHFFFAOYSA-N,"mebhydrolin; mebhydroline-1,5-naphtalenedisulfonate",BRD-K29713308-001-01-7; BRD-K29713308-077-04-1,2,HTS,,antihistamine,CN1CCc2c(c3ccccc3n2Cc2ccccc2)C1,22140,FQQIIPAOSKSOJM-UHFFFAOYSA-N,CN1CCc2c(c3ccccc3n2Cc2ccccc2)C1,True,True,571
FRPJSHKMZHWJBE-UHFFFAOYSA-N,T-0070907,BRD-K31843556-001-04-1,1,HTS,PPARG,PPAR receptor antagonist,O=C(Nc1ccncc1)c1cc([N+](=O)[O-])ccc1Cl,22311,FRPJSHKMZHWJBE-UHFFFAOYSA-N,O=C(N=c1cc[nH]cc1)c1cc([N+](=O)[O-])ccc1Cl,True,True,565
FSKFPVLPFLJRQB-UHFFFAOYSA-N,tolperisone,BRD-A27732521-003-08-3,1,HTS,"CYP2C19, CYP2D6",voltage-gated sodium channel blocker,Cc1ccc(C(=O)C(C)CN2CCCCC2)cc1,22448,FSKFPVLPFLJRQB-UHFFFAOYSA-N,Cc1ccc(C(=O)C(C)CN2CCCCC2)cc1,True,True,557
FSPQCTGGIANIJZ-UHFFFAOYSA-N,TCS-359,BRD-K81376179-001-04-8,1,HTS,FLT3,FLT3 inhibitor,COc1ccc(C(=O)Nc2sc3c(c2C(N)=O)CCCC3)cc1OC,22487,FSPQCTGGIANIJZ-UHFFFAOYSA-N,COc1ccc(C(=O)Nc2sc3c(c2C(N)=O)CCCC3)cc1OC,True,True,570
FSQKKOOTNAMONP-UHFFFAOYSA-N,acemetacin,BRD-K67563174-001-17-6,1,HTS,"PTGS1, PTGS2",cyclooxygenase inhibitor,COc1ccc2c(c1)c(CC(=O)OCC(=O)O)c(C)n2C(=O)c1ccc(Cl)cc1,22497,FSQKKOOTNAMONP-UHFFFAOYSA-N,COc1ccc2c(c1)c(CC(=O)OCC(=O)O)c(C)n2C(=O)c1ccc(Cl)cc1,True,True,557
FSVJFNAIGNNGKK-UHFFFAOYSA-N,praziquantel,BRD-A21858158-001-23-5,1,HTS,,anthelmintic agent,O=C(C1CCCCC1)N1CC(=O)N2CCc3ccccc3C2C1,22525,FSVJFNAIGNNGKK-UHFFFAOYSA-N,O=C(C1CCCCC1)N1CC(=O)N2CCc3ccccc3C2C1,True,True,565
FSYKKLYZXJSNPZ-UHFFFAOYSA-N,sarcosine,BRD-K51263939-001-08-6,1,HTS,SLC6A9,Glycine transporter 1 inhibitor,CNCC(=O)O,22544,FSYKKLYZXJSNPZ-UHFFFAOYSA-N,CNCC(=O)O,True,True,569
FTALBRSUTCGOEG-UHFFFAOYSA-N,riluzole,BRD-K21283037-001-21-5,1,HTS,"KCNK10, KCNK2, KCNK4, KCNN4, SCN10A, SCN11A, SCN1A, SCN2A, SCN3A, SCN4A, SCN5A, SCN7A, SCN8A, SCN9A, SLC7A11",glutamate inhibitor,Nc1nc2ccc(OC(F)(F)F)cc2s1,22561,FTALBRSUTCGOEG-UHFFFAOYSA-N,N=c1[nH]c2ccc(OC(F)(F)F)cc2s1,True,True,565
FTFRZXFNZVCRSK-UHFFFAOYSA-N,BIBX-1382,BRD-K70914287-300-02-8,1,HTS,"EGFR, ERBB2",EGFR inhibitor,CN1CCC(Nc2ncc3ncnc(Nc4ccc(F)c(Cl)c4)c3n2)CC1,22597,FTFRZXFNZVCRSK-UHFFFAOYSA-N,CN1CCC(N=c2nc3c(=Nc4ccc(F)c(Cl)c4)[nH]cnc3c[nH]2)CC1,True,True,572
FTLDJPRFCGDUFH-UHFFFAOYSA-N,oxethazaine,BRD-K56940463-001-13-8,1,HTS,,local anesthetic,CN(C(=O)CN(CCO)CC(=O)N(C)C(C)(C)Cc1ccccc1)C(C)(C)Cc1ccccc1,22646,FTLDJPRFCGDUFH-UHFFFAOYSA-N,CN(C(=O)CN(CCO)CC(=O)N(C)C(C)(C)Cc1ccccc1)C(C)(C)Cc1ccccc1,True,True,565
FUBVWMNBEHXPSU-UHFFFAOYSA-N,moracizine,BRD-K21548250-003-19-1,1,HTS,SCN5A,sodium channel blocker,CCOC(=O)Nc1ccc2c(c1)N(C(=O)CCN1CCOCC1)c1ccccc1S2,22767,FUBVWMNBEHXPSU-UHFFFAOYSA-N,CCOC(=O)Nc1ccc2c(c1)N(C(=O)CCN1CCOCC1)c1ccccc1S2,True,True,565
FULAPETWGIGNMT-UHFFFAOYSA-N,firocoxib,BRD-K09090523-001-02-1,1,HTS,PTGS2,cyclooxygenase inhibitor,CC1(C)OC(=O)C(OCC2CC2)=C1c1ccc(S(C)(=O)=O)cc1,22842,FULAPETWGIGNMT-UHFFFAOYSA-N,CC1(C)OC(=O)C(OCC2CC2)=C1c1ccc(S(C)(=O)=O)cc1,True,True,570
FUSNMLFNXJSCDI-UHFFFAOYSA-N,tolnaftate,BRD-K44273375-001-25-0,1,HTS,,fungal squalene epoxidase inhibitor,Cc1cccc(N(C)C(=S)Oc2ccc3ccccc3c2)c1,22900,FUSNMLFNXJSCDI-UHFFFAOYSA-N,Cc1cccc(N(C)C(=S)Oc2ccc3ccccc3c2)c1,True,True,557
FUUFQLXAIUOWML-UHFFFAOYSA-N,nitarsone,BRD-K56707426-001-02-0,1,HTS,,,O=[N+]([O-])c1ccc([As](=O)(O)O)cc1,22918,FUUFQLXAIUOWML-UHFFFAOYSA-N,O=[N+]([O-])c1ccc([As](=O)(O)O)cc1,True,True,566
FUZYTVDVLBBXDL-UHFFFAOYSA-N,EX-527,BRD-A73908300-001-06-7,1,HTS,SIRT1,SIRT inhibitor,NC(=O)C1CCCc2c1[nH]c1ccc(Cl)cc21,22957,FUZYTVDVLBBXDL-UHFFFAOYSA-N,NC(=O)C1CCCc2c1[nH]c1ccc(Cl)cc21,True,True,574
FVNFBBAOMBJTST-UHFFFAOYSA-N,fenspiride,BRD-K26739552-003-15-4,1,HTS,,bronchodilator,O=C1NCC2(CCN(CCc3ccccc3)CC2)O1,23047,FVNFBBAOMBJTST-UHFFFAOYSA-N,O=C1NCC2(CCN(CCc3ccccc3)CC2)O1,True,True,550
FVRYPYDPKSZGNS-UHFFFAOYSA-N,ML347,BRD-K33892651-001-02-4,1,HTS,"ACVR1, ACVRL1, BMPR1A",ALK tyrosine kinase receptor inhibitor,COc1ccc(-c2cnc3c(-c4cccc5ncccc45)cnn3c2)cc1,23074,FVRYPYDPKSZGNS-UHFFFAOYSA-N,COc1ccc(-c2cnc3c(-c4cccc5ncccc45)cnn3c2)cc1,True,True,570
FVTWTVQXNAJTQP-UHFFFAOYSA-N,umeclidinium,BRD-K46692793-004-01-8,1,HTS,"CHRM1, CHRM2, CHRM3",acetylcholine receptor antagonist,OC(c1ccccc1)(c1ccccc1)C12CC[N+](CCOCc3ccccc3)(CC1)CC2,23082,FVTWTVQXNAJTQP-UHFFFAOYSA-N,OC(c1ccccc1)(c1ccccc1)C12CC[N+](CCOCc3ccccc3)(CC1)CC2,True,True,563
FVYXIJYOAGAUQK-UHFFFAOYSA-N,honokiol,BRD-K98493452-001-14-9,1,HTS,"ALOX5, PTGS1, PTGS2",AKT inhibitor,C=CCc1ccc(O)c(-c2ccc(O)c(CC=C)c2)c1,23107,FVYXIJYOAGAUQK-UHFFFAOYSA-N,C=CCc1ccc(O)c(-c2ccc(O)c(CC=C)c2)c1,True,True,574
FWCVZAQENIZVMY-UHFFFAOYSA-N,hemoglobin-modulators-1,BRD-K43639297-001-01-9,1,MTS004,,hemoglobin modulator,CC(C)n1nccc1-c1ncccc1COc1cccc(O)c1C=O,23141,FWCVZAQENIZVMY-UHFFFAOYSA-N,CC(C)n1nccc1-c1ncccc1COc1cccc(O)c1C=O,True,True,547
FWLMVFUGMHIOAA-UHFFFAOYSA-N,defactinib,BRD-K43578482-001-01-4,1,HTS,PTK2,focal adhesion kinase inhibitor,CNC(=O)c1ccc(Nc2ncc(C(F)(F)F)c(NCc3nccnc3N(C)S(C)(=O)=O)n2)cc1,23220,FWLMVFUGMHIOAA-UHFFFAOYSA-N,CNC(=O)c1ccc(N=c2[nH]cc(C(F)(F)F)c(=NCc3nccnc3N(C)S(C)(=O)=O)[nH]2)cc1,True,True,557
FXNFHKRTJBSTCS-UHFFFAOYSA-N,baicalein,BRD-K72327355-001-14-7,1,HTS,"ALOX5, GLO1, PREP, SELL, SELP, TNF, XDH",lipoxygenase inhibitor,O=c1cc(-c2ccccc2)oc2cc(O)c(O)c(O)c12,23419,FXNFHKRTJBSTCS-UHFFFAOYSA-N,O=c1cc(-c2ccccc2)oc2cc(O)c(O)c(O)c12,True,True,565
FYBHCRQFSFYWPY-UHFFFAOYSA-N,purmorphamine,BRD-K73397362-001-06-6,1,HTS,SMO,smoothened receptor agonist,c1ccc2c(Oc3nc(Nc4ccc(N5CCOCC5)cc4)c4ncn(C5CCCCC5)c4n3)cccc2c1,23527,FYBHCRQFSFYWPY-UHFFFAOYSA-N,c1ccc2c(Oc3nc(=Nc4ccc(N5CCOCC5)cc4)c4ncn(C5CCCCC5)c4[nH]3)cccc2c1,True,True,557
FYPMFJGVHOHGLL-UHFFFAOYSA-N,probucol,BRD-K72029282-001-22-0,1,HTS,"ABCA1, ABCB11, CES1",atherogenesis inhibitor,CC(C)(Sc1cc(C(C)(C)C)c(O)c(C(C)(C)C)c1)Sc1cc(C(C)(C)C)c(O)c(C(C)(C)C)c1,23634,FYPMFJGVHOHGLL-UHFFFAOYSA-N,CC(C)(Sc1cc(C(C)(C)C)c(O)c(C(C)(C)C)c1)Sc1cc(C(C)(C)C)c(O)c(C(C)(C)C)c1,True,True,565
FYSRKRZDBHOFAY-UHFFFAOYSA-N,VX-702,BRD-K07736136-001-04-6,1,HTS,"MAPK11, MAPK12, MAPK14",p38 MAPK inhibitor,NC(=O)c1ccc(N(C(N)=O)c2c(F)cccc2F)nc1-c1ccc(F)cc1F,23656,FYSRKRZDBHOFAY-UHFFFAOYSA-N,NC(=O)c1ccc(N(C(N)=O)c2c(F)cccc2F)nc1-c1ccc(F)cc1F,True,True,538
FZERHIULMFGESH-UHFFFAOYSA-N,acetanilide,BRD-K11094367-001-10-1,1,HTS,,hydrogen peroxide decomposition inhibitor,CC(=O)Nc1ccccc1,23727,FZERHIULMFGESH-UHFFFAOYSA-N,CC(=O)Nc1ccccc1,True,True,569
GAUHIPWCDXOLCZ-UHFFFAOYSA-N,NSC-697923,BRD-K20605374-001-05-4,1,HTS,UBE2N,ubiquitin-conjugating enzyme inhibitor,Cc1ccc(S(=O)(=O)c2ccc([N+](=O)[O-])o2)cc1,24029,GAUHIPWCDXOLCZ-UHFFFAOYSA-N,Cc1ccc(S(=O)(=O)c2ccc([N+](=O)[O-])o2)cc1,True,True,574
GAZGHCHCYRSPIV-UHFFFAOYSA-N,morinidazole,BRD-A40546373-001-01-8,1,MTS004,CYP51A1,other antibiotic,Cc1ncc([N+](=O)[O-])n1CC(O)CN1CCOCC1,24053,GAZGHCHCYRSPIV-UHFFFAOYSA-N,Cc1ncc([N+](=O)[O-])n1CC(O)CN1CCOCC1,True,True,548
GCIKSSRWRFVXBI-UHFFFAOYSA-N,tozasertib,BRD-K59369769-001-20-3,1,HTS,"AURKA, AURKB, AURKC, LCK","Aurora kinase inhibitor, Bcr-Abl kinase inhibitor, FLT3 inhibitor, JAK inhibitor",Cc1cc(Nc2cc(N3CCN(C)CC3)nc(Sc3ccc(NC(=O)C4CC4)cc3)n2)n[nH]1,24320,GCIKSSRWRFVXBI-UHFFFAOYSA-N,Cc1cc(=Nc2cc(N3CCN(C)CC3)nc(Sc3ccc(NC(=O)C4CC4)cc3)n2)[nH][nH]1,True,True,574
GCUCIFQCGJIRNT-UHFFFAOYSA-N,alrestatin,BRD-K35498378-001-06-1,1,HTS,AKR1B1,aldose reductase inhibitor,O=C(O)CN1C(=O)c2cccc3cccc(c23)C1=O,24392,GCUCIFQCGJIRNT-UHFFFAOYSA-N,O=C(O)CN1C(=O)c2cccc3cccc(c23)C1=O,True,True,571
GCYIGMXOIWJGBU-UHFFFAOYSA-N,AZD3463,BRD-K24593301-001-02-3,1,HTS,"ALK, IGF1R","ALK tyrosine kinase receptor inhibitor, insulin growth factor receptor inhibitor",COc1cc(N2CCC(N)CC2)ccc1Nc1ncc(Cl)c(-c2c[nH]c3ccccc23)n1,24432,GCYIGMXOIWJGBU-UHFFFAOYSA-N,COc1cc(N2CCC(N)CC2)ccc1N=c1nc(-c2c[nH]c3ccccc23)c(Cl)c[nH]1,True,True,538
GDLBFKVLRPITMI-UHFFFAOYSA-N,diazoxide,BRD-K73109821-001-20-1,1,HTS,"ATP1A1, CA1, CA2, KCNJ11, KCNJ8, KCNMA1, SLC12A3",potassium channel activator,CC1=Nc2ccc(Cl)cc2S(=O)(=O)N1,24536,GDLBFKVLRPITMI-UHFFFAOYSA-N,CC1=NS(=O)(=O)c2cc(Cl)ccc2N1,True,True,565
GDLIGKIOYRNHDA-UHFFFAOYSA-N,clomipramine,BRD-K52989797-003-26-4,1,HTS,"GSTP1, HTR2A, HTR2B, HTR2C, SLC6A2, SLC6A3, SLC6A4",serotonin transporter (SERT) inhibitor,CN(C)CCCN1c2ccccc2CCc2ccc(Cl)cc21,24538,GDLIGKIOYRNHDA-UHFFFAOYSA-N,CN(C)CCCN1c2ccccc2CCc2ccc(Cl)cc21,True,True,574
GDVRVPIXWXOKQO-UHFFFAOYSA-N,RKI-1447,BRD-K19333160-001-01-3,1,HTS,"CDC42BPA, DMPK, LIMK1, MYLK, PAK1, PKN1, ROCK1, ROCK2",rho associated kinase inhibitor,O=C(NCc1cccc(O)c1)Nc1nc(-c2ccncc2)cs1,24613,GDVRVPIXWXOKQO-UHFFFAOYSA-N,O=C(N=c1[nH]c(-c2ccncc2)cs1)NCc1cccc(O)c1,True,True,570
GECHUMIMRBOMGK-UHFFFAOYSA-N,sulfapyridine,BRD-K41406082-001-16-2,1,HTS,,PABA antagonist,Nc1ccc(S(=O)(=O)Nc2ccccn2)cc1,24662,GECHUMIMRBOMGK-UHFFFAOYSA-N,Nc1ccc(S(=O)(=O)N=c2cccc[nH]2)cc1,True,True,569
GFFGJBXGBJISGV-UHFFFAOYSA-N,adenine,BRD-K26060080-065-05-6,1,HTS,"ACACB, ACP1, APRT, MTAP, PECR, SRPK2",protein synthesis stimulant,Nc1ncnc2[nH]cnc12,24877,GFFGJBXGBJISGV-UHFFFAOYSA-N,N=c1[nH]cnc2[nH]cnc12,True,True,565
GFGSZUNNBQXGMK-UHFFFAOYSA-N,aklomide,BRD-K26807903-001-04-3,1,HTS,,,NC(=O)c1ccc([N+](=O)[O-])cc1Cl,24889,GFGSZUNNBQXGMK-UHFFFAOYSA-N,NC(=O)c1ccc([N+](=O)[O-])cc1Cl,True,True,569
GFLQCBTXTRCREJ-UHFFFAOYSA-N,CCT137690,BRD-K03289018-001-02-7,1,HTS,"AURKA, AURKB, AURKC",Aurora kinase inhibitor,Cc1cc(CN2CCN(c3c(Br)cnc4[nH]c(-c5ccc(N6CCN(C)CC6)cc5)nc34)CC2)no1,24924,GFLQCBTXTRCREJ-UHFFFAOYSA-N,Cc1cc(CN2CCN(c3c(Br)cnc4[nH]c(-c5ccc(N6CCN(C)CC6)cc5)nc34)CC2)no1,True,True,574
GFMMXOIFOQCCGU-UHFFFAOYSA-N,PD-184352,BRD-K05104363-001-10-0,1,HTS,"MAP2K1, MAP3K1, MAP3K2",MEK inhibitor,O=C(NOCC1CC1)c1ccc(F)c(F)c1Nc1ccc(I)cc1Cl,24932,GFMMXOIFOQCCGU-UHFFFAOYSA-N,O=C(NOCC1CC1)c1ccc(F)c(F)c1Nc1ccc(I)cc1Cl,True,True,550
GFNNBHLJANVSQV-UHFFFAOYSA-N,tyrphostin-AG-1478,BRD-K68336408-001-10-9,1,HTS,"EGFR, MAPK14",EGFR inhibitor,COc1cc2ncnc(Nc3cccc(Cl)c3)c2cc1OC,24943,GFNNBHLJANVSQV-UHFFFAOYSA-N,COc1cc2[nH]cnc(=Nc3cccc(Cl)c3)c2cc1OC,True,True,570
GGGDNPWHMNJRFN-UHFFFAOYSA-N,metrizoic-acid,BRD-K99241550-001-03-5,1,HTS,,radiopaque medium,CC(=O)Nc1c(I)c(C(=O)O)c(I)c(N(C)C(C)=O)c1I,25059,GGGDNPWHMNJRFN-UHFFFAOYSA-N,CC(=O)Nc1c(I)c(C(=O)O)c(I)c(N(C)C(C)=O)c1I,True,True,557
GGUSQTSTQSHJAH-UHFFFAOYSA-N,eliprodil,BRD-A61392169-001-02-7,1,HTS,"GRIN1, GRIN2B",glutamate receptor antagonist,OC(CN1CCC(Cc2ccc(F)cc2)CC1)c1ccc(Cl)cc1,25152,GGUSQTSTQSHJAH-UHFFFAOYSA-N,OC(CN1CCC(Cc2ccc(F)cc2)CC1)c1ccc(Cl)cc1,True,True,569
GGXKWVWZWMLJEH-UHFFFAOYSA-N,famciclovir,BRD-K45033733-001-12-2,1,HTS,,DNA polymerase inhibitor,CC(=O)OCC(CCn1cnc2cnc(N)nc21)COC(C)=O,25169,GGXKWVWZWMLJEH-UHFFFAOYSA-N,CC(=O)OCC(CCn1cnc2c[nH]c(=N)nc21)COC(C)=O,True,True,563
GHASVSINZRGABV-UHFFFAOYSA-N,5-fluorouracil,BRD-K24844714-001-24-5,1,HTS,"DPYD, TYMS",thymidylate synthase inhibitor,O=c1[nH]cc(F)c(=O)[nH]1,25185,GHASVSINZRGABV-UHFFFAOYSA-N,O=c1[nH]cc(F)c(=O)[nH]1,True,True,550
GHCCBWMZKJQGLS-UHFFFAOYSA-N,BRL-52537,BRD-A37347161-003-02-6,1,HTS,OPRK1,opioid receptor agonist,O=C(Cc1ccc(Cl)c(Cl)c1)N1CCCCC1CN1CCCC1,25196,GHCCBWMZKJQGLS-UHFFFAOYSA-N,O=C(Cc1ccc(Cl)c(Cl)c1)N1CCCCC1CN1CCCC1,True,True,571
GHMLBKRAJCXXBS-UHFFFAOYSA-N,resorcinol,BRD-K74190368-001-04-3,1,HTS,"CA12, CA14, CA2, PTGS1",phosphodiesterase inhibitor,Oc1cccc(O)c1,25276,GHMLBKRAJCXXBS-UHFFFAOYSA-N,Oc1cccc(O)c1,True,True,563
GHOSNRCGJFBJIB-UHFFFAOYSA-N,candesartan-cilextil,BRD-A65671304-001-07-5,1,HTS,"AGTR1, AGTR2",angiotensin receptor antagonist,CCOc1nc2cccc(C(=O)OC(C)OC(=O)OC3CCCCC3)c2n1Cc1ccc(-c2ccccc2-c2nnn[nH]2)cc1,25292,GHOSNRCGJFBJIB-UHFFFAOYSA-N,CCOc1nc2cccc(C(=O)OC(C)OC(=O)OC3CCCCC3)c2n1Cc1ccc(-c2ccccc2-c2nn[nH]n2)cc1,True,True,565
GHXZTYHSJHQHIJ-UHFFFAOYSA-N,chlorhexidine,BRD-K52256627-300-06-6,1,HTS,,membrane integrity inhibitor,N=C(NCCCCCCNC(=N)NC(=N)Nc1ccc(Cl)cc1)NC(=N)Nc1ccc(Cl)cc1,25357,GHXZTYHSJHQHIJ-UHFFFAOYSA-N,N=C(N=C(N)NCCCCCCN=C(N)N=C(N)Nc1ccc(Cl)cc1)Nc1ccc(Cl)cc1,True,True,569
GIFYKGIODMXYNT-UHFFFAOYSA-N,ML133,BRD-K33743361-003-02-6,1,HTS,,potassium channel blocker,COc1ccc(CNCc2cccc3ccccc23)cc1,25427,GIFYKGIODMXYNT-UHFFFAOYSA-N,COc1ccc(CNCc2cccc3ccccc23)cc1,True,True,574
GIMNAEMRNXUAQP-UHFFFAOYSA-N,zaltidine,BRD-K12261274-001-02-4,1,MTS004,HRH2,histamine receptor antagonist,Cc1ncc(-c2csc(NC(=N)N)n2)[nH]1,25472,GIMNAEMRNXUAQP-UHFFFAOYSA-N,Cc1nc(-c2csc(=NC(=N)N)[nH]2)c[nH]1,True,True,547
GIYAQDDTCWHPPL-UHFFFAOYSA-N,bromopride,BRD-K73642618-001-13-3,1,HTS,DRD2,dopamine receptor antagonist,CCN(CC)CCNC(=O)c1cc(Br)c(N)cc1OC,25579,GIYAQDDTCWHPPL-UHFFFAOYSA-N,CCN(CC)CCNC(=O)c1cc(Br)c(N)cc1OC,True,True,569
GJAWHXHKYYXBSV-UHFFFAOYSA-N,quinolinic-acid,BRD-K51885093-001-11-2,1,HTS,,glutamate receptor agonist,O=C(O)c1cccnc1C(=O)O,25603,GJAWHXHKYYXBSV-UHFFFAOYSA-N,O=C(O)c1cccnc1C(=O)O,True,True,574
GJJFMKBJSRMPLA-UHFFFAOYSA-N,milnacipran,BRD-A15202882-003-02-7,1,HTS,"GRIN1, GRIN2A, GRIN2B, GRIN2C, GRIN2D, GRIN3A, GRIN3B, SLC6A2, SLC6A4",serotonin-norepinephrine reuptake inhibitor (SNRI),CCN(CC)C(=O)C1(c2ccccc2)CC1CN,25661,GJJFMKBJSRMPLA-UHFFFAOYSA-N,CCN(CC)C(=O)C1(c2ccccc2)CC1CN,True,True,550
GJPICJJJRGTNOD-UHFFFAOYSA-N,bosentan,BRD-K74763371-002-04-0,1,HTS,"EDNRA, EDNRB",endothelin receptor antagonist,COc1ccccc1Oc1c(NS(=O)(=O)c2ccc(C(C)(C)C)cc2)nc(-c2ncccn2)nc1OCCO,25703,GJPICJJJRGTNOD-UHFFFAOYSA-N,COc1ccccc1Oc1c(OCCO)[nH]c(-c2ncccn2)nc1=NS(=O)(=O)c1ccc(C(C)(C)C)cc1,True,True,574
GJQPMPFPNINLKP-UHFFFAOYSA-N,diclofenamide,BRD-K71499074-001-12-9,1,HTS,"CA1, CA12, CA2, CA4, CA7",carbonic anhydrase inhibitor,NS(=O)(=O)c1cc(Cl)c(Cl)c(S(N)(=O)=O)c1,25712,GJQPMPFPNINLKP-UHFFFAOYSA-N,NS(=O)(=O)c1cc(Cl)c(Cl)c(S(N)(=O)=O)c1,True,True,573
GJSURZIOUXUGAL-UHFFFAOYSA-N,clonidine,BRD-K98530306-003-18-3,1,HTS,"ADRA1A, ADRA1B, ADRA1D, ADRA2A, ADRA2B, ADRA2C",adrenergic receptor agonist,Clc1cccc(Cl)c1N=C1NCCN1,25725,GJSURZIOUXUGAL-UHFFFAOYSA-N,Clc1cccc(Cl)c1NC1=NCCN1,True,True,570
GJUFPAZNBPFNRI-UHFFFAOYSA-N,SB-756050,BRD-K45168550-001-01-9,1,HTS,GPBAR1,G protein-coupled receptor agonist,COc1ccc(S(=O)(=O)N2CCCN(S(=O)(=O)c3ccc(OC)c(OC)c3)CC2)cc1OC,25731,GJUFPAZNBPFNRI-UHFFFAOYSA-N,COc1ccc(S(=O)(=O)N2CCCN(S(=O)(=O)c3ccc(OC)c(OC)c3)CC2)cc1OC,True,True,563
GKCBAIGFKIBETG-UHFFFAOYSA-N,tetracaine,BRD-K45071273-003-25-6,1,HTS,"SCN10A, SCN11A, SCN1A, SCN2A, SCN3A, SCN4A, SCN5A, SCN7A, SCN8A, SCN9A",membrane integrity inhibitor,CCCCNc1ccc(C(=O)OCCN(C)C)cc1,25782,GKCBAIGFKIBETG-UHFFFAOYSA-N,CCCCNc1ccc(C(=O)OCCN(C)C)cc1,True,True,557
GKHIVNAUVKXIIY-UHFFFAOYSA-N,KD025,BRD-K88506063-001-01-8,1,HTS,ROCK2,rho associated kinase inhibitor,CC(C)NC(=O)COc1cccc(-c2nc(Nc3ccc4[nH]ncc4c3)c3ccccc3n2)c1,25815,GKHIVNAUVKXIIY-UHFFFAOYSA-N,CC(C)NC(=O)COc1cccc(-c2nc(=Nc3ccc4[nH]ncc4c3)c3ccccc3[nH]2)c1,True,True,571
GKNPSSNBBWDAGH-UHFFFAOYSA-N,mepenzolate,BRD-A62421304-004-18-9,1,HTS,"CHRM1, CHRM3",acetylcholine receptor antagonist,C[N+]1(C)CCCC(OC(=O)C(O)(c2ccccc2)c2ccccc2)C1,25863,GKNPSSNBBWDAGH-UHFFFAOYSA-N,C[N+]1(C)CCCC(OC(=O)C(O)(c2ccccc2)c2ccccc2)C1,True,True,569
GKWPCEFFIHSJOE-UHFFFAOYSA-N,laquinimod,BRD-K60918217-001-03-8,1,HTS,CXCL2,immunosuppressant,CCN(C(=O)c1c(O)c2c(Cl)cccc2n(C)c1=O)c1ccccc1,25928,GKWPCEFFIHSJOE-UHFFFAOYSA-N,CCN(C(=O)c1c(O)c2c(Cl)cccc2n(C)c1=O)c1ccccc1,True,True,538
GLBJJMFZWDBELO-UHFFFAOYSA-N,pimobendan,BRD-A84575140-001-02-4,1,HTS,PDE3A,"calcium sensitizer, phosphodiesterase inhibitor",COc1ccc(-c2nc3cc(C4=NNC(=O)CC4C)ccc3[nH]2)cc1,25966,GLBJJMFZWDBELO-UHFFFAOYSA-N,COc1ccc(-c2nc3cc(C4=NNC(=O)CC4C)ccc3[nH]2)cc1,True,True,557
GLBZSOQDAOLMGC-UHFFFAOYSA-N,AMG458,BRD-K21782625-001-02-4; BRD-K21782625-001-03-2,2,HTS,MET,MET inhibitor,COc1ccc2c(Oc3ccc(NC(=O)c4c(C)n(CC(C)(C)O)n(-c5ccccc5)c4=O)nc3)ccnc2c1,25969,GLBZSOQDAOLMGC-UHFFFAOYSA-N,COc1ccc2c(Oc3ccc(=NC(=O)c4c(C)n(CC(C)(C)O)n(-c5ccccc5)c4=O)[nH]c3)ccnc2c1,True,True,567
GLEVLJDDWXEYCO-UHFFFAOYSA-N,trolox,BRD-A17846016-001-13-9,1,HTS,,antioxidant,Cc1c(C)c2c(c(C)c1O)CCC(C)(C(=O)O)O2,25987,GLEVLJDDWXEYCO-UHFFFAOYSA-N,Cc1c(C)c2c(c(C)c1O)CCC(C)(C(=O)O)O2,True,True,569
GLUUGHFHXGJENI-UHFFFAOYSA-N,piperazine,BRD-K13249881-001-02-3,1,HTS,GABRB3,benzodiazepine receptor agonist,C1CNCCN1,26104,GLUUGHFHXGJENI-UHFFFAOYSA-N,C1CNCCN1,True,True,550
GLVAUDGFNGKCSF-UHFFFAOYSA-N,mercaptopurine,BRD-K91601245-001-12-0,1,HTS,"HPRT1, IMPDH1, IMPDH2, PPAT","immunosuppressant, protein synthesis inhibitor, purine antagonist",S=c1[nH]cnc2nc[nH]c12,26105,GLVAUDGFNGKCSF-UHFFFAOYSA-N,S=c1[nH]cnc2[nH]cnc12,True,True,557
GMHKMTDVRCWUDX-UHFFFAOYSA-N,mephenytoin,BRD-A83937277-001-10-5,1,HTS,"SCN10A, SCN11A, SCN1A, SCN2A, SCN3A, SCN4A, SCN5A, SCN7A, SCN8A, SCN9A",hydantoin antiepileptic,CCC1(c2ccccc2)NC(=O)N(C)C1=O,26185,GMHKMTDVRCWUDX-UHFFFAOYSA-N,CCC1(c2ccccc2)NC(=O)N(C)C1=O,True,True,550
GMZVRMREEHBGGF-UHFFFAOYSA-N,piracetam,BRD-K19456237-001-27-6,1,HTS,"GRIA1, GRIA2, GRIA3, GRIA4",acetylcholine receptor agonist,NC(=O)CN1CCCC1=O,26306,GMZVRMREEHBGGF-UHFFFAOYSA-N,NC(=O)CN1CCCC1=O,True,True,565
GNBHRKFJIUUOQI-UHFFFAOYSA-N,fluorescein,BRD-K21913543-001-02-4,1,HTS,SLC22A6,,O=C1OC2(c3ccc(O)cc3Oc3cc(O)ccc32)c2ccccc21,26316,GNBHRKFJIUUOQI-UHFFFAOYSA-N,O=C1OC2(c3ccc(O)cc3Oc3cc(O)ccc32)c2ccccc21,True,True,568
GNXFOGHNGIVQEH-UHFFFAOYSA-N,methocarbamol,BRD-A31521121-001-26-4,1,HTS,CA1,muscle relaxant,COc1ccccc1OCC(O)COC(N)=O,26453,GNXFOGHNGIVQEH-UHFFFAOYSA-N,COc1ccccc1OCC(O)COC(N)=O,True,True,513
GOEMGAFJFRBGGG-UHFFFAOYSA-N,acebutolol,BRD-A29260609-003-26-0,1,HTS,"ADRB1, ADRB2",adrenergic receptor antagonist,CCCC(=O)Nc1ccc(OCC(O)CNC(C)C)c(C(C)=O)c1,26503,GOEMGAFJFRBGGG-UHFFFAOYSA-N,CCCC(=O)Nc1ccc(OCC(O)CNC(C)C)c(C(C)=O)c1,True,True,570
GOHCTCOGYKAJLZ-UHFFFAOYSA-N,CTEP,BRD-K30572193-001-02-0,1,HTS,GRM5,glutamate receptor antagonist,Cc1nc(C#Cc2ccnc(Cl)c2)c(C)n1-c1ccc(OC(F)(F)F)cc1,26522,GOHCTCOGYKAJLZ-UHFFFAOYSA-N,Cc1nc(C#Cc2ccnc(Cl)c2)c(C)n1-c1ccc(OC(F)(F)F)cc1,True,True,574
GOLXRNDWAUTYKT-UHFFFAOYSA-N,VP-20629,BRD-K21071223-001-02-8,1,HTS,"PLA2G2E, SLC36A1",beta amyloid antagonist,O=C(O)CCc1c[nH]c2ccccc12,26550,GOLXRNDWAUTYKT-UHFFFAOYSA-N,O=C(O)CCc1c[nH]c2ccccc12,True,True,565
GOTYRUGSSMKFNF-UHFFFAOYSA-N,lenalidomide,BRD-A17883755-001-06-1,1,HTS,"CDH5, CRBN, PTGS2, TNF, TNFSF11",anticancer agent,Nc1cccc2c1CN(C1CCC(=O)NC1=O)C2=O,26616,GOTYRUGSSMKFNF-UHFFFAOYSA-N,Nc1cccc2c1CN(C1CCC(=O)NC1=O)C2=O,True,True,572
GOVWOKSKFSBNGD-UHFFFAOYSA-N,ethopabate,BRD-K02475039-001-01-0,1,HTS,,antiprotozoal agent,CCOc1cc(NC(C)=O)ccc1C(=O)OC,26629,GOVWOKSKFSBNGD-UHFFFAOYSA-N,CCOc1cc(NC(C)=O)ccc1C(=O)OC,True,True,569
GOVYBPLHWIEHEJ-UHFFFAOYSA-N,tubastatin-a,BRD-K00627859-003-03-7,1,HTS,HDAC6,HDAC inhibitor,CN1CCc2c(c3ccccc3n2Cc2ccc(C(=O)NO)cc2)C1,26631,GOVYBPLHWIEHEJ-UHFFFAOYSA-N,CN1CCc2c(c3ccccc3n2Cc2ccc(C(O)=NO)cc2)C1,True,True,570
GPKJTRJOBQGKQK-UHFFFAOYSA-N,mepacrine,BRD-A45889380-300-07-1,1,HTS,"PLA2G1B, PLA2G4A, PLA2G6, PLCL1","cytokine production inhibitor, NFkB pathway inhibitor, TP53 activator",CCN(CC)CCCC(C)Nc1c2ccc(Cl)cc2nc2ccc(OC)cc12,26710,GPKJTRJOBQGKQK-UHFFFAOYSA-N,CCN(CC)CCCC(C)N=c1c2ccc(Cl)cc2[nH]c2ccc(OC)cc12,True,True,557
GPSZYOIFQZPWEJ-UHFFFAOYSA-N,CYC116,BRD-K64866502-001-03-9,1,HTS,"AURKA, AURKB, KDR",Aurora kinase inhibitor,Cc1nc(N)sc1-c1ccnc(Nc2ccc(N3CCOCC3)cc2)n1,26767,GPSZYOIFQZPWEJ-UHFFFAOYSA-N,Cc1[nH]c(=N)sc1-c1cc[nH]c(=Nc2ccc(N3CCOCC3)cc2)n1,True,True,565
GPTONYMQFTZPKC-UHFFFAOYSA-N,sulfameter,BRD-K87492696-001-16-5,1,HTS,DHFR,dihydrofolate reductase inhibitor,COc1cnc(NS(=O)(=O)c2ccc(N)cc2)nc1,26775,GPTONYMQFTZPKC-UHFFFAOYSA-N,COc1cnc(=NS(=O)(=O)c2ccc(N)cc2)[nH]c1,True,True,570
GPTXWRGISTZRIO-UHFFFAOYSA-N,chlorquinaldol,BRD-K90374350-001-09-2,1,HTS,,other antibiotic,Cc1ccc2c(Cl)cc(Cl)c(O)c2n1,26777,GPTXWRGISTZRIO-UHFFFAOYSA-N,Cc1ccc2c(Cl)cc(Cl)c(O)c2n1,True,True,557
GPXBXXGIAQBQNI-UHFFFAOYSA-N,vemurafenib,BRD-K56343971-001-10-6,1,HTS,"BRAF, RAF1",RAF inhibitor,CCCS(=O)(=O)Nc1ccc(F)c(C(=O)c2c[nH]c3ncc(-c4ccc(Cl)cc4)cc23)c1F,26796,GPXBXXGIAQBQNI-UHFFFAOYSA-N,CCCS(=O)(=O)Nc1ccc(F)c(C(=O)c2c[nH]c3ncc(-c4ccc(Cl)cc4)cc23)c1F,True,True,574
GSCPDZHWVNUUFI-UHFFFAOYSA-N,3-amino-benzamide,BRD-K08703257-001-12-1,1,HTS,PARP1,PARP inhibitor,NC(=O)c1cccc(N)c1,27177,GSCPDZHWVNUUFI-UHFFFAOYSA-N,NC(=O)c1cccc(N)c1,True,True,547
GSDSWSVVBLHKDQ-UHFFFAOYSA-N,ofloxacin,BRD-A24228527-213-01-9,1,HTS,TOP2A,bacterial DNA gyrase inhibitor,CC1COc2c(N3CCN(C)CC3)c(F)cc3c(=O)c(C(=O)O)cn1c23,27189,GSDSWSVVBLHKDQ-UHFFFAOYSA-N,CC1COc2c(N3CCN(C)CC3)c(F)cc3c(=O)c(C(=O)O)cn1c23,True,True,569
GSGVDKOCBKBMGG-UHFFFAOYSA-N,GS-39783,BRD-K75478907-001-02-3,1,HTS,GABBR1,GABA receptor modulator,CSc1nc(NC2CCCC2)c([N+](=O)[O-])c(NC2CCCC2)n1,27206,GSGVDKOCBKBMGG-UHFFFAOYSA-N,CSc1nc(=NC2CCCC2)c([N+](=O)[O-])c(NC2CCCC2)[nH]1,True,True,565
GSNOZLZNQMLSKJ-UHFFFAOYSA-N,trapidil,BRD-K95763993-001-19-3,1,HTS,PDGFRA,PDGFR tyrosine kinase receptor inhibitor,CCN(CC)c1cc(C)nc2ncnn12,27263,GSNOZLZNQMLSKJ-UHFFFAOYSA-N,CCN(CC)c1cc(C)nc2ncnn12,True,True,574
GTUIRORNXIOHQR-UHFFFAOYSA-N,BTZ043-racemate,BRD-A53037217-001-02-0,1,HTS,,DPRE1 inhibitor,CC1COC2(CCN(c3nc(=O)c4cc(C(F)(F)F)cc([N+](=O)[O-])c4s3)CC2)O1,27482,GTUIRORNXIOHQR-UHFFFAOYSA-N,CC1COC2(CCN(c3nc(=O)c4cc(C(F)(F)F)cc([N+](=O)[O-])c4s3)CC2)O1,True,True,565
GUGOEEXESWIERI-UHFFFAOYSA-N,terfenadine,BRD-A06352418-001-25-9,1,HTS,"CHRM1, CHRM2, CHRM3, CHRM4, CHRM5, HRH1, KCNH1, KCNH2",histamine receptor antagonist,CC(C)(C)c1ccc(C(O)CCCN2CCC(C(O)(c3ccccc3)c3ccccc3)CC2)cc1,27576,GUGOEEXESWIERI-UHFFFAOYSA-N,CC(C)(C)c1ccc(C(O)CCCN2CCC(C(O)(c3ccccc3)c3ccccc3)CC2)cc1,True,True,550
GUHPRPJDBZHYCJ-UHFFFAOYSA-N,tiaprofenic-acid,BRD-A72988804-001-11-1,1,MTS004,"PTGS1, PTGS2",cyclooxygenase inhibitor,CC(C(=O)O)c1ccc(C(=O)c2ccccc2)s1,27585,GUHPRPJDBZHYCJ-UHFFFAOYSA-N,CC(C(=O)O)c1ccc(C(=O)c2ccccc2)s1,True,True,548
GULNIHOSWFYMRN-UHFFFAOYSA-N,thonzylamine,BRD-K88405679-003-03-1,1,HTS,,antihistamine,COc1ccc(CN(CCN(C)C)c2ncccn2)cc1,27614,GULNIHOSWFYMRN-UHFFFAOYSA-N,COc1ccc(CN(CCN(C)C)c2ncccn2)cc1,True,True,569
GUTXTARXLVFHDK-UHFFFAOYSA-N,haloperidol-decanoate,BRD-K80859331-001-01-5,1,MTS004,"DRD2, DRD3, DRD4, HTR2A",psychoactive drug,CCCCCCCCCC(=O)OC1(c2ccc(Cl)cc2)CCN(CCCC(=O)c2ccc(F)cc2)CC1,27671,GUTXTARXLVFHDK-UHFFFAOYSA-N,CCCCCCCCCC(=O)OC1(c2ccc(Cl)cc2)CCN(CCCC(=O)c2ccc(F)cc2)CC1,True,True,547
GUUIRIMAQGOLHT-UHFFFAOYSA-N,LB42708,BRD-K18834913-001-01-1,1,HTS,,farnesyltransferase inhibitor,O=C(c1cn(Cc2cncn2Cc2ccc(Br)cc2)cc1-c1cccc2ccccc12)N1CCOCC1,27677,GUUIRIMAQGOLHT-UHFFFAOYSA-N,O=C(c1cn(Cc2cncn2Cc2ccc(Br)cc2)cc1-c1cccc2ccccc12)N1CCOCC1,True,True,571
GUXXEUUYCAYESJ-UHFFFAOYSA-N,torin-2,BRD-K68174511-001-06-6,1,HTS,MTOR,mTOR inhibitor,Nc1ccc(-c2ccc3ncc4ccc(=O)n(-c5cccc(C(F)(F)F)c5)c4c3c2)cn1,27708,GUXXEUUYCAYESJ-UHFFFAOYSA-N,N=c1ccc(-c2ccc3ncc4ccc(=O)n(-c5cccc(C(F)(F)F)c5)c4c3c2)c[nH]1,True,True,574
GVPIXRLYKVFFMK-UHFFFAOYSA-N,setiptiline,BRD-K36732695-001-01-9,1,HTS,"HRH1, HTR2A, HTR2C",adrenergic receptor antagonist,CN1CCC2=C(C1)c1ccccc1Cc1ccccc12,27833,GVPIXRLYKVFFMK-UHFFFAOYSA-N,CN1CCC2=C(C1)c1ccccc1Cc1ccccc12,True,True,572
GWOFUCIGLDBNKM-UHFFFAOYSA-N,glafenine,BRD-A38076815-003-10-3,1,HTS,CFTR,DeltaF508-CFTR Correctors,O=C(OCC(O)CO)c1ccccc1Nc1ccnc2cc(Cl)ccc12,27994,GWOFUCIGLDBNKM-UHFFFAOYSA-N,O=C(OCC(O)CO)c1ccccc1N=c1cc[nH]c2cc(Cl)ccc12,True,True,574
GYHCTFXIZSNGJT-UHFFFAOYSA-N,tolvaptan,BRD-A82035391-001-02-7,1,HTS,"AVPR1A, AVPR2",vasopressin receptor antagonist,Cc1ccccc1C(=O)Nc1ccc(C(=O)N2CCCC(O)c3cc(Cl)ccc32)c(C)c1,28280,GYHCTFXIZSNGJT-UHFFFAOYSA-N,Cc1ccccc1C(=O)Nc1ccc(C(=O)N2CCCC(O)c3cc(Cl)ccc32)c(C)c1,True,True,572
GYLDXIAOMVERTK-UHFFFAOYSA-N,MLN0128,BRD-K59317601-001-05-5,1,HTS,"MTOR, PIK3CA, PIK3CD, PIK3CG",mTOR inhibitor,CC(C)n1nc(-c2ccc3oc(N)nc3c2)c2c(N)ncnc21,28307,GYLDXIAOMVERTK-UHFFFAOYSA-N,CC(C)n1nc(-c2ccc3oc(=N)[nH]c3c2)c2c(=N)[nH]cnc21,True,True,574
GYQYAJJFPNQOOW-UHFFFAOYSA-N,gilteritinib,BRD-K72280606-001-01-2,1,MTS004,FLT3,FLT3 inhibitor,CCc1nc(C(N)=O)c(Nc2ccc(N3CCC(N4CCN(C)CC4)CC3)c(OC)c2)nc1NC1CCOCC1,28346,GYQYAJJFPNQOOW-UHFFFAOYSA-N,CCc1nc(C(N)=O)c(=Nc2ccc(N3CCC(N4CCN(C)CC4)CC3)c(OC)c2)[nH]c1NC1CCOCC1,True,True,548
GZKLJWGUPQBVJQ-UHFFFAOYSA-N,sertindole,BRD-K69116396-001-04-1,1,HTS,"ADRA1A, ADRA1B, ADRA1D, DRD2, DRD3, DRD4, HRH1, HTR1A, HTR1B, HTR1D, HTR1E, HTR1F, HTR2A, HTR2C, HTR6, KCNH2","dopamine receptor antagonist, serotonin receptor antagonist",O=C1NCCN1CCN1CCC(c2cn(-c3ccc(F)cc3)c3ccc(Cl)cc23)CC1,28473,GZKLJWGUPQBVJQ-UHFFFAOYSA-N,O=C1NCCN1CCN1CCC(c2cn(-c3ccc(F)cc3)c3ccc(Cl)cc23)CC1,True,True,565
GZUITABIAKMVPG-UHFFFAOYSA-N,raloxifene,BRD-K63828191-003-32-1,1,HTS,"ESR1, ESR2","estrogen receptor antagonist, selective estrogen receptor modulator (SERM)",O=C(c1ccc(OCCN2CCCCC2)cc1)c1c(-c2ccc(O)cc2)sc2cc(O)ccc12,28549,GZUITABIAKMVPG-UHFFFAOYSA-N,O=C(c1ccc(OCCN2CCCCC2)cc1)c1c(-c2ccc(O)cc2)sc2cc(O)ccc12,True,True,574
HAMNKKUPIHEESI-UHFFFAOYSA-N,aminoguanidine,BRD-K25114078-003-08-1,1,HTS,NOS2,nitric oxide synthase inhibitor,N=C(N)NN,28668,HAMNKKUPIHEESI-UHFFFAOYSA-N,N=C(N)NN,True,True,571
HAPOVYFOVVWLRS-UHFFFAOYSA-N,ethosuximide,BRD-A99633051-001-07-0,1,HTS,"CACNA1G, CACNA1H, CACNA1I",succinimide antiepileptic,CCC1(C)CC(=O)NC1=O,28689,HAPOVYFOVVWLRS-UHFFFAOYSA-N,CCC1(C)CC(=O)NC1=O,True,True,570
HAWPXGHAZFHHAD-UHFFFAOYSA-N,mechlorethamine,BRD-K12829205-003-02-8,1,HTS,,DNA inhibitor,CN(CCCl)CCCl,28751,HAWPXGHAZFHHAD-UHFFFAOYSA-N,CN(CCCl)CCCl,True,True,538
HAYYBYPASCDWEQ-UHFFFAOYSA-N,entrectinib,BRD-K39009484-001-01-4,1,MTS004,"ALK, NTRK1, NTRK2, NTRK3, ROS1","ALK tyrosine kinase receptor inhibitor, proto-oncogene tyrosine protein kinase inhibitor",CN1CCN(c2ccc(C(=O)Nc3n[nH]c4ccc(Cc5cc(F)cc(F)c5)cc34)c(NC3CCOCC3)c2)CC1,28771,HAYYBYPASCDWEQ-UHFFFAOYSA-N,CN1CCN(c2ccc(C(=O)N=c3[nH][nH]c4ccc(Cc5cc(F)cc(F)c5)cc34)c(NC3CCOCC3)c2)CC1,True,True,547
HBBVCKCCQCQCTJ-UHFFFAOYSA-N,L-165041,BRD-K98372770-001-08-2,1,HTS,PPARD,PPAR receptor agonist,CCCc1c(OCCCOc2ccc(OCC(=O)O)cc2)ccc(C(C)=O)c1O,28790,HBBVCKCCQCQCTJ-UHFFFAOYSA-N,CCCc1c(OCCCOc2ccc(OCC(=O)O)cc2)ccc(C(C)=O)c1O,True,True,565
HCAJEUSONLESMK-UHFFFAOYSA-N,cyclamic-acid,BRD-K50785021-001-02-1,1,HTS,,,O=S(=O)(O)NC1CCCCC1,28986,HCAJEUSONLESMK-UHFFFAOYSA-N,O=S(=O)(O)NC1CCCCC1,True,True,574
HCFDWZZGGLSKEP-UHFFFAOYSA-N,doxylamine,BRD-A44008656-036-25-8,1,HTS,"CHRM1, HRH1",histamine receptor antagonist,CN(C)CCOC(C)(c1ccccc1)c1ccccn1,29024,HCFDWZZGGLSKEP-UHFFFAOYSA-N,CN(C)CCOC(C)(c1ccccc1)c1ccccn1,True,True,569
HCIBTBXNLVOFER-UHFFFAOYSA-N,diphencyprone,BRD-K51730347-001-06-4,1,MTS004,,immunostimulant,O=c1c(-c2ccccc2)c1-c1ccccc1,29056,HCIBTBXNLVOFER-UHFFFAOYSA-N,O=c1c(-c2ccccc2)c1-c1ccccc1,True,True,548
HCYAFALTSJYZDH-UHFFFAOYSA-N,desipramine,BRD-K60762818-003-26-0,1,MTS004,"ADRA1A, ADRA1B, ADRA1D, ADRA2A, ADRA2B, ADRA2C, ADRB1, ADRB2, CHRM1, CHRM2, CHRM3, CHRM4, CHRM5, DRD2, HRH1, HTR1A, HTR2A, HTR2C, SLC6A2, SLC6A4, SMPD1",tricyclic antidepressant,CNCCCN1c2ccccc2CCc2ccccc21,29158,HCYAFALTSJYZDH-UHFFFAOYSA-N,CNCCCN1c2ccccc2CCc2ccccc21,True,True,547
HCYFGRCYSCXKNQ-UHFFFAOYSA-N,acefylline,BRD-K44004064-001-07-3,1,HTS,ADORA1,adenosine receptor agonist,Cn1c(=O)c2c(ncn2CC(=O)O)n(C)c1=O,29159,HCYFGRCYSCXKNQ-UHFFFAOYSA-N,Cn1c(=O)c2c(ncn2CC(=O)O)n(C)c1=O,True,True,565
HCZHHEIFKROPDY-UHFFFAOYSA-N,kynurenic-acid,BRD-K85872723-001-15-9,1,HTS,"GPR35, GRIN1, GRIN2A, GRIN2B",glutamate receptor antagonist,O=C(O)c1cc(O)c2ccccc2n1,29165,HCZHHEIFKROPDY-UHFFFAOYSA-N,O=C(O)c1cc(=O)c2ccccc2[nH]1,True,True,574
HCZKYJDFEPMADG-UHFFFAOYSA-N,masoprocol,BRD-A87130939-001-07-9,1,HTS,ALOX5,lipoxygenase inhibitor,CC(Cc1ccc(O)c(O)c1)C(C)Cc1ccc(O)c(O)c1,29169,HCZKYJDFEPMADG-UHFFFAOYSA-N,CC(Cc1ccc(O)c(O)c1)C(C)Cc1ccc(O)c(O)c1,True,True,548
HDDSHPAODJUKPD-UHFFFAOYSA-N,fenbendazole,BRD-K51318897-001-15-3,1,HTS,TUBB,tubulin polymerization inhibitor,COC(=O)Nc1nc2ccc(Sc3ccccc3)cc2[nH]1,29205,HDDSHPAODJUKPD-UHFFFAOYSA-N,COC(=O)N=c1[nH]c2ccc(Sc3ccccc3)cc2[nH]1,True,True,550
HDOZVRUNCMBHFH-UHFFFAOYSA-N,zotepine,BRD-K64557645-001-02-4,1,HTS,"ADRA2B, DRD2, DRD3, DRD4, HRH1, HTR1A, HTR1B, HTR1D, HTR1E, HTR2A, HTR2C, HTR6, HTR7, SLC6A2, SLC6A4","dopamine receptor antagonist, serotonin receptor antagonist",CN(C)CCOC1=Cc2ccccc2Sc2ccc(Cl)cc21,29281,HDOZVRUNCMBHFH-UHFFFAOYSA-N,CN(C)CCOC1=Cc2ccccc2Sc2ccc(Cl)cc21,True,True,574
HDWIHXWEUNVBIY-UHFFFAOYSA-N,bendroflumethiazide,BRD-A80017228-001-25-7,1,HTS,"CA1, CA2, CA4, KCNMA1, SLC12A1, SLC12A3",sodium/potassium/chloride transporter inhibitor,NS(=O)(=O)c1cc2c(cc1C(F)(F)F)NC(Cc1ccccc1)NS2(=O)=O,29328,HDWIHXWEUNVBIY-UHFFFAOYSA-N,NS(=O)(=O)c1cc2c(cc1C(F)(F)F)NC(Cc1ccccc1)NS2(=O)=O,True,True,573
HEAIZQNMNCHNFD-UHFFFAOYSA-N,AMG-208,BRD-K32285926-001-02-1,1,HTS,MET,tyrosine kinase inhibitor,COc1ccc2c(OCc3nnc4ccc(-c5ccccc5)nn34)ccnc2c1,29352,HEAIZQNMNCHNFD-UHFFFAOYSA-N,COc1ccc2c(OCc3nnc4ccc(-c5ccccc5)nn34)ccnc2c1,True,True,563
HEFNNWSXXWATRW-UHFFFAOYSA-N,ibuprofen,BRD-A17655518-001-24-4,1,HTS,"PTGS1, PTGS2",cyclooxygenase inhibitor,CC(C)Cc1ccc(C(C)C(=O)O)cc1,29394,HEFNNWSXXWATRW-UHFFFAOYSA-N,CC(C)Cc1ccc(C(C)C(=O)O)cc1,True,True,572
HEKAIDKUDLCBRU-UHFFFAOYSA-N,TAK-715,BRD-K52751261-001-06-1,1,HTS,MAPK14,p38 MAPK inhibitor,CCc1nc(-c2cccc(C)c2)c(-c2ccnc(NC(=O)c3ccccc3)c2)s1,29417,HEKAIDKUDLCBRU-UHFFFAOYSA-N,CCc1nc(-c2cccc(C)c2)c(-c2cc[nH]c(=NC(=O)c3ccccc3)c2)s1,True,True,569
HELCSESNNDZLFM-UHFFFAOYSA-N,4-IBP,BRD-K62537556-001-02-5,1,HTS,SIGMAR1,sigma receptor agonist,O=C(NC1CCN(Cc2ccccc2)CC1)c1ccc(I)cc1,29424,HELCSESNNDZLFM-UHFFFAOYSA-N,O=C(NC1CCN(Cc2ccccc2)CC1)c1ccc(I)cc1,True,True,563
HEMJJKBWTPKOJG-UHFFFAOYSA-N,gemfibrozil,BRD-K11129031-001-27-5,1,HTS,"LPL, PPARA, SLCO1B1, SLCO1B3, SLCO2B1",lipoprotein lipase activator,Cc1ccc(C)c(OCCCC(C)(C)C(=O)O)c1,29432,HEMJJKBWTPKOJG-UHFFFAOYSA-N,Cc1ccc(C)c(OCCCC(C)(C)C(=O)O)c1,True,True,544
HEQDZPHDVAOBLN-UHFFFAOYSA-N,HC-030031,BRD-K73815512-001-02-5,1,HTS,TRPA1,TRPA1 channel blocker,CC(C)c1ccc(NC(=O)Cn2cnc3c2c(=O)n(C)c(=O)n3C)cc1,29459,HEQDZPHDVAOBLN-UHFFFAOYSA-N,CC(C)c1ccc(NC(=O)Cn2cnc3c2c(=O)n(C)c(=O)n3C)cc1,True,True,574
HESLKTSGTIBHJU-UHFFFAOYSA-N,PF-573228,BRD-K79239947-001-06-8,1,HTS,"CDK1, CDK2, CDK7, GSK3B, IKBKB",focal adhesion kinase inhibitor,CS(=O)(=O)c1cccc(CNc2nc(Nc3ccc4c(c3)CCC(=O)N4)ncc2C(F)(F)F)c1,29476,HESLKTSGTIBHJU-UHFFFAOYSA-N,CS(=O)(=O)c1cccc(CN=c2[nH]c(=Nc3ccc4c(c3)CCC(=O)N4)[nH]cc2C(F)(F)F)c1,True,True,565
HGGAKXAHAYOLDJ-UHFFFAOYSA-N,faropenem,BRD-A49622760-001-01-9,1,HTS,,lactamase inhibitor,CC(O)C1C(=O)N2C(C(=O)O)=C(C3CCCO3)SC12,29756,HGGAKXAHAYOLDJ-UHFFFAOYSA-N,CC(O)C1C(=O)N2C(C(=O)O)=C(C3CCCO3)SC12,True,True,557
HGVNLRPZOWWDKD-UHFFFAOYSA-N,ZSTK-474,BRD-K63068307-001-08-9,1,HTS,"PIK3CB, PIK3CD, PIK3CG",PI3K inhibitor,FC(F)c1nc2ccccc2n1-c1nc(N2CCOCC2)nc(N2CCOCC2)n1,29842,HGVNLRPZOWWDKD-UHFFFAOYSA-N,FC(F)c1nc2ccccc2n1-c1nc(N2CCOCC2)nc(N2CCOCC2)n1,True,True,565
HGXSLPIXNPASGZ-UHFFFAOYSA-N,IDO5L,BRD-K22356203-001-01-8,1,HTS,IDO1,"indoleamine 2,3-dioxygenase inhibitor",Nc1nonc1/C(=N\c1ccc(F)c(Cl)c1)NO,29858,HGXSLPIXNPASGZ-UHFFFAOYSA-N,N=c1[nH]onc1C(=NO)Nc1ccc(F)c(Cl)c1,True,True,574
HHVJBROTJWPHHX-UHFFFAOYSA-N,ki16198,BRD-A94323479-001-02-8,1,HTS,LPA,lipoprotein antagonist,COC(=O)CCSCc1ccc(-c2onc(C)c2NC(=O)OC(C)c2ccccc2Cl)cc1,30043,HHVJBROTJWPHHX-UHFFFAOYSA-N,COC(=O)CCSCc1ccc(-c2onc(C)c2NC(=O)OC(C)c2ccccc2Cl)cc1,True,True,574
HHZIURLSWUIHRB-UHFFFAOYSA-N,nilotinib,BRD-K81528515-001-13-8,1,HTS,"ABL1, KIT","Abl kinase inhibitor, Bcr-Abl kinase inhibitor",Cc1cn(-c2cc(NC(=O)c3ccc(C)c(Nc4nccc(-c5cccnc5)n4)c3)cc(C(F)(F)F)c2)cn1,30073,HHZIURLSWUIHRB-UHFFFAOYSA-N,Cc1cn(-c2cc(NC(=O)c3ccc(C)c(N=c4nc(-c5cccnc5)cc[nH]4)c3)cc(C(F)(F)F)c2)cn1,True,True,547
HIANJWSAHKJQTH-UHFFFAOYSA-N,pemirolast,BRD-K31731454-237-02-5,1,HTS,HRH1,mediator release inhibitor,Cc1cccn2c(=O)c(-c3nnn[nH]3)cnc12,30083,HIANJWSAHKJQTH-UHFFFAOYSA-N,Cc1cccn2c(=O)c(-c3nn[nH]n3)cnc12,True,True,563
HIDWEYPGMLIQSN-UHFFFAOYSA-N,RS-102895,BRD-K83063356-003-02-5,1,HTS,CCR2,CCR antagonist,O=C1Nc2ccccc2C2(CCN(CCc3ccc(C(F)(F)F)cc3)CC2)O1,30106,HIDWEYPGMLIQSN-UHFFFAOYSA-N,O=C1Nc2ccccc2C2(CCN(CCc3ccc(C(F)(F)F)cc3)CC2)O1,True,True,565
HJBWBFZLDZWPHF-UHFFFAOYSA-N,apalutamide,BRD-K91308639-001-02-7,1,HTS,,androgen receptor antagonist,CNC(=O)c1ccc(N2C(=S)N(c3cnc(C#N)c(C(F)(F)F)c3)C(=O)C23CCC3)cc1F,30276,HJBWBFZLDZWPHF-UHFFFAOYSA-N,CNC(=O)c1ccc(N2C(=S)N(c3cnc(C#N)c(C(F)(F)F)c3)C(=O)C23CCC3)cc1F,True,True,571
HJJPJSXJAXAIPN-UHFFFAOYSA-N,arecoline,BRD-K88646909-004-16-2,1,HTS,"CHRM1, CHRM2, CHRM3, CHRM4",acetylcholine receptor agonist,COC(=O)C1=CCCN(C)C1,30331,HJJPJSXJAXAIPN-UHFFFAOYSA-N,COC(=O)C1=CCCN(C)C1,True,True,569
HJLSLZFTEKNLFI-UHFFFAOYSA-N,tinidazole,BRD-K89125793-001-26-0,1,HTS,,antiprotozoal agent,CCS(=O)(=O)CCn1c([N+](=O)[O-])cnc1C,30343,HJLSLZFTEKNLFI-UHFFFAOYSA-N,CCS(=O)(=O)CCn1c([N+](=O)[O-])cnc1C,True,True,570
HJMQDJPMQIHLPB-UHFFFAOYSA-N,zardaverine,BRD-K37561857-001-15-5,1,HTS,PDE4D,phosphodiesterase inhibitor,COc1cc(-c2ccc(=O)[nH]n2)ccc1OC(F)F,30351,HJMQDJPMQIHLPB-UHFFFAOYSA-N,COc1cc(-c2ccc(=O)[nH]n2)ccc1OC(F)F,True,True,557
HJORMJIFDVBMOB-UHFFFAOYSA-N,rolipram,BRD-A34255068-001-34-5,1,HTS,,phosphodiesterase inhibitor,COc1ccc(C2CNC(=O)C2)cc1OC1CCCC1,30365,HJORMJIFDVBMOB-UHFFFAOYSA-N,COc1ccc(C2CNC(=O)C2)cc1OC1CCCC1,True,True,565
HJQILFPVRNHTIG-UHFFFAOYSA-N,tolimidone,BRD-K41772907-001-01-2,1,HTS,"LYN, SRC",src activator,Cc1cccc(Oc2cnc(=O)[nH]c2)c1,30381,HJQILFPVRNHTIG-UHFFFAOYSA-N,Cc1cccc(Oc2cnc(=O)[nH]c2)c1,True,True,574
HJSSPYJVWLTYHG-UHFFFAOYSA-N,SAR-245409,BRD-K75308783-001-07-0,1,HTS,"MTOR, PIK3CG",PI3K inhibitor,COc1cc(Nc2nc3ccccc3nc2NS(=O)(=O)c2ccc(NC(=O)c3ccc(C)c(OC)c3)cc2)cc(OC)c1,30405,HJSSPYJVWLTYHG-UHFFFAOYSA-N,COc1cc(N=c2[nH]c3ccccc3[nH]c2=NS(=O)(=O)c2ccc(NC(=O)c3ccc(C)c(OC)c3)cc2)cc(OC)c1,True,True,567
HJXMNVQARNZTEE-UHFFFAOYSA-N,butylphthalide,BRD-A59378440-001-01-3,1,MTS004,KCNK2,potassium channel antagonist,CCCCC1OC(=O)c2ccccc21,30444,HJXMNVQARNZTEE-UHFFFAOYSA-N,CCCCC1OC(=O)c2ccccc21,True,True,546
HKEAFJYKMMKDOR-UHFFFAOYSA-N,kakonein,BRD-A07815743-001-01-1,1,HTS,,"GABA receptor antagonist, serotonin receptor antagonist",O=c1c(-c2ccc(O)cc2)coc2c(C3OC(CO)C(O)C(O)C3O)c(O)ccc12,30493,HKEAFJYKMMKDOR-UHFFFAOYSA-N,O=c1c(-c2ccc(O)cc2)coc2c(C3OC(CO)C(O)C(O)C3O)c(O)ccc12,True,True,569
HKQYGTCOTHHOMP-UHFFFAOYSA-N,formononetin,BRD-K55567017-001-12-3,1,HTS,"ADH1C, SLC5A2",alcohol dehydrogenase inhibitor,COc1ccc(-c2coc3cc(O)ccc3c2=O)cc1,30574,HKQYGTCOTHHOMP-UHFFFAOYSA-N,COc1ccc(-c2coc3cc(O)ccc3c2=O)cc1,True,True,565
HLCDNLNLQNYZTK-UHFFFAOYSA-N,CGK-733,BRD-A50737080-001-03-0,1,HTS,"ATM, ATR","ATM kinase inhibitor, ATR kinase inhibitor",O=C(NC(NC(=S)Nc1ccc(F)c([N+](=O)[O-])c1)C(Cl)(Cl)Cl)C(c1ccccc1)c1ccccc1,30657,HLCDNLNLQNYZTK-UHFFFAOYSA-N,O=C(NC(NC(=S)Nc1ccc(F)c([N+](=O)[O-])c1)C(Cl)(Cl)Cl)C(c1ccccc1)c1ccccc1,True,True,570
HLFSDGLLUJUHTE-UHFFFAOYSA-N,tetramisole,BRD-A46393198-003-16-6,1,HTS,,immunostimulant,c1ccc(C2CN3CCSC3=N2)cc1,30674,HLFSDGLLUJUHTE-UHFFFAOYSA-N,c1ccc(C2CN3CCSC3=N2)cc1,True,True,569
HLMBXBGDBBCYII-UHFFFAOYSA-N,SKF-96365,BRD-A72703248-003-04-9,1,HTS,"CYP3A4, PKD2, TRPC1, TRPC3, TRPC4, TRPC5, TRPV2",calcium channel blocker,COc1ccc(CCCOC(Cn2ccnc2)c2ccc(OC)cc2)cc1,30725,HLMBXBGDBBCYII-UHFFFAOYSA-N,COc1ccc(CCCOC(Cn2ccnc2)c2ccc(OC)cc2)cc1,True,True,569
HLVVITIHAZBPKB-UHFFFAOYSA-N,"hydroxytacrine-maleate-(r,s)",BRD-A98299281-050-09-6,1,HTS,ACHE,cholinesterase inhibitor,Nc1c2c(nc3ccccc13)CCCC2O,30787,HLVVITIHAZBPKB-UHFFFAOYSA-N,N=c1c2c([nH]c3ccccc13)CCCC2O,True,True,565
HMABYWSNWIZPAG-UHFFFAOYSA-N,rucaparib,BRD-K88560311-011-06-3,1,HTS,"PARP1, PARP2",PARP inhibitor,CNCc1ccc(-c2[nH]c3cc(F)cc4c3c2CCNC4=O)cc1,30820,HMABYWSNWIZPAG-UHFFFAOYSA-N,CNCc1ccc(-c2[nH]c3cc(F)cc4c3c2CCNC4=O)cc1,True,True,565
HMEDEBAJARCKCT-UHFFFAOYSA-N,azosemide,BRD-K68770713-001-01-8,1,HTS,"SLC12A1, SLC12A2",electrolyte reabsorption inhibitor,NS(=O)(=O)c1cc(-c2nnn[nH]2)c(NCc2cccs2)cc1Cl,30844,HMEDEBAJARCKCT-UHFFFAOYSA-N,NS(=O)(=O)c1cc(-c2nn[nH]n2)c(NCc2cccs2)cc1Cl,True,True,560
HNIFCPBQMKPRCX-UHFFFAOYSA-N,PF-3274167,BRD-K31417912-001-01-9,1,MTS004,"AVPR1A, OXTR",oxytocin receptor antagonist,COCc1nnc(N2CC(Oc3ccc(F)cc3Cl)C2)n1-c1ccc(OC)nc1,31047,HNIFCPBQMKPRCX-UHFFFAOYSA-N,COCc1nnc(N2CC(Oc3ccc(F)cc3Cl)C2)n1-c1ccc(OC)nc1,True,True,548
HNJJXZKZRAWDPF-UHFFFAOYSA-N,methapyrilene,BRD-K47323024-003-24-4,1,HTS,HRH1,histamine receptor antagonist,CN(C)CCN(Cc1cccs1)c1ccccn1,31060,HNJJXZKZRAWDPF-UHFFFAOYSA-N,CN(C)CCN(Cc1cccs1)c1ccccn1,True,True,570
HOKDBMAJZXIPGC-UHFFFAOYSA-N,levomequitazine,BRD-A67616246-001-07-9,1,HTS,HRH1,histamine receptor antagonist,c1ccc2c(c1)Sc1ccccc1N2CC1CN2CCC1CC2,31259,HOKDBMAJZXIPGC-UHFFFAOYSA-N,c1ccc2c(c1)Sc1ccccc1N2CC1CN2CCC1CC2,True,True,569
HOMGKSMUEGBAAB-UHFFFAOYSA-N,ifosfamide,BRD-A67097164-001-18-7,1,HTS,"CYP2A6, CYP2B6, CYP2C18, CYP2C19, CYP2C8, CYP2C9, CYP3A4, CYP3A5, CYP3A7, PTGS1",DNA alkylating agent,O=P1(NCCCl)OCCCN1CCCl,31275,HOMGKSMUEGBAAB-UHFFFAOYSA-N,O=P1(NCCCl)OCCCN1CCCl,True,True,563
HOOSGZJRQIVJSZ-UHFFFAOYSA-N,clidinium,BRD-A46066006-004-22-6,1,HTS,"CHRM1, CHRM3",acetylcholine receptor antagonist,C[N+]12CCC(CC1)C(OC(=O)C(O)(c1ccccc1)c1ccccc1)C2,31294,HOOSGZJRQIVJSZ-UHFFFAOYSA-N,C[N+]12CCC(CC1)C(OC(=O)C(O)(c1ccccc1)c1ccccc1)C2,True,True,569
HPHBOJANXDKUQD-UHFFFAOYSA-N,cyacetacide,BRD-K39371216-001-01-3,1,HTS,,,N#CCC(=O)NN,31418,HPHBOJANXDKUQD-UHFFFAOYSA-N,N#CCC(=O)NN,True,True,569
HPJKCIUCZWXJDR-UHFFFAOYSA-N,letrozole,BRD-K88789588-001-14-9,1,HTS,CYP19A1,aromatase inhibitor,N#Cc1ccc(C(c2ccc(C#N)cc2)n2cncn2)cc1,31441,HPJKCIUCZWXJDR-UHFFFAOYSA-N,N#Cc1ccc(C(c2ccc(C#N)cc2)n2cncn2)cc1,True,True,569
HQFWVSGBVLEQGA-UHFFFAOYSA-N,butacaine,BRD-K99622919-001-23-0,1,HTS,,local anesthetic,CCCCN(CCCC)CCCOC(=O)c1ccc(N)cc1,31591,HQFWVSGBVLEQGA-UHFFFAOYSA-N,CCCCN(CCCC)CCCOC(=O)c1ccc(N)cc1,True,True,550
HQGWKNGAKBPTBX-UHFFFAOYSA-N,RX-821002,BRD-A65597028-003-07-3,1,HTS,"ADRA1A, ADRA1B, ADRA1D, ADRA2A, ADRA2B, ADRA2C",adrenergic receptor antagonist,COC1(C2=NCCN2)COc2ccccc2O1,31594,HQGWKNGAKBPTBX-UHFFFAOYSA-N,COC1(C2=NCCN2)COc2ccccc2O1,True,True,563
HQVZOORKDNCGCK-UHFFFAOYSA-N,clofoctol,BRD-K02900412-001-11-3,1,HTS,,protein synthesis inhibitor,CC(C)(C)CC(C)(C)c1ccc(O)c(Cc2ccc(Cl)cc2Cl)c1,31708,HQVZOORKDNCGCK-UHFFFAOYSA-N,CC(C)(C)CC(C)(C)c1ccc(O)c(Cc2ccc(Cl)cc2Cl)c1,True,True,565
HRJWTAWVFDCTGO-UHFFFAOYSA-N,LY2090314,BRD-K78055238-001-01-8,1,HTS,GSK3B,glycogen synthase kinase inhibitor,O=C1NC(=O)C(c2cnc3ccccn23)=C1c1cn2c3c(cc(F)cc13)CN(C(=O)N1CCCCC1)CC2,31816,HRJWTAWVFDCTGO-UHFFFAOYSA-N,O=C1NC(=O)C(c2cnc3ccccn23)=C1c1cn2c3c(cc(F)cc13)CN(C(=O)N1CCCCC1)CC2,True,True,563
HRNLUBSXIHFDHP-UHFFFAOYSA-N,mocetinostat,BRD-K16485616-001-08-9,1,HTS,"HDAC1, HDAC11, HDAC2, HDAC3",HDAC inhibitor,Nc1ccccc1NC(=O)c1ccc(CNc2nccc(-c3cccnc3)n2)cc1,31841,HRNLUBSXIHFDHP-UHFFFAOYSA-N,Nc1ccccc1NC(=O)c1ccc(CN=c2nc(-c3cccnc3)cc[nH]2)cc1,True,True,565
HRRBJVNMSRJFHQ-UHFFFAOYSA-N,naftopidil,BRD-A01787639-003-16-9,1,HTS,ADRA1A,adrenergic receptor antagonist,COc1ccccc1N1CCN(CC(O)COc2cccc3ccccc23)CC1,31866,HRRBJVNMSRJFHQ-UHFFFAOYSA-N,COc1ccccc1N1CCN(CC(O)COc2cccc3ccccc23)CC1,True,True,565
HRSANNODOVBCST-UHFFFAOYSA-N,pronethalol,BRD-A87715314-003-14-4,1,HTS,,adrenergic receptor antagonist,CC(C)NCC(O)c1ccc2ccccc2c1,31876,HRSANNODOVBCST-UHFFFAOYSA-N,CC(C)NCC(O)c1ccc2ccccc2c1,True,True,564
HSHNITRMYYLLCV-UHFFFAOYSA-N,hymecromone,BRD-K46424862-001-14-1,1,HTS,"MAOA, MAOB",monoamine oxidase inhibitor,Cc1cc(=O)oc2cc(O)ccc12,31986,HSHNITRMYYLLCV-UHFFFAOYSA-N,Cc1cc(=O)oc2cc(O)ccc12,True,True,563
HSJFYRYGGKLQBT-UHFFFAOYSA-N,guacetisal,BRD-K00739965-001-01-9,1,MTS004,,immunosuppressant,COc1ccccc1OC(=O)c1ccccc1OC(C)=O,32001,HSJFYRYGGKLQBT-UHFFFAOYSA-N,COc1ccccc1OC(=O)c1ccccc1OC(C)=O,True,True,547
HSMNQINEKMPTIC-UHFFFAOYSA-N,4-aminohippuric-acid,BRD-K65544384-001-15-8,1,HTS,SLC22A6,,Nc1ccc(C(=O)NCC(=O)O)cc1,32023,HSMNQINEKMPTIC-UHFFFAOYSA-N,Nc1ccc(C(=O)NCC(=O)O)cc1,True,True,569
HSMPDPBYAYSOBC-UHFFFAOYSA-N,khellin,BRD-K80353807-001-25-3,1,MTS004,,vasodilator,COc1c2occc2c(OC)c2c(=O)cc(C)oc12,32026,HSMPDPBYAYSOBC-UHFFFAOYSA-N,COc1c2occc2c(OC)c2c(=O)cc(C)oc12,True,True,548
HSRJKNPTNIJEKV-UHFFFAOYSA-N,guaifenesin,BRD-A90515964-001-16-5,1,HTS,,expectorant,COc1ccccc1OCC(O)CO,32063,HSRJKNPTNIJEKV-UHFFFAOYSA-N,COc1ccccc1OCC(O)CO,True,True,569
HSWPZIDYAHLZDD-UHFFFAOYSA-N,atipamezole,BRD-K39252998-003-01-5,1,HTS,,adrenergic receptor antagonist,CCC1(c2cnc[nH]2)Cc2ccccc2C1,32105,HSWPZIDYAHLZDD-UHFFFAOYSA-N,CCC1(c2c[nH]cn2)Cc2ccccc2C1,True,True,557
HTKFORQRBXIQHD-UHFFFAOYSA-N,allylthiourea,BRD-K89634775-001-09-9,1,HTS,,nitrification inhibitor,C=CCN=C(N)S,32195,HTKFORQRBXIQHD-UHFFFAOYSA-N,C=CCNC(N)=S,True,True,570
HTQMVQVXFRQIKW-UHFFFAOYSA-N,candesartan,BRD-K84091759-001-07-1,1,HTS,AGTR1,angiotensin receptor antagonist,CCOc1nc2cccc(C(=O)O)c2n1Cc1ccc(-c2ccccc2-c2nnn[nH]2)cc1,32249,HTQMVQVXFRQIKW-UHFFFAOYSA-N,CCOc1nc2cccc(C(=O)O)c2n1Cc1ccc(-c2ccccc2-c2nn[nH]n2)cc1,True,True,541
HTUBKQUPEREOGA-UHFFFAOYSA-N,PD-168393,BRD-K17702546-001-03-2,1,HTS,"EGFR, ERBB2, SRC",EGFR inhibitor,C=CC(=O)Nc1ccc2ncnc(Nc3cccc(Br)c3)c2c1,32275,HTUBKQUPEREOGA-UHFFFAOYSA-N,C=CC(=O)Nc1ccc2[nH]cnc(=Nc3cccc(Br)c3)c2c1,True,True,574
HUCJFAOMUPXHDK-UHFFFAOYSA-N,xylometazoline,BRD-K08356259-003-24-7,1,HTS,"ADRA1A, ADRA1B, ADRA1D, ADRA2A, ADRA2B, ADRA2C",adrenergic receptor agonist,Cc1cc(C(C)(C)C)cc(C)c1CC1=NCCN1,32338,HUCJFAOMUPXHDK-UHFFFAOYSA-N,Cc1cc(C(C)(C)C)cc(C)c1CC1=NCCN1,True,True,569
HUDWXDLBWRHCKO-UHFFFAOYSA-N,plurisin-#1,BRD-K99149715-001-01-6,1,HTS,SCD,stearoyl-CoA desaturase inhibitor,O=C(NNc1ccccc1)c1ccncc1,32355,HUDWXDLBWRHCKO-UHFFFAOYSA-N,O=C(NNc1ccccc1)c1ccncc1,True,True,571
HUFOZJXAKZVRNJ-UHFFFAOYSA-N,rociletinib,BRD-K33610132-001-02-9,1,HTS,EGFR,EGFR inhibitor,C=CC(=O)Nc1cccc(Nc2nc(Nc3ccc(N4CCN(C(C)=O)CC4)cc3OC)ncc2C(F)(F)F)c1,32372,HUFOZJXAKZVRNJ-UHFFFAOYSA-N,C=CC(=O)Nc1cccc(N=c2[nH]c(=Nc3ccc(N4CCN(C(C)=O)CC4)cc3OC)[nH]cc2C(F)(F)F)c1,True,True,564
HUNAOTXNHVALTN-UHFFFAOYSA-N,VER-49009,BRD-K38548312-001-01-0,1,HTS,HSP90AA1,HSP inhibitor,CCNC(=O)c1[nH]nc(-c2cc(Cl)c(O)cc2O)c1-c1ccc(OC)cc1,32413,HUNAOTXNHVALTN-UHFFFAOYSA-N,CCNC(=O)c1[nH]nc(-c2cc(Cl)c(O)cc2O)c1-c1ccc(OC)cc1,True,True,571
HUNGUWOZPQBXGX-UHFFFAOYSA-N,KX2-391,BRD-K29968218-001-03-2,1,HTS,SRC,"src inhibitor, tubulin polymerization inhibitor",O=C(Cc1ccc(-c2ccc(OCCN3CCOCC3)cc2)cn1)NCc1ccccc1,32416,HUNGUWOZPQBXGX-UHFFFAOYSA-N,O=C(Cc1ccc(-c2ccc(OCCN3CCOCC3)cc2)cn1)NCc1ccccc1,True,True,565
HUNIPYLVUPMFCZ-UHFFFAOYSA-N,mefexamide,BRD-K20655524-003-12-0,1,HTS,,psychoactive drug,CCN(CC)CCNC(=O)COc1ccc(OC)cc1,32417,HUNIPYLVUPMFCZ-UHFFFAOYSA-N,CCN(CC)CCNC(=O)COc1ccc(OC)cc1,True,True,550
HUPFGZXOMWLGNK-UHFFFAOYSA-N,diflunisal,BRD-K22031190-001-23-6,1,HTS,"PTGS1, PTGS2",prostanoid receptor antagonist,O=C(O)c1cc(-c2ccc(F)cc2F)ccc1O,32428,HUPFGZXOMWLGNK-UHFFFAOYSA-N,O=C(O)c1cc(-c2ccc(F)cc2F)ccc1O,True,True,569
HUQJRYMLJBBEDO-UHFFFAOYSA-N,JNJ-7777120,BRD-K17774839-001-02-9,1,HTS,HRH4,histamine receptor antagonist,CN1CCN(C(=O)c2cc3cc(Cl)ccc3[nH]2)CC1,32436,HUQJRYMLJBBEDO-UHFFFAOYSA-N,CN1CCN(C(=O)c2cc3cc(Cl)ccc3[nH]2)CC1,True,True,574
HUXYBQXJVXOMKX-UHFFFAOYSA-N,PHA-793887,BRD-K64800655-001-07-4,1,HTS,"CDK1, CDK2, CDK4, CDK5, CDK7, CDK9",CDK inhibitor,CC(C)CC(=O)Nc1n[nH]c2c1CN(C(=O)C1CCN(C)CC1)C2(C)C,32497,HUXYBQXJVXOMKX-UHFFFAOYSA-N,CC(C)CC(=O)N=c1[nH][nH]c2c1CN(C(=O)C1CCN(C)CC1)C2(C)C,True,True,574
HUYWAWARQUIQLE-UHFFFAOYSA-N,isoetharine,BRD-A24587114-066-22-5,1,HTS,"ADRB1, ADRB2",adrenergic receptor agonist,CCC(NC(C)C)C(O)c1ccc(O)c(O)c1,32506,HUYWAWARQUIQLE-UHFFFAOYSA-N,CCC(NC(C)C)C(O)c1ccc(O)c(O)c1,True,True,570
HWGBHCRJGXAGEU-UHFFFAOYSA-N,methylthiouracil,BRD-K11900042-001-14-4,1,HTS,,,Cc1cc(=O)[nH]c(=S)[nH]1,32731,HWGBHCRJGXAGEU-UHFFFAOYSA-N,Cc1cc(=O)[nH]c(=S)[nH]1,True,True,550
HWHLPVGTWGOCJO-UHFFFAOYSA-N,trihexyphenidyl,BRD-A48180038-003-24-3,1,HTS,"CHRM1, CHRM2, CHRM3, CHRM4, CHRM5",acetylcholine receptor antagonist,OC(CCN1CCCCC1)(c1ccccc1)C1CCCCC1,32737,HWHLPVGTWGOCJO-UHFFFAOYSA-N,OC(CCN1CCCCC1)(c1ccccc1)C1CCCCC1,True,True,569
HWJRIFZDXJKJJN-UHFFFAOYSA-N,OAC1,BRD-K10878147-001-02-2,1,HTS,,Oct activator,O=C(Nc1cc2cc[nH]c2cn1)c1ccccc1,32751,HWJRIFZDXJKJJN-UHFFFAOYSA-N,O=C(N=c1cc2cc[nH]c2c[nH]1)c1ccccc1,True,True,571
HWVNEWGKWRGSRK-UHFFFAOYSA-N,GW-0742,BRD-K82983861-001-04-3,1,HTS,PPARD,PPAR receptor agonist,Cc1cc(SCc2sc(-c3ccc(C(F)(F)F)c(F)c3)nc2C)ccc1OCC(=O)O,32829,HWVNEWGKWRGSRK-UHFFFAOYSA-N,Cc1cc(SCc2sc(-c3ccc(C(F)(F)F)c(F)c3)nc2C)ccc1OCC(=O)O,True,True,571
HWXIGFIVGWUZAO-UHFFFAOYSA-N,doxofylline,BRD-K70507123-001-09-7,1,HTS,"ADORA1, PDE4A, PDE4B, PDE4C, PDE4D",adenosine receptor antagonist,Cn1c(=O)c2c(ncn2CC2OCCO2)n(C)c1=O,32851,HWXIGFIVGWUZAO-UHFFFAOYSA-N,Cn1c(=O)c2c(ncn2CC2OCCO2)n(C)c1=O,True,True,572
HWYHZTIRURJOHG-UHFFFAOYSA-N,monosodium-alpha-luminol,BRD-K52559566-001-02-9,1,HTS,,,Nc1cccc2c(=O)[nH][nH]c(=O)c12,32858,HWYHZTIRURJOHG-UHFFFAOYSA-N,Nc1cccc2c(=O)[nH][nH]c(=O)c12,True,True,557
HXCNRYXBZNHDNE-UHFFFAOYSA-N,pirenperone,BRD-K25224017-001-25-0,1,HTS,"HTR2A, HTR7",serotonin receptor antagonist,Cc1nc2ccccn2c(=O)c1CCN1CCC(C(=O)c2ccc(F)cc2)CC1,32903,HXCNRYXBZNHDNE-UHFFFAOYSA-N,Cc1nc2ccccn2c(=O)c1CCN1CCC(C(=O)c2ccc(F)cc2)CC1,True,True,565
HXHWSAZORRCQMX-UHFFFAOYSA-N,albendazole,BRD-K79131256-001-17-9,1,HTS,"TUBA1A, TUBB, TUBB4B",tubulin polymerization inhibitor,CCCSc1ccc2[nH]c(NC(=O)OC)nc2c1,32945,HXHWSAZORRCQMX-UHFFFAOYSA-N,CCCSc1ccc2[nH]c(=NC(=O)OC)[nH]c2c1,True,True,574
HXLAFSUPPDYFEO-UHFFFAOYSA-N,bevantolol,BRD-A18233884-003-02-7,1,HTS,"ADRA1A, ADRB1, ADRB2",adrenergic receptor antagonist,COc1ccc(CCNCC(O)COc2cccc(C)c2)cc1OC,32974,HXLAFSUPPDYFEO-UHFFFAOYSA-N,COc1ccc(CCNCC(O)COc2cccc(C)c2)cc1OC,True,True,563
HXNFUBHNUDHIGC-UHFFFAOYSA-N,oxypurinol,BRD-K31841515-001-07-8,1,HTS,XDH,xanthine oxidase inhibitor,O=c1[nH]c(=O)c2c[nH]nc2[nH]1,32994,HXNFUBHNUDHIGC-UHFFFAOYSA-N,O=c1[nH]c(=O)c2c[nH]nc2[nH]1,True,True,561
HXQVQGWHFRNKMS-UHFFFAOYSA-M,thiomersal,BRD-K61443650-236-13-1,1,HTS,OXCT1,other antibiotic,C[CH2][Hg][S]c1ccccc1C(=O)O,33016,HXQVQGWHFRNKMS-UHFFFAOYSA-M,CC[Hg]Sc1ccccc1C(=O)O,True,True,574
HXYVTAGFYLMHSO-UHFFFAOYSA-N,palmitoylethanolamide,BRD-K68095457-001-10-1,1,HTS,"CNR2, GPR119, GPR55",cannabinoid receptor agonist,CCCCCCCCCCCCCCCC(=O)NCCO,33067,HXYVTAGFYLMHSO-UHFFFAOYSA-N,CCCCCCCCCCCCCCCC(=O)NCCO,True,True,565
HYHMLYSLQUKXKP-UHFFFAOYSA-N,ETC-1002,BRD-K63177377-001-01-8,1,MTS004,ACLY,AMPK inhibitor,CC(C)(CCCCCC(O)CCCCCC(C)(C)C(=O)O)C(=O)O,33140,HYHMLYSLQUKXKP-UHFFFAOYSA-N,CC(C)(CCCCCC(O)CCCCCC(C)(C)C(=O)O)C(=O)O,True,True,546
HYNBNUYQTQIHJK-UHFFFAOYSA-N,AZD2461,BRD-K85014146-001-02-5,1,HTS,,PARP inhibitor,COC1CCN(C(=O)c2cc(Cc3n[nH]c(=O)c4ccccc34)ccc2F)CC1,33179,HYNBNUYQTQIHJK-UHFFFAOYSA-N,COC1CCN(C(=O)c2cc(Cc3n[nH]c(=O)c4ccccc34)ccc2F)CC1,True,True,501
HYWYRSMBCFDLJT-UHFFFAOYSA-N,nimesulide,BRD-K76775527-001-30-2,1,HTS,"LTF, PLA2G2E, PTGS1, PTGS2",cyclooxygenase inhibitor,CS(=O)(=O)Nc1ccc([N+](=O)[O-])cc1Oc1ccccc1,33250,HYWYRSMBCFDLJT-UHFFFAOYSA-N,CS(=O)(=O)Nc1ccc([N+](=O)[O-])cc1Oc1ccccc1,True,True,574
HYYBABOKPJLUIN-UHFFFAOYSA-N,mefenamic-acid,BRD-K92778217-001-32-7,1,HTS,"KCNQ1, PTGS1, PTGS2, TRPM3",cyclooxygenase inhibitor,Cc1cccc(Nc2ccccc2C(=O)O)c1C,33258,HYYBABOKPJLUIN-UHFFFAOYSA-N,Cc1cccc(Nc2ccccc2C(=O)O)c1C,True,True,549
HZTYDQRUAWIZRE-UHFFFAOYSA-N,GSK1838705A,BRD-K06749501-001-02-1,1,HTS,"ALK, IGF1R, INSR, RPS6KA1",insulin growth factor receptor inhibitor,CNC(=O)c1c(F)cccc1Nc1nc(Nc2cc3c(cc2OC)CCN3C(=O)CN(C)C)nc2[nH]ccc12,33407,HZTYDQRUAWIZRE-UHFFFAOYSA-N,CNC(=O)c1c(F)cccc1N=c1[nH]c(=Nc2cc3c(cc2OC)CCN3C(=O)CN(C)C)[nH]c2[nH]ccc12,True,True,570
IAJBQAYHSQIQRE-UHFFFAOYSA-N,asaraldehyde,BRD-K88219015-001-10-8,1,HTS,PTGS2,cyclooxygenase inhibitor,COc1cc(OC)c(OC)cc1C=O,33520,IAJBQAYHSQIQRE-UHFFFAOYSA-N,COc1cc(OC)c(OC)cc1C=O,True,True,557
IASPBORHOMBZMY-UHFFFAOYSA-N,SRT1720,BRD-K95926480-003-03-6,1,HTS,SIRT1,SIRT activator,O=C(Nc1ccccc1-c1cn2c(CN3CCNCC3)csc2n1)c1cnc2ccccc2n1,33587,IASPBORHOMBZMY-UHFFFAOYSA-N,O=C(Nc1ccccc1-c1cn2c(CN3CCNCC3)csc2n1)c1cnc2ccccc2n1,True,True,565
IBAKVEUZKHOWNG-UHFFFAOYSA-N,EVP4593,BRD-K68395654-001-03-1,1,HTS,,NFkB pathway inhibitor,Nc1ccc2ncnc(NCCc3ccc(Oc4ccccc4)cc3)c2c1,33647,IBAKVEUZKHOWNG-UHFFFAOYSA-N,Nc1ccc2[nH]cnc(=NCCc3ccc(Oc4ccccc4)cc3)c2c1,True,True,574
IBCXZJCWDGCXQT-UHFFFAOYSA-N,LY364947,BRD-K06234293-001-04-2,1,HTS,TGFBR1,"TGF beta receptor inhibitor, p38 MAPK inhibitor",c1ccc(-c2n[nH]cc2-c2ccnc3ccccc23)nc1,33670,IBCXZJCWDGCXQT-UHFFFAOYSA-N,c1ccc(-c2[nH]ncc2-c2ccnc3ccccc23)nc1,True,True,563
IBPVXAOOVUAOKJ-UHFFFAOYSA-N,NVP-BSK805,BRD-K02017404-300-06-2,1,HTS,JAK2,JAK inhibitor,Fc1cc(-c2cccc3ncc(-c4cnn(C5CCNCC5)c4)nc23)cc(F)c1CN1CCOCC1,33753,IBPVXAOOVUAOKJ-UHFFFAOYSA-N,Fc1cc(-c2cccc3ncc(-c4cnn(C5CCNCC5)c4)nc23)cc(F)c1CN1CCOCC1,True,True,570
IBXPYPUJPLLOIN-UHFFFAOYSA-N,dimetridazole,BRD-K72728560-001-01-4,1,HTS,,bacterial DNA inhibitor,Cc1ncc([N+](=O)[O-])n1C,33811,IBXPYPUJPLLOIN-UHFFFAOYSA-N,Cc1ncc([N+](=O)[O-])n1C,True,True,570
ICFJFFQQTFMIBG-UHFFFAOYSA-N,phenformin,BRD-K11399644-003-11-3,1,HTS,"KCNJ8, PRKAA1",AMPK activator,N=C(N)NC(=N)NCCc1ccccc1,33864,ICFJFFQQTFMIBG-UHFFFAOYSA-N,N=C(N)N=C(N)NCCc1ccccc1,True,True,548
ICKFFNBDFNZJSX-UHFFFAOYSA-N,chloropyramine,BRD-K83257731-003-23-5,1,HTS,HRH1,histamine receptor antagonist,CN(C)CCN(Cc1ccc(Cl)cc1)c1ccccn1,33896,ICKFFNBDFNZJSX-UHFFFAOYSA-N,CN(C)CCN(Cc1ccc(Cl)cc1)c1ccccn1,True,True,570
ICMGLRUYEQNHPF-UHFFFAOYSA-N,urapidil,BRD-K73196317-003-14-8,1,HTS,HTR1A,adrenergic receptor antagonist,COc1ccccc1N1CCN(CCCNc2cc(=O)n(C)c(=O)n2C)CC1,33911,ICMGLRUYEQNHPF-UHFFFAOYSA-N,COc1ccccc1N1CCN(CCCNc2cc(=O)n(C)c(=O)n2C)CC1,True,True,572
ICMIJSRDISNKOC-UHFFFAOYSA-N,D-64131,BRD-K26997899-001-02-2,1,HTS,TUBB,microtubule inhibitor,COc1ccc2[nH]c(C(=O)c3ccccc3)cc2c1,33912,ICMIJSRDISNKOC-UHFFFAOYSA-N,COc1ccc2[nH]c(C(=O)c3ccccc3)cc2c1,True,True,574
ICUTUKXCWQYESQ-UHFFFAOYSA-N,triclocarban,BRD-K25029121-001-05-8,1,MTS004,,other antibiotic,O=C(Nc1ccc(Cl)cc1)Nc1ccc(Cl)c(Cl)c1,33962,ICUTUKXCWQYESQ-UHFFFAOYSA-N,O=C(Nc1ccc(Cl)cc1)Nc1ccc(Cl)c(Cl)c1,True,True,547
IDYZIJYBMGIQMJ-UHFFFAOYSA-N,enoxacin,BRD-K78113049-001-16-2,1,HTS,TOP2A,topoisomerase inhibitor,CCn1cc(C(=O)O)c(=O)c2cc(F)c(N3CCNCC3)nc21,34169,IDYZIJYBMGIQMJ-UHFFFAOYSA-N,CCn1cc(C(=O)O)c(=O)c2cc(F)c(N3CCNCC3)nc21,True,True,563
IEDVJHCEMCRBQM-UHFFFAOYSA-N,trimethoprim,BRD-K07208025-001-29-7,1,HTS,"DHFR, TYMS",dihydrofolate reductase inhibitor,COc1cc(Cc2cnc(N)nc2N)cc(OC)c1OC,34200,IEDVJHCEMCRBQM-UHFFFAOYSA-N,COc1cc(Cc2c[nH]c(=N)[nH]c2=N)cc(OC)c1OC,True,True,569
IEJXVRYNEISIKR-UHFFFAOYSA-N,apraclonidine,BRD-K38911213-003-01-6,1,HTS,"ADRA1A, ADRA2A, ADRA2B, ADRA2C",adrenergic receptor agonist,Nc1cc(Cl)c(NC2=NCCN2)c(Cl)c1,34244,IEJXVRYNEISIKR-UHFFFAOYSA-N,Nc1cc(Cl)c(NC2=NCCN2)c(Cl)c1,True,True,570
IENZFHBNCRQMNP-UHFFFAOYSA-N,PRX-08066,BRD-K16757695-050-02-5,1,HTS,HTR2B,serotonin receptor antagonist,N#Cc1cc(CN2CCC(Nc3ncnc4sc(Cl)cc34)CC2)ccc1F,34272,IENZFHBNCRQMNP-UHFFFAOYSA-N,N#Cc1cc(CN2CCC(N=c3[nH]cnc4sc(Cl)cc34)CC2)ccc1F,True,True,572
IENZQIKPVFGBNW-UHFFFAOYSA-N,prazosin,BRD-K49111258-003-29-7,1,HTS,"ADRA1A, ADRA1B, ADRA1D, ADRA2A, ADRA2B, ADRA2C, KCNH2, KCNH6, KCNH7",adrenergic receptor antagonist,COc1cc2nc(N3CCN(C(=O)c4ccco4)CC3)nc(N)c2cc1OC,34273,IENZQIKPVFGBNW-UHFFFAOYSA-N,COc1cc2[nH]c(N3CCN(C(=O)c4ccco4)CC3)nc(=N)c2cc1OC,True,True,567
IFIUFCJFLGCQPH-UHFFFAOYSA-N,BRL-50481,BRD-K84266862-001-03-2,1,HTS,"PDE7A, PDE7B",phosphodiesterase inhibitor,Cc1ccc([N+](=O)[O-])cc1S(=O)(=O)N(C)C,34416,IFIUFCJFLGCQPH-UHFFFAOYSA-N,Cc1ccc([N+](=O)[O-])cc1S(=O)(=O)N(C)C,True,True,569
IFRGXKKQHBVPCQ-UHFFFAOYSA-N,AT13387,BRD-K58435339-001-03-0,1,HTS,HSP90AA1,HSP antagonist,CC(C)c1cc(C(=O)N2Cc3ccc(CN4CCN(C)CC4)cc3C2)c(O)cc1O,34488,IFRGXKKQHBVPCQ-UHFFFAOYSA-N,CC(C)c1cc(C(=O)N2Cc3ccc(CN4CCN(C)CC4)cc3C2)c(O)cc1O,True,True,572
IGUBBWJDMLCRIK-UHFFFAOYSA-N,VS-4718,BRD-K09877029-001-01-2,1,HTS,,focal adhesion kinase inhibitor,CNC(=O)c1ccccc1Nc1cc(Nc2ccc(N3CCOCC3)cc2OC)ncc1C(F)(F)F,34668,IGUBBWJDMLCRIK-UHFFFAOYSA-N,CNC(=O)c1ccccc1N=c1cc(Nc2ccc(N3CCOCC3)cc2OC)[nH]cc1C(F)(F)F,True,True,571
IHAXLPDVOWLUOS-UHFFFAOYSA-N,setipiprant,BRD-K24497734-001-01-6,1,MTS004,PTGDR2,prostaglandin inhibitor,O=C(O)Cn1c2c(c3cc(F)ccc31)CN(C(=O)c1cccc3ccccc13)CC2,34716,IHAXLPDVOWLUOS-UHFFFAOYSA-N,O=C(O)Cn1c2c(c3cc(F)ccc31)CN(C(=O)c1cccc3ccccc13)CC2,True,True,547
IHLVSLOZUHKNMQ-UHFFFAOYSA-N,LY2109761,BRD-K47557313-001-02-7,1,HTS,"TGFBR1, TGFBR2",TGF beta receptor inhibitor,c1ccc(-c2nn3c(c2-c2ccnc4cc(OCCN5CCOCC5)ccc24)CCC3)nc1,34801,IHLVSLOZUHKNMQ-UHFFFAOYSA-N,c1ccc(-c2nn3c(c2-c2ccnc4cc(OCCN5CCOCC5)ccc24)CCC3)nc1,True,True,570
IHYZMEAZAIFMTN-UHFFFAOYSA-N,RN-1734,BRD-K95581532-001-01-5,1,HTS,TRPV4,TRPV antagonist,CC(C)NCCN(C(C)C)S(=O)(=O)c1ccc(Cl)cc1Cl,34888,IHYZMEAZAIFMTN-UHFFFAOYSA-N,CC(C)NCCN(C(C)C)S(=O)(=O)c1ccc(Cl)cc1Cl,True,True,565
IIBYAHWJQTYFKB-UHFFFAOYSA-N,bezafibrate,BRD-K46018455-001-27-6,1,HTS,"PPARA, PPARD, PPARG",PPAR receptor agonist,CC(C)(Oc1ccc(CCNC(=O)c2ccc(Cl)cc2)cc1)C(=O)O,34906,IIBYAHWJQTYFKB-UHFFFAOYSA-N,CC(C)(Oc1ccc(CCNC(=O)c2ccc(Cl)cc2)cc1)C(=O)O,True,True,557
IIHQNAXFIODVDU-UHFFFAOYSA-N,2-cyanopyrimidine,BRD-K95015809-001-02-8,1,HTS,,cathepsin inhibitor,N#Cc1ncccn1,34949,IIHQNAXFIODVDU-UHFFFAOYSA-N,N#Cc1ncccn1,True,True,550
IIXWYSCJSQVBQM-UHFFFAOYSA-N,PF-06463922,BRD-A23124853-001-01-4,1,MTS004,"ALK, FES, ROS1",ALK tyrosine kinase receptor inhibitor,CC1Oc2cc(cnc2N)-c2c(nn(C)c2C#N)CN(C)C(=O)c2ccc(F)cc21,35057,IIXWYSCJSQVBQM-UHFFFAOYSA-N,CC1Oc2cc(c[nH]c2=N)-c2c(nn(C)c2C#N)CN(C)C(=O)c2ccc(F)cc21,True,True,547
IJHNSHDBIRRJRN-UHFFFAOYSA-N,pheniramine,BRD-A23072235-050-18-5,1,HTS,HRH1,histamine receptor antagonist,CN(C)CCC(c1ccccc1)c1ccccn1,35133,IJHNSHDBIRRJRN-UHFFFAOYSA-N,CN(C)CCC(c1ccccc1)c1ccccn1,True,True,535
IJMBOKOTALXLKS-UHFFFAOYSA-N,molidustat,BRD-K01291782-001-01-1,1,MTS004,EGLN2,hypoxia inducible factor inhibitor,O=c1c(-n2ccnn2)c[nH]n1-c1cc(N2CCOCC2)ncn1,35162,IJMBOKOTALXLKS-UHFFFAOYSA-N,O=c1c(-n2ccnn2)c[nH]n1-c1cc(N2CCOCC2)ncn1,True,True,547
IJTPLVAAROHGGB-UHFFFAOYSA-N,broxaldine,BRD-K36222532-001-01-8,1,HTS,,,Cc1ccc2c(Br)cc(Br)c(OC(=O)c3ccccc3)c2n1,35195,IJTPLVAAROHGGB-UHFFFAOYSA-N,Cc1ccc2c(Br)cc(Br)c(OC(=O)c3ccccc3)c2n1,True,True,550
IKENVDNFQMCRTR-UHFFFAOYSA-N,conivaptan,BRD-K37385792-003-02-1,1,HTS,"AVPR1A, AVPR2",vasopressin receptor antagonist,Cc1nc2c([nH]1)-c1ccccc1N(C(=O)c1ccc(NC(=O)c3ccccc3-c3ccccc3)cc1)CC2,35275,IKENVDNFQMCRTR-UHFFFAOYSA-N,Cc1nc2c([nH]1)-c1ccccc1N(C(=O)c1ccc(NC(=O)c3ccccc3-c3ccccc3)cc1)CC2,True,True,554
IKMDFBPHZNJCSN-UHFFFAOYSA-N,myricetin,BRD-K43149758-001-22-7,1,HTS,PIK3CG,"androgen receptor agonist, cytochrome P450 inhibitor",O=c1c(O)c(-c2cc(O)c(O)c(O)c2)oc2cc(O)cc(O)c12,35322,IKMDFBPHZNJCSN-UHFFFAOYSA-N,O=c1c(O)c(-c2cc(O)c(O)c(O)c2)oc2cc(O)cc(O)c12,True,True,565
IKQCSJBQLWJEPU-UHFFFAOYSA-N,etamsylate,BRD-K71055333-224-05-8,1,HTS,,haemostatic agent,O=S(=O)(O)c1cc(O)ccc1O,35353,IKQCSJBQLWJEPU-UHFFFAOYSA-N,O=S(=O)(O)c1cc(O)ccc1O,True,True,557
ILAYIAGXTHKHNT-UHFFFAOYSA-N,dapivirine,BRD-K12885236-001-02-7,1,HTS,"CYP3A4, CYP3A5",non-nucleoside reverse transcriptase inhibitor,Cc1cc(C)c(Nc2ccnc(Nc3ccc(C#N)cc3)n2)c(C)c1,35452,ILAYIAGXTHKHNT-UHFFFAOYSA-N,Cc1cc(C)c(N=c2cc[nH]c(=Nc3ccc(C#N)cc3)[nH]2)c(C)c1,True,True,565
IMWZZHHPURKASS-UHFFFAOYSA-N,metaxalone,BRD-A94709349-001-08-3,1,HTS,,muscle relaxant,Cc1cc(C)cc(OCC2CNC(=O)O2)c1,35783,IMWZZHHPURKASS-UHFFFAOYSA-N,Cc1cc(C)cc(OCC2CNC(=O)O2)c1,True,True,570
IMXHGCRIEAKIBU-UHFFFAOYSA-N,WYE-354,BRD-K77008974-001-03-2,1,HTS,MTOR,mTOR inhibitor,COC(=O)Nc1ccc(-c2nc(N3CCOCC3)c3cnn(C4CCN(C(=O)OC)CC4)c3n2)cc1,35784,IMXHGCRIEAKIBU-UHFFFAOYSA-N,COC(=O)Nc1ccc(-c2nc(N3CCOCC3)c3cnn(C4CCN(C(=O)OC)CC4)c3n2)cc1,True,True,565
IMYZQPCYWPFTAG-UHFFFAOYSA-N,mecamylamine,BRD-A20119038-003-07-8,1,HTS,"CHRNA1, CHRNA2, CHRNA3, CHRNA4, CHRNA6, CHRNA7",acetylcholine receptor antagonist,CNC1(C)C2CCC(C2)C1(C)C,35799,IMYZQPCYWPFTAG-UHFFFAOYSA-N,CNC1(C)C2CCC(C2)C1(C)C,True,True,569
IMZMKUWMOSJXDT-UHFFFAOYSA-N,cromoglicic-acid,BRD-K20920669-304-09-1,1,HTS,"KCNMA1, S100P",immunosuppressant,O=C(O)c1cc(=O)c2c(OCC(O)COc3cccc4oc(C(=O)O)cc(=O)c34)cccc2o1,35802,IMZMKUWMOSJXDT-UHFFFAOYSA-N,O=C(O)c1cc(=O)c2c(OCC(O)COc3cccc4oc(C(=O)O)cc(=O)c34)cccc2o1,True,True,573
INASOKQDNHHMRE-UHFFFAOYSA-N,WAY-362450,BRD-K54640016-001-04-7,1,HTS,NR1H4,FXR agonist,CC(C)OC(=O)C1=CN(C(=O)c2ccc(F)c(F)c2)CC(C)(C)c2c1[nH]c1ccccc21,35808,INASOKQDNHHMRE-UHFFFAOYSA-N,CC(C)OC(=O)C1=CN(C(=O)c2ccc(F)c(F)c2)CC(C)(C)c2c1[nH]c1ccccc21,True,True,566
INDBQLZJXZLFIT-UHFFFAOYSA-N,primaquine,BRD-A55913614-316-09-6,1,HTS,"KRT7, NQO2","antimalarial agent, DNA inhibitor",COc1cc(NC(C)CCCN)c2ncccc2c1,35827,INDBQLZJXZLFIT-UHFFFAOYSA-N,COc1cc(NC(C)CCCN)c2ncccc2c1,True,True,574
INJOMKTZOLKMBF-UHFFFAOYSA-N,guanfacine,BRD-K32830106-001-02-6; BRD-K32830106-003-20-4,2,HTS,"ADRA2A, ADRA2B, ADRA2C",adrenergic receptor agonist,N=C(N)NC(=O)Cc1c(Cl)cccc1Cl,35869,INJOMKTZOLKMBF-UHFFFAOYSA-N,N=C(N)NC(=O)Cc1c(Cl)cccc1Cl,True,True,571
INVTYAOGFAGBOE-UHFFFAOYSA-N,entinostat,BRD-K77908580-001-09-6,1,HTS,"HDAC1, HDAC2, HDAC3, HDAC9",HDAC inhibitor,Nc1ccccc1NC(=O)c1ccc(CNC(=O)OCc2cccnc2)cc1,35956,INVTYAOGFAGBOE-UHFFFAOYSA-N,Nc1ccccc1NC(=O)c1ccc(CNC(=O)OCc2cccnc2)cc1,True,True,572
INWLQCZOYSRPNW-UHFFFAOYSA-N,mepivacaine,BRD-A03216249-003-24-3,1,HTS,SCN10A,"potassium channel blocker, sodium channel blocker",Cc1cccc(C)c1NC(=O)C1CCCCN1C,35965,INWLQCZOYSRPNW-UHFFFAOYSA-N,Cc1cccc(C)c1NC(=O)C1CCCCN1C,True,True,567
IPBCWPPBAWQYOO-UHFFFAOYSA-N,tetradecylthioacetic-acid,BRD-K47539947-001-03-7,1,HTS,,lipid peroxidase inhibitor,CCCCCCCCCCCCCCSCC(=O)O,36175,IPBCWPPBAWQYOO-UHFFFAOYSA-N,CCCCCCCCCCCCCCSCC(=O)O,True,True,569
IPEHBUMCGVEMRF-UHFFFAOYSA-N,pyrazinamide,BRD-K28667793-001-28-1,1,HTS,FASN,fatty acid synthase inhibitor,NC(=O)c1cnccn1,36206,IPEHBUMCGVEMRF-UHFFFAOYSA-N,NC(=O)c1cnccn1,True,True,570
IPEXHQGMTHOKQV-UHFFFAOYSA-N,SAR407899,BRD-K56912469-003-02-0,1,MTS004,ROCK1,rho associated kinase inhibitor,O=c1[nH]ccc2cc(OC3CCNCC3)ccc12,36210,IPEXHQGMTHOKQV-UHFFFAOYSA-N,O=c1[nH]ccc2cc(OC3CCNCC3)ccc12,True,True,548
IPOKCKJONYRRHP-UHFFFAOYSA-N,balsalazide,BRD-K41410256-304-02-2,1,HTS,"ALOX5, PPARG, PTGS1, PTGS2",cyclooxygenase inhibitor,O=C(O)CCNC(=O)c1ccc(N=Nc2ccc(O)c(C(=O)O)c2)cc1,36273,IPOKCKJONYRRHP-UHFFFAOYSA-N,O=C(O)CCNC(=O)c1ccc(N=Nc2ccc(O)c(C(=O)O)c2)cc1,True,True,557
IPWKIXLWTCNBKN-UHFFFAOYSA-N,ornidazole,BRD-A42759514-001-20-5,1,HTS,,antiprotozoal agent,Cc1ncc([N+](=O)[O-])n1CC(O)CCl,36340,IPWKIXLWTCNBKN-UHFFFAOYSA-N,Cc1ncc([N+](=O)[O-])n1CC(O)CCl,True,True,574
IPZFPROOBOUEIG-UHFFFAOYSA-N,amprolium,BRD-K90027121-003-01-7,1,HTS,,thiamine uptake blocker,CCCc1ncc(C[n+]2ccccc2C)c(N)n1,36361,IPZFPROOBOUEIG-UHFFFAOYSA-N,CCCc1nc(=N)c(C[n+]2ccccc2C)c[nH]1,True,True,571
IQADUMSPOQKAAO-UHFFFAOYSA-N,oxelaidin,BRD-K17977438-048-02-4,1,HTS,,antitussive,CCN(CC)CCOCCOC(=O)C(CC)(CC)c1ccccc1,36368,IQADUMSPOQKAAO-UHFFFAOYSA-N,CCN(CC)CCOCCOC(=O)C(CC)(CC)c1ccccc1,True,True,570
IQPNAANSBPBGFQ-UHFFFAOYSA-N,luteolin,BRD-K05236810-001-19-0,1,HTS,TOP1,glucosidase inhibitor,O=c1cc(-c2ccc(O)c(O)c2)oc2cc(O)cc(O)c12,36473,IQPNAANSBPBGFQ-UHFFFAOYSA-N,O=c1cc(-c2ccc(O)c(O)c2)oc2cc(O)cc(O)c12,True,True,568
IQPSEEYGBUAQFF-UHFFFAOYSA-N,pantoprazole,BRD-A22380646-236-05-8,1,HTS,ATP4A,ATPase inhibitor,COc1ccnc(CS(=O)c2nc3cc(OC(F)F)ccc3[nH]2)c1OC,36476,IQPSEEYGBUAQFF-UHFFFAOYSA-N,COc1ccnc(C[S+]([O-])c2nc3cc(OC(F)F)ccc3[nH]2)c1OC,True,True,565
IRSCQMHQWWYFCW-UHFFFAOYSA-N,ganciclovir,BRD-K22662435-001-18-3; BRD-K22662435-001-19-1,2,HTS,,DNA polymerase inhibitor,Nc1nc2c(ncn2COC(CO)CO)c(=O)[nH]1,36685,IRSCQMHQWWYFCW-UHFFFAOYSA-N,N=c1[nH]c(=O)c2ncn(COC(CO)CO)c2[nH]1,True,True,576
ISAKRJDGNUQOIC-UHFFFAOYSA-N,uracil,BRD-K80129304-001-08-1,1,HTS,"DPYD, UCKL1",,Oc1ccnc(O)n1,36735,ISAKRJDGNUQOIC-UHFFFAOYSA-N,O=c1cc[nH]c(=O)[nH]1,True,True,557
ISAVYTVYFVQUDY-UHFFFAOYSA-N,tyloxapol,BRD-U25960968-000-01-9; BRD-U48018661-000-01-9,2,HTS,"LPL, NFKB2",NFkB pathway inhibitor,CC(C)(C)CC(C)(C)c1ccc(O)cc1,36739,ISAVYTVYFVQUDY-UHFFFAOYSA-N,CC(C)(C)CC(C)(C)c1ccc(O)cc1,True,True,576
ISRUGXGCCGIOQO-UHFFFAOYSA-N,propoxur,BRD-K08231299-001-08-1,1,HTS,,,CNC(=O)Oc1ccccc1OC(C)C,36865,ISRUGXGCCGIOQO-UHFFFAOYSA-N,CNC(=O)Oc1ccccc1OC(C)C,True,True,557
ISWRGOKTTBVCFA-UHFFFAOYSA-N,pirfenidone,BRD-K96862998-001-15-5,1,HTS,"FURIN, TNF",TGF beta receptor inhibitor,Cc1ccc(=O)n(-c2ccccc2)c1,36897,ISWRGOKTTBVCFA-UHFFFAOYSA-N,Cc1ccc(=O)n(-c2ccccc2)c1,True,True,574
ITTRLTNMFYIYPA-UHFFFAOYSA-N,WZ-4002,BRD-K72420232-001-12-3,1,HTS,"EGFR, ERBB2",EGFR inhibitor,C=CC(=O)Nc1cccc(Oc2nc(Nc3ccc(N4CCN(C)CC4)cc3OC)ncc2Cl)c1,37057,ITTRLTNMFYIYPA-UHFFFAOYSA-N,C=CC(=O)Nc1cccc(Oc2[nH]c(=Nc3ccc(N4CCN(C)CC4)cc3OC)ncc2Cl)c1,True,True,565
IUBSYMUCCVWXPE-UHFFFAOYSA-N,metoprolol,BRD-A03623303-045-09-5,1,HTS,"ADRB1, ADRB2",adrenergic receptor antagonist,COCCc1ccc(OCC(O)CNC(C)C)cc1,37111,IUBSYMUCCVWXPE-UHFFFAOYSA-N,COCCc1ccc(OCC(O)CNC(C)C)cc1,True,True,569
IUVSEUFHPNITEQ-UHFFFAOYSA-N,adoprazine,BRD-K34870043-001-01-8,1,HTS,"DRD2, HTR1A","dopamine receptor antagonist, serotonin receptor agonist",Fc1ccc(-c2cncc(CN3CCN(c4cccc5c4OCCO5)CC3)c2)cc1,37261,IUVSEUFHPNITEQ-UHFFFAOYSA-N,Fc1ccc(-c2cncc(CN3CCN(c4cccc5c4OCCO5)CC3)c2)cc1,True,True,567
IUWVALYLNVXWKX-UHFFFAOYSA-N,butamben,BRD-K27217864-001-22-3,1,HTS,,sodium channel blocker,CCCCOC(=O)c1ccc(N)cc1,37276,IUWVALYLNVXWKX-UHFFFAOYSA-N,CCCCOC(=O)c1ccc(N)cc1,True,True,567
IVRXNBXKWIJUQB-UHFFFAOYSA-N,LY2157299,BRD-K78118466-001-03-3,1,HTS,TGFBR1,TGF beta receptor inhibitor,Cc1cccc(-c2nn3c(c2-c2ccnc4ccc(C(N)=O)cc24)CCC3)n1,37390,IVRXNBXKWIJUQB-UHFFFAOYSA-N,Cc1cccc(-c2nn3c(c2-c2ccnc4ccc(C(N)=O)cc24)CCC3)n1,True,True,574
IVUGFMLRJOCGAS-UHFFFAOYSA-N,AMG900,BRD-K21728777-001-02-3,1,HTS,"AURKA, AURKB, AURKC",Aurora kinase inhibitor,Cc1csc(-c2nnc(Nc3ccc(Oc4ncccc4-c4ccnc(N)n4)cc3)c3ccccc23)c1,37404,IVUGFMLRJOCGAS-UHFFFAOYSA-N,Cc1csc(-c2n[nH]c(=Nc3ccc(Oc4ncccc4-c4cc[nH]c(=N)n4)cc3)c3ccccc23)c1,True,True,570
IVVNZDGDKPTYHK-UHFFFAOYSA-N,pinacidil,BRD-A43882281-001-15-5,1,HTS,"ABCC8, ABCC9","ATP channel activator, potassium channel activator",CC(N/C(=N/C#N)Nc1ccncc1)C(C)(C)C,37408,IVVNZDGDKPTYHK-UHFFFAOYSA-N,CC(N=C(N=c1cc[nH]cc1)NC#N)C(C)(C)C,True,True,557
IVYPNXXAYMYVSP-UHFFFAOYSA-N,indole-3-carbinol,BRD-K01815685-001-15-5,1,HTS,AHR,"aryl hydrocarbon receptor agonist, indoleamine 2,3-dioxygenase inhibitor",OCc1c[nH]c2ccccc12,37422,IVYPNXXAYMYVSP-UHFFFAOYSA-N,OCc1c[nH]c2ccccc12,True,True,565
IVZKZONQVYTCKC-UHFFFAOYSA-N,pritelivir,BRD-K25204779-001-01-1,1,HTS,,helicase primase inhibitor,Cc1nc(N(C)C(=O)Cc2ccc(-c3ccccn3)cc2)sc1S(N)(=O)=O,37429,IVZKZONQVYTCKC-UHFFFAOYSA-N,Cc1nc(N(C)C(=O)Cc2ccc(-c3ccccn3)cc2)sc1S(N)(=O)=O,True,True,571
IWDCLRJOBJJRNH-UHFFFAOYSA-N,cresol,BRD-K56940914-001-04-2,1,HTS,,,Cc1ccc(O)cc1,37457,IWDCLRJOBJJRNH-UHFFFAOYSA-N,Cc1ccc(O)cc1,True,True,569
IWVRVEIKCBFZNF-UHFFFAOYSA-N,pirlindole,BRD-A54490543-066-11-9,1,HTS,MAOA,monoamine oxidase inhibitor,Cc1ccc2c(c1)c1c3n2CCNC3CCC1,37575,IWVRVEIKCBFZNF-UHFFFAOYSA-N,Cc1ccc2c(c1)c1c3n2CCNC3CCC1,True,True,571
IWXNYAIICFKCTM-UHFFFAOYSA-N,cariporide,BRD-K21670884-001-01-9,1,HTS,SLC9A1,sodium/hydrogen exchanger inhibitor,CC(C)c1ccc(C(=O)N=C(N)N)cc1S(C)(=O)=O,37587,IWXNYAIICFKCTM-UHFFFAOYSA-N,CC(C)c1ccc(C(=O)N=C(N)N)cc1S(C)(=O)=O,True,True,564
IWYJYHUNXVAVAA-UHFFFAOYSA-N,trelagliptin,BRD-A88369366-001-01-7,1,HTS,DPP4,dipeptidyl peptidase inhibitor,Cn1c(=O)cc(N2CCCC(N)C2)n(Cc2cc(F)ccc2C#N)c1=O,37594,IWYJYHUNXVAVAA-UHFFFAOYSA-N,Cn1c(=O)cc(N2CCCC(N)C2)n(Cc2cc(F)ccc2C#N)c1=O,True,True,571
IXHCGJXBIHHIEF-UHFFFAOYSA-N,VU0364439,BRD-K72687424-001-02-6,1,HTS,GRM4,glutamate receptor positive allosteric modulator,O=C(Nc1ccc(S(=O)(=O)Nc2ccccc2Cl)c(Cl)c1)c1ccccn1,37645,IXHCGJXBIHHIEF-UHFFFAOYSA-N,O=C(Nc1ccc(S(=O)(=O)Nc2ccccc2Cl)c(Cl)c1)c1ccccn1,True,True,571
IXTMWRCNAAVVAI-UHFFFAOYSA-N,dofetilide,BRD-K86887724-001-10-6,1,HTS,"KCNH1, KCNH2, KCNJ12, KCNK2",potassium channel blocker,CN(CCOc1ccc(NS(C)(=O)=O)cc1)CCc1ccc(NS(C)(=O)=O)cc1,37724,IXTMWRCNAAVVAI-UHFFFAOYSA-N,CN(CCOc1ccc(NS(C)(=O)=O)cc1)CCc1ccc(NS(C)(=O)=O)cc1,True,True,550
IYIKLHRQXLHMJQ-UHFFFAOYSA-N,amiodarone,BRD-K17561142-003-32-5,1,HTS,"ADRB1, CACNA1H, CACNA2D2, KCNA7, KCNH2",potassium channel blocker,CCCCc1oc2ccccc2c1C(=O)c1cc(I)c(OCCN(CC)CC)c(I)c1,37820,IYIKLHRQXLHMJQ-UHFFFAOYSA-N,CCCCc1oc2ccccc2c1C(=O)c1cc(I)c(OCCN(CC)CC)c(I)c1,True,True,572
IYRMWMYZSQPJKC-UHFFFAOYSA-N,kaempferol,BRD-K12807006-001-18-5,1,HTS,"AKR1B1, ALOX15B, ALOX5, AR, CYP1B1, GLO1, HSD17B1, UGT3A1","bone resorption inhibitor, estrogen-related receptor inverse agonist",O=c1c(O)c(-c2ccc(O)cc2)oc2cc(O)cc(O)c12,37876,IYRMWMYZSQPJKC-UHFFFAOYSA-N,O=c1c(O)c(-c2ccc(O)cc2)oc2cc(O)cc(O)c12,True,True,571
IYYZUPMFVPLQIF-UHFFFAOYSA-N,dibenzothiophene,BRD-K46863940-001-06-2,1,HTS,,,c1ccc2c(c1)sc1ccccc12,37921,IYYZUPMFVPLQIF-UHFFFAOYSA-N,c1ccc2c(c1)sc1ccccc12,True,True,538
IZEKFCXSFNUWAM-UHFFFAOYSA-N,dipyridamole,BRD-K86301799-001-34-8,1,HTS,"ADA, PDE10A, PDE1A, PDE1B, PDE1C, PDE2A, PDE3A, PDE3B, PDE4A, PDE4B, PDE4C, PDE4D, PDE5A, PDE6A, PDE6B, PDE6C, PDE6D, PDE6G, PDE6H, PDE7A, PDE7B, PDE8A, PDE8B, PDE9A, SLC29A1",phosphodiesterase inhibitor,OCCN(CCO)c1nc(N2CCCCC2)c2nc(N(CCO)CCO)nc(N3CCCCC3)c2n1,37948,IZEKFCXSFNUWAM-UHFFFAOYSA-N,OCCN(CCO)c1nc(N2CCCCC2)c2nc(N(CCO)CCO)nc(N3CCCCC3)c2n1,True,True,569
JAMULYFATHSZJM-UHFFFAOYSA-N,NU-7441,BRD-K00337317-001-06-6,1,HTS,PRKDC,DNA dependent protein kinase inhibitor,O=c1cc(N2CCOCC2)oc2c(-c3cccc4c3sc3ccccc34)cccc12,38198,JAMULYFATHSZJM-UHFFFAOYSA-N,O=c1cc(N2CCOCC2)oc2c(-c3cccc4c3sc3ccccc34)cccc12,True,True,570
JAUOIFJMECXRGI-UHFFFAOYSA-N,desloratadine,BRD-K82357231-001-17-5,1,HTS,HRH1,histamine receptor antagonist,Clc1ccc2c(c1)CCc1cccnc1C2=C1CCNCC1,38251,JAUOIFJMECXRGI-UHFFFAOYSA-N,Clc1ccc2c(c1)CCc1cccnc1C2=C1CCNCC1,True,True,573
JBKPUQTUERUYQE-UHFFFAOYSA-O,pralidoxime,BRD-K84281997-003-08-4,1,MTS004,"ACHE, BCHE",acetylcholinesterase inhibitor,C[n+]1ccccc1/C=N/O,38377,JBKPUQTUERUYQE-UHFFFAOYSA-O,C[n+]1ccccc1C=NO,True,True,547
JBMKAUGHUNFTOL-UHFFFAOYSA-N,chlorothiazide,BRD-K88682005-001-15-8,1,HTS,"CA1, CA2, CA4, SLC12A3",diuretic,NS(=O)(=O)c1cc2c(cc1Cl)N=CNS2(=O)=O,38388,JBMKAUGHUNFTOL-UHFFFAOYSA-N,NS(=O)(=O)c1cc2c(cc1Cl)N=CNS2(=O)=O,True,True,563
JCCNYMKQOSZNPW-UHFFFAOYSA-N,loratadine,BRD-K82795137-001-26-2,1,HTS,HRH1,histamine receptor antagonist,CCOC(=O)N1CCC(=C2c3ccc(Cl)cc3CCc3cccnc32)CC1,38492,JCCNYMKQOSZNPW-UHFFFAOYSA-N,CCOC(=O)N1CCC(=C2c3ccc(Cl)cc3CCc3cccnc32)CC1,True,True,550
JCKYGMPEJWAADB-UHFFFAOYSA-N,chlorambucil,BRD-K29458283-001-29-9,1,HTS,,DNA inhibitor,O=C(O)CCCc1ccc(N(CCCl)CCCl)cc1,38548,JCKYGMPEJWAADB-UHFFFAOYSA-N,O=C(O)CCCc1ccc(N(CCCl)CCCl)cc1,True,True,565
JCSGFHVFHSKIJH-UHFFFAOYSA-N,SB-216763,BRD-K59184148-001-21-6,1,HTS,"CCNA2, CDK2, GSK3A, GSK3B",glycogen synthase kinase inhibitor,Cn1cc(C2=C(c3ccc(Cl)cc3Cl)C(=O)NC2=O)c2ccccc21,38596,JCSGFHVFHSKIJH-UHFFFAOYSA-N,Cn1cc(C2=C(c3ccc(Cl)cc3Cl)C(=O)NC2=O)c2ccccc21,True,True,565
JDLSRXWHEBFHNC-UHFFFAOYSA-N,ufenamate,BRD-K84173274-001-01-6,1,MTS004,"PTGS1, PTGS2",cyclooxygenase inhibitor,CCCCOC(=O)c1ccccc1Nc1cccc(C(F)(F)F)c1,38734,JDLSRXWHEBFHNC-UHFFFAOYSA-N,CCCCOC(=O)c1ccccc1Nc1cccc(C(F)(F)F)c1,True,True,548
JEFVYQYZCAVNTP-UHFFFAOYSA-N,K-858,BRD-A67748489-001-10-0,1,HTS,KIF11,kinesin-like spindle protein inhibitor,CC(=O)NC1=NN(C(C)=O)C(C)(c2ccccc2)S1,38880,JEFVYQYZCAVNTP-UHFFFAOYSA-N,CC(=O)N=C1NN(C(C)=O)C(C)(c2ccccc2)S1,True,True,565
JEGHXKRHKHPBJD-UHFFFAOYSA-N,CH5132799,BRD-K28352084-001-02-3,1,HTS,"MTOR, PIK3CA, PIK3CB, PIK3CD, PIK3CG",PI3K inhibitor,CS(=O)(=O)N1CCc2c(-c3cnc(N)nc3)nc(N3CCOCC3)nc21,38888,JEGHXKRHKHPBJD-UHFFFAOYSA-N,CS(=O)(=O)N1CCc2c(-c3cnc(=N)[nH]c3)nc(N3CCOCC3)nc21,True,True,570
JFHROPTYMMSOLG-UHFFFAOYSA-N,GSK256066,BRD-K37590257-001-02-8,1,HTS,PDE4A,phosphodiesterase inhibitor,COc1cccc(Nc2c(C(N)=O)cnc3c(C)cc(S(=O)(=O)c4cccc(C(=O)N(C)C)c4)cc23)c1,39071,JFHROPTYMMSOLG-UHFFFAOYSA-N,COc1cccc(N=c2c(C(N)=O)c[nH]c3c(C)cc(S(=O)(=O)c4cccc(C(=O)N(C)C)c4)cc23)c1,True,True,557
JFIOVJDNOJYLKP-UHFFFAOYSA-N,bithionol,BRD-K39120595-304-04-7,1,HTS,"ESR1, ESR2, MCL1",autotaxin inhibitor,Oc1c(Cl)cc(Cl)cc1Sc1cc(Cl)cc(Cl)c1O,39078,JFIOVJDNOJYLKP-UHFFFAOYSA-N,Oc1c(Cl)cc(Cl)cc1Sc1cc(Cl)cc(Cl)c1O,True,True,569
JFRYYGVYCWYIDQ-UHFFFAOYSA-N,JNJ-17203212,BRD-K51770398-001-01-9,1,HTS,TRPV1,TRPV antagonist,O=C(Nc1ccc(C(F)(F)F)cn1)N1CCN(c2ncccc2C(F)(F)F)CC1,39159,JFRYYGVYCWYIDQ-UHFFFAOYSA-N,O=C(N=c1ccc(C(F)(F)F)c[nH]1)N1CCN(c2ncccc2C(F)(F)F)CC1,True,True,563
JFUIMTGOQCQTPF-UHFFFAOYSA-N,GSK3787,BRD-K03155172-001-02-2,1,HTS,PPARD,PPAR receptor antagonist,O=C(NCCS(=O)(=O)c1ccc(C(F)(F)F)cn1)c1ccc(Cl)cc1,39176,JFUIMTGOQCQTPF-UHFFFAOYSA-N,O=C(NCCS(=O)(=O)c1ccc(C(F)(F)F)cn1)c1ccc(Cl)cc1,True,True,571
JFVNFXCESCXMBC-UHFFFAOYSA-N,PIK-93,BRD-K29395450-001-06-8,1,HTS,"PI4KB, PIK3C3, PIK3CG",PI3K inhibitor,CC(=O)Nc1nc(C)c(-c2ccc(Cl)c(S(=O)(=O)NCCO)c2)s1,39185,JFVNFXCESCXMBC-UHFFFAOYSA-N,CC(=O)N=c1[nH]c(C)c(-c2ccc(Cl)c(S(=O)(=O)NCCO)c2)s1,True,True,569
JGCMEBMXRHSZKX-UHFFFAOYSA-N,macitentan,BRD-K48812570-001-02-3,1,HTS,"EDNRA, EDNRB",endothelin receptor antagonist,CCCNS(=O)(=O)Nc1ncnc(OCCOc2ncc(Br)cn2)c1-c1ccc(Br)cc1,39243,JGCMEBMXRHSZKX-UHFFFAOYSA-N,CCCNS(=O)(=O)N=c1[nH]cnc(OCCOc2ncc(Br)cn2)c1-c1ccc(Br)cc1,True,True,557
JGOAIQNSOGZNBX-UHFFFAOYSA-N,adiphenine,BRD-K60907894-003-23-5,1,HTS,CHRNA1,acetylcholine receptor antagonist,CCN(CC)CCOC(=O)C(c1ccccc1)c1ccccc1,39318,JGOAIQNSOGZNBX-UHFFFAOYSA-N,CCN(CC)CCOC(=O)C(c1ccccc1)c1ccccc1,True,True,569
JGPJQFOROWSRRS-UHFFFAOYSA-N,apafant,BRD-K28115081-001-02-7,1,HTS,PTAFR,platelet activating factor receptor antagonist,Cc1nnc2n1-c1sc(CCC(=O)N3CCOCC3)cc1C(c1ccccc1Cl)=NC2,39326,JGPJQFOROWSRRS-UHFFFAOYSA-N,Cc1nnc2n1-c1sc(CCC(=O)N3CCOCC3)cc1C(c1ccccc1Cl)=NC2,True,True,565
JGWRKYUXBBNENE-UHFFFAOYSA-N,pexidartinib,BRD-K54519451-001-02-9,1,MTS004,"CSF1R, FLT3, KIT",tyrosine kinase inhibitor,FC(F)(F)c1ccc(CNc2ccc(Cc3c[nH]c4ncc(Cl)cc34)cn2)cn1,39384,JGWRKYUXBBNENE-UHFFFAOYSA-N,FC(F)(F)c1ccc(CN=c2ccc(Cc3c[nH]c4ncc(Cl)cc34)c[nH]2)cn1,True,True,548
JHBWYQRKOUBPCA-UHFFFAOYSA-N,frentizole,BRD-K07202345-001-19-4,1,HTS,,immunosuppressant,COc1ccc2nc(NC(=O)Nc3ccccc3)sc2c1,39421,JHBWYQRKOUBPCA-UHFFFAOYSA-N,COc1ccc2[nH]c(=NC(=O)Nc3ccccc3)sc2c1,True,True,572
JHSXDAWGLCZYSM-UHFFFAOYSA-N,droxinostat,BRD-K11558771-001-13-9,1,HTS,"HDAC6, HDAC8",HDAC inhibitor,Cc1cc(Cl)ccc1OCCCC(=O)NO,39533,JHSXDAWGLCZYSM-UHFFFAOYSA-N,Cc1cc(Cl)ccc1OCCCC(O)=NO,True,True,570
JHVAMHSQVVQIOT-UHFFFAOYSA-N,anidulafungin,BRD-A75305484-001-01-3,1,HTS,,"fungal 1,3-beta-D-glucan synthase inhibitor",CCCCCOc1ccc(-c2ccc(-c3ccc(C(=O)NC4CC(O)C(O)NC(=O)C5C(O)C(C)CN5C(=O)C(C(C)O)NC(=O)C(C(O)C(O)c5ccc(O)cc5)NC(=O)C5CC(O)CN5C(=O)C(C(C)O)NC4=O)cc3)cc2)cc1,39545,JHVAMHSQVVQIOT-UHFFFAOYSA-N,CCCCCOc1ccc(-c2ccc(-c3ccc(C(=O)NC4CC(O)C(O)NC(=O)C5C(O)C(C)CN5C(=O)C(C(C)O)NC(=O)C(C(O)C(O)c5ccc(O)cc5)NC(=O)C5CC(O)CN5C(=O)C(C(C)O)NC4=O)cc3)cc2)cc1,True,True,574
JICJBGPOMZQUBB-UHFFFAOYSA-N,tianeptine,BRD-A53077924-001-01-2,1,MTS004,"OPRD1, OPRK1, OPRM1",selective serotonin reuptake enhancer (SSRE),CN1c2ccccc2C(NCCCCCCC(=O)O)c2ccc(Cl)cc2S1(=O)=O,39590,JICJBGPOMZQUBB-UHFFFAOYSA-N,CN1c2ccccc2C(NCCCCCCC(=O)O)c2ccc(Cl)cc2S1(=O)=O,True,True,547
JIEKMACRVQTPRC-UHFFFAOYSA-N,fentiazac,BRD-K16077845-001-06-1,1,HTS,"PTGS1, PTGS2",cyclooxygenase inhibitor,O=C(O)Cc1sc(-c2ccccc2)nc1-c1ccc(Cl)cc1,39601,JIEKMACRVQTPRC-UHFFFAOYSA-N,O=C(O)Cc1sc(-c2ccccc2)nc1-c1ccc(Cl)cc1,True,True,572
JIVPVXMEBJLZRO-UHFFFAOYSA-N,chlorthalidone,BRD-A26384407-001-25-1,1,HTS,"CA1, CA12, CA14, CA4, CA7, SLC12A1, SLC12A3",carbonic anhydrase inhibitor,NS(=O)(=O)c1cc(C2(O)NC(=O)c3ccccc32)ccc1Cl,39726,JIVPVXMEBJLZRO-UHFFFAOYSA-N,NS(=O)(=O)c1cc(C2(O)NC(=O)c3ccccc32)ccc1Cl,True,True,574
JIVZKJJQOZQXQB-UHFFFAOYSA-N,tolazoline,BRD-K46211610-003-26-7,1,HTS,"ADRA1A, ADRA2A, ADRA2B, ADRA2C, HRH1, HRH2",adrenergic receptor antagonist,c1ccc(CC2=NCCN2)cc1,39733,JIVZKJJQOZQXQB-UHFFFAOYSA-N,c1ccc(CC2=NCCN2)cc1,True,True,569
JJCFRYNCJDLXIK-UHFFFAOYSA-N,cyproheptadine,BRD-K28143534-001-02-2; BRD-K28143534-003-25-9,2,HTS,"ADRA1A, ADRA1B, ADRA1D, CHRM1, CHRM2, CHRM3, HRH1, HTR2A, HTR2C, HTR6, HTR7",histamine receptor antagonist,CN1CCC(=C2c3ccccc3C=Cc3ccccc32)CC1,39787,JJCFRYNCJDLXIK-UHFFFAOYSA-N,CN1CCC(=C2c3ccccc3C=Cc3ccccc32)CC1,True,True,576
JJWMRRNGWSITSQ-UHFFFAOYSA-N,UPF-1069,BRD-K77950083-001-03-3,1,HTS,PARP2,PARP inhibitor,O=C(COc1cccc2c(=O)[nH]ccc12)c1ccccc1,39943,JJWMRRNGWSITSQ-UHFFFAOYSA-N,O=C(COc1cccc2c(=O)[nH]ccc12)c1ccccc1,True,True,565
JJZFWROHYSMCMU-UHFFFAOYSA-N,SB-742457,BRD-K78941306-001-02-4,1,HTS,HTR6,serotonin receptor antagonist,O=S(=O)(c1ccccc1)c1cnc2c(N3CCNCC3)cccc2c1,39962,JJZFWROHYSMCMU-UHFFFAOYSA-N,O=S(=O)(c1ccccc1)c1cnc2c(N3CCNCC3)cccc2c1,True,True,574
JLGKQTAYUIMGRK-UHFFFAOYSA-N,sertaconazole,BRD-A95939040-001-01-2,1,HTS,,sterol demethylase inhibitor,Clc1ccc(C(Cn2ccnc2)OCc2csc3c(Cl)cccc23)c(Cl)c1,40189,JLGKQTAYUIMGRK-UHFFFAOYSA-N,Clc1ccc(C(Cn2ccnc2)OCc2csc3c(Cl)cccc23)c(Cl)c1,True,True,574
JLICHNCFTLFZJN-UHFFFAOYSA-N,meptazinol,BRD-A02710418-003-11-8,1,HTS,BCHE,opioid receptor agonist,CCC1(c2cccc(O)c2)CCCCN(C)C1,40207,JLICHNCFTLFZJN-UHFFFAOYSA-N,CCC1(c2cccc(O)c2)CCCCN(C)C1,True,True,565
JLKIGFTWXXRPMT-UHFFFAOYSA-N,sulfamethoxazole,BRD-K28494619-001-28-2,1,HTS,,PABA antagonist,Cc1cc(NS(=O)(=O)c2ccc(N)cc2)no1,40218,JLKIGFTWXXRPMT-UHFFFAOYSA-N,Cc1cc(=NS(=O)(=O)c2ccc(N)cc2)[nH]o1,True,True,569
JLRGJRBPOGGCBT-UHFFFAOYSA-N,tolbutamide,BRD-K85119730-001-28-9,1,HTS,"ABCC8, KCNJ1, KCNJ11, KCNJ8",ATP channel blocker,CCCCNC(=O)NS(=O)(=O)c1ccc(C)cc1,40267,JLRGJRBPOGGCBT-UHFFFAOYSA-N,CCCCNC(=O)NS(=O)(=O)c1ccc(C)cc1,True,True,557
JLUUJHIQVIXTGT-UHFFFAOYSA-N,A-7,BRD-K03301001-003-02-5,1,HTS,,calmodulin antagonist,NCCCCCCCCCCNS(=O)(=O)c1cccc2c(Cl)cccc12,40295,JLUUJHIQVIXTGT-UHFFFAOYSA-N,NCCCCCCCCCCNS(=O)(=O)c1cccc2c(Cl)cccc12,True,True,574
JMEYDSHPKCSIJC-UHFFFAOYSA-N,AZD3514,BRD-K84996356-001-01-1,1,HTS,AR,androgen receptor modulator,CC(=O)N1CCN(CCOc2ccc(C3CCN(C4=Nn5c(nnc5C(F)(F)F)CC4)CC3)cc2)CC1,40369,JMEYDSHPKCSIJC-UHFFFAOYSA-N,CC(=O)N1CCN(CCOc2ccc(C3CCN(C4=Nn5c(nnc5C(F)(F)F)CC4)CC3)cc2)CC1,True,True,557
JMIFGARJSWXZSH-UHFFFAOYSA-N,DMH1,BRD-K39381259-001-01-0,1,HTS,ACVR1,ALK tyrosine kinase receptor inhibitor,CC(C)Oc1ccc(-c2cnc3c(-c4ccnc5ccccc45)cnn3c2)cc1,40397,JMIFGARJSWXZSH-UHFFFAOYSA-N,CC(C)Oc1ccc(-c2cnc3c(-c4ccnc5ccccc45)cnn3c2)cc1,True,True,570
JMPFSEBWVLAJKM-UHFFFAOYSA-N,closantel,BRD-A19952358-001-11-3,1,HTS,,"chitinase inhibitor, NFkB pathway inhibitor",Cc1cc(C(C#N)c2ccc(Cl)cc2)c(Cl)cc1NC(=O)c1cc(I)cc(I)c1O,40435,JMPFSEBWVLAJKM-UHFFFAOYSA-N,Cc1cc(C(C#N)c2ccc(Cl)cc2)c(Cl)cc1NC(=O)c1cc(I)cc(I)c1O,True,True,565
JMZOMFYRADAWOG-UHFFFAOYSA-N,bifendate,BRD-K26581543-001-01-6,1,HTS,,,COC(=O)c1cc(OC)c2c(c1-c1c(C(=O)OC)cc(OC)c3c1OCO3)OCO2,40507,JMZOMFYRADAWOG-UHFFFAOYSA-N,COC(=O)c1cc(OC)c2c(c1-c1c(C(=O)OC)cc(OC)c3c1OCO3)OCO2,True,True,563
JNELGWHKGNBSMD-UHFFFAOYSA-N,xanthone,BRD-K27135764-001-08-7,1,HTS,,antimalarial agent,O=c1c2ccccc2oc2ccccc12,40540,JNELGWHKGNBSMD-UHFFFAOYSA-N,O=c1c2ccccc2oc2ccccc12,True,True,565
JNMRHUJNCSQMMB-UHFFFAOYSA-N,sulfathiazole,BRD-K14705039-001-16-4,1,HTS,,dihydropteroate synthase inhibitor,Nc1ccc(S(=O)(=O)Nc2nccs2)cc1,40598,JNMRHUJNCSQMMB-UHFFFAOYSA-N,Nc1ccc(S(=O)(=O)N=c2[nH]ccs2)cc1,True,True,569
JNODQFNWMXFMEV-UHFFFAOYSA-N,latrepirdine,BRD-K55703048-001-07-7,1,HTS,"HRH1, HTR6",glutamate receptor antagonist,Cc1ccc2c(c1)c1c(n2CCc2ccc(C)nc2)CCN(C)C1,40611,JNODQFNWMXFMEV-UHFFFAOYSA-N,Cc1ccc2c(c1)c1c(n2CCc2ccc(C)nc2)CCN(C)C1,True,True,574
JNTOCHDNEULJHD-UHFFFAOYSA-N,penciclovir,BRD-K47780086-001-07-9,1,HTS,,DNA directed DNA polymerase inhibitor,Nc1nc(O)c2ncn(CCC(CO)CO)c2n1,40643,JNTOCHDNEULJHD-UHFFFAOYSA-N,N=c1[nH]c(=O)c2ncn(CCC(CO)CO)c2[nH]1,True,True,562
JOATXPAWOHTVSZ-UHFFFAOYSA-N,celiprolol,BRD-A95602221-003-02-1,1,HTS,"ADRA2A, ADRB1, ADRB2",adrenergic receptor antagonist,CCN(CC)C(=O)Nc1ccc(OCC(O)CNC(C)(C)C)c(C(C)=O)c1,40691,JOATXPAWOHTVSZ-UHFFFAOYSA-N,CCN(CC)C(=O)Nc1ccc(OCC(O)CNC(C)(C)C)c(C(C)=O)c1,True,True,565
JOHZPMXAZQZXHR-UHFFFAOYSA-N,pipemidic-acid,BRD-K08999871-213-01-5,1,HTS,,topoisomerase inhibitor,CCn1cc(C(=O)O)c(=O)c2cnc(N3CCNCC3)nc21,40745,JOHZPMXAZQZXHR-UHFFFAOYSA-N,CCn1cc(C(=O)O)c(=O)c2cnc(N3CCNCC3)nc21,True,True,557
JOLJIIDDOBNFHW-UHFFFAOYSA-N,xanomeline,BRD-K72815923-034-01-2,1,HTS,"CHRM1, CHRM2, CHRM3, CHRM4, CHRM5, HTR1A, HTR1B, HTR1D, HTR1E, HTR1F, HTR2A, HTR2B, HTR2C, HTR6, HTR7",acetylcholine receptor agonist,CCCCCCOc1nsnc1C1=CCCN(C)C1,40773,JOLJIIDDOBNFHW-UHFFFAOYSA-N,CCCCCCOc1nsnc1C1=CCCN(C)C1,True,True,571
JOOXLOJCABQBSG-UHFFFAOYSA-N,TG-101348,BRD-K12502280-001-08-0,1,HTS,"BRD4, JAK1, JAK2, JAK3, TYK2","FLT3 inhibitor, JAK inhibitor",Cc1cnc(Nc2ccc(OCCN3CCCC3)cc2)nc1Nc1cccc(S(=O)(=O)NC(C)(C)C)c1,40805,JOOXLOJCABQBSG-UHFFFAOYSA-N,Cc1c[nH]c(=Nc2ccc(OCCN3CCCC3)cc2)[nH]c1=Nc1cccc(S(=O)(=O)NC(C)(C)C)c1,True,True,550
JOWXJLIFIIOYMS-UHFFFAOYSA-N,CUDC-907,BRD-K77638923-001-02-0,1,HTS,"HDAC2, PIK3R1",PI3K inhibitor,COc1ccc(-c2nc(N3CCOCC3)c3sc(CN(C)c4ncc(C(=O)NO)cn4)cc3n2)cn1,40851,JOWXJLIFIIOYMS-UHFFFAOYSA-N,COc1ccc(-c2nc(N3CCOCC3)c3sc(CN(C)c4ncc(C(O)=NO)cn4)cc3n2)cn1,True,True,550
JOYRKODLDBILNP-UHFFFAOYSA-N,urethane,BRD-K24297741-001-05-2,1,HTS,,local anesthetic,CCOC(N)=O,40866,JOYRKODLDBILNP-UHFFFAOYSA-N,CCOC(N)=O,True,True,538
JPAWFIIYTJQOKW-UHFFFAOYSA-N,olprinone,BRD-K20745393-003-01-0,1,HTS,PDE3A,phosphodiesterase inhibitor,Cc1[nH]c(=O)c(C#N)cc1-c1ccc2nccn2c1,40877,JPAWFIIYTJQOKW-UHFFFAOYSA-N,Cc1[nH]c(=O)c(C#N)cc1-c1ccc2nccn2c1,True,True,565
JPGQOUSTVILISH-UHFFFAOYSA-N,enflurane,BRD-A51831848-001-01-7,1,HTS,"ATP2C1, ATP5D, GABRA1, GABRA2, GABRA3, GABRA4, GABRA5, GABRA6, GABRB1, GABRB2, GABRB3, GABRD, GABRE, GABRG1, GABRG2, GABRG3, GABRP, GABRQ, GLRA1, GLRB, GRIA1, KCNA1, KCNK10, KCNK18, KCNK2, KCNK3, KCNK9, KCNN4",membrane permeability inhibitor,FC(F)OC(F)(F)C(F)Cl,40918,JPGQOUSTVILISH-UHFFFAOYSA-N,FC(F)OC(F)(F)C(F)Cl,True,True,536
JPMOKRWIYQGMJL-UHFFFAOYSA-N,INH1,BRD-K70177501-003-01-4,1,HTS,NDC80,Hec1 inhibitor,Cc1ccc(-c2csc(NC(=O)c3ccccc3)n2)c(C)c1,40954,JPMOKRWIYQGMJL-UHFFFAOYSA-N,Cc1ccc(-c2csc(=NC(=O)c3ccccc3)[nH]2)c(C)c1,True,True,565
JPYQFYIEOUVJDU-UHFFFAOYSA-N,beclamide,BRD-K44824027-001-02-1,1,HTS,,anticonvulsant,O=C(CCCl)NCc1ccccc1,41037,JPYQFYIEOUVJDU-UHFFFAOYSA-N,O=C(CCCl)NCc1ccccc1,True,True,570
JQSAYKKFZOSZGJ-UHFFFAOYSA-N,lomerizine,BRD-K62858456-001-01-8,1,HTS,"CACNA1B, SCN5A",calcium channel blocker,COc1ccc(CN2CCN(C(c3ccc(F)cc3)c3ccc(F)cc3)CC2)c(OC)c1OC,41177,JQSAYKKFZOSZGJ-UHFFFAOYSA-N,COc1ccc(CN2CCN(C(c3ccc(F)cc3)c3ccc(F)cc3)CC2)c(OC)c1OC,True,True,569
JQSHBVHOMNKWFT-UHFFFAOYSA-N,varenicline,BRD-A86216746-046-02-6,1,HTS,"CHRNA3, CHRNA4, CHRNA6, CHRNA7",acetylcholine receptor agonist,c1cnc2cc3c(cc2n1)C1CNCC3C1,41180,JQSHBVHOMNKWFT-UHFFFAOYSA-N,c1cnc2cc3c(cc2n1)C1CNCC3C1,True,True,554
JRNJNYBQQYBCLE-UHFFFAOYSA-N,R547,BRD-K52233191-001-02-4,1,HTS,"CDK1, CDK2, CDK4, CDK7",CDK inhibitor,COc1ccc(F)c(F)c1C(=O)c1cnc(NC2CCN(S(C)(=O)=O)CC2)nc1N,41347,JRNJNYBQQYBCLE-UHFFFAOYSA-N,COc1ccc(F)c(F)c1C(=O)c1c[nH]c(=NC2CCN(S(C)(=O)=O)CC2)[nH]c1=N,True,True,557
JRWCBEOAFGHNNU-UHFFFAOYSA-N,JNJ-38877605,BRD-K02123250-001-06-7,1,HTS,MET,tyrosine kinase inhibitor,Cn1cc(-c2ccc3nnc(C(F)(F)c4ccc5ncccc5c4)n3n2)cn1,41429,JRWCBEOAFGHNNU-UHFFFAOYSA-N,Cn1cc(-c2ccc3nnc(C(F)(F)c4ccc5ncccc5c4)n3n2)cn1,True,True,565
JRWROCIMSDXGOZ-UHFFFAOYSA-N,vercirnon,BRD-K47929404-001-01-0,1,MTS004,CCR9,CC chemokine receptor antagonist,CC(C)(C)c1ccc(S(=O)(=O)Nc2ccc(Cl)cc2C(=O)c2cc[n+]([O-])cc2)cc1,41434,JRWROCIMSDXGOZ-UHFFFAOYSA-N,CC(C)(C)c1ccc(S(=O)(=O)Nc2ccc(Cl)cc2C(=O)c2cc[n+]([O-])cc2)cc1,True,True,547
JRWZLRBJNMZMFE-UHFFFAOYSA-N,dobutamine,BRD-A78322124-003-14-0,1,HTS,"ADRB1, ADRB2",adrenergic receptor agonist,CC(CCc1ccc(O)cc1)NCCc1ccc(O)c(O)c1,41437,JRWZLRBJNMZMFE-UHFFFAOYSA-N,CC(CCc1ccc(O)cc1)NCCc1ccc(O)c(O)c1,True,True,564
JSKUWFIZUALZLX-UHFFFAOYSA-N,GW-843682X,BRD-K90382497-001-10-7,1,HTS,"PLK1, PLK3",PLK inhibitor,COc1cc2ncn(-c3cc(OCc4ccccc4C(F)(F)F)c(C(N)=O)s3)c2cc1OC,41532,JSKUWFIZUALZLX-UHFFFAOYSA-N,COc1cc2ncn(-c3cc(OCc4ccccc4C(F)(F)F)c(C(N)=O)s3)c2cc1OC,True,True,563
JSWZEAMFRNKZNL-UHFFFAOYSA-N,alosetron,BRD-K46742498-003-11-0,1,HTS,HTR3A,serotonin receptor antagonist,Cc1[nH]cnc1CN1CCc2c(c3ccccc3n2C)C1=O,41597,JSWZEAMFRNKZNL-UHFFFAOYSA-N,Cc1[nH]cnc1CN1CCc2c(c3ccccc3n2C)C1=O,True,True,565
JTARFZSNUAGHRB-UHFFFAOYSA-N,SB-408124,BRD-K53913732-001-05-9,1,HTS,"HCRTR1, HCRTR2",orexin receptor antagonist,Cc1cc(NC(=O)Nc2ccc(N(C)C)cc2)c2cc(F)cc(F)c2n1,41619,JTARFZSNUAGHRB-UHFFFAOYSA-N,Cc1cc(=NC(=O)Nc2ccc(N(C)C)cc2)c2cc(F)cc(F)c2[nH]1,True,True,565
JTDYUFSDZATMKU-UHFFFAOYSA-N,scriptaid,BRD-K22503835-001-11-0,1,HTS,"HDAC1, HDAC2, HDAC3, HDAC4, HDAC5, HDAC6, HDAC7, HDAC8, HDAC9",HDAC inhibitor,O=C(CCCCCN1C(=O)c2cccc3cccc(c23)C1=O)NO,41641,JTDYUFSDZATMKU-UHFFFAOYSA-N,O=C1c2cccc3cccc(c23)C(=O)N1CCCCCC(O)=NO,True,True,571
JTEDVYBZBROSJT-UHFFFAOYSA-N,3-indolebutyric-acid,BRD-K43187796-001-02-3,1,HTS,"B2M, HLA-A, TRAC, TRBC1",,O=C(O)CCCc1c[nH]c2ccccc12,41644,JTEDVYBZBROSJT-UHFFFAOYSA-N,O=C(O)CCCc1c[nH]c2ccccc12,True,True,574
JTEGQNOMFQHVDC-UHFFFAOYSA-N,lamivudine,BRD-K02992638-001-11-8,1,HTS,,nucleoside reverse transcriptase inhibitor,Nc1ccn(C2CSC(CO)O2)c(=O)n1,41645,JTEGQNOMFQHVDC-UHFFFAOYSA-N,N=c1ccn(C2CSC(CO)O2)c(=O)[nH]1,True,True,566
JTPUMZTWMWIVPA-UHFFFAOYSA-O,isopropamide-iodide,BRD-K14127446-005-22-7,1,HTS,"CHRM3, CHRM4",acetylcholine receptor antagonist,CC(C)[N+](C)(CCC(C(N)=O)(c1ccccc1)c1ccccc1)C(C)C,41725,JTPUMZTWMWIVPA-UHFFFAOYSA-O,CC(C)[N+](C)(CCC(C(N)=O)(c1ccccc1)c1ccccc1)C(C)C,True,True,569
JTUQXGZRVLWBCR-UHFFFAOYSA-N,benproperine,BRD-A42423104-001-01-4,1,MTS004,SCN5A,antitussive,CC(COc1ccccc1Cc1ccccc1)N1CCCCC1,41760,JTUQXGZRVLWBCR-UHFFFAOYSA-N,CC(COc1ccccc1Cc1ccccc1)N1CCCCC1,True,True,547
JTVPZMFULRWINT-UHFFFAOYSA-N,tiapride,BRD-K57432881-003-21-8,1,HTS,"DRD2, DRD3",dopamine receptor antagonist,CCN(CC)CCNC(=O)c1cc(S(C)(=O)=O)ccc1OC,41767,JTVPZMFULRWINT-UHFFFAOYSA-N,CCN(CC)CCNC(=O)c1cc(S(C)(=O)=O)ccc1OC,True,True,574
JUDKOGFHZYMDMF-UHFFFAOYSA-N,SKF-38393,BRD-A88548664-004-02-7,1,HTS,"CALY, DRD1, DRD5",dopamine receptor agonist,Oc1cc2c(cc1O)C(c1ccccc1)CNCC2,41813,JUDKOGFHZYMDMF-UHFFFAOYSA-N,Oc1cc2c(cc1O)C(c1ccccc1)CNCC2,True,True,571
JUJPKFNFCWJBCX-UHFFFAOYSA-N,lomeguatrib,BRD-K27955832-001-02-9,1,HTS,MGMT,O6-alkylguanine-DNA alkyltransferase inhibitor,Nc1nc(OCc2cc(Br)cs2)c2[nH]cnc2n1,41847,JUJPKFNFCWJBCX-UHFFFAOYSA-N,N=c1nc(OCc2cc(Br)cs2)c2[nH]cnc2[nH]1,True,True,571
JURKNVYFZMSNLP-UHFFFAOYSA-N,cyclobenzaprine,BRD-K42348709-003-13-1,1,HTS,HTR2A,"adrenergic receptor agonist, serotonin receptor agonist",CN(C)CCC=C1c2ccccc2C=Cc2ccccc21,41896,JURKNVYFZMSNLP-UHFFFAOYSA-N,CN(C)CCC=C1c2ccccc2C=Cc2ccccc21,True,True,557
JUWDSDKJBMFLHE-UHFFFAOYSA-N,IU1,BRD-K45841694-001-11-7,1,HTS,USP14,ubiquitin C-terminal hydrolase inhibitor,Cc1cc(C(=O)CN2CCCC2)c(C)n1-c1ccc(F)cc1,41929,JUWDSDKJBMFLHE-UHFFFAOYSA-N,Cc1cc(C(=O)CN2CCCC2)c(C)n1-c1ccc(F)cc1,True,True,538
JVDOKQYTTYUYDV-UHFFFAOYSA-N,TG-101209,BRD-K39841531-001-02-1,1,HTS,"JAK2, JAK3",JAK inhibitor,Cc1cnc(Nc2ccc(N3CCN(C)CC3)cc2)nc1Nc1cccc(S(=O)(=O)NC(C)(C)C)c1,41993,JVDOKQYTTYUYDV-UHFFFAOYSA-N,Cc1c[nH]c(=Nc2ccc(N3CCN(C)CC3)cc2)[nH]c1=Nc1cccc(S(=O)(=O)NC(C)(C)C)c1,True,True,570
JVGBTTIJPBFLTE-UHFFFAOYSA-N,spiroxatrine,BRD-A72483914-001-03-7,1,HTS,"ADRA1A, ADRA1B, ADRA1D, ADRA2A, ADRA2B, ADRA2C, HTR1A, HTR2B",serotonin receptor antagonist,O=C1NCN(c2ccccc2)C12CCN(CC1COc3ccccc3O1)CC2,42010,JVGBTTIJPBFLTE-UHFFFAOYSA-N,O=C1NCN(c2ccccc2)C12CCN(CC1COc3ccccc3O1)CC2,True,True,574
JWAZRIHNYRIHIV-UHFFFAOYSA-N,beta-naphthol,BRD-K21164796-001-02-8,1,HTS,,,Oc1ccc2ccccc2c1,42147,JWAZRIHNYRIHIV-UHFFFAOYSA-N,Oc1ccc2ccccc2c1,True,True,570
JWDYCNIAQWPBHD-UHFFFAOYSA-N,mephenesin,BRD-A55469827-001-07-4,1,HTS,,muscle relaxant,Cc1ccccc1OCC(O)CO,42172,JWDYCNIAQWPBHD-UHFFFAOYSA-N,Cc1ccccc1OCC(O)CO,True,True,570
JWHAUXFOSRPERK-UHFFFAOYSA-N,propafenone,BRD-A26334849-001-06-2,1,HTS,"ADRB1, ADRB2, KCNA5, KCNH2, SCN5A",antiarrhythmic,CCCNCC(O)COc1ccccc1C(=O)CCc1ccccc1,42198,JWHAUXFOSRPERK-UHFFFAOYSA-N,CCCNCC(O)COc1ccccc1C(=O)CCc1ccccc1,True,True,574
JWPGJSVJDAJRLW-UHFFFAOYSA-N,debrisoquin,BRD-K80419150-001-02-4,1,MTS004,SLC6A2,adrenergic neuron blocker,N=C(N)N1CCc2ccccc2C1,42259,JWPGJSVJDAJRLW-UHFFFAOYSA-N,N=C(N)N1CCc2ccccc2C1,True,True,548
JWYIGNODXSRKGP-UHFFFAOYSA-N,AZD1981,BRD-K83186168-001-01-8,1,HTS,PTGDR2,CRTH receptor antagonist,CC(=O)Nc1cccc2c1c(Sc1ccc(Cl)cc1)c(C)n2CC(=O)O,42324,JWYIGNODXSRKGP-UHFFFAOYSA-N,CC(=O)Nc1cccc2c1c(Sc1ccc(Cl)cc1)c(C)n2CC(=O)O,True,True,554
JWZZKOKVBUJMES-UHFFFAOYSA-N,isoprenaline,BRD-A04322457-003-17-9,1,HTS,"ADRB1, ADRB2, ADRB3, MAPK1, PIK3R1, PIK3R2, PIK3R3",adrenergic receptor agonist,CC(C)NCC(O)c1ccc(O)c(O)c1,42339,JWZZKOKVBUJMES-UHFFFAOYSA-N,CC(C)NCC(O)c1ccc(O)c(O)c1,True,True,569
JXDFEQONERDKSS-UHFFFAOYSA-N,betazole,BRD-K20075662-300-04-0,1,HTS,HRH2,histamine receptor agonist,NCCc1cc[nH]n1,42361,JXDFEQONERDKSS-UHFFFAOYSA-N,NCCc1cc[nH]n1,True,True,572
JXTHNDFMNIQAHM-UHFFFAOYSA-N,dichloroacetate,BRD-M97302542-001-03-6,1,HTS,PDK1,pyruvate dehydrogenase kinase inhibitor,O=C(O)C(Cl)Cl,42467,JXTHNDFMNIQAHM-UHFFFAOYSA-N,O=C(O)C(Cl)Cl,True,True,538
JYJTVFIEFKZWCJ-UHFFFAOYSA-N,nadifloxacin,BRD-A24397426-001-10-4,1,HTS,,bacterial DNA gyrase inhibitor,CC1CCc2c(N3CCC(O)CC3)c(F)cc3c(=O)c(C(=O)O)cn1c23,42598,JYJTVFIEFKZWCJ-UHFFFAOYSA-N,CC1CCc2c(N3CCC(O)CC3)c(F)cc3c(=O)c(C(=O)O)cn1c23,True,True,519
JYLNVJYYQQXNEK-UHFFFAOYSA-N,saclofen,BRD-A24122750-001-03-7,1,HTS,"GABBR1, GABBR2, KCTD12, KCTD16, KCTD8",GABA receptor antagonist,NCC(CS(=O)(=O)O)c1ccc(Cl)cc1,42607,JYLNVJYYQQXNEK-UHFFFAOYSA-N,NCC(CS(=O)(=O)O)c1ccc(Cl)cc1,True,True,573
JYVXNLLUYHCIIH-UHFFFAOYSA-N,"mevalonic-d,-l-acid-lactone",BRD-A05674712-001-06-0,1,HTS,,,CC1(O)CCOC(=O)C1,42675,JYVXNLLUYHCIIH-UHFFFAOYSA-N,CC1(O)CCOC(=O)C1,True,True,538
JYWIYHUXVMAGLG-UHFFFAOYSA-N,oxyclozanide,BRD-K07283971-001-01-3,1,HTS,,,O=C(Nc1cc(Cl)cc(Cl)c1O)c1c(O)c(Cl)cc(Cl)c1Cl,42680,JYWIYHUXVMAGLG-UHFFFAOYSA-N,O=C(Nc1cc(Cl)cc(Cl)c1O)c1c(O)c(Cl)cc(Cl)c1Cl,True,True,569
JZCPYUJPEARBJL-UHFFFAOYSA-N,rimonabant,BRD-K13296708-001-05-8,1,HTS,"CNR1, GPR55",cannabinoid receptor antagonist,Cc1c(C(=O)NN2CCCCC2)nn(-c2ccc(Cl)cc2Cl)c1-c1ccc(Cl)cc1,42722,JZCPYUJPEARBJL-UHFFFAOYSA-N,Cc1c(C(=O)NN2CCCCC2)nn(-c2ccc(Cl)cc2Cl)c1-c1ccc(Cl)cc1,True,True,565
JZCWLJDSIRUGIN-UHFFFAOYSA-N,VE-822,BRD-K04701033-001-04-7,1,MTS004,"ATM, ATR, MTOR, PIK3CG",ATR kinase inhibitor,CNCc1ccc(-c2cc(-c3nc(-c4ccc(S(=O)(=O)C(C)C)cc4)cnc3N)on2)cc1,42726,JZCWLJDSIRUGIN-UHFFFAOYSA-N,CNCc1ccc(-c2cc(-c3nc(-c4ccc(S(=O)(=O)C(C)C)cc4)c[nH]c3=N)on2)cc1,True,True,548
JZFPYUNJRRFVQU-UHFFFAOYSA-N,niflumic-acid,BRD-K98763141-001-30-8,1,HTS,"ANO1, CLCN1, CLCNKA, CLCNKB, KCNQ1, PLA2G1B, PLA2G4A, PTGS1, PTGS2, UGT1A9",cyclooxygenase inhibitor,O=C(O)c1cccnc1Nc1cccc(C(F)(F)F)c1,42746,JZFPYUNJRRFVQU-UHFFFAOYSA-N,O=C(O)c1ccc[nH]c1=Nc1cccc(C(F)(F)F)c1,True,True,568
JZQKKSLKJUAGIC-UHFFFAOYSA-N,pindolol,BRD-A97701745-001-16-0,1,HTS,"ADRB1, ADRB2, HTR1A, HTR1B, HTR2A, HTR2B",adrenergic receptor antagonist,CC(C)NCC(O)COc1cccc2[nH]ccc12,42836,JZQKKSLKJUAGIC-UHFFFAOYSA-N,CC(C)NCC(O)COc1cccc2[nH]ccc12,True,True,574
JZRWCGZRTZMZEH-UHFFFAOYSA-N,thiamine,BRD-K95785345-300-14-8,1,HTS,"SLC19A2, SLC19A3, TPK1",vitamin B,Cc1ncc(C[n+]2csc(CCO)c2C)c(N)n1,42845,JZRWCGZRTZMZEH-UHFFFAOYSA-N,Cc1nc(=N)c(C[n+]2csc(CCO)c2C)c[nH]1,True,True,574
JZWXMCPARMXZQV-UHFFFAOYSA-N,nexturastat-a,BRD-K70402238-001-02-8,1,HTS,"HDAC1, HDAC6",HDAC inhibitor,CCCCN(Cc1ccc(C(=O)NO)cc1)C(=O)Nc1ccccc1,42864,JZWXMCPARMXZQV-UHFFFAOYSA-N,CCCCN(Cc1ccc(C(O)=NO)cc1)C(=O)Nc1ccccc1,True,True,571
JZXRLKWWVNUZRB-UHFFFAOYSA-N,lazabemide,BRD-K51486818-003-02-8,1,HTS,MAOB,monoamine oxidase inhibitor,NCCNC(=O)c1ccc(Cl)cn1,42871,JZXRLKWWVNUZRB-UHFFFAOYSA-N,NCCNC(=O)c1ccc(Cl)cn1,True,True,565
KABDATZAOUSYES-UHFFFAOYSA-N,Ro-10-5824,BRD-K79684402-300-02-8,1,HTS,DRD4,dopamine receptor agonist,Cc1ncc(CN2CC=C(c3ccccc3)CC2)c(N)n1,42890,KABDATZAOUSYES-UHFFFAOYSA-N,Cc1nc(=N)c(CN2CC=C(c3ccccc3)CC2)c[nH]1,True,True,489
KAJXOWFGKYKMMZ-UHFFFAOYSA-N,arcyriaflavin-a,BRD-K72726508-001-02-1,1,HTS,"CCND1, CDK4",CDK inhibitor,O=C1NC(=O)c2c1c1c3ccccc3[nH]c1c1[nH]c3ccccc3c21,42933,KAJXOWFGKYKMMZ-UHFFFAOYSA-N,O=C1NC(=O)c2c1c1c3ccccc3[nH]c1c1[nH]c3ccccc3c21,True,True,565
KATNUHQNJGNLPW-UHFFFAOYSA-N,STF-62247,BRD-K85479953-001-11-3,1,HTS,,autophagy inducer,Cc1cccc(Nc2nc(-c3ccncc3)cs2)c1,42994,KATNUHQNJGNLPW-UHFFFAOYSA-N,Cc1cccc(N=c2[nH]c(-c3ccncc3)cs2)c1,True,True,565
KAZSKMJFUPEHHW-UHFFFAOYSA-N,licochalcone-a,BRD-K26011976-001-01-0,1,HTS,PTPN1,topoisomerase inhibitor,C=CC(C)(C)c1cc(C=CC(=O)c2ccc(O)cc2)c(OC)cc1O,43050,KAZSKMJFUPEHHW-UHFFFAOYSA-N,C=CC(C)(C)c1cc(C=CC(=O)c2ccc(O)cc2)c(OC)cc1O,True,True,532
KBOPZPXVLCULAV-UHFFFAOYSA-N,mesalazine,BRD-K28849549-001-13-4,1,HTS,"ALOX5, CHUK, IKBKB, MPO, PPARG, PTGS1, PTGS2","cyclooxygenase inhibitor, lipoxygenase inhibitor, prostanoid receptor antagonist",Nc1ccc(O)c(C(=O)O)c1,43182,KBOPZPXVLCULAV-UHFFFAOYSA-N,Nc1ccc(O)c(C(=O)O)c1,True,True,538
KBPLFHHGFOOTCA-UHFFFAOYSA-N,1-octanol,BRD-K09338665-001-07-1,1,HTS,"GJA1, GJA10, GJA3, GJA4, GJA5, GJA8, GJA9, GJB1, GJB2, GJB3, GJB4, GJB5, GJB6, GJB7, GJC1, GJC2, GJC3, GJD2, GJD3, GJD4, GJE1",,CCCCCCCCO,43191,KBPLFHHGFOOTCA-UHFFFAOYSA-N,CCCCCCCCO,True,True,538
KBUZBQVCBVDWKX-UHFFFAOYSA-N,emedastine,BRD-K15010214-364-02-7,1,HTS,HRH1,histamine receptor antagonist,CCOCCn1c(N2CCCN(C)CC2)nc2ccccc21,43234,KBUZBQVCBVDWKX-UHFFFAOYSA-N,CCOCCn1c(N2CCCN(C)CC2)nc2ccccc21,True,True,549
KBVFRXIGQQRMEF-UHFFFAOYSA-N,WZ811,BRD-K25359048-001-02-6,1,HTS,CXCR4,CC chemokine receptor antagonist,c1ccc(NCc2ccc(CNc3ccccn3)cc2)nc1,43237,KBVFRXIGQQRMEF-UHFFFAOYSA-N,c1ccc(=NCc2ccc(CN=c3cccc[nH]3)cc2)[nH]c1,True,True,574
KCAJXIDMCNPGHZ-UHFFFAOYSA-N,PH-797804,BRD-K95880107-001-02-4,1,HTS,"MAPK11, MAPK14",p38 MAPK inhibitor,CNC(=O)c1ccc(C)c(-n2c(C)cc(OCc3ccc(F)cc3F)c(Br)c2=O)c1,43284,KCAJXIDMCNPGHZ-UHFFFAOYSA-N,CNC(=O)c1ccc(C)c(-n2c(C)cc(OCc3ccc(F)cc3F)c(Br)c2=O)c1,True,True,574
KCFYEAOKVJSACF-UHFFFAOYSA-N,arbidol,BRD-K73881242-003-04-6,1,MTS004,CYP3A4,cytochrome P450 inhibitor,CCOC(=O)c1c(CSc2ccccc2)n(C)c2cc(Br)c(O)c(CN(C)C)c12,43325,KCFYEAOKVJSACF-UHFFFAOYSA-N,CCOC(=O)c1c(CSc2ccccc2)n(C)c2cc(Br)c(O)c(CN(C)C)c12,True,True,547
KCHIOGFOPPOUJC-UHFFFAOYSA-N,pirodavir,BRD-K22261391-001-01-2,1,HTS,,,CCOC(=O)c1ccc(OCCC2CCN(c3ccc(C)nn3)CC2)cc1,43332,KCHIOGFOPPOUJC-UHFFFAOYSA-N,CCOC(=O)c1ccc(OCCC2CCN(c3ccc(C)nn3)CC2)cc1,True,True,574
KCLANYCVBBTKTO-UHFFFAOYSA-N,proxymetacaine,BRD-K79116891-003-15-1,1,HTS,"SCN10A, SCN5A",sodium channel blocker,CCCOc1ccc(C(=O)OCCN(CC)CC)cc1N,43357,KCLANYCVBBTKTO-UHFFFAOYSA-N,CCCOc1ccc(C(=O)OCCN(CC)CC)cc1N,True,True,569
KCXVZYZYPLLWCC-UHFFFAOYSA-N,ethylenediaminetetraacetic-acid,BRD-K82603084-408-01-1,1,HTS,,PKC inhibitor,O=C(O)CN(CCN(CC(=O)O)CC(=O)O)CC(=O)O,43445,KCXVZYZYPLLWCC-UHFFFAOYSA-N,O=C(O)CN(CCN(CC(=O)O)CC(=O)O)CC(=O)O,True,True,557
KDGFLJKFZUIJMX-UHFFFAOYSA-N,alectinib,BRD-K11267252-001-04-4,1,HTS,"ALK, MET",ALK tyrosine kinase receptor inhibitor,CCc1cc2c(cc1N1CCC(N3CCOCC3)CC1)C(C)(C)c1[nH]c3cc(C#N)ccc3c1C2=O,43494,KDGFLJKFZUIJMX-UHFFFAOYSA-N,CCc1cc2c(cc1N1CCC(N3CCOCC3)CC1)C(C)(C)c1[nH]c3cc(C#N)ccc3c1C2=O,True,True,550
KDKUVYLMPJIGKA-UHFFFAOYSA-N,JNJ-7706621,BRD-K11636097-001-03-1,1,HTS,"AURKA, AURKB, CDK1, CDK2",CDK inhibitor,Nc1nc(Nc2ccc(S(N)(=O)=O)cc2)nn1C(=O)c1c(F)cccc1F,43531,KDKUVYLMPJIGKA-UHFFFAOYSA-N,N=c1[nH]c(=Nc2ccc(S(N)(=O)=O)cc2)[nH]n1C(=O)c1c(F)cccc1F,True,True,565
KDYFGRWQOYBRFD-UHFFFAOYSA-N,succinic-acid,BRD-K45238818-001-02-6,1,HTS,"ALDH5A1, ASPH, BBOX1, HSD17B6, OXCT1, OXCT2, P3H1, P3H2, P3H3, P4HA1, P4HA2, PLOD1, PLOD3, SDHA, SDHB, SDHC, SDHD, SLC13A1, SLC13A2, SLC13A3, SLC25A10, SUCLA2, SUCLG1, SUCLG2, SUCNR1, TMLHE",,O=C(O)CCC(=O)O,43618,KDYFGRWQOYBRFD-UHFFFAOYSA-N,O=C(O)CCC(=O)O,True,True,569
KEDQCFRVSHYKLR-UHFFFAOYSA-N,zatebradine,BRD-K92446736-003-02-2,1,HTS,"HCN1, HCN2, HCN3, HCN4",HCN channel blocker,COc1ccc(CCN(C)CCCN2CCc3cc(OC)c(OC)cc3CC2=O)cc1OC,43651,KEDQCFRVSHYKLR-UHFFFAOYSA-N,COc1ccc(CCN(C)CCCN2CCc3cc(OC)c(OC)cc3CC2=O)cc1OC,True,True,569
KEECCEWTUVWFCV-UHFFFAOYSA-N,acecainide,BRD-K07753030-003-17-6,1,HTS,SCN5A,polarization inhibitor,CCN(CC)CCNC(=O)c1ccc(NC(C)=O)cc1,43654,KEECCEWTUVWFCV-UHFFFAOYSA-N,CCN(CC)CCNC(=O)c1ccc(NC(C)=O)cc1,True,True,569
KFZMGEQAYNKOFK-UHFFFAOYSA-N,indium(iii)-isopropoxide,BRD-M08274809-001-01-7,1,HTS,,,CC(C)O,44026,KFZMGEQAYNKOFK-UHFFFAOYSA-N,CC(C)O,True,True,536
KGEKLUUHTZCSIP-UHFFFAOYSA-N,bornyl-acetate,BRD-A41385909-001-01-3,1,HTS,,,CC(=O)OC1CC2CCC1(C)C2(C)C,44058,KGEKLUUHTZCSIP-UHFFFAOYSA-N,CC(=O)OC1CC2CCC1(C)C2(C)C,True,True,538
KGRJPLRFGLMQMV-UHFFFAOYSA-N,apoptosis-activator-II,BRD-K15164005-001-05-6,1,HTS,"BCHE, CES1",carboxylesterase inhibitor,O=C1C(=O)N(Cc2ccc(Cl)c(Cl)c2)c2ccccc21,44150,KGRJPLRFGLMQMV-UHFFFAOYSA-N,O=C1C(=O)N(Cc2ccc(Cl)c(Cl)c2)c2ccccc21,True,True,565
KGSXMPPBFPAXLY-UHFFFAOYSA-N,azilsartan,BRD-K81074237-001-02-3,1,HTS,"AGTR1, AGTR2",angiotensin receptor antagonist,CCOc1nc2cccc(C(=O)O)c2n1Cc1ccc(-c2ccccc2-c2nc(=O)o[nH]2)cc1,44164,KGSXMPPBFPAXLY-UHFFFAOYSA-N,CCOc1nc2cccc(C(=O)O)c2n1Cc1ccc(-c2ccccc2-c2nc(=O)o[nH]2)cc1,True,True,557
KHOITXIGCFIULA-UHFFFAOYSA-N,bisacodyl,BRD-K39987650-001-24-1,1,HTS,,laxative,CC(=O)Oc1ccc(C(c2ccc(OC(C)=O)cc2)c2ccccn2)cc1,44306,KHOITXIGCFIULA-UHFFFAOYSA-N,CC(=O)Oc1ccc(C(c2ccc(OC(C)=O)cc2)c2ccccn2)cc1,True,True,569
KHPKQFYUPIUARC-UHFFFAOYSA-N,lumiracoxib,BRD-K26901728-001-06-2,1,HTS,"PTGS1, PTGS2",cyclooxygenase inhibitor,Cc1ccc(Nc2c(F)cccc2Cl)c(CC(=O)O)c1,44311,KHPKQFYUPIUARC-UHFFFAOYSA-N,Cc1ccc(Nc2c(F)cccc2Cl)c(CC(=O)O)c1,True,True,571
KHPXUQMNIQBQEV-UHFFFAOYSA-N,oxaloacetate,BRD-K61279411-001-02-0,1,HTS,"CS, SPR",glutamate release inhibitor,O=C(O)CC(=O)C(=O)O,44314,KHPXUQMNIQBQEV-UHFFFAOYSA-N,O=C(O)CC(=O)C(=O)O,True,True,538
KHZOJCQBHJUJFY-UHFFFAOYSA-N,wnt-c59,BRD-K78455053-001-01-2,1,HTS,PORCN,porcupine inhibitor,Cc1cc(-c2ccc(CC(=O)Nc3ccc(-c4cccnc4)cc3)cc2)ccn1,44374,KHZOJCQBHJUJFY-UHFFFAOYSA-N,Cc1cc(-c2ccc(CC(=O)Nc3ccc(-c4cccnc4)cc3)cc2)ccn1,True,True,574
KIAPWMKFHIKQOZ-UHFFFAOYSA-N,EXO-1,BRD-K78633253-001-10-3,1,HTS,,ARF inhibitor,COC(=O)c1ccccc1NC(=O)c1ccc(F)cc1,44380,KIAPWMKFHIKQOZ-UHFFFAOYSA-N,COC(=O)c1ccccc1NC(=O)c1ccc(F)cc1,True,True,565
KIISCIGBPUVZBF-UHFFFAOYSA-N,WZ8040,BRD-K81728688-001-04-4,1,HTS,EGFR,EGFR inhibitor,C=CC(=O)Nc1cccc(Sc2nc(Nc3ccc(N4CCN(C)CC4)cc3)ncc2Cl)c1,44430,KIISCIGBPUVZBF-UHFFFAOYSA-N,C=CC(=O)Nc1cccc(Sc2[nH]c(=Nc3ccc(N4CCN(C)CC4)cc3)ncc2Cl)c1,True,True,565
KJAMZCVTJDTESW-UHFFFAOYSA-N,tiracizine,BRD-K75250001-001-01-3,1,HTS,SCN5A,sodium channel blocker,CCOC(=O)Nc1ccc2c(c1)N(C(=O)CN(C)C)c1ccccc1CC2,44572,KJAMZCVTJDTESW-UHFFFAOYSA-N,CCOC(=O)Nc1ccc2c(c1)N(C(=O)CN(C)C)c1ccccc1CC2,True,True,572
KJFMBFZCATUALV-UHFFFAOYSA-N,phenolphthalein,BRD-K19227686-001-18-6,1,HTS,UGT1A9,indicator dye,O=C1OC(c2ccc(O)cc2)(c2ccc(O)cc2)c2ccccc21,44603,KJFMBFZCATUALV-UHFFFAOYSA-N,O=C1OC(c2ccc(O)cc2)(c2ccc(O)cc2)c2ccccc21,True,True,550
KJHOZAZQWVKILO-UHFFFAOYSA-N,moroxydine,BRD-K57291914-003-09-4,1,HTS,,antiviral,N=C(N)NC(=N)N1CCOCC1,44617,KJHOZAZQWVKILO-UHFFFAOYSA-N,N=C(N)N=C(N)N1CCOCC1,True,True,564
KJNNWYBAOPXVJY-UHFFFAOYSA-N,azeliragon,BRD-K51899933-001-02-6,1,MTS004,AGER,RAGE receptor antagonist,CCCCc1nc(-c2ccc(OCCCN(CC)CC)cc2)cn1-c1ccc(Oc2ccc(Cl)cc2)cc1,44666,KJNNWYBAOPXVJY-UHFFFAOYSA-N,CCCCc1nc(-c2ccc(OCCCN(CC)CC)cc2)cn1-c1ccc(Oc2ccc(Cl)cc2)cc1,True,True,547
KKGQTZUTZRNORY-UHFFFAOYSA-N,fingolimod,BRD-K88025533-003-03-3,1,HTS,"S1PR1, S1PR5","immunosuppressant, sphingosine phosphate receptor agonist",CCCCCCCCc1ccc(CCC(N)(CO)CO)cc1,44790,KKGQTZUTZRNORY-UHFFFAOYSA-N,CCCCCCCCc1ccc(CCC(N)(CO)CO)cc1,True,True,569
KKTZALUTXUZPSN-UHFFFAOYSA-N,NU-7026,BRD-K09537769-001-04-0,1,HTS,PRKDC,"DNA dependent protein kinase inhibitor, mTOR inhibitor, PI3K inhibitor",O=c1cc(N2CCOCC2)oc2c1ccc1ccccc12,44893,KKTZALUTXUZPSN-UHFFFAOYSA-N,O=c1cc(N2CCOCC2)oc2c1ccc1ccccc12,True,True,574
KKYABQBFGDZVNQ-UHFFFAOYSA-N,losmapimod,BRD-K56195681-001-01-0,1,HTS,MAPK14,p38 MAPK inhibitor,Cc1c(F)cc(C(=O)NC2CC2)cc1-c1ccc(C(=O)NCC(C)(C)C)cn1,44928,KKYABQBFGDZVNQ-UHFFFAOYSA-N,Cc1c(F)cc(C(=O)NC2CC2)cc1-c1ccc(C(=O)NCC(C)(C)C)cn1,True,True,574
KLBQZWRITKRQQV-UHFFFAOYSA-N,thioridazine,BRD-A84481105-003-31-3,1,HTS,"ADRA1A, ADRA1B, DRD1, DRD2, DRD3, DRD4, DRD5, HRH1, HTR1A, HTR2A, HTR2C, HTR6, HTR7, KCNH2",dopamine receptor antagonist,CSc1ccc2c(c1)N(CCC1CCCCN1C)c1ccccc1S2,44953,KLBQZWRITKRQQV-UHFFFAOYSA-N,CSc1ccc2c(c1)N(CCC1CCCCN1C)c1ccccc1S2,True,True,572
KLGQSVMIPOVQAX-UHFFFAOYSA-N,XAV-939,BRD-K12762134-001-06-2,1,HTS,"TNKS, TNKS2",tankyrase inhibitor,Oc1nc(-c2ccc(C(F)(F)F)cc2)nc2c1CSCC2,44990,KLGQSVMIPOVQAX-UHFFFAOYSA-N,O=c1[nH]c(-c2ccc(C(F)(F)F)cc2)nc2c1CSCC2,True,True,565
KLPWJLBORRMFGK-UHFFFAOYSA-N,molindone,BRD-A65280694-003-13-7,1,HTS,"CHRM1, DRD2, HRH1, HTR1A, HTR2A",dopamine receptor antagonist,CCc1c(C)[nH]c2c1C(=O)C(CN1CCOCC1)CC2,45049,KLPWJLBORRMFGK-UHFFFAOYSA-N,CCc1c(C)[nH]c2c1C(=O)C(CN1CCOCC1)CC2,True,True,569
KLRRGBHZCJLIEL-UHFFFAOYSA-N,BMS-833923,BRD-K33245965-001-03-4,1,MTS004,SMO,smoothened receptor antagonist,CNCc1ccc(C)c(NC(=O)c2ccc(Nc3nc(-c4ccccc4)c4ccccc4n3)cc2)c1,45057,KLRRGBHZCJLIEL-UHFFFAOYSA-N,CNCc1ccc(C)c(NC(=O)c2ccc(N=c3nc(-c4ccccc4)c4ccccc4[nH]3)cc2)c1,True,True,547
KLWUUPVJTLHYIM-UHFFFAOYSA-N,dofequidar,BRD-A14941520-051-01-0,1,HTS,ABCB1,"MRP inhibitor, P glycoprotein inhibitor",O=C(C(c1ccccc1)c1ccccc1)N1CCN(CC(O)COc2cccc3ncccc23)CC1,45095,KLWUUPVJTLHYIM-UHFFFAOYSA-N,O=C(C(c1ccccc1)c1ccccc1)N1CCN(CC(O)COc2cccc3ncccc23)CC1,True,True,571
KNAHARQHSZJURB-UHFFFAOYSA-N,propylthiouracil,BRD-K48168960-001-19-2,1,HTS,"DIO1, TPO",thyroid peroxidase inhibitor,CCCc1cc(=O)[nH]c(=S)[nH]1,45303,KNAHARQHSZJURB-UHFFFAOYSA-N,CCCc1cc(=O)[nH]c(=S)[nH]1,True,True,574
KNHUKKLJHYUCFP-UHFFFAOYSA-N,clofibrate,BRD-K45252063-001-13-6,1,HTS,"LPL, PPARA",PPAR receptor agonist,CCOC(=O)C(C)(C)Oc1ccc(Cl)cc1,45356,KNHUKKLJHYUCFP-UHFFFAOYSA-N,CCOC(=O)C(C)(C)Oc1ccc(Cl)cc1,True,True,563
KNURFLJTOUGOOQ-UHFFFAOYSA-N,SC-19220,BRD-K52512893-001-08-9,1,HTS,PTGER1,prostanoid receptor antagonist,CC(=O)NNC(=O)N1Cc2ccccc2Oc2ccc(Cl)cc21,45460,KNURFLJTOUGOOQ-UHFFFAOYSA-N,CC(=O)NNC(=O)N1Cc2ccccc2Oc2ccc(Cl)cc21,True,True,569
KOQIAZNBAWFSQM-UHFFFAOYSA-N,OSI-420,BRD-K73309154-003-02-8,1,HTS,EGFR,EGFR inhibitor,C#Cc1cccc(Nc2ncnc3cc(OCCOC)c(OCCO)cc23)c1,45604,KOQIAZNBAWFSQM-UHFFFAOYSA-N,C#Cc1cccc(N=c2[nH]cnc3cc(OCCOC)c(OCCO)cc23)c1,True,True,574
KPGXRSRHYNQIFN-UHFFFAOYSA-N,2-oxoglutaric-acid,BRD-K89712525-001-02-1,1,HTS,OXGR1,,O=C(O)CCC(=O)C(=O)O,45723,KPGXRSRHYNQIFN-UHFFFAOYSA-N,O=C(O)CCC(=O)C(=O)O,True,True,536
KPQZUUQMTUIKBP-UHFFFAOYSA-N,secnidazole,BRD-A70083328-001-23-5; BRD-A70083328-001-24-3,2,HTS,,"acetylcholinesterase inhibitor, microtubule inhibitor",Cc1ncc([N+](=O)[O-])n1CC(C)O,45807,KPQZUUQMTUIKBP-UHFFFAOYSA-N,Cc1ncc([N+](=O)[O-])n1CC(C)O,True,True,576
KPRTURMJVWXURQ-UHFFFAOYSA-N,ibrolipim,BRD-K62490786-001-01-1,1,MTS004,LPL,lipoprotein lipase activator,CCOP(=O)(Cc1ccc(C(=O)Nc2ccc(Br)cc2C#N)cc1)OCC,45813,KPRTURMJVWXURQ-UHFFFAOYSA-N,CCOP(=O)(Cc1ccc(C(=O)Nc2ccc(Br)cc2C#N)cc1)OCC,True,True,548
KPSRODZRAIWAKH-UHFFFAOYSA-N,ciprofibrate,BRD-A49358627-001-14-6,1,HTS,PPARA,PPAR receptor agonist,CC(C)(Oc1ccc(C2CC2(Cl)Cl)cc1)C(=O)O,45817,KPSRODZRAIWAKH-UHFFFAOYSA-N,CC(C)(Oc1ccc(C2CC2(Cl)Cl)cc1)C(=O)O,True,True,569
KQDBVHKNIYROHU-UHFFFAOYSA-N,PIK-293,BRD-K30977212-001-02-8,1,HTS,"PIK3CA, PIK3CB, PIK3CD, PIK3CG",PI3K inhibitor,Cc1ccccc1-n1c(Cn2ncc3c(N)ncnc32)nc2cccc(C)c2c1=O,45897,KQDBVHKNIYROHU-UHFFFAOYSA-N,Cc1ccccc1-n1c(Cn2ncc3c(=N)[nH]cnc32)nc2cccc(C)c2c1=O,True,True,573
KQEPIRKXSUIUTH-UHFFFAOYSA-N,CGP-37157,BRD-A35623999-001-05-7,1,HTS,SLC8A1,"mitochondrial Na+/Ca2+ exchanger antagonist, sodium/calcium exchange inhibitor",O=C1CSC(c2ccccc2Cl)c2cc(Cl)ccc2N1,45912,KQEPIRKXSUIUTH-UHFFFAOYSA-N,O=C1CSC(c2ccccc2Cl)c2cc(Cl)ccc2N1,True,True,569
KQKPFRSPSRPDEB-UHFFFAOYSA-N,sumatriptan,BRD-K50938287-036-13-8,1,HTS,"HTR1A, HTR1B, HTR1D, HTR1E, HTR1F, HTR5A, HTR6, HTR7",serotonin receptor agonist,CNS(=O)(=O)Cc1ccc2[nH]cc(CCN(C)C)c2c1,45959,KQKPFRSPSRPDEB-UHFFFAOYSA-N,CNS(=O)(=O)Cc1ccc2[nH]cc(CCN(C)C)c2c1,True,True,569
KQOXLKOJHVFTRN-UHFFFAOYSA-N,pleconaril,BRD-K27625831-001-02-9,1,MTS004,,,Cc1cc(CCCOc2c(C)cc(-c3noc(C(F)(F)F)n3)cc2C)on1,45994,KQOXLKOJHVFTRN-UHFFFAOYSA-N,Cc1cc(CCCOc2c(C)cc(-c3noc(C(F)(F)F)n3)cc2C)on1,True,True,548
KRKNYBCHXYNGOX-UHFFFAOYSA-N,lithium-citrate,BRD-M41245765-001-04-2,1,HTS,,,O=C(O)CC(O)(CC(=O)O)C(=O)O,46146,KRKNYBCHXYNGOX-UHFFFAOYSA-N,O=C(O)CC(O)(CC(=O)O)C(=O)O,True,True,538
KRMDCWKBEZIMAB-UHFFFAOYSA-N,amitriptyline,BRD-K53737926-003-27-8,1,HTS,"ADRA1A, ADRA1B, ADRA1D, ADRA2A, ADRB1, ADRB2, ADRB3, CHRM1, CHRM2, CHRM3, CHRM4, CHRM5, HRH1, HRH2, HRH4, HTR1A, HTR1B, HTR1D, HTR2A, HTR2C, HTR6, HTR7, KCNA1, KCND2, KCND3, KCNQ2, KCNQ3, NTRK1, NTRK2, OPRD1, OPRK1, OPRM1, SIGMAR1, SLC6A2, SLC6A4","norepinephrine inhibitor, norepinephrine reuptake inhibitor, serotonin receptor antagonist, serotonin-norepinephrine reuptake inhibitor (SNRI)",CN(C)CCC=C1c2ccccc2CCc2ccccc21,46155,KRMDCWKBEZIMAB-UHFFFAOYSA-N,CN(C)CCC=C1c2ccccc2CCc2ccccc21,True,True,574
KRWMERLEINMZFT-UHFFFAOYSA-N,O6-Benzylguanine,BRD-K92041145-001-09-5,1,HTS,MGMT,O6-alkylguanine-DNA alkyltransferase inhibitor,Nc1nc(OCc2ccccc2)c2[nH]cnc2n1,46230,KRWMERLEINMZFT-UHFFFAOYSA-N,N=c1nc(OCc2ccccc2)c2[nH]cnc2[nH]1,True,True,571
KSCFJBIXMNOVSH-UHFFFAOYSA-N,dyphylline,BRD-A00827783-001-24-6,1,HTS,"ADORA1, ADORA2A, PDE3A, PDE4A, PDE4B, PDE4C, PDE4D, PDE7A, PDE7B","adenosine receptor antagonist, phosphodiesterase inhibitor",Cn1c(=O)c2c(ncn2CC(O)CO)n(C)c1=O,46270,KSCFJBIXMNOVSH-UHFFFAOYSA-N,Cn1c(=O)c2c(ncn2CC(O)CO)n(C)c1=O,True,True,569
KSEYRUGYKHXGFW-UHFFFAOYSA-N,alizapride,BRD-A03061970-003-07-3,1,HTS,DRD2,dopamine receptor antagonist,C=CCN1CCCC1CNC(=O)c1cc2nn[nH]c2cc1OC,46283,KSEYRUGYKHXGFW-UHFFFAOYSA-N,C=CCN1CCCC1CNC(=O)c1cc2[nH]nnc2cc1OC,True,True,569
KSGXQBZTULBEEQ-UHFFFAOYSA-N,dabigatran-etexilate,BRD-K57041787-001-02-6,1,HTS,F2,thrombin inhibitor,CCCCCCOC(=O)/N=C(/N)c1ccc(NCc2nc3cc(C(=O)N(CCC(=O)OCC)c4ccccn4)ccc3n2C)cc1,46303,KSGXQBZTULBEEQ-UHFFFAOYSA-N,CCCCCCOC(=O)N=C(N)c1ccc(NCc2nc3cc(C(=O)N(CCC(=O)OCC)c4ccccn4)ccc3n2C)cc1,True,True,574
KSMAGQUYOIHWFS-UHFFFAOYSA-N,lofexidine,BRD-A02990301-003-06-6,1,HTS,ADRA2A,adrenergic receptor agonist,CC(Oc1c(Cl)cccc1Cl)C1=NCCN1,46343,KSMAGQUYOIHWFS-UHFFFAOYSA-N,CC(Oc1c(Cl)cccc1Cl)C1=NCCN1,True,True,569
KTBSXLIQKWEBRB-UHFFFAOYSA-N,itacitinib,BRD-K67482377-001-01-8,1,MTS004,JAK1,JAK inhibitor,N#CCC1(n2cc(-c3ncnc4[nH]ccc34)cn2)CN(C2CCN(C(=O)c3ccnc(C(F)(F)F)c3F)CC2)C1,46450,KTBSXLIQKWEBRB-UHFFFAOYSA-N,N#CCC1(n2cc(-c3ncnc4[nH]ccc34)cn2)CN(C2CCN(C(=O)c3ccnc(C(F)(F)F)c3F)CC2)C1,True,True,548
KTUFNOKKBVMGRW-UHFFFAOYSA-N,imatinib,BRD-K92723993-001-06-7,1,HTS,"ABL1, CSF1R, DDR1, KIT, NTRK1, PDGFRA, PDGFRB, RET","Bcr-Abl kinase inhibitor, KIT inhibitor, PDGFR tyrosine kinase receptor inhibitor",Cc1ccc(NC(=O)c2ccc(CN3CCN(C)CC3)cc2)cc1Nc1nccc(-c2cccnc2)n1,46574,KTUFNOKKBVMGRW-UHFFFAOYSA-N,Cc1ccc(NC(=O)c2ccc(CN3CCN(C)CC3)cc2)cc1N=c1nc(-c2cccnc2)cc[nH]1,True,True,574
KTXBOOWDLPUROC-UHFFFAOYSA-N,nicaraven,BRD-A86871940-001-01-9,1,HTS,,free radical scavenger,CC(CNC(=O)c1cccnc1)NC(=O)c1cccnc1,46597,KTXBOOWDLPUROC-UHFFFAOYSA-N,CC(CNC(=O)c1cccnc1)NC(=O)c1cccnc1,True,True,547
KUAZQDVKQLNFPE-UHFFFAOYSA-N,thiram,BRD-K29254801-001-14-7,1,HTS,JAK2,,CN(C)C(=S)SSC(=S)N(C)C,46628,KUAZQDVKQLNFPE-UHFFFAOYSA-N,CN(C)C(=S)SSC(=S)N(C)C,True,True,569
KUBCEEMXQZUPDQ-UHFFFAOYSA-N,hordenine,BRD-K93631643-001-02-4,1,HTS,,,CN(C)CCc1ccc(O)cc1,46630,KUBCEEMXQZUPDQ-UHFFFAOYSA-N,CN(C)CCc1ccc(O)cc1,True,True,565
KUUJEXLRLIPQQJ-UHFFFAOYSA-N,BAX-channel-blocker,BRD-A18763547-300-05-5,1,HTS,BAX,cytochrome C release inhibitor,OC(CN1CCNCC1)Cn1c2ccc(Br)cc2c2cc(Br)ccc21,46761,KUUJEXLRLIPQQJ-UHFFFAOYSA-N,OC(CN1CCNCC1)Cn1c2ccc(Br)cc2c2cc(Br)ccc21,True,True,569
KVHRYLNQDWXAGI-UHFFFAOYSA-N,TAK-063,BRD-K57155378-001-01-1,1,MTS004,PDE10A,phosphodiesterase inhibitor,COc1cn(-c2ccc(-n3cccn3)cc2F)nc(-c2ccnn2-c2ccccc2)c1=O,46859,KVHRYLNQDWXAGI-UHFFFAOYSA-N,COc1cn(-c2ccc(-n3cccn3)cc2F)nc(-c2ccnn2-c2ccccc2)c1=O,True,True,548
KWIUHFFTVRNATP-UHFFFAOYSA-O,betaine,BRD-K12014493-001-02-2,1,HTS,,nitric oxide donor,C[N+](C)(C)CC(=O)O,47043,KWIUHFFTVRNATP-UHFFFAOYSA-O,C[N+](C)(C)CC(=O)O,True,True,536
KWRYMZHCQIOOEB-UHFFFAOYSA-N,AMG319,BRD-A58947127-001-01-6,1,MTS004,PIK3CD,PI3K inhibitor,CC(Nc1ncnc2nc[nH]c12)c1cc2ccc(F)cc2nc1-c1ccccn1,47090,KWRYMZHCQIOOEB-UHFFFAOYSA-N,CC(N=c1[nH]cnc2[nH]cnc12)c1cc2ccc(F)cc2nc1-c1ccccn1,True,True,547
KXBDTLQSDKGAEB-UHFFFAOYSA-N,AVL-292,BRD-K87782578-001-01-4,1,HTS,"BTK, YES1",Bruton's tyrosine kinase (BTK) inhibitor,C=CC(=O)Nc1cccc(Nc2nc(Nc3ccc(OCCOC)cc3)ncc2F)c1,47160,KXBDTLQSDKGAEB-UHFFFAOYSA-N,C=CC(=O)Nc1cccc(N=c2[nH]c(=Nc3ccc(OCCOC)cc3)[nH]cc2F)c1,True,True,571
KXDROGADUISDGY-UHFFFAOYSA-N,benzamil,BRD-K87158025-001-01-6,1,HTS,"ASIC1, PKD2L1, SCNN1A, SCNN1B, SCNN1D, SCNN1G, SLC8A1",sodium channel blocker,NC(=NC(=O)c1nc(Cl)c(N)nc1N)NCc1ccccc1,47174,KXDROGADUISDGY-UHFFFAOYSA-N,N=C(NCc1ccccc1)NC(=O)c1nc(Cl)c(=N)[nH]c1N,True,True,569
KXMTXZACPVCDMH-UHFFFAOYSA-N,bicyclol,BRD-K16546375-001-01-4,1,MTS004,"HSPA1A, HSPB1",NFkB pathway inhibitor,COC(=O)c1cc(OC)c2c(c1-c1c(CO)cc(OC)c3c1OCO3)OCO2,47243,KXMTXZACPVCDMH-UHFFFAOYSA-N,COC(=O)c1cc(OC)c2c(c1-c1c(CO)cc(OC)c3c1OCO3)OCO2,True,True,547
KXRZBTAEDBELFD-UHFFFAOYSA-N,sulfametopyrazine,BRD-K17205817-001-06-1,1,HTS,,PABA antagonist,COc1nccnc1NS(=O)(=O)c1ccc(N)cc1,47277,KXRZBTAEDBELFD-UHFFFAOYSA-N,COc1ncc[nH]c1=NS(=O)(=O)c1ccc(N)cc1,True,True,574
KYGZCKSPAKDVKC-UHFFFAOYSA-N,oxolinic-acid,BRD-K73394555-237-01-1,1,HTS,,bacterial DNA gyrase inhibitor,CCn1cc(C(=O)O)c(=O)c2cc3c(cc21)OCO3,47379,KYGZCKSPAKDVKC-UHFFFAOYSA-N,CCn1cc(C(=O)O)c(=O)c2cc3c(cc21)OCO3,True,True,574
KYHQZNGJUGFTGR-UHFFFAOYSA-N,proxyphylline,BRD-A28887267-001-19-3,1,HTS,,,CC(O)Cn1cnc2c1c(=O)n(C)c(=O)n2C,47385,KYHQZNGJUGFTGR-UHFFFAOYSA-N,CC(O)Cn1cnc2c1c(=O)n(C)c(=O)n2C,True,True,570
KYLIZBIRMBGUOP-UHFFFAOYSA-N,anethole-trithione,BRD-K92490248-001-06-6,1,MTS004,,glutathione transferase stimulant,COc1ccc(-c2cc(=S)ss2)cc1,47411,KYLIZBIRMBGUOP-UHFFFAOYSA-N,COc1ccc(-c2cc(=S)ss2)cc1,True,True,548
KYRVNWMVYQXFEU-UHFFFAOYSA-N,nocodazole,BRD-K12539581-001-23-7,1,HTS,HPGDS,tubulin polymerization inhibitor,COC(=O)Nc1nc2cc(C(=O)c3cccs3)ccc2[nH]1,47448,KYRVNWMVYQXFEU-UHFFFAOYSA-N,COC(=O)N=c1[nH]c2ccc(C(=O)c3cccs3)cc2[nH]1,True,True,574
KYWWJENKIMRJBI-UHFFFAOYSA-N,LXR-623,BRD-K54520417-001-01-2,1,HTS,"AR, NR1H2, NR1H3, NR1I2, NR3C1",LXR agonist,Fc1ccc(-c2c3cccc(C(F)(F)F)c3nn2Cc2ccc(F)cc2Cl)cc1,47484,KYWWJENKIMRJBI-UHFFFAOYSA-N,Fc1ccc(-c2c3cccc(C(F)(F)F)c3nn2Cc2ccc(F)cc2Cl)cc1,True,True,574
KYYIDSXMWOZKMP-UHFFFAOYSA-N,desvenlafaxine,BRD-A98845662-036-03-7,1,HTS,"SLC6A2, SLC6A3, SLC6A4",serotonin-norepinephrine reuptake inhibitor (SNRI),CN(C)CC(c1ccc(O)cc1)C1(O)CCCCC1,47499,KYYIDSXMWOZKMP-UHFFFAOYSA-N,CN(C)CC(c1ccc(O)cc1)C1(O)CCCCC1,True,True,571
KZENBFUSKMWCJF-UHFFFAOYSA-N,RITA,BRD-K00317371-001-06-1,1,HTS,MDM2,MDM inhibitor,OCc1ccc(-c2ccc(-c3ccc(CO)s3)o2)s1,47537,KZENBFUSKMWCJF-UHFFFAOYSA-N,OCc1ccc(-c2ccc(-c3ccc(CO)s3)o2)s1,True,True,538
KZNIFHPLKGYRTM-UHFFFAOYSA-N,apigenin,BRD-K01493881-001-29-4,1,HTS,"AKR1B1, AR, CDK6, CFTR, CYP19A1, CYP1B1, HSD17B1","casein kinase inhibitor, cell proliferation inhibitor",O=c1cc(-c2ccc(O)cc2)oc2cc(O)cc(O)c12,47590,KZNIFHPLKGYRTM-UHFFFAOYSA-N,O=c1cc(-c2ccc(O)cc2)oc2cc(O)cc(O)c12,True,True,563
LAMQVIQMVKWXOC-UHFFFAOYSA-N,SRT2104,BRD-K48452630-001-01-8,1,MTS004,SIRT1,SIRT activator,Cc1nc(-c2cccnc2)sc1C(=O)Nc1ccccc1-c1cn2c(CN3CCOCC3)csc2n1,47792,LAMQVIQMVKWXOC-UHFFFAOYSA-N,Cc1nc(-c2cccnc2)sc1C(=O)Nc1ccccc1-c1cn2c(CN3CCOCC3)csc2n1,True,True,547
LBHIOVVIQHSOQN-UHFFFAOYSA-N,nicorandil,BRD-K97752965-001-16-4,1,HTS,KCNJ11,"nitric oxide donor, potassium channel activator",O=C(NCCO[N+](=O)[O-])c1cccnc1,47940,LBHIOVVIQHSOQN-UHFFFAOYSA-N,O=C(NCCO[N+](=O)[O-])c1cccnc1,True,True,534
LBPKYPYHDKKRFS-UHFFFAOYSA-N,repsox,BRD-K80480517-001-02-4,1,HTS,TGFBR1,TGF beta receptor inhibitor,Cc1cccc(-c2n[nH]cc2-c2ccc3ncccc3n2)n1,48011,LBPKYPYHDKKRFS-UHFFFAOYSA-N,Cc1cccc(-c2[nH]ncc2-c2ccc3ncccc3n2)n1,True,True,570
LBXHRAWDUMTPSE-UHFFFAOYSA-N,clopamide,BRD-A85651701-001-19-7,1,HTS,,sodium/chloride cotransporter inhibitor,CC1CCCC(C)N1NC(=O)c1ccc(Cl)c(S(N)(=O)=O)c1,48071,LBXHRAWDUMTPSE-UHFFFAOYSA-N,CC1CCCC(C)N1NC(=O)c1ccc(Cl)c(S(N)(=O)=O)c1,True,True,507
LCTZPQRFOZKZNK-UHFFFAOYSA-N,diphemanil,BRD-K93441486-067-12-8,1,HTS,CHRM3,acetylcholine receptor antagonist,C[N+]1(C)CCC(=C(c2ccccc2)c2ccccc2)CC1,48221,LCTZPQRFOZKZNK-UHFFFAOYSA-N,C[N+]1(C)CCC(=C(c2ccccc2)c2ccccc2)CC1,True,True,574
LDBTVAXGKYIFHO-UHFFFAOYSA-N,diaveridine,BRD-K97464279-001-03-5,1,HTS,,dihydrofolate reductase inhibitor,COc1ccc(Cc2cnc(N)nc2N)cc1OC,48276,LDBTVAXGKYIFHO-UHFFFAOYSA-N,COc1ccc(Cc2c[nH]c(=N)[nH]c2=N)cc1OC,True,True,569
LDCYZAJDBXYCGN-UHFFFAOYSA-N,5-hydroxytryptophan,BRD-A73930134-001-03-0,1,HTS,"SLC36A1, SLC36A2",neurotransmitter,NC(Cc1c[nH]c2ccc(O)cc12)C(=O)O,48287,LDCYZAJDBXYCGN-UHFFFAOYSA-N,NC(Cc1c[nH]c2ccc(O)cc12)C(=O)O,True,True,538
LDGIHZJOIQSHPB-UHFFFAOYSA-N,CD-437,BRD-K28907958-001-04-3,1,HTS,RARG,retinoid receptor agonist,O=C(O)c1ccc2cc(-c3ccc(O)c(C45CC6CC(CC(C6)C4)C5)c3)ccc2c1,48303,LDGIHZJOIQSHPB-UHFFFAOYSA-N,O=C(O)c1ccc2cc(-c3ccc(O)c(C45CC6CC(CC(C6)C4)C5)c3)ccc2c1,True,True,571
LDMWSLGGVTVJPG-UHFFFAOYSA-N,minaprine,BRD-K02867583-300-08-9,1,HTS,"ACHE, CHRM1, DRD1, DRD2, HTR2A, HTR2B, HTR2C, MAOA, SLC6A4",serotonin reuptake inhibitor,Cc1cc(-c2ccccc2)nnc1NCCN1CCOCC1,48346,LDMWSLGGVTVJPG-UHFFFAOYSA-N,Cc1cc(-c2ccccc2)n[nH]c1=NCCN1CCOCC1,True,True,565
LEBVLXFERQHONN-UHFFFAOYSA-N,bupivacaine,BRD-A01636364-003-15-1,1,HTS,"KCNA5, PTGER1, SCN10A, SCN4A",sodium channel blocker,CCCCN1CCCCC1C(=O)Nc1c(C)cccc1C,48440,LEBVLXFERQHONN-UHFFFAOYSA-N,CCCCN1CCCCC1C(=O)Nc1c(C)cccc1C,True,True,569
LENZDBCJOHFCAS-UHFFFAOYSA-N,trometamol,BRD-K47978074-001-02-4,1,HTS,"AMD1, CANT1, DCN, NEIL1, VEGFA",,NC(CO)(CO)CO,48537,LENZDBCJOHFCAS-UHFFFAOYSA-N,NC(CO)(CO)CO,True,True,557
LEVWYRKDKASIDU-UHFFFAOYSA-N,L-Cystine,BRD-A15397381-001-02-5,1,HTS,"CTNS, SLC3A1, SLC7A11, SLC7A9",,NC(CSSCC(N)C(=O)O)C(=O)O,48579,LEVWYRKDKASIDU-UHFFFAOYSA-N,NC(CSSCC(N)C(=O)O)C(=O)O,True,True,520
LEZWWPYKPKIXLL-UHFFFAOYSA-N,econazole,BRD-A51820102-008-28-9,1,HTS,"CYP51A1, NPY1R, NPY2R, TRPM2, TRPV5","lanosterol demethylase inhibitor, sterol demethylase inhibitor",Clc1ccc(COC(Cn2ccnc2)c2ccc(Cl)cc2Cl)cc1,48608,LEZWWPYKPKIXLL-UHFFFAOYSA-N,Clc1ccc(COC(Cn2ccnc2)c2ccc(Cl)cc2Cl)cc1,True,True,568
LFKQSJNCVRGFCC-UHFFFAOYSA-N,KI-8751,BRD-K47150025-001-05-3,1,HTS,KDR,"KIT inhibitor, PDGFR tyrosine kinase receptor inhibitor, VEGFR inhibitor",COc1cc2nccc(Oc3ccc(NC(=O)Nc4ccc(F)cc4F)c(F)c3)c2cc1OC,48691,LFKQSJNCVRGFCC-UHFFFAOYSA-N,COc1cc2nccc(Oc3ccc(NC(=O)Nc4ccc(F)cc4F)c(F)c3)c2cc1OC,True,True,570
LFQDNHWZDQTITF-UHFFFAOYSA-N,tavaborole,BRD-K76713213-001-02-1,1,MTS004,,leucyl-tRNA synthetase inhibitor,OB1OCc2cc(F)ccc21,48728,LFQDNHWZDQTITF-UHFFFAOYSA-N,OB1OCc2cc(F)ccc21,True,True,547
LGCMKPRGGJRYGM-UHFFFAOYSA-N,N-salicoylaminophenol,BRD-K39693230-001-01-2,1,HTS,,ribonucleotide reductase inhibitor,O=C(Nc1ccc(O)cc1)c1ccccc1O,48813,LGCMKPRGGJRYGM-UHFFFAOYSA-N,O=C(Nc1ccc(O)cc1)c1ccccc1O,True,True,563
LGGHDPFKSSRQNS-UHFFFAOYSA-N,tariquidar,BRD-K09353376-001-03-9,1,HTS,ABCB1,P glycoprotein inhibitor,COc1cc2c(cc1OC)CN(CCc1ccc(NC(=O)c3cc(OC)c(OC)cc3NC(=O)c3cnc4ccccc4c3)cc1)CC2,48847,LGGHDPFKSSRQNS-UHFFFAOYSA-N,COc1cc2c(cc1OC)CN(CCc1ccc(NC(=O)c3cc(OC)c(OC)cc3NC(=O)c3cnc4ccccc4c3)cc1)CC2,True,True,538
LGLFFNDHMLKUMI-UHFFFAOYSA-N,crystal-violet,BRD-K60025295-003-06-6,1,HTS,,other antibiotic,CN(C)c1ccc(C(=C2C=CC(=[N+](C)C)C=C2)c2ccc(N(C)C)cc2)cc1,48873,LGLFFNDHMLKUMI-UHFFFAOYSA-N,CN(C)c1ccc(C(=C2C=CC(=[N+](C)C)C=C2)c2ccc(N(C)C)cc2)cc1,True,True,569
LHNIIDJUOCFXAP-UHFFFAOYSA-N,GDC-0941,BRD-K52911425-001-09-8,1,HTS,"PIK3CA, PIK3CB, PIK3CD, PIK3CG",PI3K inhibitor,CS(=O)(=O)N1CCN(Cc2cc3nc(-c4cccc5[nH]ncc45)nc(N4CCOCC4)c3s2)CC1,49072,LHNIIDJUOCFXAP-UHFFFAOYSA-N,CS(=O)(=O)N1CCN(Cc2cc3nc(-c4cccc5[nH]ncc45)nc(N4CCOCC4)c3s2)CC1,True,True,574
LIAWQASKBFCRNR-UHFFFAOYSA-N,bucetin,BRD-A88684804-001-04-3,1,HTS,,analgesic agent,CCOc1ccc(NC(=O)CC(C)O)cc1,49170,LIAWQASKBFCRNR-UHFFFAOYSA-N,CCOc1ccc(NC(=O)CC(C)O)cc1,True,True,570
LIOLIMKSCNQPLV-UHFFFAOYSA-N,INC-280,BRD-K81016934-001-02-0,1,HTS,MET,c-Met inhibitor,CNC(=O)c1ccc(-c2cnc3ncc(Cc4ccc5ncccc5c4)n3n2)cc1F,49277,LIOLIMKSCNQPLV-UHFFFAOYSA-N,CNC(=O)c1ccc(-c2cnc3ncc(Cc4ccc5ncccc5c4)n3n2)cc1F,True,True,550
LIRYPHYGHXZJBZ-UHFFFAOYSA-N,trametinib,BRD-K12343256-001-08-9,1,HTS,"MAP2K1, MAP2K2",MEK inhibitor,CC(=O)Nc1cccc(-n2c(=O)n(C3CC3)c(=O)c3c(Nc4ccc(I)cc4F)n(C)c(=O)c(C)c32)c1,49305,LIRYPHYGHXZJBZ-UHFFFAOYSA-N,CC(=O)Nc1cccc(-n2c(=O)n(C3CC3)c(=O)c3c(Nc4ccc(I)cc4F)n(C)c(=O)c(C)c32)c1,True,True,570
LIXBJWRFCNRAPA-UHFFFAOYSA-N,meluadrine,BRD-A07164067-001-01-2,1,HTS,,,CC(C)(C)NCC(O)c1ccc(O)cc1Cl,49332,LIXBJWRFCNRAPA-UHFFFAOYSA-N,CC(C)(C)NCC(O)c1ccc(O)cc1Cl,True,True,571
LIYLTQQDABRNRX-UHFFFAOYSA-N,CHF5074,BRD-K34508702-001-02-4,1,MTS004,PSEN1,gamma secretase modulator,O=C(O)C1(c2ccc(-c3ccc(Cl)c(Cl)c3)c(F)c2)CC1,49345,LIYLTQQDABRNRX-UHFFFAOYSA-N,O=C(O)C1(c2ccc(-c3ccc(Cl)c(Cl)c3)c(F)c2)CC1,True,True,548
LKBSMPFEKIBRGC-UHFFFAOYSA-N,cardiogenol-c,BRD-K99174507-003-02-0,1,HTS,,cardiomyogenesis inducer,COc1ccc(Nc2nccc(NCCO)n2)cc1,49541,LKBSMPFEKIBRGC-UHFFFAOYSA-N,COc1ccc(N=c2[nH]ccc(=NCCO)[nH]2)cc1,True,True,565
LKJPYSCBVHEWIU-UHFFFAOYSA-N,bicalutamide,BRD-A29485665-001-12-8,1,HTS,AR,androgen receptor antagonist,CC(O)(CS(=O)(=O)c1ccc(F)cc1)C(=O)Nc1ccc(C#N)c(C(F)(F)F)c1,49598,LKJPYSCBVHEWIU-UHFFFAOYSA-N,CC(O)(CS(=O)(=O)c1ccc(F)cc1)C(=O)Nc1ccc(C#N)c(C(F)(F)F)c1,True,True,565
LKZLGMAAKNEGCH-UHFFFAOYSA-N,P5091,BRD-K13606314-001-01-3,1,HTS,USP7,ubiquitin specific protease inhibitor,CC(=O)c1cc([N+](=O)[O-])c(Sc2cccc(Cl)c2Cl)s1,49697,LKZLGMAAKNEGCH-UHFFFAOYSA-N,CC(=O)c1cc([N+](=O)[O-])c(Sc2cccc(Cl)c2Cl)s1,True,True,574
LLCRBOWRJOUJAE-UHFFFAOYSA-N,balicatib,BRD-K27204852-001-01-9,1,HTS,CTSK,cathepsin inhibitor,CCCN1CCN(c2ccc(C(=O)NC3(C(=O)NCC#N)CCCCC3)cc2)CC1,49719,LLCRBOWRJOUJAE-UHFFFAOYSA-N,CCCN1CCN(c2ccc(C(=O)NC3(C(=O)NCC#N)CCCCC3)cc2)CC1,True,True,550
LLIFMNUXGDHTRO-UHFFFAOYSA-N,KI-16425,BRD-A25569250-001-03-3,1,HTS,"LPAR1, LPAR3",lysophosphatidic acid receptor antagonist,Cc1noc(-c2ccc(CSCCC(=O)O)cc2)c1NC(=O)OC(C)c1ccccc1Cl,49761,LLIFMNUXGDHTRO-UHFFFAOYSA-N,Cc1noc(-c2ccc(CSCCC(=O)O)cc2)c1NC(=O)OC(C)c1ccccc1Cl,True,True,565
LLJFMFZYVVLQKT-UHFFFAOYSA-N,gliquidone,BRD-K80396088-001-12-0,1,HTS,"ABCC8, KCNJ10, KCNJ8",sulfonylurea,COc1ccc2c(c1)C(=O)N(CCc1ccc(S(=O)(=O)NC(=O)NC3CCCCC3)cc1)C(=O)C2(C)C,49767,LLJFMFZYVVLQKT-UHFFFAOYSA-N,COc1ccc2c(c1)C(=O)N(CCc1ccc(S(=O)(=O)NC(=O)NC3CCCCC3)cc1)C(=O)C2(C)C,True,True,550
LLJJDLHGZUOMQP-UHFFFAOYSA-N,go-6983,BRD-K36984403-001-02-7,1,HTS,"PRKCA, PRKCB, PRKCD, PRKCG, PRKCZ",protein kinase inhibitor,COc1ccc2c(c1)c(C1=C(c3c[nH]c4ccccc34)C(=O)NC1=O)cn2CCCN(C)C,49770,LLJJDLHGZUOMQP-UHFFFAOYSA-N,COc1ccc2c(c1)c(C1=C(c3c[nH]c4ccccc34)C(=O)NC1=O)cn2CCCN(C)C,True,True,574
LMBWSYZSUOEYSN-UHFFFAOYSA-N,ditiocarb-sodium-trihydrate,BRD-K40654626-236-01-5,1,HTS,"CA1, CA2, CA4",immunostimulant,CCN(CC)C(=S)S,49916,LMBWSYZSUOEYSN-UHFFFAOYSA-N,CCN(CC)C(=S)S,True,True,538
LMEKQMALGUDUQG-UHFFFAOYSA-N,azathioprine,BRD-K32821942-001-21-3,1,HTS,"HPRT1, IMPDH1, PPAT",dehydrogenase inhibitor,Cn1cnc([N+](=O)[O-])c1Sc1[nH]cnc2ncnc1-2,49936,LMEKQMALGUDUQG-UHFFFAOYSA-N,Cn1cnc([N+](=O)[O-])c1Sc1ncnc2[nH]cnc12,True,True,572
LMJSLTNSBFUCMU-UHFFFAOYSA-N,trichlormethiazide,BRD-A28940325-001-24-0,1,HTS,"ATP1A1, CA1, CA2, CA4, SLC12A1, SLC12A3",chloride channel blocker,NS(=O)(=O)c1cc2c(cc1Cl)NC(C(Cl)Cl)NS2(=O)=O,49969,LMJSLTNSBFUCMU-UHFFFAOYSA-N,NS(=O)(=O)c1cc2c(cc1Cl)NC(C(Cl)Cl)NS2(=O)=O,True,True,569
LMOINURANNBYCM-UHFFFAOYSA-N,metaproterenol,BRD-A07780951-001-08-9; BRD-A07780951-065-10-0,2,HTS,ADRB2,adrenergic receptor agonist,CC(C)NCC(O)c1cc(O)cc(O)c1,50000,LMOINURANNBYCM-UHFFFAOYSA-N,CC(C)NCC(O)c1cc(O)cc(O)c1,True,True,572
LMYRWZFENFIFIT-UHFFFAOYSA-N,para-toluenesulfonamide,BRD-K62412084-001-07-1,1,HTS,"CA12, CA2, CA6, CA9",,Cc1ccc(S(N)(=O)=O)cc1,50053,LMYRWZFENFIFIT-UHFFFAOYSA-N,Cc1ccc(S(N)(=O)=O)cc1,True,True,574
LNEPOXFFQSENCJ-UHFFFAOYSA-N,haloperidol,BRD-K67783091-001-26-1,1,HTS,"DRD1, DRD2, DRD3, DRD4, DRD5, GRIN2B, HRH1, HTR1A, HTR1D, HTR2A, HTR2B, HTR7, KCNH1",dopamine receptor antagonist,O=C(CCCN1CCC(O)(c2ccc(Cl)cc2)CC1)c1ccc(F)cc1,50100,LNEPOXFFQSENCJ-UHFFFAOYSA-N,O=C(CCCN1CCC(O)(c2ccc(Cl)cc2)CC1)c1ccc(F)cc1,True,True,569
LNFBAYSBVQBKFR-UHFFFAOYSA-N,XL388,BRD-K03549949-001-01-0,1,HTS,MTOR,mTOR inhibitor,Cc1c(C(=O)N2CCOc3ccc(-c4ccc(N)nc4)cc3C2)ccc(S(C)(=O)=O)c1F,50104,LNFBAYSBVQBKFR-UHFFFAOYSA-N,Cc1c(C(=O)N2CCOc3ccc(-c4ccc(=N)[nH]c4)cc3C2)ccc(S(C)(=O)=O)c1F,True,True,574
LNPDTQAFDNKSHK-UHFFFAOYSA-N,valdecoxib,BRD-K12994359-001-18-4,1,HTS,"CA12, PTGS2",cyclooxygenase inhibitor,Cc1onc(-c2ccccc2)c1-c1ccc(S(N)(=O)=O)cc1,50179,LNPDTQAFDNKSHK-UHFFFAOYSA-N,Cc1onc(-c2ccccc2)c1-c1ccc(S(N)(=O)=O)cc1,True,True,550
LNTHITQWFMADLM-UHFFFAOYSA-N,gallic-acid,BRD-K77345217-001-05-0,1,HTS,"CA1, CA12, CA14, CA2, CA4, CA6, CA9, SELP","beta amyloid protein neurotoxicity inhibitor, PPAR receptor agonist",O=C(O)c1cc(O)c(O)c(O)c1,50207,LNTHITQWFMADLM-UHFFFAOYSA-N,O=C(O)c1cc(O)c(O)c(O)c1,True,True,557
LOCPVWIREQIGNQ-UHFFFAOYSA-N,SIB-1757,BRD-K98157055-001-10-9,1,HTS,GRM5,glutamate receptor antagonist,Cc1ccc(O)c(N=Nc2ccccc2)n1,50258,LOCPVWIREQIGNQ-UHFFFAOYSA-N,Cc1ccc(O)c(N=Nc2ccccc2)n1,True,True,569
LOCQRDBFWSXQQI-UHFFFAOYSA-N,SB-271046,BRD-K82467063-001-02-7,1,HTS,HTR6,serotonin receptor antagonist,COc1ccc(NS(=O)(=O)c2sc3ccc(Cl)cc3c2C)cc1N1CCNCC1,50259,LOCQRDBFWSXQQI-UHFFFAOYSA-N,COc1ccc(NS(=O)(=O)c2sc3ccc(Cl)cc3c2C)cc1N1CCNCC1,True,True,550
LOLPPWBBNUVNQZ-UHFFFAOYSA-N,AT-9283,BRD-K24576554-001-04-8,1,HTS,"AURKA, AURKB, JAK2, JAK3, RPS6KA6, STK17A","Aurora kinase inhibitor, JAK inhibitor",O=C(Nc1c[nH]nc1-c1nc2cc(CN3CCOCC3)ccc2[nH]1)NC1CC1,50321,LOLPPWBBNUVNQZ-UHFFFAOYSA-N,O=C(Nc1c[nH]nc1-c1nc2cc(CN3CCOCC3)ccc2[nH]1)NC1CC1,True,True,565
LORDFXWUHHSAQU-UHFFFAOYSA-N,trimebutine,BRD-A92630576-050-24-1,1,HTS,"OPRD1, OPRK1, OPRM1",opioid receptor agonist,CCC(COC(=O)c1cc(OC)c(OC)c(OC)c1)(c1ccccc1)N(C)C,50372,LORDFXWUHHSAQU-UHFFFAOYSA-N,CCC(COC(=O)c1cc(OC)c(OC)c(OC)c1)(c1ccccc1)N(C)C,True,True,574
LPEPZBJOKDYZAD-UHFFFAOYSA-N,flufenamic-acid,BRD-K44067360-001-30-3,1,HTS,"AKR1C3, ANO1, AR, GJA1, GJA10, GJA3, GJA4, GJA5, GJA8, GJA9, GJB1, GJB2, GJB3, GJB4, GJB5, GJB6, GJB7, GJC1, GJC2, GJC3, GJD2, GJD3, GJD4, GJE1, PANX1, PANX2, PANX3, PKD2L1, PTGS1, PTGS2, TRPC5, TRPM2, TRPM5",chloride channel blocker,O=C(O)c1ccccc1Nc1cccc(C(F)(F)F)c1,50454,LPEPZBJOKDYZAD-UHFFFAOYSA-N,O=C(O)c1ccccc1Nc1cccc(C(F)(F)F)c1,True,True,550
LPFWVDIFUFFKJU-UHFFFAOYSA-N,poziotinib,BRD-K50010139-001-02-3,1,MTS004,"EGFR, ERBB2, ERBB4",EGFR inhibitor,C=CC(=O)N1CCC(Oc2cc3c(Nc4ccc(Cl)c(Cl)c4F)ncnc3cc2OC)CC1,50463,LPFWVDIFUFFKJU-UHFFFAOYSA-N,C=CC(=O)N1CCC(Oc2cc3c(=Nc4ccc(Cl)c(Cl)c4F)[nH]cnc3cc2OC)CC1,True,True,548
LQBVNQSMGBZMKD-UHFFFAOYSA-N,venetoclax,BRD-K62391742-001-03-0,1,HTS,BCL2,BCL inhibitor,CC1(C)CCC(CN2CCN(c3ccc(C(=O)NS(=O)(=O)c4ccc(NCC5CCOCC5)c([N+](=O)[O-])c4)c(Oc4cnc5[nH]ccc5c4)c3)CC2)=C(c2ccc(Cl)cc2)C1,50613,LQBVNQSMGBZMKD-UHFFFAOYSA-N,CC1(C)CCC(CN2CCN(c3ccc(C(=O)NS(=O)(=O)c4ccc(NCC5CCOCC5)c([N+](=O)[O-])c4)c(Oc4cnc5[nH]ccc5c4)c3)CC2)=C(c2ccc(Cl)cc2)C1,True,True,557
LQGUBLBATBMXHT-UHFFFAOYSA-N,chrysophanic-acid,BRD-K59284035-001-07-9,1,HTS,"EGFR, MTOR",EGFR inhibitor,Cc1cc(O)c2c(c1)C(=O)c1cccc(O)c1C2=O,50655,LQGUBLBATBMXHT-UHFFFAOYSA-N,Cc1cc(O)c2c(c1)C(=O)c1cccc(O)c1C2=O,True,True,564
LQUNNCQSFFKSSK-UHFFFAOYSA-N,ZLN005,BRD-K73073971-001-01-7,1,HTS,,,CC(C)(C)c1ccc(-c2nc3ccccc3[nH]2)cc1,50741,LQUNNCQSFFKSSK-UHFFFAOYSA-N,CC(C)(C)c1ccc(-c2nc3ccccc3[nH]2)cc1,True,True,571
LQYJAVWWKTWWKN-UHFFFAOYSA-N,mepiroxol,BRD-K78299798-001-02-2,1,HTS,,,[O-][n+]1cccc(CO)c1,50775,LQYJAVWWKTWWKN-UHFFFAOYSA-N,[O-][n+]1cccc(CO)c1,True,True,565
LREQLEBVOXIEOM-UHFFFAOYSA-N,heptaminol,BRD-A32988684-003-08-7,1,HTS,,vasoconstrictor,CC(N)CCCC(C)(C)O,50827,LREQLEBVOXIEOM-UHFFFAOYSA-N,CC(N)CCCC(C)(C)O,True,True,569
LSLYOANBFKQKPT-UHFFFAOYSA-N,fenoterol,BRD-A97104540-004-15-0,1,HTS,"ADRB1, ADRB2, ADRB3",adrenergic receptor agonist,CC(Cc1ccc(O)cc1)NCC(O)c1cc(O)cc(O)c1,51048,LSLYOANBFKQKPT-UHFFFAOYSA-N,CC(Cc1ccc(O)cc1)NCC(O)c1cc(O)cc(O)c1,True,True,572
LSPANGZZENHZNJ-UHFFFAOYSA-N,PD-153035,BRD-K26603252-003-04-9,1,HTS,"EGFR, KDR",EGFR inhibitor,COc1cc2ncnc(Nc3cccc(Br)c3)c2cc1OC,51068,LSPANGZZENHZNJ-UHFFFAOYSA-N,COc1cc2[nH]cnc(=Nc3cccc(Br)c3)c2cc1OC,True,True,557
LVQDKIWDGQRHTE-UHFFFAOYSA-N,cyromazine,BRD-K36711084-001-02-0,1,HTS,,,Nc1nc(N)nc(NC2CC2)n1,51574,LVQDKIWDGQRHTE-UHFFFAOYSA-N,N=c1[nH]c(=N)[nH]c(=NC2CC2)[nH]1,True,True,570
LWAFSWPYPHEXKX-UHFFFAOYSA-N,carteolol,BRD-A42167015-003-10-2,1,HTS,"ADRB1, ADRB2",adrenergic receptor antagonist,CC(C)(C)NCC(O)COc1cccc2c1CCC(=O)N2,51650,LWAFSWPYPHEXKX-UHFFFAOYSA-N,CC(C)(C)NCC(O)COc1cccc2c1CCC(=O)N2,True,True,571
LXANPKRCLVQAOG-UHFFFAOYSA-N,sorbinil,BRD-A89164055-001-03-3,1,HTS,AKR1B1,aldose reductase inhibitor,O=C1NC(=O)C2(CCOc3ccc(F)cc32)N1,51834,LXANPKRCLVQAOG-UHFFFAOYSA-N,O=C1NC(=O)C2(CCOc3ccc(F)cc32)N1,True,True,571
LXFKEVQQSKQXPR-UHFFFAOYSA-N,KY02111,BRD-K13302470-001-02-7,1,HTS,DKK1,Wnt pathway inhibitor,COc1ccc(CCC(=O)Nc2nc3ccc(Cl)cc3s2)cc1OC,51875,LXFKEVQQSKQXPR-UHFFFAOYSA-N,COc1ccc(CCC(=O)N=c2[nH]c3ccc(Cl)cc3s2)cc1OC,True,True,574
LXNHXLLTXMVWPM-UHFFFAOYSA-N,pyridoxine,BRD-K14349461-003-13-1,1,HTS,"DDC, PDXK",vitamin B,Cc1ncc(CO)c(CO)c1O,51933,LXNHXLLTXMVWPM-UHFFFAOYSA-N,Cc1ncc(CO)c(CO)c1O,True,True,556
LYLFQLCLUXOFOL-UHFFFAOYSA-N,alagebrium,BRD-K96029467-003-01-9,1,HTS,,glycosylation inhibitor,Cc1sc[n+](CC(=O)c2ccccc2)c1C,52095,LYLFQLCLUXOFOL-UHFFFAOYSA-N,Cc1sc[n+](CC(=O)c2ccccc2)c1C,True,True,569
LYONXVJRBWWGQO-UHFFFAOYSA-N,phenylpiracetam,BRD-A65683612-001-07-7,1,MTS004,,noradrenaline uptake inhibitor,NC(=O)CN1CC(c2ccccc2)CC1=O,52115,LYONXVJRBWWGQO-UHFFFAOYSA-N,NC(=O)CN1CC(c2ccccc2)CC1=O,True,True,547
LZAXPYOBKSJSEX-UHFFFAOYSA-N,blebbistatin-(+/-),BRD-A75817871-001-06-7,1,HTS,MYH2,ATPase inhibitor,Cc1ccc2c(c1)C(=O)C1(O)CCN(c3ccccc3)C1=N2,52189,LZAXPYOBKSJSEX-UHFFFAOYSA-N,Cc1ccc2c(c1)C(=O)C1(O)CCN(c3ccccc3)C1=N2,True,True,565
LZCDAPDGXCYOEH-UHFFFAOYSA-N,adapalene,BRD-K33127281-001-05-6,1,HTS,"RARA, RARB, RARG, RXRA, RXRB, RXRG",retinoid receptor agonist,COc1ccc(-c2ccc3cc(C(=O)O)ccc3c2)cc1C12CC3CC(CC(C3)C1)C2,52204,LZCDAPDGXCYOEH-UHFFFAOYSA-N,COc1ccc(-c2ccc3cc(C(=O)O)ccc3c2)cc1C12CC3CC(CC(C3)C1)C2,True,True,565
LZMOSYUFVYJEPY-UHFFFAOYSA-N,AT7867,BRD-K12040459-001-06-0,1,HTS,"AKT2, GSK3B, PKIA, PRKACA",AKT inhibitor,Clc1ccc(C2(c3ccc(-c4cn[nH]c4)cc3)CCNCC2)cc1,52281,LZMOSYUFVYJEPY-UHFFFAOYSA-N,Clc1ccc(C2(c3ccc(-c4cn[nH]c4)cc3)CCNCC2)cc1,True,True,569
LZXMUJCJAWVHPZ-UHFFFAOYSA-N,dipraglurant,BRD-K64838454-001-01-0,1,HTS,GRM5,glutamate receptor negative allosteric modulator,Fc1ccc2nc(CCC#Cc3ccccn3)cn2c1,52355,LZXMUJCJAWVHPZ-UHFFFAOYSA-N,Fc1ccc2nc(CCC#Cc3ccccn3)cn2c1,True,True,563
MAEIEVLCKWDQJH-UHFFFAOYSA-N,bumetanide,BRD-K38197229-001-29-9,1,HTS,"CFTR, GPR35, SLC12A1, SLC12A2, SLC12A4, SLC12A5",solute carrier family member inhibitor,CCCCNc1cc(C(=O)O)cc(S(N)(=O)=O)c1Oc1ccccc1,52394,MAEIEVLCKWDQJH-UHFFFAOYSA-N,CCCCNc1cc(C(=O)O)cc(S(N)(=O)=O)c1Oc1ccccc1,True,True,572
MAFMQEKGGFWBAB-UHFFFAOYSA-N,benzonatate,BRD-K91699951-001-10-2,1,HTS,SCN5A,local anesthetic,CCCCNc1ccc(C(=O)OCCOCCOCCOCCOCCOCCOCCOCCOCCOC)cc1,52402,MAFMQEKGGFWBAB-UHFFFAOYSA-N,CCCCNc1ccc(C(=O)OCCOCCOCCOCCOCCOCCOCCOCCOCCOC)cc1,True,True,569
MAUCONCHVWBMHK-UHFFFAOYSA-N,PCI-24781,BRD-K12867552-001-04-7,1,HTS,"HDAC1, HDAC2, HDAC3, HDAC6",HDAC inhibitor,CN(C)Cc1c(C(=O)NCCOc2ccc(C(=O)NO)cc2)oc2ccccc12,52507,MAUCONCHVWBMHK-UHFFFAOYSA-N,CN(C)Cc1c(C(=O)NCCOc2ccc(C(O)=NO)cc2)oc2ccccc12,True,True,550
MBBCVAKAJPKAKM-UHFFFAOYSA-N,lomitapide,BRD-K92213669-001-01-3,1,HTS,MTTP,microsomal trigylceride transfer protein inhibitor,O=C(NC1CCN(CCCCC2(C(=O)NCC(F)(F)F)c3ccccc3-c3ccccc32)CC1)c1ccccc1-c1ccc(C(F)(F)F)cc1,52566,MBBCVAKAJPKAKM-UHFFFAOYSA-N,O=C(NC1CCN(CCCCC2(C(=O)NCC(F)(F)F)c3ccccc3-c3ccccc32)CC1)c1ccccc1-c1ccc(C(F)(F)F)cc1,True,True,522
MBNGWHIJMBWFHU-UHFFFAOYSA-N,diosmetin,BRD-K26862302-001-05-2,1,HTS,CYP1B1,aryl hydrocarbon receptor agonist,COc1ccc(-c2cc(=O)c3c(O)cc(O)cc3o2)cc1O,52637,MBNGWHIJMBWFHU-UHFFFAOYSA-N,COc1ccc(-c2cc(=O)c3c(O)cc(O)cc3o2)cc1O,True,True,564
MBRLOUHOWLUMFF-UHFFFAOYSA-N,osthol,BRD-K78294846-001-12-4,1,HTS,,calcium channel blocker,COc1ccc2ccc(=O)oc2c1CC=C(C)C,52672,MBRLOUHOWLUMFF-UHFFFAOYSA-N,COc1ccc2ccc(=O)oc2c1CC=C(C)C,True,True,565
MBUVEWMHONZEQD-UHFFFAOYSA-N,azelastine,BRD-A68888262-003-15-1,1,HTS,HRH1,histamine receptor antagonist,CN1CCCC(n2nc(Cc3ccc(Cl)cc3)c3ccccc3c2=O)CC1,52690,MBUVEWMHONZEQD-UHFFFAOYSA-N,CN1CCCC(n2nc(Cc3ccc(Cl)cc3)c3ccccc3c2=O)CC1,True,True,572
MBWUSSKCCUMJHO-UHFFFAOYSA-N,solamargine,BRD-A65562236-001-01-2,1,MTS004,,apoptosis inhibitor,CC1CCC2(NC1)OC1CC3C4CC=C5CC(OC6OC(CO)C(OC7OC(C)C(O)C(O)C7O)C(O)C6OC6OC(C)C(O)C(O)C6O)CCC5(C)C4CCC3(C)C1C2C,52705,MBWUSSKCCUMJHO-UHFFFAOYSA-N,CC1CCC2(NC1)OC1CC3C4CC=C5CC(OC6OC(CO)C(OC7OC(C)C(O)C(O)C7O)C(O)C6OC6OC(C)C(O)C(O)C6O)CCC5(C)C4CCC3(C)C1C2C,True,True,547
MCJGNVYPOGVAJF-UHFFFAOYSA-N,oxyquinoline,BRD-K66808046-065-03-7,1,HTS,METAP2,chelating agent,Oc1cccc2cccnc12,52794,MCJGNVYPOGVAJF-UHFFFAOYSA-N,Oc1cccc2cccnc12,True,True,550
MCPUZZJBAHRIPO-UHFFFAOYSA-N,lersivirine,BRD-K03289534-001-01-4,1,HTS,,non-nucleoside reverse transcriptase inhibitor,CCc1nn(CCO)c(CC)c1Oc1cc(C#N)cc(C#N)c1,52834,MCPUZZJBAHRIPO-UHFFFAOYSA-N,CCc1nn(CCO)c(CC)c1Oc1cc(C#N)cc(C#N)c1,True,True,567
MDJFHRLTPRPZLY-UHFFFAOYSA-N,nimorazole,BRD-K79145628-001-05-5,1,HTS,,bacterial DNA inhibitor,O=[N+]([O-])c1cncn1CCN1CCOCC1,52968,MDJFHRLTPRPZLY-UHFFFAOYSA-N,O=[N+]([O-])c1cncn1CCN1CCOCC1,True,True,571
MDKGKXOCJGEUJW-UHFFFAOYSA-N,suprofen,BRD-A34006693-001-15-4,1,HTS,"PTGS1, PTGS2",cyclooxygenase inhibitor,CC(C(=O)O)c1ccc(C(=O)c2cccs2)cc1,52980,MDKGKXOCJGEUJW-UHFFFAOYSA-N,CC(C(=O)O)c1ccc(C(=O)c2cccs2)cc1,True,True,561
MDLAAYDRRZXJIF-UHFFFAOYSA-N,penfluridol,BRD-K15409150-001-05-8,1,HTS,CACNA1G,T-type calcium channel blocker,OC1(c2ccc(Cl)c(C(F)(F)F)c2)CCN(CCCC(c2ccc(F)cc2)c2ccc(F)cc2)CC1,52988,MDLAAYDRRZXJIF-UHFFFAOYSA-N,OC1(c2ccc(Cl)c(C(F)(F)F)c2)CCN(CCCC(c2ccc(F)cc2)c2ccc(F)cc2)CC1,True,True,550
MDNWOSOZYLHTCG-UHFFFAOYSA-N,dichlorophen,BRD-K62326629-001-19-0,1,HTS,,anticestodal agent,Oc1ccc(Cl)cc1Cc1cc(Cl)ccc1O,53011,MDNWOSOZYLHTCG-UHFFFAOYSA-N,Oc1ccc(Cl)cc1Cc1cc(Cl)ccc1O,True,True,557
MDOJTZQKHMAPBK-UHFFFAOYSA-N,iniparib,BRD-K11153516-001-05-5,1,HTS,PARP1,PARP inhibitor,NC(=O)c1ccc(I)c([N+](=O)[O-])c1,53015,MDOJTZQKHMAPBK-UHFFFAOYSA-N,NC(=O)c1ccc(I)c([N+](=O)[O-])c1,True,True,548
MDZCSIDIPDZWKL-UHFFFAOYSA-N,CHIR-98014,BRD-K42973005-001-04-0,1,HTS,"GSK3A, GSK3B",glycogen synthase kinase inhibitor,Nc1nc(NCCNc2ncc(-n3ccnc3)c(-c3ccc(Cl)cc3Cl)n2)ccc1[N+](=O)[O-],53089,MDZCSIDIPDZWKL-UHFFFAOYSA-N,N=c1[nH]c(NCCN=c2nc(-c3ccc(Cl)cc3Cl)c(-n3ccnc3)c[nH]2)ccc1[N+](=O)[O-],True,True,572
METKIMKYRPQLGS-UHFFFAOYSA-N,atenolol-(+/-),BRD-A20239487-001-24-9,1,HTS,"ADRB1, ADRB2",adrenergic receptor antagonist,CC(C)NCC(O)COc1ccc(CC(N)=O)cc1,53232,METKIMKYRPQLGS-UHFFFAOYSA-N,CC(C)NCC(O)COc1ccc(CC(N)=O)cc1,True,True,553
MEZZCSHVIGVWFI-UHFFFAOYSA-N,dioxybenzone,BRD-K22193694-001-13-6,1,HTS,,topical sunscreen agent,COc1ccc(C(=O)c2ccccc2O)c(O)c1,53275,MEZZCSHVIGVWFI-UHFFFAOYSA-N,COc1ccc(C(=O)c2ccccc2O)c(O)c1,True,True,569
MFAQYJIYDMLAIM-UHFFFAOYSA-N,PP242,BRD-K87112191-001-04-5,1,HTS,"MTOR, PASK",mTOR inhibitor,CC(C)n1nc(-c2cc3cc(O)ccc3[nH]2)c2c(N)ncnc21,53278,MFAQYJIYDMLAIM-UHFFFAOYSA-N,CC(C)n1nc(-c2cc3cc(O)ccc3[nH]2)c2c(=N)[nH]cnc21,True,True,572
MFDFERRIHVXMIY-UHFFFAOYSA-N,procaine,BRD-K24616672-003-20-1,1,HTS,"CHRNA2, GRIN3A, HTR3A, KCNMA1, KCNMB1, KCNMB2, KCNMB3, KCNMB4, KCNN1, KCNN2, KCNN3, KCNN4, MAOA, MAOB, RYR1, RYR2, SCN10A, SLC6A3",HMGCR inhibitor,CCN(CC)CCOC(=O)c1ccc(N)cc1,53297,MFDFERRIHVXMIY-UHFFFAOYSA-N,CCN(CC)CCOC(=O)c1ccc(N)cc1,True,True,568
MFFBXYNKZHTCEY-UHFFFAOYSA-N,taprenepag,BRD-K88854110-001-01-5,1,MTS004,PTGER2,prostaglandin receptor agonist,O=C(O)COc1cccc(CN(Cc2ccc(-n3cccn3)cc2)S(=O)(=O)c2cccnc2)c1,53307,MFFBXYNKZHTCEY-UHFFFAOYSA-N,O=C(O)COc1cccc(CN(Cc2ccc(-n3cccn3)cc2)S(=O)(=O)c2cccnc2)c1,True,True,547
MFWNKCLOYSRHCJ-UHFFFAOYSA-N,granisetron,BRD-A10967948-003-06-3,1,HTS,HTR3A,serotonin receptor antagonist,CN1C2CCCC1CC(NC(=O)c1nn(C)c3ccccc13)C2,53445,MFWNKCLOYSRHCJ-UHFFFAOYSA-N,CN1C2CCCC1CC(NC(=O)c1nn(C)c3ccccc13)C2,True,True,550
MFZWMTSUNYWVBU-UHFFFAOYSA-N,hycanthone,BRD-K50406511-001-26-0,1,HTS,,RNA synthesis inhibitor,CCN(CC)CCNc1ccc(CO)c2sc3ccccc3c(=O)c12,53470,MFZWMTSUNYWVBU-UHFFFAOYSA-N,CCN(CC)CCNc1ccc(CO)c2sc3ccccc3c(=O)c12,True,True,569
MGGBYMDAPCCKCT-UHFFFAOYSA-N,ASP3026,BRD-K06542892-001-01-9,1,HTS,ALK,ALK tyrosine kinase receptor inhibitor,COc1cc(N2CCC(N3CCN(C)CC3)CC2)ccc1Nc1ncnc(Nc2ccccc2S(=O)(=O)C(C)C)n1,53522,MGGBYMDAPCCKCT-UHFFFAOYSA-N,COc1cc(N2CCC(N3CCN(C)CC3)CC2)ccc1N=c1[nH]cnc(=Nc2ccccc2S(=O)(=O)C(C)C)[nH]1,True,True,561
MGNVWUDMMXZUDI-UHFFFAOYSA-N,eprodisate,BRD-K11463116-304-03-5,1,MTS004,SAA1,"antiamyloidogenic agent, amyloid protein inhibitor",O=S(=O)(O)CCCS(=O)(=O)O,53571,MGNVWUDMMXZUDI-UHFFFAOYSA-N,O=S(=O)(O)CCCS(=O)(=O)O,True,True,548
MGQLHRYJBWGORO-UHFFFAOYSA-N,balofloxacin,BRD-A47790386-001-03-6,1,HTS,,bacterial DNA gyrase inhibitor,CNC1CCCN(c2c(F)cc3c(=O)c(C(=O)O)cn(C4CC4)c3c2OC)C1,53594,MGQLHRYJBWGORO-UHFFFAOYSA-N,CNC1CCCN(c2c(F)cc3c(=O)c(C(=O)O)cn(C4CC4)c3c2OC)C1,True,True,510
MHPZZZZLAQGTHT-UHFFFAOYSA-N,mebrofenin,BRD-K96691275-001-01-2,1,MTS004,,,Cc1cc(C)c(NC(=O)CN(CC(=O)O)CC(=O)O)c(C)c1Br,53787,MHPZZZZLAQGTHT-UHFFFAOYSA-N,Cc1cc(C)c(NC(=O)CN(CC(=O)O)CC(=O)O)c(C)c1Br,True,True,547
MHWLWQUZZRMNGJ-UHFFFAOYSA-N,nalidixic-acid,BRD-K47886988-001-21-4,1,HTS,,bacterial DNA gyrase inhibitor,CCn1cc(C(=O)O)c(=O)c2ccc(C)nc21,53838,MHWLWQUZZRMNGJ-UHFFFAOYSA-N,CCn1cc(C(=O)O)c(=O)c2ccc(C)nc21,True,True,565
MHXGEROHKGDZGO-UHFFFAOYSA-N,SGI-1776,BRD-K80700417-001-04-2,1,HTS,"FLT3, PIM1, PIM2, PIM3",Pim kinase inhibitor,CN1CCC(CNc2ccc3ncc(-c4cccc(OC(F)(F)F)c4)n3n2)CC1,53845,MHXGEROHKGDZGO-UHFFFAOYSA-N,CN1CCC(CN=c2ccc3ncc(-c4cccc(OC(F)(F)F)c4)n3[nH]2)CC1,True,True,572
MIJFNYMSCFYZNY-UHFFFAOYSA-N,mirodenafil,BRD-K82967685-300-01-2,1,HTS,PDE5A,phosphodiesterase inhibitor,CCCOc1ccc(S(=O)(=O)N2CCN(CCO)CC2)cc1-c1nc2c(CCC)cn(CC)c2c(=O)[nH]1,53931,MIJFNYMSCFYZNY-UHFFFAOYSA-N,CCCOc1ccc(S(=O)(=O)N2CCN(CCO)CC2)cc1-c1nc(=O)c2c([nH]1)c(CCC)cn2CC,True,True,550
MIQPIUSUKVNLNT-UHFFFAOYSA-N,tolcapone,BRD-K10852020-001-04-5; BRD-K10852020-001-05-2,2,HTS,COMT,catechol O methyltransferase inhibitor,Cc1ccc(C(=O)c2cc(O)c(O)c([N+](=O)[O-])c2)cc1,53984,MIQPIUSUKVNLNT-UHFFFAOYSA-N,Cc1ccc(C(=O)c2cc(O)c(O)c([N+](=O)[O-])c2)cc1,True,True,567
MIWWSGDADVMLTG-UHFFFAOYSA-N,fexinidazole,BRD-K37069697-001-01-3,1,HTS,,,CSc1ccc(OCc2ncc([N+](=O)[O-])n2C)cc1,54018,MIWWSGDADVMLTG-UHFFFAOYSA-N,CSc1ccc(OCc2ncc([N+](=O)[O-])n2C)cc1,True,True,563
MJFJKKXQDNNUJF-UHFFFAOYSA-N,metixene,BRD-A33711280-003-03-1,1,HTS,"CHRM1, CHRM2, CHRM3, CHRM4, CHRM5",acetylcholine receptor antagonist,CN1CCCC(CC2c3ccccc3Sc3ccccc32)C1,54077,MJFJKKXQDNNUJF-UHFFFAOYSA-N,CN1CCCC(CC2c3ccccc3Sc3ccccc32)C1,True,True,572
MJIHNNLFOKEZEW-UHFFFAOYSA-N,lansoprazole,BRD-A49172652-001-27-1,1,HTS,"ATP4A, ATP4B",ATPase inhibitor,Cc1c(OCC(F)(F)F)ccnc1CS(=O)c1nc2ccccc2[nH]1,54096,MJIHNNLFOKEZEW-UHFFFAOYSA-N,Cc1c(OCC(F)(F)F)ccnc1C[S+]([O-])c1nc2ccccc2[nH]1,True,True,570
MJJALKDDGIKVBE-UHFFFAOYSA-N,ebastine,BRD-K13314656-001-01-0,1,HTS,"CYP3A4, HRH1",histamine receptor antagonist,CC(C)(C)c1ccc(C(=O)CCCN2CCC(OC(c3ccccc3)c3ccccc3)CC2)cc1,54103,MJJALKDDGIKVBE-UHFFFAOYSA-N,CC(C)(C)c1ccc(C(=O)CCCN2CCC(OC(c3ccccc3)c3ccccc3)CC2)cc1,True,True,555
MJVAVZPDRWSRRC-UHFFFAOYSA-N,menadione,BRD-K78126613-001-28-5,1,HTS,"AOX1, BGLAP, F10, F2, F7, F9, GGCX, NQO1, NQO2, PROC, PROS1, PROZ, VKORC1, VKORC1L1","mitochondrial DNA polymerase inhibitor, phosphatase inhibitor",CC1=CC(=O)c2ccccc2C1=O,54179,MJVAVZPDRWSRRC-UHFFFAOYSA-N,CC1=CC(=O)c2ccccc2C1=O,True,True,574
MJVGBKJNTFCUJM-UHFFFAOYSA-N,mexeneone,BRD-K18613660-001-05-5,1,HTS,,,COc1ccc(C(=O)c2ccc(C)cc2)c(O)c1,54183,MJVGBKJNTFCUJM-UHFFFAOYSA-N,COc1ccc(C(=O)c2ccc(C)cc2)c(O)c1,True,True,567
MKUXAQIIEYXACX-UHFFFAOYSA-N,acyclovir,BRD-K32318651-001-23-7; BRD-K32318651-001-24-5,2,HTS,PNP,DNA polymerase inhibitor,Nc1nc2c(ncn2COCCO)c(=O)[nH]1,54349,MKUXAQIIEYXACX-UHFFFAOYSA-N,N=c1[nH]c(=O)c2ncn(COCCO)c2[nH]1,True,True,574
MKXKFYHWDHIYRV-UHFFFAOYSA-N,flutamide,BRD-K28307902-001-21-7,1,HTS,"AHR, AR",androgen receptor antagonist,CC(C)C(=O)Nc1ccc([N+](=O)[O-])c(C(F)(F)F)c1,54361,MKXKFYHWDHIYRV-UHFFFAOYSA-N,CC(C)C(=O)Nc1ccc([N+](=O)[O-])c(C(F)(F)F)c1,True,True,565
MLDQJTXFUGDVEO-UHFFFAOYSA-N,sorafenib,BRD-K23984367-075-15-2,1,HTS,"BRAF, DDR2, FGFR1, FLT1, FLT3, FLT4, KDR, KIT, PDGFRB, RAF1, RET","FLT3 inhibitor, KIT inhibitor, PDGFR tyrosine kinase receptor inhibitor, RAF inhibitor, RET tyrosine kinase inhibitor, VEGFR inhibitor",CNC(=O)c1cc(Oc2ccc(NC(=O)Nc3ccc(Cl)c(C(F)(F)F)c3)cc2)ccn1,54407,MLDQJTXFUGDVEO-UHFFFAOYSA-N,CNC(=O)c1cc(Oc2ccc(NC(=O)Nc3ccc(Cl)c(C(F)(F)F)c3)cc2)ccn1,True,True,565
MMOXZBCLCQITDF-UHFFFAOYSA-N,diethyltoluamide,BRD-K94080537-001-09-7,1,HTS,,ionotropic receptor IR40a activator,CCN(CC)C(=O)c1cccc(C)c1,54672,MMOXZBCLCQITDF-UHFFFAOYSA-N,CCN(CC)C(=O)c1cccc(C)c1,True,True,570
MNDBXUUTURYVHR-UHFFFAOYSA-N,roflumilast,BRD-K03194791-001-04-8,1,HTS,"PDE4A, PDE4B, PDE4C, PDE4D",phosphodiesterase inhibitor,O=C(Nc1c(Cl)cncc1Cl)c1ccc(OC(F)F)c(OCC2CC2)c1,54767,MNDBXUUTURYVHR-UHFFFAOYSA-N,O=C(N=c1c(Cl)c[nH]cc1Cl)c1ccc(OC(F)F)c(OCC2CC2)c1,True,True,565
MNIPYSSQXLZQLJ-UHFFFAOYSA-N,aceclofenac,BRD-K68538666-001-12-3,1,HTS,PTGS2,prostanoid receptor antagonist,O=C(O)COC(=O)Cc1ccccc1Nc1c(Cl)cccc1Cl,54819,MNIPYSSQXLZQLJ-UHFFFAOYSA-N,O=C(O)COC(=O)Cc1ccccc1Nc1c(Cl)cccc1Cl,True,True,569
MNJVRJDLRVPLFE-UHFFFAOYSA-N,etoricoxib,BRD-K54770957-001-04-3,1,HTS,PTGS2,cyclooxygenase inhibitor,Cc1ccc(-c2ncc(Cl)cc2-c2ccc(S(C)(=O)=O)cc2)cn1,54830,MNJVRJDLRVPLFE-UHFFFAOYSA-N,Cc1ccc(-c2ncc(Cl)cc2-c2ccc(S(C)(=O)=O)cc2)cn1,True,True,557
MNSCVRXKDINXEY-UHFFFAOYSA-N,piroxicam,BRD-A57382968-001-29-0,1,HTS,"PTGS1, PTGS2",cyclooxygenase inhibitor,CN1C(C(=O)Nc2ccccn2)C(=O)c2ccccc2S1(=O)=O,54909,MNSCVRXKDINXEY-UHFFFAOYSA-N,CN1C(C(=O)N=c2cccc[nH]2)C(=O)c2ccccc2S1(=O)=O,True,True,574
MOSKATHMXWSZTQ-UHFFFAOYSA-N,GSK1904529A,BRD-K04833372-001-06-2,1,HTS,"IGF1R, INSR","IGF-1 inhibitor, insulin growth factor receptor inhibitor, insulin receptor ligand",CCc1cc(Nc2nccc(-c3c(-c4ccc(OC)c(C(=O)Nc5c(F)cccc5F)c4)nc4ccccn34)n2)c(OC)cc1N1CCC(N2CCN(S(C)(=O)=O)CC2)CC1,55100,MOSKATHMXWSZTQ-UHFFFAOYSA-N,CCc1cc(N=c2nc(-c3c(-c4ccc(OC)c(C(=O)Nc5c(F)cccc5F)c4)nc4ccccn34)cc[nH]2)c(OC)cc1N1CCC(N2CCN(S(C)(=O)=O)CC2)CC1,True,True,565
MPIPASJGOJYODL-UHFFFAOYSA-N,isoconazole,BRD-A93353767-008-02-2,1,HTS,CYP17A1,fungal lanosterol demethylase inhibitor,Clc1ccc(C(Cn2ccnc2)OCc2c(Cl)cccc2Cl)c(Cl)c1,55216,MPIPASJGOJYODL-UHFFFAOYSA-N,Clc1ccc(C(Cn2ccnc2)OCc2c(Cl)cccc2Cl)c(Cl)c1,True,True,572
MPMFCABZENCRHV-UHFFFAOYSA-N,tilorone,BRD-K34568562-001-04-3,1,HTS,,interferon inducer,CCN(CC)CCOc1ccc2c(c1)C(=O)c1cc(OCCN(CC)CC)ccc1-2,55237,MPMFCABZENCRHV-UHFFFAOYSA-N,CCN(CC)CCOc1ccc2c(c1)C(=O)c1cc(OCCN(CC)CC)ccc1-2,True,True,570
MPVGZUGXCQEXTM-UHFFFAOYSA-N,linifanib,BRD-K99749624-001-07-0,1,HTS,"CSF1, CSF1R, FLT1, FLT3, FLT4, KDR, KIT, PDGFRB, RET, TEK","PDGFR tyrosine kinase receptor inhibitor, VEGFR inhibitor",Cc1ccc(F)c(NC(=O)Nc2ccc(-c3cccc4[nH]nc(N)c34)cc2)c1,55299,MPVGZUGXCQEXTM-UHFFFAOYSA-N,Cc1ccc(F)c(NC(=O)Nc2ccc(-c3cccc4[nH][nH]c(=N)c34)cc2)c1,True,True,571
MQBZVUNNWUIPMK-UHFFFAOYSA-N,SB-225002,BRD-K61323504-001-04-0,1,HTS,CXCR2,CC chemokine receptor antagonist,O=C(Nc1ccc([N+](=O)[O-])cc1O)Nc1ccccc1Br,55348,MQBZVUNNWUIPMK-UHFFFAOYSA-N,O=C(Nc1ccc([N+](=O)[O-])cc1O)Nc1ccccc1Br,True,True,563
MQIMZDXIAHJKQP-UHFFFAOYSA-N,prinaberel,BRD-K87316765-001-01-4,1,MTS004,"ESR2, NCOA1",estrogen receptor agonist,C=Cc1cc(O)cc2nc(-c3ccc(O)c(F)c3)oc12,55398,MQIMZDXIAHJKQP-UHFFFAOYSA-N,C=Cc1cc(O)cc2nc(-c3ccc(O)c(F)c3)oc12,True,True,547
MQJKPEGWNLWLTK-UHFFFAOYSA-N,dapsone,BRD-K62363391-001-24-9,1,HTS,DHFR,bacterial antifolate,Nc1ccc(S(=O)(=O)c2ccc(N)cc2)cc1,55404,MQJKPEGWNLWLTK-UHFFFAOYSA-N,Nc1ccc(S(=O)(=O)c2ccc(N)cc2)cc1,True,True,569
MQMKRQLTIWPEDM-UHFFFAOYSA-N,XL-147,BRD-K95901403-001-04-5,1,HTS,"PIK3CA, PIK3CD, PIK3CG",PI3K inhibitor,Cc1ccc(S(=O)(=O)Nc2nc3ccccc3nc2Nc2ccc3nsnc3c2)cc1,55426,MQMKRQLTIWPEDM-UHFFFAOYSA-N,Cc1ccc(S(=O)(=O)N=c2[nH]c3ccccc3[nH]c2=Nc2ccc3nsnc3c2)cc1,True,True,572
MQOBSOSZFYZQOK-UHFFFAOYSA-N,fenofibric-acid,BRD-K30213273-001-01-6,1,HTS,"CLCN1, PPARA",cytochrome P450 inhibitor,CC(C)(Oc1ccc(C(=O)c2ccc(Cl)cc2)cc1)C(=O)O,55437,MQOBSOSZFYZQOK-UHFFFAOYSA-N,CC(C)(Oc1ccc(C(=O)c2ccc(Cl)cc2)cc1)C(=O)O,True,True,570
MQQNFDZXWVTQEH-UHFFFAOYSA-N,nafamostat,BRD-K06674495-334-03-2,1,HTS,"ASIC1, ASIC2, ASIC3, C1R, PRSS1, TPSAB1, TRPM7",serine protease inhibitor,N=C(N)Nc1ccc(C(=O)Oc2ccc3cc(C(=N)N)ccc3c2)cc1,55456,MQQNFDZXWVTQEH-UHFFFAOYSA-N,N=C(N)Nc1ccc(C(=O)Oc2ccc3cc(C(=N)N)ccc3c2)cc1,True,True,569
MQUYTXDAVCOCMX-UHFFFAOYSA-N,AEG3482,BRD-K77634909-001-03-5,1,HTS,,HSP inducer,NS(=O)(=O)c1nn2cc(-c3ccccc3)nc2s1,55484,MQUYTXDAVCOCMX-UHFFFAOYSA-N,NS(=O)(=O)c1nn2cc(-c3ccccc3)nc2s1,True,True,570
MRBDMNSDAVCSSF-UHFFFAOYSA-N,phentolamine,BRD-K90333595-003-21-4,1,HTS,"ADRA1A, ADRA1B, ADRA1D, ADRA2A, ADRA2B, ADRA2C",adrenergic receptor antagonist,Cc1ccc(N(CC2=NCCN2)c2cccc(O)c2)cc1,55526,MRBDMNSDAVCSSF-UHFFFAOYSA-N,Cc1ccc(N(CC2=NCCN2)c2cccc(O)c2)cc1,True,True,574
MRBKEAMVRSLQPH-UHFFFAOYSA-N,butylated-hydroxyanisole,BRD-K93035859-001-07-6,1,HTS,,antioxidant,COc1ccc(O)c(C(C)(C)C)c1,55529,MRBKEAMVRSLQPH-UHFFFAOYSA-N,COc1ccc(O)c(C(C)(C)C)c1,True,True,569
MRIAQLRQZPPODS-UHFFFAOYSA-N,nobiletin,BRD-K06753942-001-14-5,1,HTS,MAP2K1,MEK inhibitor,COc1ccc(-c2cc(=O)c3c(OC)c(OC)c(OC)c(OC)c3o2)cc1OC,55584,MRIAQLRQZPPODS-UHFFFAOYSA-N,COc1ccc(-c2cc(=O)c3c(OC)c(OC)c(OC)c(OC)c3o2)cc1OC,True,True,565
MROJXXOCABQVEF-UHFFFAOYSA-N,actarit,BRD-K33483813-001-10-0,1,HTS,,interleukin receptor agonist,CC(=O)Nc1ccc(CC(=O)O)cc1,55629,MROJXXOCABQVEF-UHFFFAOYSA-N,CC(=O)Nc1ccc(CC(=O)O)cc1,True,True,565
MTCUAOILFDZKCO-UHFFFAOYSA-N,decamethonium,BRD-K49783248-303-08-4,1,HTS,"ACHE, CHRNA2",acetylcholine receptor agonist,C[N+](C)(C)CCCCCCCCCC[N+](C)(C)C,55894,MTCUAOILFDZKCO-UHFFFAOYSA-N,C[N+](C)(C)CCCCCCCCCC[N+](C)(C)C,True,True,570
MTHORRSSURHQPZ-UHFFFAOYSA-N,bindarit,BRD-K36467523-001-02-8,1,HTS,"CCL2, CCL7, CCL8",NFkB pathway inhibitor,CC(C)(OCc1nn(Cc2ccccc2)c2ccccc12)C(=O)O,55931,MTHORRSSURHQPZ-UHFFFAOYSA-N,CC(C)(OCc1nn(Cc2ccccc2)c2ccccc12)C(=O)O,True,True,563
MTXSIJUGVMTTMU-UHFFFAOYSA-N,anabasine,BRD-A24284985-001-09-9,1,HTS,,acetylcholine receptor agonist,c1cncc(C2CCCCN2)c1,56054,MTXSIJUGVMTTMU-UHFFFAOYSA-N,c1cncc(C2CCCCN2)c1,True,True,569
MTZBBNMLMNBNJL-UHFFFAOYSA-N,xipamide,BRD-K27393415-001-01-0,1,HTS,SLC12A3,carbonic anhydrase inhibitor,Cc1cccc(C)c1NC(=O)c1cc(S(N)(=O)=O)c(Cl)cc1O,56064,MTZBBNMLMNBNJL-UHFFFAOYSA-N,Cc1cccc(C)c1NC(=O)c1cc(S(N)(=O)=O)c(Cl)cc1O,True,True,563
MUBZPKHOEPUJKR-UHFFFAOYSA-N,bismuth-oxalate,BRD-M02179497-001-01-1,1,HTS,,,O=C(O)C(=O)O,56084,MUBZPKHOEPUJKR-UHFFFAOYSA-N,O=C(O)C(=O)O,True,True,536
MUFJHYRCIHHATF-UHFFFAOYSA-N,VGX-1027,BRD-A32269193-001-01-5,1,HTS,TLR4,tumor necrosis factor receptor antagonist,O=C(O)CC1CC(c2ccccc2)=NO1,56108,MUFJHYRCIHHATF-UHFFFAOYSA-N,O=C(O)CC1CC(c2ccccc2)=NO1,True,True,572
MUOKSQABCJCOPU-UHFFFAOYSA-N,CX-4945,BRD-K81458380-001-04-9,1,HTS,"CSNK2A1, CSNK2A2, DAPK3, HIPK3",casein kinase inhibitor,O=C(O)c1ccc2c(c1)nc(Nc1cccc(Cl)c1)c1ccncc12,56167,MUOKSQABCJCOPU-UHFFFAOYSA-N,O=C(O)c1ccc2c(c1)[nH]c(=Nc1cccc(Cl)c1)c1ccncc12,True,True,550
MUTNCGKQJGXKEM-UHFFFAOYSA-N,tamibarotene,BRD-K36627727-001-05-4,1,HTS,"RARA, RARB",retinoid receptor agonist,CC1(C)CCC(C)(C)c2cc(NC(=O)c3ccc(C(=O)O)cc3)ccc21,56212,MUTNCGKQJGXKEM-UHFFFAOYSA-N,CC1(C)CCC(C)(C)c2cc(NC(=O)c3ccc(C(=O)O)cc3)ccc21,True,True,572
MUXFZBHBYYYLTH-UHFFFAOYSA-N,zaltoprofen,BRD-A00578795-001-04-3,1,HTS,,cyclooxygenase inhibitor,CC(C(=O)O)c1ccc2c(c1)CC(=O)c1ccccc1S2,56236,MUXFZBHBYYYLTH-UHFFFAOYSA-N,CC(C(=O)O)c1ccc2c(c1)CC(=O)c1ccccc1S2,True,True,574
MVFGUOIZUNYYSO-UHFFFAOYSA-N,prilocaine,BRD-A53952395-003-25-1,1,HTS,"SCN10A, SCN11A, SCN1A, SCN2A, SCN3A, SCN4A, SCN5A, SCN7A, SCN8A, SCN9A",local anesthetic,CCCNC(C)C(=O)Nc1ccccc1C,56294,MVFGUOIZUNYYSO-UHFFFAOYSA-N,CCCNC(C)C(=O)Nc1ccccc1C,True,True,569
MVOUIYUWRXPNKD-UHFFFAOYSA-N,sulmetozine,BRD-K29570907-001-07-3,1,MTS004,GAST,gastrin inhibitor,COc1cc(C(=S)N2CCOCC2)cc(OC)c1OC,56361,MVOUIYUWRXPNKD-UHFFFAOYSA-N,COc1cc(C(=S)N2CCOCC2)cc(OC)c1OC,True,True,547
MVZGYPSXNDCANY-UHFFFAOYSA-N,AST-1306,BRD-K26838195-075-04-9,1,HTS,"EGFR, ERBB2",EGFR inhibitor,C=CC(=O)Nc1ccc2ncnc(Nc3ccc(OCc4cccc(F)c4)c(Cl)c3)c2c1,56437,MVZGYPSXNDCANY-UHFFFAOYSA-N,C=CC(=O)Nc1ccc2[nH]cnc(=Nc3ccc(OCc4cccc(F)c4)c(Cl)c3)c2c1,True,True,574
MWLSOWXNZPKENC-UHFFFAOYSA-N,zileuton,BRD-A56359832-001-11-1,1,HTS,ALOX5,"leukotriene synthesis inhibitor, lipoxygenase inhibitor",CC(c1cc2ccccc2s1)N(O)C(N)=O,56529,MWLSOWXNZPKENC-UHFFFAOYSA-N,CC(c1cc2ccccc2s1)N(O)C(N)=O,True,True,574
MWOOGOJBHIARFG-UHFFFAOYSA-N,vanillin,BRD-K24258499-001-05-8,1,HTS,"ABAT, ALDH5A1",,COc1cc(C=O)ccc1O,56550,MWOOGOJBHIARFG-UHFFFAOYSA-N,COc1cc(C=O)ccc1O,True,True,557
MWSUIZKGNWELRF-UHFFFAOYSA-N,RI-1,BRD-K79555887-001-01-0,1,HTS,RAD51,,O=C1C(Cl)=C(N2CCOCC2)C(=O)N1c1ccc(Cl)c(Cl)c1,56592,MWSUIZKGNWELRF-UHFFFAOYSA-N,O=C1C(Cl)=C(N2CCOCC2)C(=O)N1c1ccc(Cl)c(Cl)c1,True,True,571
MWTBKTRZPHJQLH-UHFFFAOYSA-N,alcaftadine,BRD-K55991142-001-01-6,1,MTS004,HRH1,histamine receptor antagonist,CN1CCC(=C2c3ccccc3CCn3c(C=O)cnc32)CC1,56593,MWTBKTRZPHJQLH-UHFFFAOYSA-N,CN1CCC(=C2c3ccccc3CCn3c(C=O)cnc32)CC1,True,True,548
MXJWRABVEGLYDG-UHFFFAOYSA-N,bufexamac,BRD-K36660044-001-24-2,1,HTS,"HDAC10, HDAC6",cyclooxygenase inhibitor,CCCCOc1ccc(CC(=O)NO)cc1,56703,MXJWRABVEGLYDG-UHFFFAOYSA-N,CCCCOc1ccc(CC(O)=NO)cc1,True,True,569
MXOAEAUPQDYUQM-UHFFFAOYSA-N,chlorphenesin,BRD-A92262698-001-02-5,1,MTS004,,muscle relaxant,OCC(O)COc1ccc(Cl)cc1,56735,MXOAEAUPQDYUQM-UHFFFAOYSA-N,OCC(O)COc1ccc(Cl)cc1,True,True,548
MXUNKHLAEDCYJL-UHFFFAOYSA-N,toloxatone,BRD-A67182178-001-01-7,1,MTS004,"MAOA, MAOB",monoamine oxidase inhibitor,Cc1cccc(N2CC(CO)OC2=O)c1,56781,MXUNKHLAEDCYJL-UHFFFAOYSA-N,Cc1cccc(N2CC(CO)OC2=O)c1,True,True,548
MXWDSZWTBOCWBK-UHFFFAOYSA-N,M-344,BRD-K45528773-001-06-4; BRD-K45528773-001-07-2,2,HTS,,HDAC inhibitor,CN(C)c1ccc(C(=O)NCCCCCCC(=O)NO)cc1,56794,MXWDSZWTBOCWBK-UHFFFAOYSA-N,CN(C)c1ccc(C(=O)NCCCCCCC(O)=NO)cc1,True,True,567
MYQAUKPBNJWPIE-UHFFFAOYSA-N,GW-2580,BRD-K24242599-001-02-8,1,HTS,CSF1R,cFMS kinase inhibitor,COc1ccc(COc2ccc(Cc3cnc(N)nc3N)cc2OC)cc1,56940,MYQAUKPBNJWPIE-UHFFFAOYSA-N,COc1ccc(COc2ccc(Cc3c[nH]c(=N)[nH]c3=N)cc2OC)cc1,True,True,571
MYSWGUAQZAJSOK-UHFFFAOYSA-N,ciprofloxacin,BRD-K04804440-001-09-5,1,HTS,TOP2A,bacterial DNA gyrase inhibitor,O=C(O)c1cn(C2CC2)c2cc(N3CCNCC3)c(F)cc2c1=O,56963,MYSWGUAQZAJSOK-UHFFFAOYSA-N,O=C(O)c1cn(C2CC2)c2cc(N3CCNCC3)c(F)cc2c1=O,True,True,569
MZOPWQKISXCCTP-UHFFFAOYSA-N,tyrphostin-A9,BRD-K40255344-001-17-6,1,HTS,,"protein tyrosine kinase inhibitor, tyrosine kinase inhibitor",CC(C)(C)c1cc(C=C(C#N)C#N)cc(C(C)(C)C)c1O,57120,MZOPWQKISXCCTP-UHFFFAOYSA-N,CC(C)(C)c1cc(C=C(C#N)C#N)cc(C(C)(C)C)c1O,True,True,574
NABQBYDEMLGCEO-UHFFFAOYSA-N,teriflunomide,BRD-A42699921-001-02-8; BRD-A42699921-001-03-6,2,HTS,DHODH,dihydroorotate dehydrogenase inhibitor,CC(=O)C(C#N)C(=O)Nc1ccc(C(F)(F)F)cc1,57204,NABQBYDEMLGCEO-UHFFFAOYSA-N,CC(=O)C(C#N)C(=O)Nc1ccc(C(F)(F)F)cc1,True,True,577
NAJVRARAUNYNDX-UHFFFAOYSA-N,pikamilone,BRD-K56691760-001-01-2,1,HTS,,,O=C(O)CCCNC(=O)c1cccnc1,57256,NAJVRARAUNYNDX-UHFFFAOYSA-N,O=C(O)CCCNC(=O)c1cccnc1,True,True,569
NAUWTFJOPJWYOT-UHFFFAOYSA-N,vanoxerine,BRD-K32501161-300-06-2,1,HTS,SLC6A3,dopamine uptake inhibitor,Fc1ccc(C(OCCN2CCN(CCCc3ccccc3)CC2)c2ccc(F)cc2)cc1,57336,NAUWTFJOPJWYOT-UHFFFAOYSA-N,Fc1ccc(C(OCCN2CCN(CCCc3ccccc3)CC2)c2ccc(F)cc2)cc1,True,True,563
NAVMQTYZDKMPEU-UHFFFAOYSA-N,bexarotene,BRD-K92441787-001-04-1,1,HTS,"RXRA, RXRB, RXRG",retinoid receptor agonist,C=C(c1ccc(C(=O)O)cc1)c1cc2c(cc1C)C(C)(C)CCC2(C)C,57344,NAVMQTYZDKMPEU-UHFFFAOYSA-N,C=C(c1ccc(C(=O)O)cc1)c1cc2c(cc1C)C(C)(C)CCC2(C)C,True,True,574
NAXSRXHZFIBFMI-UHFFFAOYSA-N,GW-3965,BRD-K33818169-003-04-6,1,HTS,"NR1H2, NR1H3",LXR agonist,O=C(O)Cc1cccc(OCCCN(Cc2cccc(C(F)(F)F)c2Cl)CC(c2ccccc2)c2ccccc2)c1,57361,NAXSRXHZFIBFMI-UHFFFAOYSA-N,O=C(O)Cc1cccc(OCCCN(Cc2cccc(C(F)(F)F)c2Cl)CC(c2ccccc2)c2ccccc2)c1,True,True,556
NBHPRWLFLUBAIE-UHFFFAOYSA-N,halopemide,BRD-K50055394-001-03-6,1,MTS004,"PLD1, PLD2",phospholipase inhibitor,O=C(NCCN1CCC(n2c(O)nc3cc(Cl)ccc32)CC1)c1ccc(F)cc1,57417,NBHPRWLFLUBAIE-UHFFFAOYSA-N,O=C(NCCN1CCC(n2c(=O)[nH]c3cc(Cl)ccc32)CC1)c1ccc(F)cc1,True,True,548
NBMBIEOUVBHEBM-UHFFFAOYSA-N,XBD173,BRD-K45875383-001-01-2,1,HTS,TSPO,benzodiazepine receptor ligand,CCN(Cc1ccccc1)C(=O)Cn1c(=O)n(C)c2cnc(-c3ccccc3)nc21,57445,NBMBIEOUVBHEBM-UHFFFAOYSA-N,CCN(Cc1ccccc1)C(=O)Cn1c(=O)n(C)c2cnc(-c3ccccc3)nc21,True,True,550
NBOJHRYUGLRASX-UHFFFAOYSA-N,PF-3845,BRD-K68997413-001-05-1,1,HTS,FAAH,FAAH inhibitor,O=C(Nc1cccnc1)N1CCC(Cc2cccc(Oc3ccc(C(F)(F)F)cn3)c2)CC1,57465,NBOJHRYUGLRASX-UHFFFAOYSA-N,O=C(Nc1cccnc1)N1CCC(Cc2cccc(Oc3ccc(C(F)(F)F)cn3)c2)CC1,True,True,570
NBQKINXMPLXUET-UHFFFAOYSA-N,pranlukast,BRD-K97045029-001-02-7; BRD-K97045029-001-04-3,2,HTS,"CYSLTR1, CYSLTR2, IL5, MUC2, NFKB1, RNASE3, TNF",leukotriene receptor antagonist,O=C(Nc1cccc2c(=O)cc(-c3nnn[nH]3)oc12)c1ccc(OCCCCc2ccccc2)cc1,57484,NBQKINXMPLXUET-UHFFFAOYSA-N,O=C(Nc1cccc2c(=O)cc(-c3nn[nH]n3)oc12)c1ccc(OCCCCc2ccccc2)cc1,True,True,574
NBRBXGKOEOGLOI-UHFFFAOYSA-N,dasabuvir,BRD-K02943813-001-01-9,1,HTS,,HCV inhibitor,COc1c(-c2ccc3cc(NS(C)(=O)=O)ccc3c2)cc(-n2ccc(=O)[nH]c2=O)cc1C(C)(C)C,57490,NBRBXGKOEOGLOI-UHFFFAOYSA-N,COc1c(-c2ccc3cc(NS(C)(=O)=O)ccc3c2)cc(-n2ccc(=O)[nH]c2=O)cc1C(C)(C)C,True,True,550
NCYVXEGFNDZQCU-UHFFFAOYSA-N,nikethamide,BRD-K91544578-001-03-8,1,HTS,,immunostimulant,CCN(CC)C(=O)c1cccnc1,57714,NCYVXEGFNDZQCU-UHFFFAOYSA-N,CCN(CC)C(=O)c1cccnc1,True,True,573
NDAUXUAQIAJITI-UHFFFAOYSA-N,albuterol,BRD-A88254928-001-07-9,1,MTS004,"ADRB1, ADRB2",adrenergic receptor agonist,CC(C)(C)NCC(O)c1ccc(O)c(CO)c1,57724,NDAUXUAQIAJITI-UHFFFAOYSA-N,CC(C)(C)NCC(O)c1ccc(O)c(CO)c1,True,True,547
NDAZATDQFDPQBD-UHFFFAOYSA-N,NVP-AUY922,BRD-K41859756-001-06-8,1,HTS,"HSP90AA1, HSP90AB1",HSP inhibitor,CCNC(=O)c1noc(-c2cc(C(C)C)c(O)cc2O)c1-c1ccc(CN2CCOCC2)cc1,57725,NDAZATDQFDPQBD-UHFFFAOYSA-N,CCNC(=O)c1noc(-c2cc(C(C)C)c(O)cc2O)c1-c1ccc(CN2CCOCC2)cc1,True,True,565
NDDAHWYSQHTHNT-UHFFFAOYSA-N,indapamide,BRD-A95869247-001-26-9,1,HTS,"KCNE1, KCNQ1, SLC12A3",thiazide diuretic,CC1Cc2ccccc2N1NC(=O)c1ccc(Cl)c(S(N)(=O)=O)c1,57747,NDDAHWYSQHTHNT-UHFFFAOYSA-N,CC1Cc2ccccc2N1NC(=O)c1ccc(Cl)c(S(N)(=O)=O)c1,True,True,572
NDFKBGWLUHKMFY-UHFFFAOYSA-N,GSK-0660,BRD-K98684188-001-02-9,1,HTS,PPARD,PPAR receptor antagonist,COC(=O)c1sccc1S(=O)(=O)Nc1ccc(Nc2ccccc2)cc1OC,57765,NDFKBGWLUHKMFY-UHFFFAOYSA-N,COC(=O)c1sccc1S(=O)(=O)Nc1ccc(Nc2ccccc2)cc1OC,True,True,565
NDTSRXAMMQDVSW-UHFFFAOYSA-N,benzthiazide,BRD-K21450440-001-14-6,1,HTS,"CA1, CA12, CA2, CA4, CA9, SLC12A3",carbonic anhydrase inhibitor,NS(=O)(=O)c1cc2c(cc1Cl)N=C(CSCc1ccccc1)NS2(=O)=O,57871,NDTSRXAMMQDVSW-UHFFFAOYSA-N,NS(=O)(=O)c1cc2c(cc1Cl)N=C(CSCc1ccccc1)NS2(=O)=O,True,True,574
NDTYTMIUWGWIMO-UHFFFAOYSA-N,perillyl-alcohol,BRD-A13323580-001-04-8,1,HTS,FNTA,"apoptosis stimulant, farnesyltransferase inhibitor",C=C(C)C1CC=C(CO)CC1,57873,NDTYTMIUWGWIMO-UHFFFAOYSA-N,C=C(C)C1CC=C(CO)CC1,True,True,550
NEMHKCNXXRQYRF-UHFFFAOYSA-N,AZD1283,BRD-K77060810-001-01-5,1,HTS,P2RY12,purinergic receptor antagonist,CCOC(=O)c1cc(C#N)c(N2CCC(C(=O)NS(=O)(=O)Cc3ccccc3)CC2)nc1C,57994,NEMHKCNXXRQYRF-UHFFFAOYSA-N,CCOC(=O)c1cc(C#N)c(N2CCC(C(=O)NS(=O)(=O)Cc3ccccc3)CC2)nc1C,True,True,571
NETXMUIMUZJUTB-UHFFFAOYSA-N,apabetalone,BRD-K20001883-001-02-7,1,HTS,BRD3,apolipoprotein expression enhancer,COc1cc(OC)c2c(=O)nc(-c3cc(C)c(OCCO)c(C)c3)[nH]c2c1,58049,NETXMUIMUZJUTB-UHFFFAOYSA-N,COc1cc(OC)c2c(=O)[nH]c(-c3cc(C)c(OCCO)c(C)c3)nc2c1,True,True,565
NEUSVAOJNUQRTM-UHFFFAOYSA-N,cetylpyridinium,BRD-K87700323-003-05-1,1,HTS,,,CCCCCCCCCCCCCCCC[n+]1ccccc1,58055,NEUSVAOJNUQRTM-UHFFFAOYSA-N,CCCCCCCCCCCCCCCC[n+]1ccccc1,True,True,569
NEWKHUASLBMWRE-UHFFFAOYSA-N,MPEP,BRD-K60690191-001-03-3,1,HTS,"GRM1, GRM4, GRM5",glutamate receptor antagonist,Cc1cccc(C#Cc2ccccc2)n1,58065,NEWKHUASLBMWRE-UHFFFAOYSA-N,Cc1cccc(C#Cc2ccccc2)n1,True,True,572
NFBAXHOPROOJAW-UHFFFAOYSA-N,phenindione,BRD-K70592963-001-31-6,1,MTS004,VKORC1,vitamin K antagonist,O=C1c2ccccc2C(=O)C1c1ccccc1,58098,NFBAXHOPROOJAW-UHFFFAOYSA-N,O=C1c2ccccc2C(=O)C1c1ccccc1,True,True,548
NFLWUMRGJYTJIN-UHFFFAOYSA-N,desmopressin-acetate,BRD-A49399758-015-01-8,1,HTS,"AVPR1A, AVPR1B, AVPR2, OXTR",vasopressin receptor agonist,N=C(N)NCCCC(NC(=O)C1CCCN1C(=O)C1CSSCCC(=O)NC(Cc2ccc(O)cc2)C(=O)NC(Cc2ccccc2)C(=O)NC(CCC(N)=O)C(=O)NC(CC(N)=O)C(=O)N1)C(=O)NCC(N)=O,58173,NFLWUMRGJYTJIN-UHFFFAOYSA-N,N=C(N)NCCCC(NC(=O)C1CCCN1C(=O)C1CSSCCC(=O)NC(Cc2ccc(O)cc2)C(=O)NC(Cc2ccccc2)C(=O)NC(CCC(N)=O)C(=O)NC(CC(N)=O)C(=O)N1)C(=O)NCC(N)=O,True,True,563
NFSTZPMYAZRZPC-UHFFFAOYSA-N,3-bromo-7-nitroindazole,BRD-K24689407-001-06-3,1,HTS,"NOS1, NOS2, NOS3",nitric oxide synthase inhibitor,O=[N+]([O-])c1cccc2c(Br)n[nH]c12,58222,NFSTZPMYAZRZPC-UHFFFAOYSA-N,O=[N+]([O-])c1cccc2c(Br)[nH]nc12,True,True,571
NFTMKHWBOINJGM-UHFFFAOYSA-N,MBX-2982,BRD-K32218650-001-01-6,1,HTS,GPR119,glucose dependent insulinotropic receptor agonist,CCc1cnc(N2CCC(c3nc(COc4ccc(-n5cnnn5)cc4)cs3)CC2)nc1,58229,NFTMKHWBOINJGM-UHFFFAOYSA-N,CCc1cnc(N2CCC(c3nc(COc4ccc(-n5cnnn5)cc4)cs3)CC2)nc1,True,True,565
NGAGMBNBKCDCDJ-UHFFFAOYSA-N,LY303511,BRD-K22385716-001-02-5,1,HTS,"BRD2, BRD3, BRD4","casein kinase inhibitor, mTOR inhibitor, PI3K inhibitor",O=c1cc(N2CCNCC2)oc2c(-c3ccccc3)cccc12,58268,NGAGMBNBKCDCDJ-UHFFFAOYSA-N,O=c1cc(N2CCNCC2)oc2c(-c3ccccc3)cccc12,True,True,565
NGBFQHCMQULJNZ-UHFFFAOYSA-N,torasemide,BRD-K30480208-001-18-5,1,HTS,SLC12A1,"electrolyte reabsorption inhibitor, thromboxane receptor antagonist",Cc1cccc(Nc2ccncc2S(=O)(=O)NC(=O)NC(C)C)c1,58276,NGBFQHCMQULJNZ-UHFFFAOYSA-N,Cc1cccc(N=c2cc[nH]cc2S(=O)(=O)NC(=O)NC(C)C)c1,True,True,574
NGHTXZCKLWZPGK-UHFFFAOYSA-N,nefiracetam,BRD-K65678996-001-05-5,1,HTS,CHRM1,"acetylcholine receptor agonist, benzodiazepine receptor agonist",Cc1cccc(C)c1NC(=O)CN1CCCC1=O,58329,NGHTXZCKLWZPGK-UHFFFAOYSA-N,Cc1cccc(C)c1NC(=O)CN1CCCC1=O,True,True,562
NGOGFTYYXHNFQH-UHFFFAOYSA-N,fasudil,BRD-K76617868-003-11-9,1,HTS,"PKIA, PRKACA, ROCK1, ROCK2",rho associated kinase inhibitor,O=S(=O)(c1cccc2cnccc12)N1CCCNCC1,58382,NGOGFTYYXHNFQH-UHFFFAOYSA-N,O=S(=O)(c1cccc2cnccc12)N1CCCNCC1,True,True,574
NGTDJJKTGRNNAU-UHFFFAOYSA-N,PETCM,BRD-A93477898-001-04-2,1,HTS,CASP3,caspase activator,OC(Cc1ccncc1)C(Cl)(Cl)Cl,58417,NGTDJJKTGRNNAU-UHFFFAOYSA-N,OC(Cc1ccncc1)C(Cl)(Cl)Cl,True,True,565
NHHQJBCNYHBUSI-UHFFFAOYSA-N,R406,BRD-K20285085-001-07-1; BRD-K20285085-074-04-5,2,HTS,"RET, SYK",SYK inhibitor,COc1cc(Nc2ncc(F)c(Nc3ccc4c(n3)NC(=O)C(C)(C)O4)n2)cc(OC)c1OC,58531,NHHQJBCNYHBUSI-UHFFFAOYSA-N,COc1cc(N=c2nc(N=c3ccc4c([nH]3)NC(=O)C(C)(C)O4)c(F)c[nH]2)cc(OC)c1OC,True,True,567
NHZMQXZHNVQTQA-UHFFFAOYSA-N,pyridoxamine,BRD-K96669468-300-01-1,1,MTS004,,AGE inhibitor,Cc1ncc(CO)c(CN)c1O,58651,NHZMQXZHNVQTQA-UHFFFAOYSA-N,Cc1ncc(CO)c(CN)c1O,True,True,548
NIGWMJHCCYYCSF-UHFFFAOYSA-N,fenclonine-(+/-),BRD-A81615860-003-01-7,1,HTS,"PAH, TPH1, TPH2",tryptophan hydroxylase inhibitor,NC(Cc1ccc(Cl)cc1)C(=O)O,58697,NIGWMJHCCYYCSF-UHFFFAOYSA-N,NC(Cc1ccc(Cl)cc1)C(=O)O,True,True,571
NIJJYAXOARWZEE-UHFFFAOYSA-N,valproic-acid,BRD-K41260949-236-16-8,1,HTS,"ABAT, ACADSB, ALDH5A1, HDAC1, HDAC2, HDAC9, OGDH, SCN10A, SCN11A, SCN1A, SCN1B, SCN2A, SCN2B, SCN3A, SCN3B, SCN4A, SCN4B, SCN5A, SCN7A, SCN8A, SCN9A",HDAC inhibitor,CCCC(CCC)C(=O)O,58718,NIJJYAXOARWZEE-UHFFFAOYSA-N,CCCC(CCC)C(=O)O,True,True,557
NJCJBUHJQLFDSW-UHFFFAOYSA-N,rufloxacin,BRD-K62374253-001-07-8,1,HTS,,bacterial DNA gyrase inhibitor,CN1CCN(c2c(F)cc3c(=O)c(C(=O)O)cn4c3c2SCC4)CC1,58854,NJCJBUHJQLFDSW-UHFFFAOYSA-N,CN1CCN(c2c(F)cc3c(=O)c(C(=O)O)cn4c3c2SCC4)CC1,True,True,569
NJDUWAXIURWWLN-UHFFFAOYSA-N,chlorindione,BRD-K61802864-001-08-8,1,HTS,,,O=C1c2ccccc2C(=O)C1c1ccc(Cl)cc1,58870,NJDUWAXIURWWLN-UHFFFAOYSA-N,O=C1c2ccccc2C(=O)C1c1ccc(Cl)cc1,True,True,570
NJRXVEJTAYWCQJ-UHFFFAOYSA-N,mercaptosuccinic-acid,BRD-A43435802-001-02-0,1,HTS,,,O=C(O)CC(S)C(=O)O,58963,NJRXVEJTAYWCQJ-UHFFFAOYSA-N,O=C(O)CC(S)C(=O)O,True,True,574
NLZUEZXRPGMBCV-UHFFFAOYSA-N,butylated-hydroxytoluene,BRD-K53153417-001-10-4,1,HTS,CA2,carbonic anhydrase inhibitor,Cc1cc(C(C)(C)C)c(O)c(C(C)(C)C)c1,59404,NLZUEZXRPGMBCV-UHFFFAOYSA-N,Cc1cc(C(C)(C)C)c(O)c(C(C)(C)C)c1,True,True,573
NMBDIMPYACLUDE-UHFFFAOYSA-N,MNITMT,BRD-K63151507-001-02-4,1,HTS,,lymphocyte inhibitor,Cn1cnnc1Sc1c([N+](=O)[O-])ncn1C,59413,NMBDIMPYACLUDE-UHFFFAOYSA-N,Cn1cnnc1Sc1c([N+](=O)[O-])ncn1C,True,True,557
NMKSAYKQLCHXDK-UHFFFAOYSA-N,fendiline,BRD-A71033472-003-23-9,1,HTS,HTR2B,calcium channel blocker,CC(NCCC(c1ccccc1)c1ccccc1)c1ccccc1,59486,NMKSAYKQLCHXDK-UHFFFAOYSA-N,CC(NCCC(c1ccccc1)c1ccccc1)c1ccccc1,True,True,568
NMYAHEULKSYAPP-UHFFFAOYSA-N,F-11440,BRD-K87948281-001-01-9,1,MTS004,HTR1A,serotonin receptor agonist,Cn1c(=O)cnn(CCCCN2CCN(c3ncccn3)CC2)c1=O,59580,NMYAHEULKSYAPP-UHFFFAOYSA-N,Cn1c(=O)cnn(CCCCN2CCN(c3ncccn3)CC2)c1=O,True,True,548
NNACHAUCXXVJSP-UHFFFAOYSA-N,BF2.649,BRD-K21673112-003-01-3,1,HTS,HRH3,histamine receptor antagonist,Clc1ccc(CCCOCCCN2CCCCC2)cc1,59596,NNACHAUCXXVJSP-UHFFFAOYSA-N,Clc1ccc(CCCOCCCN2CCCCC2)cc1,True,True,565
NNJVILVZKWQKPM-UHFFFAOYSA-N,lidocaine,BRD-K52662033-003-21-2,1,HTS,"EGFR, SCN10A, SCN11A, SCN1A, SCN2A, SCN3A, SCN4A, SCN5A, SCN7A, SCN8A, SCN9A",histamine receptor agonist,CCN(CC)CC(=O)Nc1c(C)cccc1C,59645,NNJVILVZKWQKPM-UHFFFAOYSA-N,CCN(CC)CC(=O)Nc1c(C)cccc1C,True,True,494
NNYBQONXHNTVIJ-UHFFFAOYSA-N,etodolac,BRD-A74667430-001-23-6,1,HTS,"PTGS1, PTGS2, RXRA",cyclooxygenase inhibitor,CCc1cccc2c3c([nH]c12)C(CC)(CC(=O)O)OCC3,59754,NNYBQONXHNTVIJ-UHFFFAOYSA-N,CCc1cccc2c3c([nH]c12)C(CC)(CC(=O)O)OCC3,True,True,574
NOCJXYPHIIZEHN-UHFFFAOYSA-N,difloxacin,BRD-K73923631-003-02-9,1,HTS,,bacterial DNA gyrase inhibitor,CN1CCN(c2cc3c(cc2F)c(=O)c(C(=O)O)cn3-c2ccc(F)cc2)CC1,59785,NOCJXYPHIIZEHN-UHFFFAOYSA-N,CN1CCN(c2cc3c(cc2F)c(=O)c(C(=O)O)cn3-c2ccc(F)cc2)CC1,True,True,571
NOEGNKMFWQHSLB-UHFFFAOYSA-N,5-HMF,BRD-K86799112-001-02-0,1,HTS,,,O=Cc1ccc(CO)o1,59801,NOEGNKMFWQHSLB-UHFFFAOYSA-N,O=Cc1ccc(CO)o1,True,True,563
NOIIUHRQUVNIDD-UHFFFAOYSA-N,nialamide,BRD-K12102668-001-25-5,1,HTS,"COMT, MAOA, MAOB",monoamine oxidase inhibitor,O=C(CCNNC(=O)c1ccncc1)NCc1ccccc1,59827,NOIIUHRQUVNIDD-UHFFFAOYSA-N,O=C(CCNNC(=O)c1ccncc1)NCc1ccccc1,True,True,570
NOOCSNJCXJYGPE-UHFFFAOYSA-N,flunixin-meglumin,BRD-K99984802-100-13-5,1,HTS,,prostanoid receptor antagonist,Cc1c(Nc2ncccc2C(=O)O)cccc1C(F)(F)F,59869,NOOCSNJCXJYGPE-UHFFFAOYSA-N,Cc1c(N=c2[nH]cccc2C(=O)O)cccc1C(F)(F)F,True,True,570
NOOJLZTTWSNHOX-UHFFFAOYSA-N,prolylleucylglycinamide,BRD-A09911125-001-01-4,1,MTS004,,melanocyte-stimulating hormone release inhibitor,CC(C)CC(NC(=O)C1CCCN1)C(=O)NCC(N)=O,59873,NOOJLZTTWSNHOX-UHFFFAOYSA-N,CC(C)CC(NC(=O)C1CCCN1)C(=O)NCC(N)=O,True,True,547
NOSIYYJFMPDDSA-UHFFFAOYSA-N,acepromazine,BRD-K37814297-050-09-6,1,HTS,"ADRA1A, ADRA1B, DRD1, DRD2, HTR1A, HTR2A",dopamine receptor antagonist,CC(=O)c1ccc2c(c1)N(CCCN(C)C)c1ccccc1S2,59908,NOSIYYJFMPDDSA-UHFFFAOYSA-N,CC(=O)c1ccc2c(c1)N(CCCN(C)C)c1ccccc1S2,True,True,569
NOTIQUSPUUHHEH-UHFFFAOYSA-N,dromostanolone-propionate,BRD-A38706605-001-01-2,1,MTS004,AR,androgen receptor modulator,CCC(=O)OC1CCC2C3CCC4CC(=O)C(C)CC4(C)C3CCC12C,59918,NOTIQUSPUUHHEH-UHFFFAOYSA-N,CCC(=O)OC1CCC2C3CCC4CC(=O)C(C)CC4(C)C3CCC12C,True,True,546
NQDJXKOVJZTUJA-UHFFFAOYSA-N,nevirapine,BRD-K15502390-001-20-9,1,HTS,"CYP1A2, CYP2A6, CYP2B6, CYP2C9, CYP2D6, CYP3A4, CYP3A5",non-nucleoside reverse transcriptase inhibitor,Cc1ccnc2c1NC(=O)c1cccnc1N2C1CC1,60164,NQDJXKOVJZTUJA-UHFFFAOYSA-N,Cc1ccnc2c1NC(=O)c1cccnc1N2C1CC1,True,True,572
NQHNLNLJPDMBFN-UHFFFAOYSA-O,otilonium,BRD-K85337334-004-02-6,1,HTS,CACNA1C,acetylcholine receptor antagonist,CCCCCCCCOc1ccccc1C(=O)Nc1ccc(C(=O)OCC[N+](C)(CC)CC)cc1,60197,NQHNLNLJPDMBFN-UHFFFAOYSA-O,CCCCCCCCOc1ccccc1C(=O)Nc1ccc(C(=O)OCC[N+](C)(CC)CC)cc1,True,True,550
NQPDXQQQCQDHHW-UHFFFAOYSA-N,triclabendazole,BRD-K81916719-001-13-9,1,HTS,DNMT1,microtubule inhibitor,CSc1nc2cc(Cl)c(Oc3cccc(Cl)c3Cl)cc2[nH]1,60238,NQPDXQQQCQDHHW-UHFFFAOYSA-N,CSc1nc2cc(Cl)c(Oc3cccc(Cl)c3Cl)cc2[nH]1,True,True,550
NQPOCLFSADOXBR-UHFFFAOYSA-N,lorediplon,BRD-K42066335-001-01-0,1,MTS004,GABRA1,GABA receptor modulator,CC(=O)N(C)c1cc(-c2ccnc3c(C(=O)c4cccs4)cnn23)ccc1F,60244,NQPOCLFSADOXBR-UHFFFAOYSA-N,CC(=O)N(C)c1cc(-c2ccnc3c(C(=O)c4cccs4)cnn23)ccc1F,True,True,548
NQQBNZBOOHHVQP-UHFFFAOYSA-N,SU3327,BRD-K32730239-001-01-0,1,HTS,MAPK8,JNK inhibitor,Nc1nnc(Sc2ncc([N+](=O)[O-])s2)s1,60247,NQQBNZBOOHHVQP-UHFFFAOYSA-N,N=c1[nH]nc(Sc2ncc([N+](=O)[O-])s2)s1,True,True,571
NRFJZTXWLKPZAV-UHFFFAOYSA-N,citiolone,BRD-A57957888-001-08-0,1,HTS,,"lipotropic, mucolytic agent",CC(=O)NC1CCSC1=O,60351,NRFJZTXWLKPZAV-UHFFFAOYSA-N,CC(=O)NC1CCSC1=O,True,True,569
NSOXQYCFHDMMGV-UHFFFAOYSA-N,editol,BRD-A78588743-001-03-4,1,HTS,,,CC(O)CN(CCN(CC(C)O)CC(C)O)CC(C)O,60594,NSOXQYCFHDMMGV-UHFFFAOYSA-N,CC(O)CN(CCN(CC(C)O)CC(C)O)CC(C)O,True,True,574
NSQSAUGJQHDYNO-UHFFFAOYSA-N,tazemetostat,BRD-K11215326-001-03-7,1,HTS,EZH2,histone lysine methyltransferase inhibitor,CCN(c1cc(-c2ccc(CN3CCOCC3)cc2)cc(C(=O)NCc2c(C)cc(C)[nH]c2=O)c1C)C1CCOCC1,60609,NSQSAUGJQHDYNO-UHFFFAOYSA-N,CCN(c1cc(-c2ccc(CN3CCOCC3)cc2)cc(C(=O)NCc2c(C)cc(C)[nH]c2=O)c1C)C1CCOCC1,True,True,538
NTHXOOBQLCIOLC-UHFFFAOYSA-N,iohexol,BRD-A60217728-001-11-2,1,HTS,,radiopaque medium,CC(=O)N(CC(O)CO)c1c(I)c(C(=O)NCC(O)CO)c(I)c(C(=O)NCC(O)CO)c1I,60756,NTHXOOBQLCIOLC-UHFFFAOYSA-N,CC(=O)N(CC(O)CO)c1c(I)c(C(=O)NCC(O)CO)c(I)c(C(=O)NCC(O)CO)c1I,True,True,569
NTJOBXMMWNYJFB-UHFFFAOYSA-N,amisulpride,BRD-A60197193-001-14-6,1,HTS,"DRD2, DRD3, HTR2A, HTR7",dopamine receptor antagonist,CCN1CCCC1CNC(=O)c1cc(S(=O)(=O)CC)c(N)cc1OC,60768,NTJOBXMMWNYJFB-UHFFFAOYSA-N,CCN1CCCC1CNC(=O)c1cc(S(=O)(=O)CC)c(N)cc1OC,True,True,565
NTYJJOPFIAHURM-UHFFFAOYSA-N,histamine,BRD-K01674964-300-06-3,1,HTS,"HRH1, HRH2, HRH3, HRH4",histamine receptor agonist,NCCc1c[nH]cn1,60858,NTYJJOPFIAHURM-UHFFFAOYSA-N,NCCc1c[nH]cn1,True,True,565
NUKYPUAOHBNCPY-UHFFFAOYSA-N,dalfampridine,BRD-K22482860-001-21-4,1,HTS,"KCNA1, KCNA10, KCNA2, KCNA3, KCNA4, KCNA5, KCNA6, KCNA7, KCNB1, KCNB2, KCNC1, KCNC2, KCNC3, KCNC4, KCND1, KCND2, KCND3, KCNF1, KCNG1, KCNG2, KCNG3, KCNG4, KCNH1, KCNH2, KCNH3, KCNH4, KCNH5, KCNH6, KCNH7, KCNH8, KCNJ13, KCNJ5, KCNQ1, KCNQ2, KCNQ3, KCNQ4, KCNQ5, KCNS1, KCNS2, KCNS3, KCNV1, KCNV2",potassium channel blocker,Nc1ccncc1,60947,NUKYPUAOHBNCPY-UHFFFAOYSA-N,N=c1cc[nH]cc1,True,True,565
NUVBSKCKDOMJSU-UHFFFAOYSA-N,ethyl-paraben,BRD-K02464583-001-02-2,1,HTS,,,CCOC(=O)c1ccc(O)cc1,61010,NUVBSKCKDOMJSU-UHFFFAOYSA-N,CCOC(=O)c1ccc(O)cc1,True,True,574
NVBNDZZLJRYRPD-UHFFFAOYSA-N,ZM-323881,BRD-K67831364-003-03-3,1,HTS,KDR,VEGFR inhibitor,Cc1cc(F)c(Nc2ncnc3cc(OCc4ccccc4)ccc23)cc1O,61061,NVBNDZZLJRYRPD-UHFFFAOYSA-N,Cc1cc(F)c(N=c2[nH]cnc3cc(OCc4ccccc4)ccc23)cc1O,True,True,574
NVRXTLZYXZNATH-UHFFFAOYSA-N,PP-121,BRD-K81801188-001-02-8,1,HTS,"ABL1, EGFR, HCK, KDR, MTOR, PDGFRA, PIK3CA, PIK3CB, PIK3CD, PIK3CG, PRKDC, SRC",protein tyrosine kinase inhibitor,Nc1ncnc2c1c(-c1cnc3[nH]ccc3c1)nn2C1CCCC1,61160,NVRXTLZYXZNATH-UHFFFAOYSA-N,N=c1[nH]cnc2c1c(-c1cnc3[nH]ccc3c1)nn2C1CCCC1,True,True,570
NWBJYWHLCVSVIJ-UHFFFAOYSA-N,6-benzylaminopurine,BRD-K62929068-001-16-5,1,HTS,,purinergic receptor activator,c1ccc(CNc2ncnc3nc[nH]c23)cc1,61227,NWBJYWHLCVSVIJ-UHFFFAOYSA-N,c1ccc(CN=c2[nH]cnc3[nH]cnc23)cc1,True,True,572
NWPRCRWQMGIBOT-UHFFFAOYSA-N,etofylline,BRD-K83064458-001-23-0,1,HTS,ADORA1,adenosine receptor antagonist,Cn1c(=O)c2c(ncn2CCO)n(C)c1=O,61330,NWPRCRWQMGIBOT-UHFFFAOYSA-N,Cn1c(=O)c2c(ncn2CCO)n(C)c1=O,True,True,568
NWVVVBRKAWDGAB-UHFFFAOYSA-N,mequinol,BRD-K45216060-001-10-0; BRD-K45216060-001-11-8,2,HTS,TYR,,COc1ccc(O)cc1,61382,NWVVVBRKAWDGAB-UHFFFAOYSA-N,COc1ccc(O)cc1,True,True,574
NYMGNSNKLVNMIA-UHFFFAOYSA-N,iproniazid,BRD-K88568253-011-19-9,1,HTS,"MAOA, MAOB",monoamine oxidase inhibitor,CC(C)NNC(=O)c1ccncc1,61675,NYMGNSNKLVNMIA-UHFFFAOYSA-N,CC(C)NNC(=O)c1ccncc1,True,True,557
NZJKEVWTYMOYOR-UHFFFAOYSA-N,mdivi-1,BRD-K61128465-001-09-9,1,HTS,DNM1,dynamin inhibitor,COc1cc(-n2c(=S)[nH]c3ccccc3c2=O)c(Cl)cc1Cl,61840,NZJKEVWTYMOYOR-UHFFFAOYSA-N,COc1cc(-n2c(=S)[nH]c3ccccc3c2=O)c(Cl)cc1Cl,True,True,571
NZLVRVYNQYGMAB-UHFFFAOYSA-N,pimethixene,BRD-K88090157-050-10-8,1,HTS,,antihistamine,CN1CCC(=C2c3ccccc3Sc3ccccc32)CC1,61857,NZLVRVYNQYGMAB-UHFFFAOYSA-N,CN1CCC(=C2c3ccccc3Sc3ccccc32)CC1,True,True,570
NZOONKHCNQFYCI-UHFFFAOYSA-N,quiflapon,BRD-K39503511-001-03-9,1,HTS,"ALOX5, ALOX5AP",leukotriene synthesis inhibitor,CC(C)(C)Sc1c(CC(C)(C)C(=O)O)n(Cc2ccc(Cl)cc2)c2ccc(OCc3ccc4ccccc4n3)cc12,61882,NZOONKHCNQFYCI-UHFFFAOYSA-N,CC(C)(C)Sc1c(CC(C)(C)C(=O)O)n(Cc2ccc(Cl)cc2)c2ccc(OCc3ccc4ccccc4n3)cc12,True,True,572
NZUPCNDJBJXXRF-UHFFFAOYSA-O,bethanechol,BRD-A99833829-003-27-1,1,HTS,"CHRM1, CHRM2, CHRM3, CHRM4",acetylcholine receptor agonist,CC(C[N+](C)(C)C)OC(N)=O,61927,NZUPCNDJBJXXRF-UHFFFAOYSA-O,CC(C[N+](C)(C)C)OC(N)=O,True,True,538
NZWOPGCLSHLLPA-UHFFFAOYSA-N,methacholine,BRD-A18056626-003-22-3,1,HTS,"CHRM2, CHRM3, CHRM4",acetylcholine receptor agonist,CC(=O)OC(C)C[N+](C)(C)C,61939,NZWOPGCLSHLLPA-UHFFFAOYSA-N,CC(=O)OC(C)C[N+](C)(C)C,True,True,569
OAVGBZOFDPFGPJ-UHFFFAOYSA-N,sotrastaurin,BRD-K16761703-001-03-8,1,HTS,"PRKCA, PRKCB, PRKCD, PRKCE, PRKCH, PRKCQ",PKC inhibitor,CN1CCN(c2nc(C3=C(c4c[nH]c5ccccc45)C(=O)NC3=O)c3ccccc3n2)CC1,62090,OAVGBZOFDPFGPJ-UHFFFAOYSA-N,CN1CCN(c2nc(C3=C(c4c[nH]c5ccccc45)C(=O)NC3=O)c3ccccc3n2)CC1,True,True,572
OAYRYNVEFFWSHK-UHFFFAOYSA-N,carsalam,BRD-K13238618-001-05-9,1,HTS,,analgesic agent,O=c1[nH]c(=O)c2ccccc2o1,62129,OAYRYNVEFFWSHK-UHFFFAOYSA-N,O=c1[nH]c(=O)c2ccccc2o1,True,True,570
OBDOVFRMEYHSQB-UHFFFAOYSA-N,almitrine,BRD-K82677201-001-01-6,1,HTS,ATP1A1,neurotransmitter agonist,C=CCNc1nc(NCC=C)nc(N2CCN(C(c3ccc(F)cc3)c3ccc(F)cc3)CC2)n1,62158,OBDOVFRMEYHSQB-UHFFFAOYSA-N,C=CCN=c1nc(N2CCN(C(c3ccc(F)cc3)c3ccc(F)cc3)CC2)[nH]c(=NCC=C)[nH]1,True,True,572
OBKXEAXTFZPCHS-UHFFFAOYSA-N,phenylbutyrate,BRD-K67102207-236-07-7,1,HTS,HDAC1,HDAC inhibitor,O=C(O)CCCc1ccccc1,62221,OBKXEAXTFZPCHS-UHFFFAOYSA-N,O=C(O)CCCc1ccccc1,True,True,565
OCAPBUJLXMYKEJ-UHFFFAOYSA-N,bifonazole,BRD-A94543220-001-24-7,1,HTS,CYP2B6,sterol demethylase inhibitor,c1ccc(-c2ccc(C(c3ccccc3)n3ccnc3)cc2)cc1,62344,OCAPBUJLXMYKEJ-UHFFFAOYSA-N,c1ccc(-c2ccc(C(c3ccccc3)n3ccnc3)cc2)cc1,True,True,574
OCDGBSUVYYVKQZ-UHFFFAOYSA-N,gramine,BRD-K26005076-001-12-8,1,HTS,,norepinephrine reputake inhibitor,CN(C)Cc1c[nH]c2ccccc12,62362,OCDGBSUVYYVKQZ-UHFFFAOYSA-N,CN(C)Cc1c[nH]c2ccccc12,True,True,565
OCINXEZVIIVXFU-UHFFFAOYSA-N,toltrazuril,BRD-K64514229-001-05-2,1,HTS,,antiprotozoal agent,Cc1cc(-n2c(=O)[nH]c(=O)n(C)c2=O)ccc1Oc1ccc(SC(F)(F)F)cc1,62388,OCINXEZVIIVXFU-UHFFFAOYSA-N,Cc1cc(-n2c(=O)[nH]c(=O)n(C)c2=O)ccc1Oc1ccc(SC(F)(F)F)cc1,True,True,569
OCJYIGYOJCODJL-UHFFFAOYSA-N,meclizine,BRD-A50311610-300-10-4,1,HTS,"HRH1, NR1I3",constitutive androstane receptor (CAR) agonist,Cc1cccc(CN2CCN(C(c3ccccc3)c3ccc(Cl)cc3)CC2)c1,62395,OCJYIGYOJCODJL-UHFFFAOYSA-N,Cc1cccc(CN2CCN(C(c3ccccc3)c3ccc(Cl)cc3)CC2)c1,True,True,557
OCUJLLGVOUDECM-UHFFFAOYSA-N,dipivefrine,BRD-A47494775-003-11-3,1,HTS,"ACHE, ADRA1A, ADRA2A, ADRB2, BCHE",adrenergic receptor agonist,CNCC(O)c1ccc(OC(=O)C(C)(C)C)c(OC(=O)C(C)(C)C)c1,62461,OCUJLLGVOUDECM-UHFFFAOYSA-N,CNCC(O)c1ccc(OC(=O)C(C)(C)C)c(OC(=O)C(C)(C)C)c1,True,True,565
ODNICNWASXKNNQ-UHFFFAOYSA-N,RS-504393,BRD-K87510569-001-02-8,1,HTS,"CCL2, CCR2",CC chemokine receptor antagonist,Cc1ccc2c(c1)C1(CCN(CCc3nc(-c4ccccc4)oc3C)CC1)OC(=O)N2,62614,ODNICNWASXKNNQ-UHFFFAOYSA-N,Cc1ccc2c(c1)C1(CCN(CCc3nc(-c4ccccc4)oc3C)CC1)OC(=O)N2,True,True,570
ODUOJXZPIYUATO-UHFFFAOYSA-N,racecadotril,BRD-A08187463-001-12-9,1,HTS,MME,enkephalinase inhibitor,CC(=O)SCC(Cc1ccccc1)C(=O)NCC(=O)OCc1ccccc1,62666,ODUOJXZPIYUATO-UHFFFAOYSA-N,CC(=O)SCC(Cc1ccccc1)C(=O)NCC(=O)OCc1ccccc1,True,True,550
OEGDFSLNGABBKJ-UHFFFAOYSA-N,etafenone,BRD-K84971356-001-01-4,1,MTS004,,calcium channel blocker,CCN(CC)CCOc1ccccc1C(=O)CCc1ccccc1,62750,OEGDFSLNGABBKJ-UHFFFAOYSA-N,CCN(CC)CCOc1ccccc1C(=O)CCc1ccccc1,True,True,547
OEXMNSOPAKOPEF-UHFFFAOYSA-N,FH1,BRD-K44777625-001-03-5,1,HTS,,hepatocyte function enhancer,CC(=O)Nc1ccc(Cc2ccc(NC(C)=O)cc2)cc1,62857,OEXMNSOPAKOPEF-UHFFFAOYSA-N,CC(=O)Nc1ccc(Cc2ccc(NC(C)=O)cc2)cc1,True,True,571
OEYIOHPDSNJKLS-UHFFFAOYSA-N,choline,BRD-K77300776-001-02-5,1,HTS,"ACHE, BCHE, CHRNA2, PCYT1A, PCYT1B, PHOSPHO1, PLD1, PLD2",acetylcholine precursor,C[N+](C)(C)CCO,62862,OEYIOHPDSNJKLS-UHFFFAOYSA-N,C[N+](C)(C)CCO,True,True,557
OFBIFZUFASYYRE-UHFFFAOYSA-N,flumazenil,BRD-K98769987-001-23-7,1,HTS,"GABRA1, GABRA2, GABRA3, GABRA4, GABRA5, GABRA6, GABRB1, GABRB2, GABRB3, GABRD, GABRE, GABRG1, GABRG2, GABRG3, GABRP, GABRQ",benzodiazepine receptor antagonist,CCOC(=O)c1ncn2c1CN(C)C(=O)c1cc(F)ccc1-2,62880,OFBIFZUFASYYRE-UHFFFAOYSA-N,CCOC(=O)c1ncn2c1CN(C)C(=O)c1cc(F)ccc1-2,True,True,557
OFCNXPDARWKPPY-UHFFFAOYSA-N,allopurinol,BRD-K86307448-001-17-5; BRD-K86307448-001-19-1,2,HTS,XDH,xanthine oxidase inhibitor,O=c1[nH]cnc2[nH]ncc12,62891,OFCNXPDARWKPPY-UHFFFAOYSA-N,O=c1[nH]cnc2[nH]ncc12,True,True,567
OFPXSFXSNFPTHF-UHFFFAOYSA-N,oxaprozin,BRD-K25394294-001-14-9,1,HTS,"PTGS1, PTGS2",cyclooxygenase inhibitor,O=C(O)CCc1nc(-c2ccccc2)c(-c2ccccc2)o1,62983,OFPXSFXSNFPTHF-UHFFFAOYSA-N,O=C(O)CCc1nc(-c2ccccc2)c(-c2ccccc2)o1,True,True,574
OFUDZKKOKPGXOH-UHFFFAOYSA-N,SYM-2206,BRD-A77218119-001-03-5,1,HTS,"GRIA1, GRIA2, GRIA3, GRIA4",glutamate receptor antagonist,CCCNC(=O)N1N=C(c2ccc(N)cc2)c2cc3c(cc2C1C)OCO3,63006,OFUDZKKOKPGXOH-UHFFFAOYSA-N,CCCNC(=O)N1N=C(c2ccc(N)cc2)c2cc3c(cc2C1C)OCO3,True,True,571
OFZJKCQENFPZBH-UHFFFAOYSA-N,avatrombopag,BRD-K68544925-001-01-1,1,MTS004,MPL,thrombopoietin receptor agonist,O=C(Nc1nc(-c2cc(Cl)cs2)c(N2CCN(C3CCCCC3)CC2)s1)c1cnc(N2CCC(C(=O)O)CC2)c(Cl)c1,63048,OFZJKCQENFPZBH-UHFFFAOYSA-N,O=C(N=c1[nH]c(-c2cc(Cl)cs2)c(N2CCN(C3CCCCC3)CC2)s1)c1cnc(N2CCC(C(=O)O)CC2)c(Cl)c1,True,True,547
OGAKLTJNUQRZJU-UHFFFAOYSA-N,diphenidol,BRD-K01663662-003-20-2,1,HTS,"CHRM1, CHRM2, CHRM3, CHRM4",acetylcholine receptor agonist,OC(CCCN1CCCCC1)(c1ccccc1)c1ccccc1,63053,OGAKLTJNUQRZJU-UHFFFAOYSA-N,OC(CCCN1CCCCC1)(c1ccccc1)c1ccccc1,True,True,568
OGHNVEJMJSYVRP-UHFFFAOYSA-N,carvedilol,BRD-A10977446-001-12-1,1,HTS,"ADRA1A, ADRA1B, ADRA1D, ADRA2A, ADRA2B, ADRA2C, ADRB1, ADRB2, ADRB3, GJA1, HIF1A, KCNH2, NDUFC2, NPPB, SELE, VCAM1, VEGFA",adrenergic receptor antagonist,COc1ccccc1OCCNCC(O)COc1cccc2[nH]c3ccccc3c12,63100,OGHNVEJMJSYVRP-UHFFFAOYSA-N,COc1ccccc1OCCNCC(O)COc1cccc2[nH]c3ccccc3c12,True,True,550
OGJPXUAPXNRGGI-UHFFFAOYSA-N,norfloxacin,BRD-K11196887-001-21-2; BRD-K11196887-001-22-0,2,HTS,TOP2A,bacterial DNA gyrase inhibitor,CCn1cc(C(=O)O)c(=O)c2cc(F)c(N3CCNCC3)cc21,63115,OGJPXUAPXNRGGI-UHFFFAOYSA-N,CCn1cc(C(=O)O)c(=O)c2cc(F)c(N3CCNCC3)cc21,True,True,567
OGNYUTNQZVRGMN-UHFFFAOYSA-N,ZM-447439,BRD-K72703948-001-10-1,1,HTS,"AURKA, AURKB",Aurora kinase inhibitor,COc1cc2c(Nc3ccc(NC(=O)c4ccccc4)cc3)ncnc2cc1OCCCN1CCOCC1,63140,OGNYUTNQZVRGMN-UHFFFAOYSA-N,COc1cc2c(=Nc3ccc(NC(=O)c4ccccc4)cc3)[nH]cnc2cc1OCCCN1CCOCC1,True,True,565
OGQICQVSFDPSEI-UHFFFAOYSA-N,tazarotene,BRD-K76841105-001-04-7,1,HTS,"RARA, RARB, RARG, RXRB",retinoid receptor agonist,CCOC(=O)c1ccc(C#Cc2ccc3c(c2)C(C)(C)CCS3)nc1,63158,OGQICQVSFDPSEI-UHFFFAOYSA-N,CCOC(=O)c1ccc(C#Cc2ccc3c(c2)C(C)(C)CCS3)nc1,True,True,563
OIPILFWXSMYKGL-UHFFFAOYSA-N,acetylcholine,BRD-K82381502-003-23-1,1,HTS,"ACHE, CHRM1, CHRM2, CHRM3, CHRM4, CHRM5, CHRNA2",acetylcholine receptor agonist,CC(=O)OCC[N+](C)(C)C,63521,OIPILFWXSMYKGL-UHFFFAOYSA-N,CC(=O)OCC[N+](C)(C)C,True,True,574
OIRFJRBSRORBCM-UHFFFAOYSA-N,iopanic-acid,BRD-A42628519-001-12-4,1,HTS,,thyroid hormone inhibitor,CCC(Cc1c(I)cc(I)c(N)c1I)C(=O)O,63539,OIRFJRBSRORBCM-UHFFFAOYSA-N,CCC(Cc1c(I)cc(I)c(N)c1I)C(=O)O,True,True,549
OJFKUJDRGJSAQB-UHFFFAOYSA-N,TAK-632,BRD-K31866293-001-01-6,1,HTS,BRAF,RAF inhibitor,N#Cc1c(Oc2ccc(F)c(NC(=O)Cc3cccc(C(F)(F)F)c3)c2)ccc2nc(NC(=O)C3CC3)sc12,63628,OJFKUJDRGJSAQB-UHFFFAOYSA-N,N#Cc1c(Oc2ccc(F)c(NC(=O)Cc3cccc(C(F)(F)F)c3)c2)ccc2[nH]c(=NC(=O)C3CC3)sc12,True,True,570
OJFSXZCBGQGRNV-UHFFFAOYSA-N,carbinoxamine,BRD-A29426959-050-13-2,1,HTS,HRH1,histamine receptor antagonist,CN(C)CCOC(c1ccc(Cl)cc1)c1ccccn1,63631,OJFSXZCBGQGRNV-UHFFFAOYSA-N,CN(C)CCOC(c1ccc(Cl)cc1)c1ccccn1,True,True,569
OJGDCBLYJGHCIH-UHFFFAOYSA-N,bromhexine,BRD-K47631482-003-06-2,1,HTS,,mucolytic agent,CN(Cc1cc(Br)cc(Br)c1N)C1CCCCC1,63633,OJGDCBLYJGHCIH-UHFFFAOYSA-N,CN(Cc1cc(Br)cc(Br)c1N)C1CCCCC1,True,True,565
OJYLAHXKWMRDGS-UHFFFAOYSA-N,vanillylacetone,BRD-K33510429-001-03-1,1,HTS,,,COc1cc(CCC(C)=O)ccc1O,63762,OJYLAHXKWMRDGS-UHFFFAOYSA-N,COc1cc(CCC(C)=O)ccc1O,True,True,536
OJZZJTLBYXHUSJ-UHFFFAOYSA-N,SB-200646,BRD-K77677632-003-02-6,1,HTS,"HTR2B, HTR2C",serotonin receptor antagonist,Cn1ccc2cc(NC(=O)Nc3cccnc3)ccc21,63779,OJZZJTLBYXHUSJ-UHFFFAOYSA-N,Cn1ccc2cc(NC(=O)Nc3cccnc3)ccc21,True,True,563
OLAHOMJCDNXHFI-UHFFFAOYSA-N,erdafitinib,BRD-K84868168-001-01-0,1,MTS004,"FGFR1, FGFR2, FGFR3, FGFR4",FGFR inhibitor,COc1cc(OC)cc(N(CCNC(C)C)c2ccc3ncc(-c4cnn(C)c4)nc3c2)c1,63963,OLAHOMJCDNXHFI-UHFFFAOYSA-N,COc1cc(OC)cc(N(CCNC(C)C)c2ccc3ncc(-c4cnn(C)c4)nc3c2)c1,True,True,547
OLHQOJYVQUNWPL-UHFFFAOYSA-N,dimaprit,BRD-K23541596-300-07-2,1,HTS,"HRH2, HRH3, HRH4",histamine receptor agonist,CN(C)CCCSC(=N)N,64016,OLHQOJYVQUNWPL-UHFFFAOYSA-N,CN(C)CCCSC(=N)N,True,True,565
OMZCMEYTWSXEPZ-UHFFFAOYSA-N,canertinib,BRD-K50168500-001-07-9,1,HTS,"AKT1, EGFR, ERBB2, ERBB4",EGFR inhibitor,C=CC(=O)Nc1cc2c(Nc3ccc(F)c(Cl)c3)ncnc2cc1OCCCN1CCOCC1,64322,OMZCMEYTWSXEPZ-UHFFFAOYSA-N,C=CC(=O)Nc1cc2c(=Nc3ccc(F)c(Cl)c3)[nH]cnc2cc1OCCCN1CCOCC1,True,True,569
OMZYUVOATZSGJY-UHFFFAOYSA-N,"4,5,6,7-tetrabromobenzotriazole",BRD-K97118047-001-03-8,1,HTS,"AKT1, CHEK1, CSNK2A1, GSK3B, LCK, MAP2K1, MAPK1, MAPK11, MAPK12, MAPK14, MAPK8, PRKCA, ROCK1, RPS6KB1, SGK1",casein kinase inhibitor,Brc1c(Br)c(Br)c2[nH]nnc2c1Br,64326,OMZYUVOATZSGJY-UHFFFAOYSA-N,Brc1c(Br)c(Br)c2[nH]nnc2c1Br,True,True,571
ONIQOQHATWINJY-UHFFFAOYSA-N,cabozantinib,BRD-K51544265-001-04-2,1,HTS,"KDR, MET","RET tyrosine kinase inhibitor, VEGFR inhibitor",COc1cc2nccc(Oc3ccc(NC(=O)C4(C(=O)Nc5ccc(F)cc5)CC4)cc3)c2cc1OC,64389,ONIQOQHATWINJY-UHFFFAOYSA-N,COc1cc2nccc(Oc3ccc(NC(=O)C4(C(=O)Nc5ccc(F)cc5)CC4)cc3)c2cc1OC,True,True,555
ONWXNHPOAGOMTG-UHFFFAOYSA-N,suxibuzone,BRD-K78815826-001-14-6,1,HTS,,cyclooxygenase inhibitor,CCCCC1(COC(=O)CCC(=O)O)C(=O)N(c2ccccc2)N(c2ccccc2)C1=O,64486,ONWXNHPOAGOMTG-UHFFFAOYSA-N,CCCCC1(COC(=O)CCC(=O)O)C(=O)N(c2ccccc2)N(c2ccccc2)C1=O,True,True,570
OOUGLTULBSNHNF-UHFFFAOYSA-N,ataluren,BRD-K94830329-001-03-0,1,HTS,DMD,"CFTR channel agonist, dystrophin stimulant",O=C(O)c1cccc(-c2noc(-c3ccccc3F)n2)c1,64666,OOUGLTULBSNHNF-UHFFFAOYSA-N,O=C(O)c1cccc(-c2noc(-c3ccccc3F)n2)c1,True,True,572
OPIKUXLJQFYMSC-UHFFFAOYSA-N,ADL5859,BRD-K39624409-003-02-6,1,HTS,OPRD1,opioid receptor agonist,CCN(CC)C(=O)c1ccc(C2=CC3(CCNCC3)Oc3cccc(O)c32)cc1,64751,OPIKUXLJQFYMSC-UHFFFAOYSA-N,CCN(CC)C(=O)c1ccc(C2=CC3(CCNCC3)Oc3cccc(O)c32)cc1,True,True,565
OPXLLQIJSORQAM-UHFFFAOYSA-N,mebendazole,BRD-K77987382-001-13-2,1,HTS,"TUBA1A, TUBB, TUBB4B",tubulin polymerization inhibitor,COC(=O)Nc1nc2ccc(C(=O)c3ccccc3)cc2[nH]1,64860,OPXLLQIJSORQAM-UHFFFAOYSA-N,COC(=O)N=c1[nH]c2ccc(C(=O)c3ccccc3)cc2[nH]1,True,True,574
OQGWJZOWLHWFME-UHFFFAOYSA-N,piroximone,BRD-K71977764-001-01-2,1,MTS004,PDE3A,phosphodiesterase inhibitor,CCc1[nH]c(O)nc1C(=O)c1ccncc1,64932,OQGWJZOWLHWFME-UHFFFAOYSA-N,CCc1[nH]c(=O)[nH]c1C(=O)c1ccncc1,True,True,548
ORRZGUBHBVWWOP-UHFFFAOYSA-N,bemegride,BRD-K14993104-001-05-9,1,HTS,GABRA1,chemoreceptor agonist,CCC1(C)CC(=O)NC(=O)C1,65168,ORRZGUBHBVWWOP-UHFFFAOYSA-N,CCC1(C)CC(=O)NC(=O)C1,True,True,568
ORYDPOVDJJZGHQ-UHFFFAOYSA-N,tirapazamine,BRD-K92968657-001-01-6,1,HTS,,DNA inhibitor,Nc1n[n+]([O-])c2ccccc2[n+]1[O-],65209,ORYDPOVDJJZGHQ-UHFFFAOYSA-N,N=c1[nH][n+]([O-])c2ccccc2[n+]1[O-],True,True,574
OSASVXMJTNOKOY-UHFFFAOYSA-N,chlorobutanol,BRD-K39495750-001-01-2,1,HTS,,,CC(C)(O)C(Cl)(Cl)Cl,65230,OSASVXMJTNOKOY-UHFFFAOYSA-N,CC(C)(O)C(Cl)(Cl)Cl,True,True,538
OSDLLIBGSJNGJE-UHFFFAOYSA-N,chloroxylenol,BRD-K17223896-001-10-0,1,HTS,,ATP synthase inhibitor,Cc1cc(O)cc(C)c1Cl,65247,OSDLLIBGSJNGJE-UHFFFAOYSA-N,Cc1cc(O)cc(C)c1Cl,True,True,569
OSFCMRGOZNQUSW-UHFFFAOYSA-N,elacridar,BRD-K88807631-001-01-3,1,HTS,ABCB1,P glycoprotein inhibitor,COc1cc2c(cc1OC)CN(CCc1ccc(NC(=O)c3cccc4c(=O)c5cccc(OC)c5[nH]c34)cc1)CC2,65260,OSFCMRGOZNQUSW-UHFFFAOYSA-N,COc1cc2c(cc1OC)CN(CCc1ccc(NC(=O)c3cccc4c(=O)c5cccc(OC)c5[nH]c34)cc1)CC2,True,True,569
OSXFATOLZGZLSK-UHFFFAOYSA-N,BIX-01294,BRD-K26818574-305-04-3; BRD-K26818574-305-07-6,2,HTS; MTS004,"EHMT1, EHMT2",histone lysine methyltransferase inhibitor,COc1cc2nc(N3CCCN(C)CC3)nc(NC3CCN(Cc4ccccc4)CC3)c2cc1OC,65384,OSXFATOLZGZLSK-UHFFFAOYSA-N,COc1cc2[nH]c(N3CCCN(C)CC3)nc(=NC3CCN(Cc4ccccc4)CC3)c2cc1OC,True,True,577
OTGJPAOGHQFBMI-UHFFFAOYSA-N,tenoxicam,BRD-A22844106-001-26-0,1,HTS,"PTGS1, PTGS2",cyclooxygenase inhibitor,CN1C(C(=O)Nc2ccccn2)C(=O)c2sccc2S1(=O)=O,65451,OTGJPAOGHQFBMI-UHFFFAOYSA-N,CN1C(C(=O)N=c2cccc[nH]2)C(=O)c2sccc2S1(=O)=O,True,True,569
OTSOOHRUMBRSHZ-UHFFFAOYSA-N,YM-155,BRD-K76703230-004-03-3; BRD-K76703230-004-04-1,2,HTS,BIRC5,survivin inhibitor,COCCn1c2c([n+](Cc3cnccn3)c1C)C(=O)c1ccccc1C2=O,65533,OTSOOHRUMBRSHZ-UHFFFAOYSA-N,COCCn1c2c([n+](Cc3cnccn3)c1C)C(=O)c1ccccc1C2=O,True,True,571
OUBCNLGXQFSTLU-UHFFFAOYSA-N,nitisinone,BRD-K01109406-001-03-7,1,HTS,HPD,hydroxyphenylpyruvate dioxygenase inhibitor,O=C1CCCC(=O)C1C(=O)c1ccc(C(F)(F)F)cc1[N+](=O)[O-],65594,OUBCNLGXQFSTLU-UHFFFAOYSA-N,O=C1CCCC(=O)C1C(=O)c1ccc(C(F)(F)F)cc1[N+](=O)[O-],True,True,565
OUDSBRTVNLOZBN-UHFFFAOYSA-N,tolazamide,BRD-K32164935-001-30-8,1,HTS,"ABCC8, KCNJ1, KCNJ10, KCNJ11",ATP channel blocker,Cc1ccc(S(=O)(=O)NC(=O)NN2CCCCCC2)cc1,65613,OUDSBRTVNLOZBN-UHFFFAOYSA-N,Cc1ccc(S(=O)(=O)NC(=O)NN2CCCCCC2)cc1,True,True,565
OUKWLRHRXOPODD-UHFFFAOYSA-N,UNC0646,BRD-K87465484-001-02-7,1,MTS004,EHMT2,histone lysine methyltransferase inhibitor,COc1cc2c(NC3CCN(C4CCCCC4)CC3)nc(N3CCCN(C(C)C)CC3)nc2cc1OCCCN1CCCCC1,65661,OUKWLRHRXOPODD-UHFFFAOYSA-N,COc1cc2c(=NC3CCN(C4CCCCC4)CC3)[nH]c(N3CCCN(C(C)C)CC3)nc2cc1OCCCN1CCCCC1,True,True,547
OUKYUETWWIPKQR-UHFFFAOYSA-N,saracatinib,BRD-K19540840-001-09-4,1,HTS,"ABL1, LCK, SRC, YES1",src inhibitor,CN1CCN(CCOc2cc(OC3CCOCC3)c3c(Nc4c(Cl)ccc5c4OCO5)ncnc3c2)CC1,65662,OUKYUETWWIPKQR-UHFFFAOYSA-N,CN1CCN(CCOc2cc(OC3CCOCC3)c3c(=Nc4c(Cl)ccc5c4OCO5)[nH]cnc3c2)CC1,True,True,574
OUPZKGBUJRBPGC-UHFFFAOYSA-N,teroxirone,BRD-A39935389-001-05-9,1,HTS,,DNA inhibitor,O=c1n(CC2CO2)c(=O)n(CC2CO2)c(=O)n1CC1CO1,65699,OUPZKGBUJRBPGC-UHFFFAOYSA-N,O=c1n(CC2CO2)c(=O)n(CC2CO2)c(=O)n1CC1CO1,True,True,571
OUQVKRKGTAUJQA-UHFFFAOYSA-N,FG-2216,BRD-K56807945-001-01-2,1,MTS004,"EGLN1, EGLN2, HIF1A",hypoxia inducible factor prolyl hydroxylase inhibitor,O=C(O)CNC(=O)c1nc(Cl)c2ccccc2c1O,65706,OUQVKRKGTAUJQA-UHFFFAOYSA-N,O=C(O)CNC(=O)c1nc(Cl)c2ccccc2c1O,True,True,548
OUSFTKFNBAZUKL-UHFFFAOYSA-N,BMS-387032,BRD-K43389698-001-09-9,1,HTS,"CDK2, CDK7, CDK9","CDK inhibitor, cell cycle inhibitor, MCL1 inhibitor",CC(C)(C)c1cnc(CSc2cnc(NC(=O)C3CCNCC3)s2)o1,65716,OUSFTKFNBAZUKL-UHFFFAOYSA-N,CC(C)(C)c1cnc(CSc2c[nH]c(=NC(=O)C3CCNCC3)s2)o1,True,True,538
OUZWUKMCLIBBOG-UHFFFAOYSA-N,ethoxzolamide,BRD-K18131774-001-17-6,1,HTS,"CA1, CA12, CA13, CA14, CA2, CA3, CA4, CA5A, CA5B, CA6, CA7, CA9",carbonic anhydrase inhibitor,CCOc1ccc2nc(S(N)(=O)=O)sc2c1,65753,OUZWUKMCLIBBOG-UHFFFAOYSA-N,CCOc1ccc2nc(S(N)(=O)=O)sc2c1,True,True,565
OVCDSSHSILBFBN-UHFFFAOYSA-N,amodiaquine,BRD-K91290917-300-01-8,1,HTS,HNMT,histamine receptor agonist,CCN(CC)Cc1cc(Nc2ccnc3cc(Cl)ccc23)ccc1O,65772,OVCDSSHSILBFBN-UHFFFAOYSA-N,CCN(CC)Cc1cc(N=c2cc[nH]c3cc(Cl)ccc23)ccc1O,True,True,569
OVDSPTSBIQCAIN-UHFFFAOYSA-N,AP26113,BRD-K56032964-001-02-1,1,HTS,"ALK, EGFR",ALK tyrosine kinase receptor inhibitor,COc1cc(N2CCC(N(C)C)CC2)ccc1Nc1ncc(Cl)c(Nc2ccccc2P(C)(C)=O)n1,65785,OVDSPTSBIQCAIN-UHFFFAOYSA-N,COc1cc(N2CCC(N(C)C)CC2)ccc1N=c1[nH]cc(Cl)c(=Nc2ccccc2P(C)(C)=O)[nH]1,True,True,572
OVJBNYKNHXJGSA-UHFFFAOYSA-N,MPI-0479605,BRD-K45551181-001-02-1,1,HTS,TTK,mitotic kinase inhibitor,Cc1cc(N2CCOCC2)ccc1Nc1nc(NC2CCCCC2)c2[nH]cnc2n1,65832,OVJBNYKNHXJGSA-UHFFFAOYSA-N,Cc1cc(N2CCOCC2)ccc1N=c1[nH]c(=NC2CCCCC2)c2[nH]cnc2[nH]1,True,True,538
OVPNQJVDAFNBDN-UHFFFAOYSA-N,AT-7519,BRD-K13390322-001-06-3,1,HTS,"CDK1, CDK2, CDK4, CDK5, CDK6, CDK9",CDK inhibitor,O=C(NC1CCNCC1)c1n[nH]cc1NC(=O)c1c(Cl)cccc1Cl,65879,OVPNQJVDAFNBDN-UHFFFAOYSA-N,O=C(NC1CCNCC1)c1[nH]ncc1NC(=O)c1c(Cl)cccc1Cl,True,True,557
OVSQVDMCBVZWGM-UHFFFAOYSA-N,hyperin,BRD-A63780829-001-11-4,1,HTS,"ACE, AKR1B1",aldose reductase inhibitor,O=c1c(OC2OC(CO)C(O)C(O)C2O)c(-c2ccc(O)c(O)c2)oc2cc(O)cc(O)c12,65910,OVSQVDMCBVZWGM-UHFFFAOYSA-N,O=c1c(OC2OC(CO)C(O)C(O)C2O)c(-c2ccc(O)c(O)c2)oc2cc(O)cc(O)c12,True,True,572
OWEGWHBOCFMBLP-UHFFFAOYSA-N,climbazole,BRD-A61676498-001-06-6,1,HTS,,enzyme inducer,CC(C)(C)C(=O)C(Oc1ccc(Cl)cc1)n1ccnc1,66001,OWEGWHBOCFMBLP-UHFFFAOYSA-N,CC(C)(C)C(=O)C(Oc1ccc(Cl)cc1)n1ccnc1,True,True,572
OWQUZNMMYNAXSL-UHFFFAOYSA-N,diphenylpyraline,BRD-K22936972-003-23-6,1,HTS,"HRH1, SLC6A3",dopamine uptake inhibitor,CN1CCC(OC(c2ccccc2)c2ccccc2)CC1,66086,OWQUZNMMYNAXSL-UHFFFAOYSA-N,CN1CCC(OC(c2ccccc2)c2ccccc2)CC1,True,True,565
OWYLAEYXIQKAOL-UHFFFAOYSA-N,buflomedil,BRD-K19462402-003-24-6,1,HTS,ADRA1A,"adrenergic receptor antagonist, calcium channel blocker",COc1cc(OC)c(C(=O)CCCN2CCCC2)c(OC)c1,66145,OWYLAEYXIQKAOL-UHFFFAOYSA-N,COc1cc(OC)c(C(=O)CCCN2CCCC2)c(OC)c1,True,True,565
OYMNPJXKQVTQTR-UHFFFAOYSA-N,SEW-2871,BRD-K15601958-001-03-9,1,HTS,S1PR1,lysophospholipid receptor agonist,FC(F)(F)c1cccc(-c2noc(-c3cc(-c4ccccc4)c(C(F)(F)F)s3)n2)c1,66422,OYMNPJXKQVTQTR-UHFFFAOYSA-N,FC(F)(F)c1cccc(-c2noc(-c3cc(-c4ccccc4)c(C(F)(F)F)s3)n2)c1,True,True,571
OYSKUZDIHNKWLV-UHFFFAOYSA-N,clindamycin-palmitate,BRD-A76672327-003-02-0,1,HTS,,bacterial 50S ribosomal subunit inhibitor,CCCCCCCCCCCCCCCC(=O)OC1C(SC)OC(C(NC(=O)C2CC(CCC)CN2C)C(C)Cl)C(O)C1O,66449,OYSKUZDIHNKWLV-UHFFFAOYSA-N,CCCCCCCCCCCCCCCC(=O)OC1C(SC)OC(C(NC(=O)C2CC(CCC)CN2C)C(C)Cl)C(O)C1O,True,True,557
OYTKINVCDFNREN-UHFFFAOYSA-N,amifampridine,BRD-K80262108-001-07-0,1,HTS,,potassium channel blocker,Nc1ccncc1N,66456,OYTKINVCDFNREN-UHFFFAOYSA-N,N=c1cc[nH]cc1N,True,True,571
OZLPUNFFCJDMJD-UHFFFAOYSA-N,gallamine-triethiodide,BRD-K43106192-320-11-8,1,HTS,"ACHE, CHRM2, CHRNA1, CHRNA2",acetylcholine receptor antagonist,CC[N+](CC)(CC)CCOc1cccc(OCC[N+](CC)(CC)CC)c1OCC[N+](CC)(CC)CC,66592,OZLPUNFFCJDMJD-UHFFFAOYSA-N,CC[N+](CC)(CC)CCOc1cccc(OCC[N+](CC)(CC)CC)c1OCC[N+](CC)(CC)CC,True,True,538
OZWKMVRBQXNZKK-UHFFFAOYSA-N,ketorolac,BRD-A40639672-234-18-0,1,HTS,"PTGS1, PTGS2",cyclooxygenase inhibitor,O=C(c1ccccc1)c1ccc2n1CCC2C(=O)O,66673,OZWKMVRBQXNZKK-UHFFFAOYSA-N,O=C(c1ccccc1)c1ccc2n1CCC2C(=O)O,True,True,557
PAGZCEHLFCJSPV-UHFFFAOYSA-N,Ro-90-7501,BRD-K58299615-001-03-5,1,HTS,APP,,Nc1ccc(-c2nc3ccc(-c4nc5ccc(N)cc5[nH]4)cc3[nH]2)cc1,66733,PAGZCEHLFCJSPV-UHFFFAOYSA-N,Nc1ccc(-c2nc3cc(-c4nc5cc(N)ccc5[nH]4)ccc3[nH]2)cc1,True,True,537
PAWIYAYFNXQGAP-UHFFFAOYSA-N,JNJ-26481585,BRD-K83837640-001-04-8,1,HTS,"HDAC1, HDAC10, HDAC11, HDAC2, HDAC3, HDAC4, HDAC5, HDAC6, HDAC7, HDAC8, HDAC9, MDM2",HDAC inhibitor,Cn1cc(CNCC2CCN(c3ncc(C(=O)NO)cn3)CC2)c2ccccc21,66846,PAWIYAYFNXQGAP-UHFFFAOYSA-N,Cn1cc(CNCC2CCN(c3ncc(C(O)=NO)cn3)CC2)c2ccccc21,True,True,550
PAZJSJFMUHDSTF-UHFFFAOYSA-N,alprenolol,BRD-A00993607-003-24-6,1,HTS,"ADRB1, ADRB2, HTR1A",adrenergic receptor antagonist,C=CCc1ccccc1OCC(O)CNC(C)C,66866,PAZJSJFMUHDSTF-UHFFFAOYSA-N,C=CCc1ccccc1OCC(O)CNC(C)C,True,True,574
PBBGSZCBWVPOOL-UHFFFAOYSA-N,hexestrol,BRD-K69253806-001-02-0,1,HTS,"AKR1C1, ESR1, ESR2",synthetic estrogen,CCC(c1ccc(O)cc1)C(CC)c1ccc(O)cc1,66881,PBBGSZCBWVPOOL-UHFFFAOYSA-N,CCC(c1ccc(O)cc1)C(CC)c1ccc(O)cc1,True,True,565
PBBRWFOVCUAONR-UHFFFAOYSA-N,PP-2,BRD-K95785537-001-23-1,1,HTS,"ABL1, LCK, LYN, RIPK2, SRC",src inhibitor,CC(C)(C)n1nc(-c2ccc(Cl)cc2)c2c(N)ncnc21,66887,PBBRWFOVCUAONR-UHFFFAOYSA-N,CC(C)(C)n1nc(-c2ccc(Cl)cc2)c2c(=N)[nH]cnc21,True,True,560
PBCZLFBEBARBBI-UHFFFAOYSA-N,sulfabenzamide,BRD-K59983611-001-21-9,1,HTS,,bacterial antifolate,Nc1ccc(S(=O)(=O)NC(=O)c2ccccc2)cc1,66895,PBCZLFBEBARBBI-UHFFFAOYSA-N,Nc1ccc(S(=O)(=O)NC(=O)c2ccccc2)cc1,True,True,464
PBMSWVPMRUJMPE-UHFFFAOYSA-N,phthalylsulfathiazole,BRD-K64659768-001-12-8,1,HTS,,dihydropteroate synthetase inhibitor,O=C(O)c1ccccc1C(=O)Nc1ccc(S(=O)(=O)Nc2nccs2)cc1,66968,PBMSWVPMRUJMPE-UHFFFAOYSA-N,O=C(O)c1ccccc1C(=O)Nc1ccc(S(=O)(=O)N=c2[nH]ccs2)cc1,True,True,570
PCOBBVZJEWWZFR-UHFFFAOYSA-N,retigabine,BRD-K89917372-001-01-2,1,HTS,"KCNQ1, KCNQ2, KCNQ3, KCNQ4, KCNQ5",potassium channel activator,CCOC(=O)Nc1ccc(NCc2ccc(F)cc2)cc1N,67158,PCOBBVZJEWWZFR-UHFFFAOYSA-N,CCOC(=O)Nc1ccc(NCc2ccc(F)cc2)cc1N,True,True,570
PDMUGYOXRHVNMO-UHFFFAOYSA-N,PF-04217903,BRD-K73319509-001-08-0,1,HTS,MET,c-Met inhibitor,OCCn1cc(-c2cnc3nnn(Cc4ccc5ncccc5c4)c3n2)cn1,67339,PDMUGYOXRHVNMO-UHFFFAOYSA-N,OCCn1cc(-c2cnc3nnn(Cc4ccc5ncccc5c4)c3n2)cn1,True,True,572
PDMUULPVBYQBBK-UHFFFAOYSA-N,Ro-20-1724,BRD-A07207424-001-13-2,1,HTS,"PDE3A, PDE4A, PDE4B, PDE4C, PDE4D",phosphodiesterase inhibitor,CCCCOc1cc(CC2CNC(=O)N2)ccc1OC,67340,PDMUULPVBYQBBK-UHFFFAOYSA-N,CCCCOc1cc(CC2CNC(=O)N2)ccc1OC,True,True,574
PDTYLGXVBIWRIM-UHFFFAOYSA-N,SB-242235,BRD-K19412355-001-01-0,1,HTS,"HSPB1, MAPK14",p38 MAPK inhibitor,COc1nccc(-c2c(-c3ccc(F)cc3)ncn2C2CCNCC2)n1,67378,PDTYLGXVBIWRIM-UHFFFAOYSA-N,COc1nccc(-c2c(-c3ccc(F)cc3)ncn2C2CCNCC2)n1,True,True,550
PDYXPCKITKHFOZ-UHFFFAOYSA-N,metatinib,BRD-K27182532-001-02-3,1,HTS,"ABL1, BCR",Bcr-Abl kinase inhibitor,Nc1nccc(Oc2ccc(NC(=O)c3c[nH]cc(-c4ccc(F)cc4)c3=O)cc2F)c1Cl,67421,PDYXPCKITKHFOZ-UHFFFAOYSA-N,N=c1[nH]ccc(Oc2ccc(NC(=O)c3c[nH]cc(-c4ccc(F)cc4)c3=O)cc2F)c1Cl,True,True,574
PFNFFQXMRSDOHW-UHFFFAOYSA-N,spermine,BRD-K18375018-376-02-3,1,HTS,"CA14, CA4, CA6, CA9, CASR, GRIN1, GRIN2A, KCNJ4, ODC1, SMOX, SMS, TRPM4, TRPM5",,NCCCNCCCCNCCCN,67724,PFNFFQXMRSDOHW-UHFFFAOYSA-N,NCCCNCCCCNCCCN,True,True,569
PHEZJEYUWHETKO-UHFFFAOYSA-N,brequinar,BRD-K96123349-236-02-8,1,HTS,DHODH,dihydroorotate dehydrogenase inhibitor,Cc1c(-c2ccc(-c3ccccc3F)cc2)nc2ccc(F)cc2c1C(=O)O,68008,PHEZJEYUWHETKO-UHFFFAOYSA-N,Cc1c(-c2ccc(-c3ccccc3F)cc2)nc2ccc(F)cc2c1C(=O)O,True,True,574
PHIQHXFUZVPYII-UHFFFAOYSA-O,carnitine-(D/L),BRD-A89594340-003-11-5,1,HTS,,,C[N+](C)(C)CC(O)CC(=O)O,68033,PHIQHXFUZVPYII-UHFFFAOYSA-O,C[N+](C)(C)CC(O)CC(=O)O,True,True,565
PHLBKPHSAVXXEF-UHFFFAOYSA-N,trazodone,BRD-K70778732-003-26-7,1,HTS,"ADRA1A, ADRA2A, HRH1, HTR1A, HTR2A, HTR2B, HTR2C, SLC6A4","adrenergic receptor antagonist, serotonin receptor antagonist, serotonin reuptake inhibitor",O=c1n(CCCN2CCN(c3cccc(Cl)c3)CC2)nc2ccccn12,68050,PHLBKPHSAVXXEF-UHFFFAOYSA-N,O=c1n(CCCN2CCN(c3cccc(Cl)c3)CC2)nc2ccccn12,True,True,572
PHSPJQZRQAJPPF-UHFFFAOYSA-N,N-alpha-Methylhistamine-dihydrochloride,BRD-K64422603-300-02-7,1,HTS,HRH4,histamine receptor agonist,CNCCc1cnc[nH]1,68103,PHSPJQZRQAJPPF-UHFFFAOYSA-N,CNCCc1c[nH]cn1,True,True,570
PHVGLTMQBUFIQQ-UHFFFAOYSA-N,nortriptyline,BRD-K91263825-003-21-4,1,HTS,"ADRA1A, ADRA1B, ADRA1D, ADRA2A, ADRA2B, ADRA2C, ADRB1, ADRB2, ADRB3, CHRM1, CHRM2, CHRM3, CHRM4, CHRM5, DRD2, HRH1, HTR1A, HTR2A, HTR2C, HTR6, KCNJ10, PGRMC1, SIGMAR1, SLC6A2, SLC6A4",tricyclic antidepressant,CNCCC=C1c2ccccc2CCc2ccccc21,68133,PHVGLTMQBUFIQQ-UHFFFAOYSA-N,CNCCC=C1c2ccccc2CCc2ccccc21,True,True,571
PHWBOXQYWZNQIN-UHFFFAOYSA-N,ticlopidine,BRD-K00603606-003-24-0,1,HTS,P2RY12,purinergic receptor antagonist,Clc1ccccc1CN1CCc2sccc2C1,68142,PHWBOXQYWZNQIN-UHFFFAOYSA-N,Clc1ccccc1CN1CCc2sccc2C1,True,True,569
PHXJVRSECIGDHY-UHFFFAOYSA-N,ponatinib,BRD-K44227013-001-06-4,1,HTS,"ABL1, BCR, FGFR1, FGFR2, FGFR3, FGFR4, FLT3, KDR, KIT, LCK, LYN, PDGFRA, RET, SRC, TEK","Bcr-Abl kinase inhibitor, FLT3 inhibitor, PDGFR tyrosine kinase receptor inhibitor",Cc1ccc(C(=O)Nc2ccc(CN3CCN(C)CC3)c(C(F)(F)F)c2)cc1C#Cc1cnc2cccnn12,68156,PHXJVRSECIGDHY-UHFFFAOYSA-N,Cc1ccc(C(=O)Nc2ccc(CN3CCN(C)CC3)c(C(F)(F)F)c2)cc1C#Cc1cnc2cccnn12,True,True,569
PIPAJLPNWZMYQA-UHFFFAOYSA-N,methylatropine-nitrate,BRD-A52460047-001-01-3,1,HTS,CHRM1,acetylcholine receptor antagonist,C[N+]1(C)C2CCC1CC(OC(=O)C(CO)c1ccccc1)C2,68298,PIPAJLPNWZMYQA-UHFFFAOYSA-N,C[N+]1(C)C2CCC1CC(OC(=O)C(CO)c1ccccc1)C2,True,True,569
PIQCTGMSNWUMAF-UHFFFAOYSA-N,dovitinib,BRD-K85402309-001-06-6; BRD-K85402309-389-03-2,2,HTS,"CSF1R, EGFR, FGFR1, FGFR2, FGFR3, FLT1, FLT3, FLT4, INSR, KDR, KIT, PDGFRA, PDGFRB","EGFR inhibitor, FGFR inhibitor, FLT3 inhibitor, PDGFR tyrosine kinase receptor inhibitor, VEGFR inhibitor",CN1CCN(c2ccc3nc(-c4c(N)c5c(F)cccc5[nH]c4=O)[nH]c3c2)CC1,68315,PIQCTGMSNWUMAF-UHFFFAOYSA-N,CN1CCN(c2ccc3[nH]c(-c4c(N)c5c(F)cccc5[nH]c4=O)nc3c2)CC1,True,True,576
PIWKPBJCKXDKJR-UHFFFAOYSA-N,isoflurane,BRD-A31564021-001-01-8,1,HTS,"ATP2C1, ATP5D, CALM1, GABRA1, GABRA2, GABRA3, GABRA4, GABRA5, GABRA6, GABRB1, GABRB2, GABRB3, GABRD, GABRE, GABRG1, GABRG2, GABRG3, GABRP, GABRQ, GLRA1, GLRB, GRIA1, KCNA1, KCNK10, KCNK18, KCNK2, KCNK3, KCNK9",inhaled anaesthetic,FC(F)OC(Cl)C(F)(F)F,68343,PIWKPBJCKXDKJR-UHFFFAOYSA-N,FC(F)OC(Cl)C(F)(F)F,True,True,536
PJDFLNIOAUIZSL-UHFFFAOYSA-N,vigabatrin,BRD-A07893380-213-01-7,1,HTS,"ABAT, GABBR1, SLC32A1",GABA aminotransferase inhibitor,C=CC(N)CCC(=O)O,68391,PJDFLNIOAUIZSL-UHFFFAOYSA-N,C=CC(N)CCC(=O)O,True,True,538
PJSFRIWCGOHTNF-UHFFFAOYSA-N,sulfadoxine,BRD-K55250441-001-13-0,1,HTS,,dihydropteroate synthase inhibitor,COc1ncnc(NS(=O)(=O)c2ccc(N)cc2)c1OC,68490,PJSFRIWCGOHTNF-UHFFFAOYSA-N,COc1[nH]cnc(=NS(=O)(=O)c2ccc(N)cc2)c1OC,True,True,569
PJVWKTKQMONHTI-UHFFFAOYSA-N,warfarin,BRD-A24514565-001-09-7,1,HTS,VKORC1,vitamin K antagonist,CC(=O)CC(c1ccccc1)c1c(O)c2ccccc2oc1=O,68516,PJVWKTKQMONHTI-UHFFFAOYSA-N,CC(=O)CC(c1ccccc1)c1c(O)c2ccccc2oc1=O,True,True,565
PKNYXWMTHFMHKD-UHFFFAOYSA-N,GW-7647,BRD-K96263742-001-14-8,1,HTS,PPARA,PPAR receptor agonist,CC(C)(Sc1ccc(CCN(CCCCC2CCCCC2)C(=O)NC2CCCCC2)cc1)C(=O)O,68651,PKNYXWMTHFMHKD-UHFFFAOYSA-N,CC(C)(Sc1ccc(CCN(CCCCC2CCCCC2)C(=O)NC2CCCCC2)cc1)C(=O)O,True,True,565
PLDUPXSUYLZYBN-UHFFFAOYSA-N,fluphenazine,BRD-K55127134-300-11-2,1,HTS,"CALM1, DRD1, DRD2, DRD5, HRH1, HTR2A, HTR6, HTR7",dopamine receptor antagonist,OCCN1CCN(CCCN2c3ccccc3Sc3ccc(C(F)(F)F)cc32)CC1,68764,PLDUPXSUYLZYBN-UHFFFAOYSA-N,OCCN1CCN(CCCN2c3ccccc3Sc3ccc(C(F)(F)F)cc32)CC1,True,True,569
PLIVFNIUGLLCEK-UHFFFAOYSA-N,CUDC-101,BRD-K41278234-001-03-0,1,HTS,"EGFR, ERBB2",EGFR inhibitor,C#Cc1cccc(Nc2ncnc3cc(OC)c(OCCCCCCC(=O)NO)cc23)c1,68808,PLIVFNIUGLLCEK-UHFFFAOYSA-N,C#Cc1cccc(N=c2[nH]cnc3cc(OC)c(OCCCCCCC(O)=NO)cc23)c1,True,True,565
PMJIHLSCWIDGMD-UHFFFAOYSA-N,tideglusib,BRD-K81330143-001-04-8,1,HTS,GSK3B,glycogen synthase kinase inhibitor,O=c1sn(-c2cccc3ccccc23)c(=O)n1Cc1ccccc1,68998,PMJIHLSCWIDGMD-UHFFFAOYSA-N,O=c1sn(-c2cccc3ccccc23)c(=O)n1Cc1ccccc1,True,True,538
PMMYEEVYMWASQN-UHFFFAOYSA-N,L-Hydroxyproline,BRD-A12454076-001-01-9,1,HTS,,,O=C(O)C1CC(O)CN1,69026,PMMYEEVYMWASQN-UHFFFAOYSA-N,O=C(O)C1CC(O)CN1,True,True,537
PMRYVIKBURPHAH-UHFFFAOYSA-N,methimazole,BRD-K54416256-001-19-9,1,HTS,TPO,antithyroid agent,Cn1cc[nH]c1=S,69061,PMRYVIKBURPHAH-UHFFFAOYSA-N,Cn1cc[nH]c1=S,True,True,569
PMXMIIMHBWHSKN-UHFFFAOYSA-N,paliperidone,BRD-A99888680-001-03-8; BRD-A99888680-001-04-6,2,HTS,"ADRA1A, ADRA1B, ADRA2A, ADRA2B, ADRA2C, CYP2D6, CYP3A4, CYP3A5, DRD1, DRD2, DRD3, DRD4, HRH1, HTR1A, HTR1D, HTR2A, HTR2C","dopamine receptor antagonist, serotonin receptor antagonist",Cc1nc2n(c(=O)c1CCN1CCC(c3noc4cc(F)ccc34)CC1)CCCC2O,69106,PMXMIIMHBWHSKN-UHFFFAOYSA-N,Cc1nc2n(c(=O)c1CCN1CCC(c3noc4cc(F)ccc34)CC1)CCCC2O,True,True,574
PNVNVHUZROJLTJ-UHFFFAOYSA-N,venlafaxine,BRD-A51714012-003-13-6,1,HTS,"SLC6A2, SLC6A3, SLC6A4","adrenergic inhibitor, norepinephrine reuptake inhibitor, serotonin-norepinephrine reuptake inhibitor (SNRI)",COc1ccc(C(CN(C)C)C2(O)CCCCC2)cc1,69280,PNVNVHUZROJLTJ-UHFFFAOYSA-N,COc1ccc(C(CN(C)C)C2(O)CCCCC2)cc1,True,True,550
POGQSBRIGCQNEG-UHFFFAOYSA-N,rufinamide,BRD-K20079257-001-09-6,1,HTS,"GRM5, SCN10A, SCN11A, SCN1A, SCN2A, SCN3A, SCN4A, SCN5A, SCN7A, SCN8A, SCN9A",voltage-gated sodium channel blocker,NC(=O)c1cn(Cc2c(F)cccc2F)nn1,69363,POGQSBRIGCQNEG-UHFFFAOYSA-N,NC(=O)c1cn(Cc2c(F)cccc2F)nn1,True,True,565
PPHTXRNHTVLQED-UHFFFAOYSA-N,lixivaptan,BRD-K59391348-001-01-7,1,MTS004,AVPR2,vasopressin receptor antagonist,Cc1ccc(F)cc1C(=O)Nc1ccc(C(=O)N2Cc3cccn3Cc3ccccc32)c(Cl)c1,69543,PPHTXRNHTVLQED-UHFFFAOYSA-N,Cc1ccc(F)cc1C(=O)Nc1ccc(C(=O)N2Cc3cccn3Cc3ccccc32)c(Cl)c1,True,True,548
PPRRDFIXUUSXRA-UHFFFAOYSA-N,flibanserin,BRD-K33637378-001-01-7,1,MTS004,"DRD4, HTR1A, HTR2A",serotonin receptor agonist,O=c1[nH]c2ccccc2n1CCN1CCN(c2cccc(C(F)(F)F)c2)CC1,69607,PPRRDFIXUUSXRA-UHFFFAOYSA-N,O=c1[nH]c2ccccc2n1CCN1CCN(c2cccc(C(F)(F)F)c2)CC1,True,True,547
PQAPVTKIEGUPRN-UHFFFAOYSA-N,TW-37,BRD-K28360340-001-08-3,1,HTS,"BCL2, BCL2L1, MCL1",BCL inhibitor,CC(C)c1ccccc1Cc1cc(C(=O)Nc2ccc(S(=O)(=O)c3ccccc3C(C)(C)C)cc2)c(O)c(O)c1O,69673,PQAPVTKIEGUPRN-UHFFFAOYSA-N,CC(C)c1ccccc1Cc1cc(C(=O)Nc2ccc(S(=O)(=O)c3ccccc3C(C)(C)C)cc2)c(O)c(O)c1O,True,True,538
PQCAUHUKTBHUSA-UHFFFAOYSA-N,7-nitroindazole,BRD-K04430056-001-17-7; BRD-K04430056-236-02-1,2,HTS,"NOS1, NOS2, NOS3",nitric oxide synthase inhibitor,O=[N+]([O-])c1cccc2cn[nH]c12,69682,PQCAUHUKTBHUSA-UHFFFAOYSA-N,O=[N+]([O-])c1cccc2c[nH]nc12,True,True,576
PQFRTXSWDXZRRS-UHFFFAOYSA-N,ronidazole,BRD-K94266545-001-24-1,1,HTS,,antiprotozoal agent,Cn1c([N+](=O)[O-])cnc1COC(N)=O,69711,PQFRTXSWDXZRRS-UHFFFAOYSA-N,Cn1c([N+](=O)[O-])cnc1COC(N)=O,True,True,570
PQOOIERVZAXHBP-UHFFFAOYSA-N,UNC1215,BRD-K83189926-001-03-1,1,HTS,L3MBTL3,L3MBTL antagonist,O=C(c1ccc(C(=O)N2CCC(N3CCCC3)CC2)c(Nc2ccccc2)c1)N1CCC(N2CCCC2)CC1,69755,PQOOIERVZAXHBP-UHFFFAOYSA-N,O=C(c1ccc(C(=O)N2CCC(N3CCCC3)CC2)c(Nc2ccccc2)c1)N1CCC(N2CCCC2)CC1,True,True,574
PQUGCKBLVKJMNT-UHFFFAOYSA-N,SC-560,BRD-K14767410-001-02-3,1,HTS,PTGS1,cyclooxygenase inhibitor,COc1ccc(-n2nc(C(F)(F)F)cc2-c2ccc(Cl)cc2)cc1,69794,PQUGCKBLVKJMNT-UHFFFAOYSA-N,COc1ccc(-n2nc(C(F)(F)F)cc2-c2ccc(Cl)cc2)cc1,True,True,571
PRRZDZJYSJLDBS-UHFFFAOYSA-N,3-bromopyruvate,BRD-K92980438-001-03-3,1,HTS,HK2,hexokinase inhibitor,O=C(O)C(=O)CBr,69956,PRRZDZJYSJLDBS-UHFFFAOYSA-N,O=C(O)C(=O)CBr,True,True,538
PRWSIEBRGXYXAJ-UHFFFAOYSA-N,GSK2656157,BRD-K41104902-001-01-3,1,HTS,,PERK inhibitor,Cc1cccc(CC(=O)N2CCc3c2ccc(-c2cn(C)c4ncnc(N)c24)c3F)n1,69995,PRWSIEBRGXYXAJ-UHFFFAOYSA-N,Cc1cccc(CC(=O)N2CCc3c2ccc(-c2cn(C)c4[nH]cnc(=N)c24)c3F)n1,True,True,574
PSFDQSOCUJVVGF-UHFFFAOYSA-N,harmane,BRD-K12630395-001-14-9,1,HTS,"MAOA, MAOB",monoamine oxidase inhibitor,Cc1nccc2c1[nH]c1ccccc12,70044,PSFDQSOCUJVVGF-UHFFFAOYSA-N,Cc1nccc2c1[nH]c1ccccc12,True,True,569
PSIFNNKUMBGKDQ-UHFFFAOYSA-N,losartan,BRD-K76205745-237-16-5,1,HTS,AGTR1,angiotensin receptor antagonist,CCCCc1nc(Cl)c(CO)n1Cc1ccc(-c2ccccc2-c2nnn[nH]2)cc1,70063,PSIFNNKUMBGKDQ-UHFFFAOYSA-N,CCCCc1nc(Cl)c(CO)n1Cc1ccc(-c2ccccc2-c2nn[nH]n2)cc1,True,True,561
PSPFQEBFYXJZEV-UHFFFAOYSA-N,BMS-345541,BRD-K13566078-001-02-3,1,HTS,"CHUK, IKBKB",IKK inhibitor,Cc1ccc2nc(NCCN)c3ncc(C)n3c2c1,70112,PSPFQEBFYXJZEV-UHFFFAOYSA-N,Cc1ccc2[nH]c(=NCCN)c3ncc(C)n3c2c1,True,True,571
PSPGQHXMUKWNDI-UHFFFAOYSA-N,BCI-540,BRD-K23672206-001-01-4,1,HTS,,glutamate receptor agonist,Cc1oc2nc3c(c(NC(=O)CN4CCCC4=O)c2c1C)CCCC3,70113,PSPGQHXMUKWNDI-UHFFFAOYSA-N,Cc1oc2[nH]c3c(c(=NC(=O)CN4CCCC4=O)c2c1C)CCCC3,True,True,568
PTGXAUBQBSGPKF-UHFFFAOYSA-N,buphenine,BRD-A36267905-003-18-4,1,HTS,ADRB2,adrenergic receptor agonist,CC(CCc1ccccc1)NC(C)C(O)c1ccc(O)cc1,70220,PTGXAUBQBSGPKF-UHFFFAOYSA-N,CC(CCc1ccccc1)NC(C)C(O)c1ccc(O)cc1,True,True,550
PTHLEKANMPKYDB-UHFFFAOYSA-N,flopropione,BRD-K43383936-001-05-2,1,HTS,HTR1A,serotonin receptor antagonist,CCC(=O)c1c(O)cc(O)cc1O,70224,PTHLEKANMPKYDB-UHFFFAOYSA-N,CCC(=O)c1c(O)cc(O)cc1O,True,True,557
PTJGLFIIZFVFJV-UHFFFAOYSA-N,pyroxamide,BRD-K11663430-001-02-3,1,HTS,HDAC1,HDAC inhibitor,O=C(CCCCCCC(=O)Nc1cccnc1)NO,70234,PTJGLFIIZFVFJV-UHFFFAOYSA-N,O=C(CCCCCCC(O)=NO)Nc1cccnc1,True,True,571
PTKSEFOSCHHMPD-UHFFFAOYSA-N,midodrine,BRD-A79981887-003-16-4,1,HTS,"ADRA1A, ADRA1B, ADRA1D",adrenergic receptor agonist,COc1ccc(OC)c(C(O)CNC(=O)CN)c1,70246,PTKSEFOSCHHMPD-UHFFFAOYSA-N,COc1ccc(OC)c(C(O)CNC(=O)CN)c1,True,True,574
PTQXTEKSNBVPQJ-UHFFFAOYSA-N,avasimibe,BRD-K67901620-001-02-0,1,HTS,CES1,ACAT inhibitor,CC(C)c1cc(C(C)C)c(CC(=O)NS(=O)(=O)Oc2c(C(C)C)cccc2C(C)C)c(C(C)C)c1,70293,PTQXTEKSNBVPQJ-UHFFFAOYSA-N,CC(C)c1cc(C(C)C)c(CC(=O)NS(=O)(=O)Oc2c(C(C)C)cccc2C(C)C)c(C(C)C)c1,True,True,572
PTRATZCAGVBFIQ-UHFFFAOYSA-N,abametapir,BRD-K65498798-001-01-7,1,MTS004,MMP9,metalloproteinase inhibitor,Cc1ccc(-c2ccc(C)cn2)nc1,70295,PTRATZCAGVBFIQ-UHFFFAOYSA-N,Cc1ccc(-c2ccc(C)cn2)nc1,True,True,548
PTVWPYVOOKLBCG-UHFFFAOYSA-N,dropropizine,BRD-A29349577-001-23-0,1,HTS,,antitussive,OCC(O)CN1CCN(c2ccccc2)CC1,70320,PTVWPYVOOKLBCG-UHFFFAOYSA-N,OCC(O)CN1CCN(c2ccccc2)CC1,True,True,569
PUFQVTATUTYEAL-UHFFFAOYSA-N,cinchocaine,BRD-K99121711-003-19-7,1,HTS,"CALM1, SCN10A, SCN5A",sodium channel blocker,CCCCOc1cc(C(=O)NCCN(CC)CC)c2ccccc2n1,70383,PUFQVTATUTYEAL-UHFFFAOYSA-N,CCCCOc1cc(C(=O)NCCN(CC)CC)c2ccccc2n1,True,True,574
PUHSRMSFDASMAE-UHFFFAOYSA-N,A740003,BRD-A78952587-001-01-5,1,HTS,P2RX7,purinergic receptor antagonist,COc1ccc(CC(=O)NC(N/C(=N/C#N)Nc2cccc3ncccc23)C(C)(C)C)cc1OC,70398,PUHSRMSFDASMAE-UHFFFAOYSA-N,COc1ccc(CC(=O)NC(N=C(NC#N)Nc2cccc3ncccc23)C(C)(C)C)cc1OC,True,True,565
PUPNJSIFIXXJCH-UHFFFAOYSA-N,SCP-1,BRD-K20548681-001-01-3,1,HTS,,analgesic agent,O=C(CN1C(=O)c2ccccc2S1(=O)=O)Nc1ccc(O)cc1,70463,PUPNJSIFIXXJCH-UHFFFAOYSA-N,O=C(CN1C(=O)c2ccccc2S1(=O)=O)Nc1ccc(O)cc1,True,True,574
PURKAOJPTOLRMP-UHFFFAOYSA-N,ivacaftor,BRD-K52818472-001-02-2,1,HTS,CFTR,CFTR channel potentiator,CC(C)(C)c1cc(C(C)(C)C)c(NC(=O)c2c[nH]c3ccccc3c2=O)cc1O,70481,PURKAOJPTOLRMP-UHFFFAOYSA-N,CC(C)(C)c1cc(C(C)(C)C)c(NC(=O)c2c[nH]c3ccccc3c2=O)cc1O,True,True,569
PUXBGTOOZJQSKH-UHFFFAOYSA-N,carprofen,BRD-A17411484-001-11-9,1,HTS,"PTGS1, PTGS2",cyclooxygenase inhibitor,CC(C(=O)O)c1ccc2c(c1)[nH]c1ccc(Cl)cc12,70527,PUXBGTOOZJQSKH-UHFFFAOYSA-N,CC(C(=O)O)c1ccc2c(c1)[nH]c1ccc(Cl)cc12,True,True,572
PVLJETXTTWAYEW-UHFFFAOYSA-N,mizolastine,BRD-K21884483-001-03-7,1,HTS,HRH1,histamine receptor antagonist,CN(c1nccc(=O)[nH]1)C1CCN(c2nc3ccccc3n2Cc2ccc(F)cc2)CC1,70619,PVLJETXTTWAYEW-UHFFFAOYSA-N,CN(c1nc(=O)cc[nH]1)C1CCN(c2nc3ccccc3n2Cc2ccc(F)cc2)CC1,True,True,565
PVNIIMVLHYAWGP-UHFFFAOYSA-N,niacin,BRD-K60237333-001-27-1,1,HTS,"DGAT2, HCAR1, HCAR2, HCAR3, NNMT, QPRT","NAD precursor, vitamin B",O=C(O)c1cccnc1,70633,PVNIIMVLHYAWGP-UHFFFAOYSA-N,O=C(O)c1cccnc1,True,True,574
PWNMXPDKBYZCOO-UHFFFAOYSA-N,prulifloxacin,BRD-A92341659-001-04-0,1,MTS004,,bacterial DNA gyrase inhibitor,Cc1oc(=O)oc1CN1CCN(c2cc3c(cc2F)c(=O)c(C(=O)O)c2n3C(C)S2)CC1,70860,PWNMXPDKBYZCOO-UHFFFAOYSA-N,Cc1oc(=O)oc1CN1CCN(c2cc3c(cc2F)c(=O)c(C(=O)O)c2n3C(C)S2)CC1,True,True,548
PWTBZOIUWZOPFT-UHFFFAOYSA-N,ZM-241385,BRD-K19605405-001-02-7,1,HTS,"ADORA1, ADORA2A, ADORA2B, ADORA3",adenosine receptor antagonist,Nc1nc(NCCc2ccc(O)cc2)nc2nc(-c3ccco3)nn12,70898,PWTBZOIUWZOPFT-UHFFFAOYSA-N,N=c1[nH]c(=NCCc2ccc(O)cc2)nc2[nH]c(-c3ccco3)nn12,True,True,569
PWWDCRQZITYKDV-UHFFFAOYSA-N,lerisetron,BRD-K62398570-300-01-2,1,HTS,HTR3A,serotonin receptor antagonist,c1ccc(Cn2c(N3CCNCC3)nc3ccccc32)cc1,70915,PWWDCRQZITYKDV-UHFFFAOYSA-N,c1ccc(Cn2c(N3CCNCC3)nc3ccccc32)cc1,True,True,541
PWWVAXIEGOYWEE-UHFFFAOYSA-N,promethazine,BRD-A46335897-003-27-8,1,MTS004,"ADRA1A, CALM1, CHRM1, CHRM2, CHRM3, CHRM4, CHRM5, DRD2, HRH1, HTR2A",histamine receptor antagonist,CC(CN1c2ccccc2Sc2ccccc21)N(C)C,70920,PWWVAXIEGOYWEE-UHFFFAOYSA-N,CC(CN1c2ccccc2Sc2ccccc21)N(C)C,True,True,548
PXQPEWDEAKTCGB-UHFFFAOYSA-N,orotic-acid,BRD-K32572029-001-04-4,1,HTS,DHODH,,O=C(O)c1cc(=O)[nH]c(=O)[nH]1,71057,PXQPEWDEAKTCGB-UHFFFAOYSA-N,O=C(O)c1cc(=O)[nH]c(=O)[nH]1,True,True,565
PYEBKOFMWAMBFV-UHFFFAOYSA-O,QX-314,BRD-K56596464-004-10-7,1,HTS,"MAPK14, TGFBR1",sodium channel blocker,CC[N+](CC)(CC)CC(=O)Nc1c(C)cccc1C,71143,PYEBKOFMWAMBFV-UHFFFAOYSA-O,CC[N+](CC)(CC)CC(=O)Nc1c(C)cccc1C,True,True,571
PYEFPDQFAZNXLI-UHFFFAOYSA-N,ZM-336372,BRD-K73789395-001-10-7,1,HTS,"BRAF, LCK, MAPK14, RAF1",RAF inhibitor,Cc1ccc(NC(=O)c2cccc(N(C)C)c2)cc1NC(=O)c1ccc(O)cc1,71144,PYEFPDQFAZNXLI-UHFFFAOYSA-N,Cc1ccc(NC(=O)c2cccc(N(C)C)c2)cc1NC(=O)c1ccc(O)cc1,True,True,563
PYGWGZALEOIKDF-UHFFFAOYSA-N,etravirine,BRD-K74717603-001-02-2,1,HTS,"CYP2C19, CYP2C9, CYP3A4",non-nucleoside reverse transcriptase inhibitor,Cc1cc(C#N)cc(C)c1Oc1nc(Nc2ccc(C#N)cc2)nc(N)c1Br,71175,PYGWGZALEOIKDF-UHFFFAOYSA-N,Cc1cc(C#N)cc(C)c1Oc1[nH]c(=Nc2ccc(C#N)cc2)[nH]c(=N)c1Br,True,True,574
PYVFWTPEBMRKSR-UHFFFAOYSA-N,tanaproget,BRD-K99604664-001-01-1,1,HTS,PGR,progesterone receptor agonist,Cn1c(C#N)ccc1-c1ccc2c(c1)C(C)(C)OC(=S)N2,71268,PYVFWTPEBMRKSR-UHFFFAOYSA-N,Cn1c(C#N)ccc1-c1ccc2c(c1)C(C)(C)OC(=S)N2,True,True,574
PYZRQGJRPPTADH-UHFFFAOYSA-N,lamotrigine,BRD-K93460210-001-23-7,1,HTS,"SCN10A, SCN11A, SCN1A, SCN2A, SCN3A, SCN4A, SCN5A, SCN7A, SCN8A, SCN9A","serotonin receptor antagonist, sodium channel blocker",Nc1nnc(-c2cccc(Cl)c2Cl)c(N)n1,71299,PYZRQGJRPPTADH-UHFFFAOYSA-N,N=c1[nH]nc(-c2cccc(Cl)c2Cl)c(=N)[nH]1,True,True,572
PZBPKYOVPCNPJY-UHFFFAOYSA-N,enilconazole,BRD-A11776908-065-01-5,1,HTS,"CYP19A1, CYP1A2, CYP2B6, CYP2C9, CYP2J2, CYP3A4, CYP3A5, NR1I2, PPARA, PTGER2",sterol demethylase inhibitor,C=CCOC(Cn1ccnc1)c1ccc(Cl)cc1Cl,71319,PZBPKYOVPCNPJY-UHFFFAOYSA-N,C=CCOC(Cn1ccnc1)c1ccc(Cl)cc1Cl,True,True,570
PZMVOUYYNKPMSI-UHFFFAOYSA-N,adrenalone,BRD-K82343404-003-02-4,1,HTS,ADRA1A,adrenergic receptor agonist,CNCC(=O)c1ccc(O)c(O)c1,71398,PZMVOUYYNKPMSI-UHFFFAOYSA-N,CNCC(=O)c1ccc(O)c(O)c1,True,True,554
PZRHRDRVRGEVNW-UHFFFAOYSA-N,milrinone,BRD-K67080878-001-15-4,1,HTS,"PDE2A, PDE3A, PDE3B, PDE5A",phosphodiesterase inhibitor,Cc1[nH]c(=O)c(C#N)cc1-c1ccncc1,71432,PZRHRDRVRGEVNW-UHFFFAOYSA-N,Cc1[nH]c(=O)c(C#N)cc1-c1ccncc1,True,True,569
QAIMUUJJAJBPCL-UHFFFAOYSA-N,DBeQ,BRD-K59204667-001-03-1,1,HTS,CASP3,ATPase inhibitor,c1ccc(CNc2nc(NCc3ccccc3)c3ccccc3n2)cc1,71554,QAIMUUJJAJBPCL-UHFFFAOYSA-N,c1ccc(CN=c2[nH]c(=NCc3ccccc3)c3ccccc3[nH]2)cc1,True,True,571
QANMHLXAZMSUEX-UHFFFAOYSA-N,kinetin,BRD-K65667145-001-14-0,1,HTS,,cell division inducer,c1coc(CNc2ncnc3[nH]cnc23)c1,71585,QANMHLXAZMSUEX-UHFFFAOYSA-N,c1coc(CN=c2[nH]cnc3[nH]cnc23)c1,True,True,512
QAXBVGVYDCAVLV-UHFFFAOYSA-N,tiletamine,BRD-A30582499-003-05-1,1,HTS,,glutamate receptor antagonist,CCNC1(c2cccs2)CCCCC1=O,71649,QAXBVGVYDCAVLV-UHFFFAOYSA-N,CCNC1(c2cccs2)CCCCC1=O,True,True,550
QBKSWRVVCFFDOT-UHFFFAOYSA-N,gossypol,BRD-K19295594-015-14-3,1,HTS,BCL2,"BCL inhibitor, MCL1 inhibitor",Cc1cc2c(C(C)C)c(O)c(O)c(C=O)c2c(O)c1-c1c(C)cc2c(C(C)C)c(O)c(O)c(C=O)c2c1O,71750,QBKSWRVVCFFDOT-UHFFFAOYSA-N,Cc1cc2c(C(C)C)c(O)c(O)c(C=O)c2c(O)c1-c1c(C)cc2c(C(C)C)c(O)c(O)c(C=O)c2c1O,True,True,538
QBPFLULOKWLNNW-UHFFFAOYSA-N,dantron,BRD-K10065684-001-07-4,1,HTS,,laxative,O=C1c2cccc(O)c2C(=O)c2c(O)cccc21,71788,QBPFLULOKWLNNW-UHFFFAOYSA-N,O=C1c2cccc(O)c2C(=O)c2c(O)cccc21,True,True,569
QCDFBFJGMNKBDO-UHFFFAOYSA-N,clioquinol,BRD-K09255212-001-16-6,1,HTS,OPRK1,chelating agent,Oc1c(I)cc(Cl)c2cccnc12,71889,QCDFBFJGMNKBDO-UHFFFAOYSA-N,Oc1c(I)cc(Cl)c2cccnc12,True,True,550
QDYLMAYUEZBUFO-UHFFFAOYSA-N,benzyldimethylhexadecylammonium,BRD-K23403298-003-01-9,1,HTS,,cationic surfactant,CCCCCCCCCCCCCCCC[N+](C)(C)Cc1ccccc1,72207,QDYLMAYUEZBUFO-UHFFFAOYSA-N,CCCCCCCCCCCCCCCC[N+](C)(C)Cc1ccccc1,True,True,557
QEFAQIPZVLVERP-UHFFFAOYSA-N,nepafenac,BRD-K04112579-001-07-0,1,HTS,"PTGS1, PTGS2",cyclooxygenase inhibitor,NC(=O)Cc1cccc(C(=O)c2ccccc2)c1N,72257,QEFAQIPZVLVERP-UHFFFAOYSA-N,NC(=O)Cc1cccc(C(=O)c2ccccc2)c1N,True,True,569
QESQGTFWEQMCMH-UHFFFAOYSA-N,IWP-L6,BRD-K53234107-001-01-6,1,HTS,PORCN,porcupine inhibitor,O=C(CSc1nc2c(c(=O)n1-c1ccccc1)SCC2)Nc1ccc(-c2ccccc2)cn1,72350,QESQGTFWEQMCMH-UHFFFAOYSA-N,O=C(CSc1nc2c(c(=O)n1-c1ccccc1)SCC2)N=c1ccc(-c2ccccc2)c[nH]1,True,True,571
QFCXANHHBCGMAS-UHFFFAOYSA-N,telatinib,BRD-K84564571-001-02-4,1,HTS,KDR,"KIT inhibitor, PDGFR tyrosine kinase receptor inhibitor, VEGFR inhibitor",CNC(=O)c1cc(COc2nnc(Nc3ccc(Cl)cc3)c3ccoc23)ccn1,72418,QFCXANHHBCGMAS-UHFFFAOYSA-N,CNC(=O)c1cc(COc2n[nH]c(=Nc3ccc(Cl)cc3)c3ccoc23)ccn1,True,True,557
QFGMXJOBTNZHEL-UHFFFAOYSA-N,isoxepac,BRD-K92116564-001-01-4,1,HTS,,anti-inflammatory agent,O=C(O)Cc1ccc2c(c1)C(=O)c1ccccc1CO2,72436,QFGMXJOBTNZHEL-UHFFFAOYSA-N,O=C(O)Cc1ccc2c(c1)C(=O)c1ccccc1CO2,True,True,565
QFOHBWFCKVYLES-UHFFFAOYSA-N,butyl-paraben,BRD-K08287586-001-14-3,1,HTS,,DNA synthesis inhibitor,CCCCOC(=O)c1ccc(O)cc1,72497,QFOHBWFCKVYLES-UHFFFAOYSA-N,CCCCOC(=O)c1ccc(O)cc1,True,True,570
QFRLDZGQEZCCJZ-UHFFFAOYSA-N,BI-78D3,BRD-K73982490-001-02-9,1,HTS,MAPK8,JNK inhibitor,O=[N+]([O-])c1cnc(Sc2nnc(O)n2-c2ccc3c(c2)OCCO3)s1,72517,QFRLDZGQEZCCJZ-UHFFFAOYSA-N,O=c1[nH]nc(Sc2ncc([N+](=O)[O-])s2)n1-c1ccc2c(c1)OCCO2,True,True,563
QFVAWNPSRQWSDU-UHFFFAOYSA-N,sulbentine,BRD-K72384124-001-08-0,1,HTS,,other antifungal,S=C1SCN(Cc2ccccc2)CN1Cc1ccccc1,72549,QFVAWNPSRQWSDU-UHFFFAOYSA-N,S=C1SCN(Cc2ccccc2)CN1Cc1ccccc1,True,True,570
QFWCYNPOPKQOKV-UHFFFAOYSA-N,PD-98059,BRD-K62810658-001-12-2,1,HTS,"AKT1, CHEK1, GSK3B, LCK, MAP2K1, MAPK1, MAPK11, MAPK12, MAPK14, MAPK8, PRKCA, RAF1, ROCK1, RPS6KB1, SGK1",MEK inhibitor,COc1cccc(-c2cc(=O)c3ccccc3o2)c1N,72560,QFWCYNPOPKQOKV-UHFFFAOYSA-N,COc1cccc(-c2cc(=O)c3ccccc3o2)c1N,True,True,569
QFXKXRXFBRLLPQ-UHFFFAOYSA-N,diphenyleneiodonium,BRD-K65814004-003-02-9,1,HTS,"NOS2, NOS3",nitric oxide synthase inhibitor,c1ccc2c(c1)[I+]c1ccccc1-2,72565,QFXKXRXFBRLLPQ-UHFFFAOYSA-N,c1ccc2c(c1)[I+]c1ccccc1-2,True,True,565
QGFORSXNKQLDNO-UHFFFAOYSA-N,erdosteine,BRD-A05515753-001-03-2,1,HTS,,mucolytic agent,O=C(O)CSCC(=O)NC1CCSC1=O,72635,QGFORSXNKQLDNO-UHFFFAOYSA-N,O=C(O)CSCC(=O)NC1CCSC1=O,True,True,569
QGHREAKMXXNCOA-UHFFFAOYSA-N,thiophanate,BRD-K90168339-001-08-6,1,HTS,,,COC(=O)NC(=S)Nc1ccccc1NC(=S)NC(=O)OC,72651,QGHREAKMXXNCOA-UHFFFAOYSA-N,COC(=O)NC(=S)Nc1ccccc1NC(=S)NC(=O)OC,True,True,570
QGPKADBNRMWEQR-UHFFFAOYSA-N,clinafloxacin,BRD-A93964801-003-03-3,1,HTS,,bacterial DNA gyrase inhibitor,NC1CCN(c2c(F)cc3c(=O)c(C(=O)O)cn(C4CC4)c3c2Cl)C1,72710,QGPKADBNRMWEQR-UHFFFAOYSA-N,NC1CCN(c2c(F)cc3c(=O)c(C(=O)O)cn(C4CC4)c3c2Cl)C1,True,True,572
QGZYDVAGYRLSKP-UHFFFAOYSA-N,ACY-1215,BRD-K82928847-001-04-7,1,HTS,"HDAC1, HDAC2, HDAC3, HDAC6, HDAC8",HDAC inhibitor,O=C(CCCCCCNC(=O)c1cnc(N(c2ccccc2)c2ccccc2)nc1)NO,72782,QGZYDVAGYRLSKP-UHFFFAOYSA-N,O=C(NCCCCCCC(O)=NO)c1cnc(N(c2ccccc2)c2ccccc2)nc1,True,True,557
QHADVLVFMKEIIP-UHFFFAOYSA-N,LY2801653,BRD-K18961567-001-01-1,1,HTS,MET,MET inhibitor,Cc1ccc(C(=O)Nc2ccc(Oc3cc4cnn(C)c4cc3-c3cn[nH]c3)c(F)c2)c(=O)n1-c1ccc(F)cc1,72787,QHADVLVFMKEIIP-UHFFFAOYSA-N,Cc1ccc(C(=O)Nc2ccc(Oc3cc4cnn(C)c4cc3-c3cn[nH]c3)c(F)c2)c(=O)n1-c1ccc(F)cc1,True,True,565
QHGUCRYDKWKLMG-UHFFFAOYSA-N,octopamine,BRD-A14240607-003-26-1,1,HTS,"F10, TAAR1",trace amine associated receptor agonist,NCC(O)c1ccc(O)cc1,72837,QHGUCRYDKWKLMG-UHFFFAOYSA-N,NCC(O)c1ccc(O)cc1,True,True,557
QHKYPYXTTXKZST-UHFFFAOYSA-N,SB-202190,BRD-K54330070-001-15-4,1,HTS,"AKT1, ALOX5, CHEK1, GSK3B, LCK, MAPK1, MAPK11, MAPK12, MAPK14, MAPK8, PRKCA, ROCK1, RPS6KB1, SGK1",p38 MAPK inhibitor,Oc1ccc(-c2nc(-c3ccc(F)cc3)c(-c3ccncc3)[nH]2)cc1,72860,QHKYPYXTTXKZST-UHFFFAOYSA-N,Oc1ccc(-c2nc(-c3ccc(F)cc3)c(-c3ccncc3)[nH]2)cc1,True,True,565
QHLVBNKYJGBCQJ-UHFFFAOYSA-N,NMS-1286937,BRD-K83699324-001-01-1,1,HTS,"FLT3, PLK1, PLK2, PLK3",PLK inhibitor,CN1CCN(c2ccc(OC(F)(F)F)c(Nc3ncc4c(n3)-c3c(c(C(N)=O)nn3CCO)CC4)c2)CC1,72865,QHLVBNKYJGBCQJ-UHFFFAOYSA-N,CN1CCN(c2ccc(OC(F)(F)F)c(N=c3nc4c(c[nH]3)CCc3c(C(N)=O)nn(CCO)c3-4)c2)CC1,True,True,557
QIHBWVVVRYYYRO-UHFFFAOYSA-N,ME0328,BRD-A63444178-001-01-5,1,HTS,PARP3,PARP inhibitor,CC(NC(=O)CCc1nc(=O)c2ccccc2[nH]1)c1ccccc1,73030,QIHBWVVVRYYYRO-UHFFFAOYSA-N,CC(NC(=O)CCc1nc(=O)c2ccccc2[nH]1)c1ccccc1,True,True,571
QINPEPAQOBZPOF-UHFFFAOYSA-N,pilaralisib,BRD-K49456274-001-01-9,1,HTS,,PI3K inhibitor,COc1ccc(Cl)c(Nc2nc3ccccc3nc2NS(=O)(=O)c2cccc(NC(=O)C(C)(C)N)c2)c1,73078,QINPEPAQOBZPOF-UHFFFAOYSA-N,COc1ccc(Cl)c(N=c2[nH]c3ccccc3[nH]c2=NS(=O)(=O)c2cccc(NC(=O)C(C)(C)N)c2)c1,True,True,557
QJFSABGVXDWMIW-UHFFFAOYSA-N,azilsartan-medoxomil,BRD-K25723200-001-02-7,1,HTS,"AGTR1, AGTR2",angiotensin receptor antagonist,CCOc1nc2cccc(C(=O)OCc3oc(=O)oc3C)c2n1Cc1ccc(-c2ccccc2-c2nc(=O)o[nH]2)cc1,73222,QJFSABGVXDWMIW-UHFFFAOYSA-N,CCOc1nc2cccc(C(=O)OCc3oc(=O)oc3C)c2n1Cc1ccc(-c2ccccc2-c2nc(=O)o[nH]2)cc1,True,True,557
QJHCTHPYUOXOGM-UHFFFAOYSA-N,BRL-15572,BRD-A51829654-003-07-7,1,HTS,"HTR1A, HTR1B, HTR1D, HTR1E, HTR1F, HTR2A, HTR2B, HTR2C, HTR6",serotonin receptor antagonist,OC(CN1CCN(c2cccc(Cl)c2)CC1)C(c1ccccc1)c1ccccc1,73235,QJHCTHPYUOXOGM-UHFFFAOYSA-N,OC(CN1CCN(c2cccc(Cl)c2)CC1)C(c1ccccc1)c1ccccc1,True,True,569
QJMCKEPOKRERLN-UHFFFAOYSA-N,didox,BRD-K94146583-001-01-6,1,MTS004,RRM1,ribonucleotide reductase inhibitor,O=C(NO)c1ccc(O)c(O)c1,73260,QJMCKEPOKRERLN-UHFFFAOYSA-N,ON=C(O)c1ccc(O)c(O)c1,True,True,548
QKOWACXSXTXRKA-UHFFFAOYSA-N,BMS-191011,BRD-K95609758-001-03-7,1,HTS,KCNMA1,potassium channel activator,O=c1oc(-c2ccc(C(F)(F)F)cc2)nn1Cc1cc(Cl)ccc1O,73457,QKOWACXSXTXRKA-UHFFFAOYSA-N,O=c1oc(-c2ccc(C(F)(F)F)cc2)nn1Cc1cc(Cl)ccc1O,True,True,570
QLHHRYZMBGPBJG-UHFFFAOYSA-N,WYE-125132,BRD-A45498368-001-07-1,1,HTS,MTOR,mTOR inhibitor,CNC(=O)Nc1ccc(-c2nc(N3CC4CCC(C3)O4)c3cnn(C4CCC5(CC4)OCCO5)c3n2)cc1,73593,QLHHRYZMBGPBJG-UHFFFAOYSA-N,CNC(=O)Nc1ccc(-c2nc(N3CC4CCC(C3)O4)c3cnn(C4CCC5(CC4)OCCO5)c3n2)cc1,True,True,570
QMNUDYFKZYBWQX-UHFFFAOYSA-N,4-HQN,BRD-K91758890-001-10-0,1,HTS,PARP1,PARP inhibitor,Oc1ncnc2ccccc12,73864,QMNUDYFKZYBWQX-UHFFFAOYSA-N,O=c1[nH]cnc2ccccc12,True,True,569
QNAZTOHXCZPOSA-UHFFFAOYSA-N,sobetirome,BRD-K85406984-001-01-0,1,HTS,"THRA, THRB",thyroid hormone receptor agonist,Cc1cc(OCC(=O)O)cc(C)c1Cc1ccc(O)c(C(C)C)c1,73971,QNAZTOHXCZPOSA-UHFFFAOYSA-N,Cc1cc(OCC(=O)O)cc(C)c1Cc1ccc(O)c(C(C)C)c1,True,True,549
QNOXYUNHIGOWNY-UHFFFAOYSA-N,tyrphostin-AG-1296,BRD-K76064317-001-07-3,1,HTS,FLT3,FLT3 inhibitor,COc1cc2ncc(-c3ccccc3)nc2cc1OC,74076,QNOXYUNHIGOWNY-UHFFFAOYSA-N,COc1cc2ncc(-c3ccccc3)nc2cc1OC,True,True,571
QNQZWEGMKJBHEM-UHFFFAOYSA-N,AZD9668,BRD-K31476763-001-01-5,1,HTS,ELANE,elastase inhibitor,Cc1c(-c2ccnn2C)cc(C(=O)NCc2ccc(S(C)(=O)=O)cn2)c(=O)n1-c1cccc(C(F)(F)F)c1,74095,QNQZWEGMKJBHEM-UHFFFAOYSA-N,Cc1c(-c2ccnn2C)cc(C(=O)NCc2ccc(S(C)(=O)=O)cn2)c(=O)n1-c1cccc(C(F)(F)F)c1,True,True,564
QNZCBYKSOIHPEH-UHFFFAOYSA-N,apixaban,BRD-K67121414-001-03-3,1,HTS,F10,coagulation factor inhibitor,COc1ccc(-n2nc(C(N)=O)c3c2C(=O)N(c2ccc(N4CCCCC4=O)cc2)CC3)cc1,74162,QNZCBYKSOIHPEH-UHFFFAOYSA-N,COc1ccc(-n2nc(C(N)=O)c3c2C(=O)N(c2ccc(N4CCCCC4=O)cc2)CC3)cc1,True,True,563
QOECJCJVIMVJGX-UHFFFAOYSA-N,UNC0638,BRD-K86856088-001-06-9,1,MTS004,"EHMT1, EHMT2",histone lysine methyltransferase inhibitor,COc1cc2c(NC3CCN(C(C)C)CC3)nc(C3CCCCC3)nc2cc1OCCCN1CCCC1,74200,QOECJCJVIMVJGX-UHFFFAOYSA-N,COc1cc2c(=NC3CCN(C(C)C)CC3)[nH]c(C3CCCCC3)nc2cc1OCCCN1CCCC1,True,True,547
QOFQTBTZCJVITI-UHFFFAOYSA-N,lornoxicam,BRD-A90551241-001-10-8,1,HTS,"PTGS1, PTGS2",cyclooxygenase inhibitor,CN1C(C(=O)Nc2ccccn2)C(=O)c2sc(Cl)cc2S1(=O)=O,74209,QOFQTBTZCJVITI-UHFFFAOYSA-N,CN1C(C(=O)N=c2cccc[nH]2)C(=O)c2sc(Cl)cc2S1(=O)=O,True,True,570
QOVTVIYTBRHADL-UHFFFAOYSA-N,clorsulon,BRD-K97521363-001-16-1,1,HTS,,glycolysis inhibitor,Nc1cc(C(Cl)=C(Cl)Cl)c(S(N)(=O)=O)cc1S(N)(=O)=O,74313,QOVTVIYTBRHADL-UHFFFAOYSA-N,Nc1cc(C(Cl)=C(Cl)Cl)c(S(N)(=O)=O)cc1S(N)(=O)=O,True,True,569
QPCDCPDFJACHGM-UHFFFAOYSA-N,pentetic-acid,BRD-K40621224-001-06-7,1,HTS,PGD,chelating agent,O=C(O)CN(CCN(CC(=O)O)CC(=O)O)CCN(CC(=O)O)CC(=O)O,74354,QPCDCPDFJACHGM-UHFFFAOYSA-N,O=C(O)CN(CCN(CC(=O)O)CC(=O)O)CCN(CC(=O)O)CC(=O)O,True,True,570
QPCVHQBVMYCJOM-UHFFFAOYSA-N,propiverine,BRD-K91244729-003-01-3,1,MTS004,CHRM1,acetylcholine receptor antagonist,CCCOC(C(=O)OC1CCN(C)CC1)(c1ccccc1)c1ccccc1,74358,QPCVHQBVMYCJOM-UHFFFAOYSA-N,CCCOC(C(=O)OC1CCN(C)CC1)(c1ccccc1)c1ccccc1,True,True,548
QPGGEKPRGVJKQB-UHFFFAOYSA-N,dibenzepine,BRD-K79145749-003-02-2,1,HTS,,norepinephrine reputake inhibitor,CN(C)CCN1C(=O)c2ccccc2N(C)c2ccccc21,74380,QPGGEKPRGVJKQB-UHFFFAOYSA-N,CN(C)CCN1C(=O)c2ccccc2N(C)c2ccccc21,True,True,557
QPPBRPIAZZHUNT-UHFFFAOYSA-N,sulfamerazine,BRD-K93524252-001-24-7,1,HTS,,bacterial antifolate,Cc1ccnc(NS(=O)(=O)c2ccc(N)cc2)n1,74442,QPPBRPIAZZHUNT-UHFFFAOYSA-N,Cc1cc[nH]c(=NS(=O)(=O)c2ccc(N)cc2)n1,True,True,567
QQGWEXFLMJGCAL-UHFFFAOYSA-N,A205804,BRD-K77627880-001-04-0,1,HTS,"ICAM1, SELE",ICAM1 expression inhibitor,Cc1ccc(Sc2cncc3sc(C(N)=O)cc23)cc1,74576,QQGWEXFLMJGCAL-UHFFFAOYSA-N,Cc1ccc(Sc2cncc3sc(C(N)=O)cc23)cc1,True,True,570
QQHMKNYGKVVGCZ-UHFFFAOYSA-N,tipiracil,BRD-K11973162-003-01-8,1,HTS,TYMP,thymidine phosphorylase inhibitor,N=C1CCCN1Cc1[nH]c(=O)[nH]c(=O)c1Cl,74581,QQHMKNYGKVVGCZ-UHFFFAOYSA-N,N=C1CCCN1Cc1[nH]c(=O)[nH]c(=O)c1Cl,True,True,548
QQLKULDARVNMAL-UHFFFAOYSA-N,icotinib,BRD-K31698212-001-02-9,1,HTS,EGFR,EGFR inhibitor,C#Cc1cccc(Nc2ncnc3cc4c(cc23)OCCOCCOCCO4)c1,74607,QQLKULDARVNMAL-UHFFFAOYSA-N,C#Cc1cccc(N=c2[nH]cnc3cc4c(cc23)OCCOCCOCCO4)c1,True,True,573
QQQIECGTIMUVDS-UHFFFAOYSA-N,itopride,BRD-K96740444-001-02-1,1,HTS,"CHRM3, DRD2",dopamine receptor antagonist,COc1ccc(C(=O)NCc2ccc(OCCN(C)C)cc2)cc1OC,74644,QQQIECGTIMUVDS-UHFFFAOYSA-N,COc1ccc(C(=O)NCc2ccc(OCCN(C)C)cc2)cc1OC,True,True,572
QQUXFYAWXPMDOE-UHFFFAOYSA-N,kenpaullone,BRD-K37312348-001-15-0,1,HTS,"CCNB1, CDK1, CDK5, GSK3B","CDK inhibitor, glycogen synthase kinase inhibitor",O=C1Cc2c([nH]c3ccc(Br)cc23)-c2ccccc2N1,74686,QQUXFYAWXPMDOE-UHFFFAOYSA-N,O=C1Cc2c([nH]c3ccc(Br)cc23)-c2ccccc2N1,True,True,563
QQWUGDVOUVUTOY-UHFFFAOYSA-N,NVP-TAE684,BRD-K50140147-001-10-1,1,HTS,"ALK, INSR",ALK tyrosine kinase receptor inhibitor,COc1cc(N2CCC(N3CCN(C)CC3)CC2)ccc1Nc1ncc(Cl)c(Nc2ccccc2S(=O)(=O)C(C)C)n1,74703,QQWUGDVOUVUTOY-UHFFFAOYSA-N,COc1cc(N2CCC(N3CCN(C)CC3)CC2)ccc1N=c1[nH]cc(Cl)c(=Nc2ccccc2S(=O)(=O)C(C)C)[nH]1,True,True,565
QRPZBKAMSFHVRW-UHFFFAOYSA-N,BMS-626529,BRD-K97883416-001-01-4,1,HTS,,HIV attachment inhibitor,COc1cnc(-n2cnc(C)n2)c2[nH]cc(C(=O)C(=O)N3CCN(C(=O)c4ccccc4)CC3)c12,74841,QRPZBKAMSFHVRW-UHFFFAOYSA-N,COc1cnc(-n2cnc(C)n2)c2[nH]cc(C(=O)C(=O)N3CCN(C(=O)c4ccccc4)CC3)c12,True,True,538
QRXWMOHMRWLFEY-UHFFFAOYSA-N,isoniazid; pasiniazid,BRD-K87202646-001-32-6; BRD-K87202646-061-04-9,2,HTS,"CYP1A2, CYP2C19, CYP2C8, CYP2E1, CYP3A4",FABI inhibitor; cyclooxygenase inhibitor,NNC(=O)c1ccncc1,74895,QRXWMOHMRWLFEY-UHFFFAOYSA-N,NNC(=O)c1ccncc1,True,True,575
QRZAKQDHEVVFRX-UHFFFAOYSA-N,felbinac,BRD-K91740057-001-19-8,1,HTS,CTSL,cyclooxygenase inhibitor,O=C(O)Cc1ccc(-c2ccccc2)cc1,74909,QRZAKQDHEVVFRX-UHFFFAOYSA-N,O=C(O)Cc1ccc(-c2ccccc2)cc1,True,True,571
QSLMDECMDJKHMQ-UHFFFAOYSA-N,maprotiline,BRD-K25433859-003-25-4,1,HTS,"ADRA1A, ADRA1B, ADRA1D, ADRA2A, ADRA2B, ADRA2C, CHRM1, CHRM2, CHRM3, CHRM4, CHRM5, DRD2, HRH1, HTR2A, HTR2C, HTR7, SLC6A2","norepinephrine reputake inhibitor, tricyclic antidepressant",CNCCCC12CCC(c3ccccc31)c1ccccc12,74974,QSLMDECMDJKHMQ-UHFFFAOYSA-N,CNCCCC12CCC(c3ccccc31)c1ccccc12,True,True,546
QSYLKMKIVWJAAK-UHFFFAOYSA-N,SGI-1027,BRD-K61228301-001-01-2,1,HTS,"DNMT1, DNMT3A, DNMT3B",DNA methyltransferase inhibitor,Cc1cc(Nc2ccc(NC(=O)c3ccc(Nc4ccnc5ccccc45)cc3)cc2)nc(N)n1,75058,QSYLKMKIVWJAAK-UHFFFAOYSA-N,Cc1cc(=Nc2ccc(NC(=O)c3ccc(N=c4cc[nH]c5ccccc45)cc3)cc2)[nH]c(=N)[nH]1,True,True,571
QTBWCSQGBMPECM-UHFFFAOYSA-N,GSK1070916,BRD-K36740062-001-06-6,1,HTS,"AURKA, AURKB, AURKC, CYP2D6, CYP3A4",Aurora kinase inhibitor,CCn1cc(-c2ccnc3[nH]c(-c4cccc(CN(C)C)c4)cc23)c(-c2ccc(NC(=O)N(C)C)cc2)n1,75084,QTBWCSQGBMPECM-UHFFFAOYSA-N,CCn1cc(-c2ccnc3[nH]c(-c4cccc(CN(C)C)c4)cc23)c(-c2ccc(NC(=O)N(C)C)cc2)n1,True,True,568
QTGAJCQTLIRCFL-UHFFFAOYSA-N,propacetamol,BRD-K54496168-003-01-2,1,HTS,PTGS2,cyclooxygenase inhibitor,CCN(CC)CC(=O)Oc1ccc(NC(C)=O)cc1,75114,QTGAJCQTLIRCFL-UHFFFAOYSA-N,CCN(CC)CC(=O)Oc1ccc(NC(C)=O)cc1,True,True,563
QTGIAADRBBLJGA-UHFFFAOYSA-N,articaine,BRD-A70514680-003-11-2,1,HTS,,local anesthetic,CCCNC(C)C(=O)Nc1c(C)csc1C(=O)OC,75116,QTGIAADRBBLJGA-UHFFFAOYSA-N,CCCNC(C)C(=O)Nc1c(C)csc1C(=O)OC,True,True,557
QTQMRBZOBKYXCG-UHFFFAOYSA-N,GW-1929,BRD-A15415227-003-02-9,1,HTS,PPARG,PPAR receptor agonist,CN(CCOc1ccc(CC(Nc2ccccc2C(=O)c2ccccc2)C(=O)O)cc1)c1ccccn1,75192,QTQMRBZOBKYXCG-UHFFFAOYSA-N,CN(CCOc1ccc(CC(Nc2ccccc2C(=O)c2ccccc2)C(=O)O)cc1)c1ccccn1,True,True,574
QUCQEUCGKKTEBI-UHFFFAOYSA-N,palmatine-chloride,BRD-K58466253-003-14-0,1,HTS,CYP3A4,dopamine synthesis inhibitor,COc1cc2c(cc1OC)-c1cc3ccc(OC)c(OC)c3c[n+]1CC2,75287,QUCQEUCGKKTEBI-UHFFFAOYSA-N,COc1cc2c(cc1OC)-c1cc3ccc(OC)c(OC)c3c[n+]1CC2,True,True,565
QUIIIYITNGOFEI-UHFFFAOYSA-N,CCG-50014,BRD-K08893438-001-04-9,1,HTS,"RGS4, RGS8",G protein signaling inhibitor,Cc1ccc(-n2sc(=O)n(Cc3ccc(F)cc3)c2=O)cc1,75318,QUIIIYITNGOFEI-UHFFFAOYSA-N,Cc1ccc(-n2sc(=O)n(Cc3ccc(F)cc3)c2=O)cc1,True,True,528
QULDDKSCVCJTPV-UHFFFAOYSA-N,BIIB021,BRD-K51967704-001-03-6,1,HTS,HSP90AA1,HSP inhibitor,COc1c(C)cnc(Cn2cnc3c(Cl)nc(N)nc32)c1C,75342,QULDDKSCVCJTPV-UHFFFAOYSA-N,COc1c(C)cnc(Cn2cnc3c(Cl)[nH]c(=N)nc32)c1C,True,True,569
QVYRGXJJSLMXQH-UHFFFAOYSA-N,orphenadrine,BRD-A53576514-048-14-3,1,HTS,"GRIN1, GRIN2D, GRIN3A, GRIN3B, HRH1, SCN10A, SLC6A2",acetylcholine receptor antagonist,Cc1ccccc1C(OCCN(C)C)c1ccccc1,75613,QVYRGXJJSLMXQH-UHFFFAOYSA-N,Cc1ccccc1C(OCCN(C)C)c1ccccc1,True,True,569
QVZCXCJXTMIDME-UHFFFAOYSA-N,dilazep,BRD-K48722258-300-10-2,1,HTS,SLC29A1,adenosine reuptake inhibitor,COc1cc(C(=O)OCCCN2CCCN(CCCOC(=O)c3cc(OC)c(OC)c(OC)c3)CC2)cc(OC)c1OC,75619,QVZCXCJXTMIDME-UHFFFAOYSA-N,COc1cc(C(=O)OCCCN2CCCN(CCCOC(=O)c3cc(OC)c(OC)c(OC)c3)CC2)cc(OC)c1OC,True,True,557
QWCRAEMEVRGPNT-UHFFFAOYSA-N,buspirone,BRD-K93461745-003-25-0,1,HTS,"DRD2, HTR1A",serotonin receptor agonist,O=C1CC2(CCCC2)CC(=O)N1CCCCN1CCN(c2ncccn2)CC1,75640,QWCRAEMEVRGPNT-UHFFFAOYSA-N,O=C1CC2(CCCC2)CC(=O)N1CCCCN1CCN(c2ncccn2)CC1,True,True,574
QWGDMFLQWFTERH-UHFFFAOYSA-N,amoxapine,BRD-K02265150-001-26-5,1,HTS,"ADRA1A, ADRA1B, ADRA1D, ADRA2A, ADRA2B, ADRA2C, CHRM1, CHRM2, CHRM3, CHRM4, CHRM5, DRD1, DRD2, DRD3, DRD4, DRD5, GABRA1, GABRA2, GABRA3, GABRA4, GABRA5, GABRA6, GABRB1, GABRB2, GABRB3, GABRD, GABRE, GABRG1, GABRG2, GABRG3, GABRP, GABRQ, HRH1, HRH4, HTR1A, HTR1B, HTR2A, HTR2B, HTR2C, HTR3A, HTR6, HTR7, SLC6A2, SLC6A3, SLC6A4",norepinephrine reputake inhibitor,Clc1ccc2c(c1)C(N1CCNCC1)=Nc1ccccc1O2,75665,QWGDMFLQWFTERH-UHFFFAOYSA-N,Clc1ccc2c(c1)C(N1CCNCC1)=Nc1ccccc1O2,True,True,566
QXHHHPZILQDDPS-UHFFFAOYSA-N,tioconazole,BRD-A33084557-001-06-6,1,HTS,CYP51A1,sterol demethylase inhibitor,Clc1ccc(C(Cn2ccnc2)OCc2ccsc2Cl)c(Cl)c1,75876,QXHHHPZILQDDPS-UHFFFAOYSA-N,Clc1ccc(C(Cn2ccnc2)OCc2ccsc2Cl)c(Cl)c1,True,True,565
QXIUMMLTJVHILT-UHFFFAOYSA-N,cyanopindolol,BRD-A47884604-051-01-2,1,HTS,"ADRB1, HTR1A, HTR1D",adrenergic receptor antagonist,CC(C)(C)NCC(O)COc1cccc2[nH]c(C#N)cc12,75894,QXIUMMLTJVHILT-UHFFFAOYSA-N,CC(C)(C)NCC(O)COc1cccc2[nH]c(C#N)cc12,True,True,565
QXKHYNVANLEOEG-UHFFFAOYSA-N,methoxsalen,BRD-K63430059-001-17-2,1,HTS,"CYP1A1, CYP1A2, CYP2A13, CYP2A6, CYP3A4",DNA synthesis inhibitor,COc1c2occc2cc2ccc(=O)oc12,75907,QXKHYNVANLEOEG-UHFFFAOYSA-N,COc1c2occc2cc2ccc(=O)oc12,True,True,553
QXWZQTURMXZVHJ-UHFFFAOYSA-N,selexipag,BRD-K21191422-001-01-5,1,MTS004,PTGIR,"platelet aggregation inhibitor, IP1 prostacyclin receptor agonist",CC(C)N(CCCCOCC(=O)NS(C)(=O)=O)c1cnc(-c2ccccc2)c(-c2ccccc2)n1,75990,QXWZQTURMXZVHJ-UHFFFAOYSA-N,CC(C)N(CCCCOCC(=O)NS(C)(=O)=O)c1cnc(-c2ccccc2)c(-c2ccccc2)n1,True,True,547
QYBGBLQCOOISAR-UHFFFAOYSA-N,SB-2343,BRD-K98795921-001-01-7,1,HTS,"MTOR, PIK3CA, PIK3CB, PIK3CD, PIK3CG","mTOR inhibitor, PI3K inhibitor",Cc1nc2c(-c3cnc(N)nc3)nc(N3CCOCC3)nc2n1C(C)C,76014,QYBGBLQCOOISAR-UHFFFAOYSA-N,Cc1nc2c(-c3cnc(=N)[nH]c3)nc(N3CCOCC3)nc2n1C(C)C,True,True,565
QYKHWEFPFAGNEV-UHFFFAOYSA-N,CCT129202,BRD-K57136142-001-02-4,1,HTS,"AURKA, AURKB, AURKC",Aurora kinase inhibitor,CN(C)c1ccc(-c2nc3c(N4CCN(CC(=O)Nc5nccs5)CC4)c(Cl)cnc3[nH]2)cc1,76073,QYKHWEFPFAGNEV-UHFFFAOYSA-N,CN(C)c1ccc(-c2nc3c(N4CCN(CC(=O)N=c5[nH]ccs5)CC4)c(Cl)cnc3[nH]2)cc1,True,True,569
QYPPJABKJHAVHS-UHFFFAOYSA-N,agmatine,BRD-K49738308-065-04-9,1,HTS,"ADRA2C, ASIC3, CACNA1B, CHRNA1, GRIN1, KCNJ1, NISCH",nitric oxide synthase inhibitor,N=C(N)NCCCCN,76118,QYPPJABKJHAVHS-UHFFFAOYSA-N,N=C(N)NCCCCN,True,True,538
QYZOGCMHVIGURT-UHFFFAOYSA-N,barasertib-HQPA,BRD-K63923597-001-10-0,1,HTS,AURKB,Aurora kinase inhibitor,CCN(CCO)CCCOc1ccc2c(Nc3cc(CC(=O)Nc4cccc(F)c4)[nH]n3)ncnc2c1,76187,QYZOGCMHVIGURT-UHFFFAOYSA-N,CCN(CCO)CCCOc1ccc2c(=Nc3cc(CC(=O)Nc4cccc(F)c4)[nH]n3)[nH]cnc2c1,True,True,565
QZAYGJVTTNCVMB-UHFFFAOYSA-N,serotonin,BRD-K38580127-003-15-4,1,HTS,"DRD1, DRD5, HTR1A, HTR1B, HTR1D, HTR1E, HTR1F, HTR2A, HTR2B, HTR2C, HTR3A, HTR3B, HTR4, HTR5A, HTR6, HTR7, SLC36A1",growth factor receptor activator,NCCc1c[nH]c2ccc(O)cc12,76201,QZAYGJVTTNCVMB-UHFFFAOYSA-N,NCCc1c[nH]c2ccc(O)cc12,True,True,557
QZPQTZZNNJUOLS-UHFFFAOYSA-N,beta-lapachone,BRD-K28061410-001-06-6,1,MTS004,TOP1,topoisomerase inhibitor,CC1(C)CCC2=C(O1)c1ccccc1C(=O)C2=O,76303,QZPQTZZNNJUOLS-UHFFFAOYSA-N,CC1(C)CCC2=C(O1)c1ccccc1C(=O)C2=O,True,True,548
RADMJHVVIZTENA-UHFFFAOYSA-N,BNC105,BRD-K20468903-001-01-6,1,MTS004,,tubulin polymerization inhibitor,COc1cc(C(=O)c2c(C)oc3c(O)c(OC)ccc23)cc(OC)c1OC,76406,RADMJHVVIZTENA-UHFFFAOYSA-N,COc1cc(C(=O)c2c(C)oc3c(O)c(OC)ccc23)cc(OC)c1OC,True,True,548
RAHBGWKEPAQNFF-UHFFFAOYSA-N,motesanib,BRD-K99616396-001-05-1,1,MTS004,"FLT1, FLT4, KDR, KIT","KIT inhibitor, PDGFR tyrosine kinase receptor inhibitor, VEGFR inhibitor",CC1(C)CNc2cc(NC(=O)c3cccnc3NCc3ccncc3)ccc21,76426,RAHBGWKEPAQNFF-UHFFFAOYSA-N,CC1(C)CNc2cc(NC(=O)c3ccc[nH]c3=NCc3ccncc3)ccc21,True,True,548
RAIPHJJURHTUIC-UHFFFAOYSA-N,aminothiazole,BRD-K13421763-001-06-2,1,HTS,NOS2,cyclin D inhibitor,Nc1nccs1,76435,RAIPHJJURHTUIC-UHFFFAOYSA-N,N=c1[nH]ccs1,True,True,569
RALGCAOVRLYSMA-UHFFFAOYSA-N,valrocemide,BRD-K32804101-001-01-8,1,MTS004,,,CCCC(CCC)C(=O)NCC(N)=O,76458,RALGCAOVRLYSMA-UHFFFAOYSA-N,CCCC(CCC)C(=O)NCC(N)=O,True,True,548
RAOCRURYZCVHMG-UHFFFAOYSA-N,oxibendazole,BRD-K52075715-001-06-7,1,HTS,"TUBB, TUBB4B",tubulin polymerization inhibitor,CCCOc1ccc2nc(NC(=O)OC)[nH]c2c1,76475,RAOCRURYZCVHMG-UHFFFAOYSA-N,CCCOc1ccc2[nH]c(=NC(=O)OC)[nH]c2c1,True,True,574
RAPZEAPATHNIPO-UHFFFAOYSA-N,risperidone,BRD-K53857191-001-22-7,1,HTS,"ADRA1A, ADRA1B, ADRA1D, ADRA2A, ADRA2B, ADRA2C, DRD1, DRD2, DRD3, DRD4, HRH1, HTR1A, HTR1B, HTR1D, HTR1E, HTR1F, HTR2A, HTR2C, HTR6, HTR7","dopamine receptor antagonist, serotonin receptor antagonist",Cc1nc2n(c(=O)c1CCN1CCC(c3noc4cc(F)ccc34)CC1)CCCC2,76489,RAPZEAPATHNIPO-UHFFFAOYSA-N,Cc1nc2n(c(=O)c1CCN1CCC(c3noc4cc(F)ccc34)CC1)CCCC2,True,True,550
RARSHUDCJQSEFJ-UHFFFAOYSA-N,paroxypropione,BRD-K07441213-001-18-9,1,HTS,,gonadotropin inhibitor,CCC(=O)c1ccc(O)cc1,76503,RARSHUDCJQSEFJ-UHFFFAOYSA-N,CCC(=O)c1ccc(O)cc1,True,True,570
RATZLMXRALDSJW-UHFFFAOYSA-N,efaroxan,BRD-A10739734-003-10-6,1,HTS,ADORA2A,adrenergic receptor antagonist,CCC1(C2=NCCN2)Cc2ccccc2O1,76521,RATZLMXRALDSJW-UHFFFAOYSA-N,CCC1(C2=NCCN2)Cc2ccccc2O1,True,True,570
RAVIZVQZGXBOQO-UHFFFAOYSA-N,PK-11195,BRD-A41451487-001-11-2,1,HTS,TSPO,benzodiazepine receptor antagonist,CCC(C)N(C)C(=O)c1cc2ccccc2c(-c2ccccc2Cl)n1,76537,RAVIZVQZGXBOQO-UHFFFAOYSA-N,CCC(C)N(C)C(=O)c1cc2ccccc2c(-c2ccccc2Cl)n1,True,True,557
RCIMBBZXSXFZBV-UHFFFAOYSA-N,piromidic-acid,BRD-K37682401-001-09-3; BRD-K37682401-213-01-1,2,HTS,,bacterial DNA gyrase inhibitor,CCn1cc(C(=O)O)c(=O)c2cnc(N3CCCC3)nc21,76827,RCIMBBZXSXFZBV-UHFFFAOYSA-N,CCn1cc(C(=O)O)c(=O)c2cnc(N3CCCC3)nc21,True,True,567
RCKMWOKWVGPNJF-UHFFFAOYSA-N,diethylcarbamazine,BRD-K45542189-048-22-1,1,HTS,"ALOX5, PTGS1",lipoxygenase inhibitor,CCN(CC)C(=O)N1CCN(C)CC1,76841,RCKMWOKWVGPNJF-UHFFFAOYSA-N,CCN(CC)C(=O)N1CCN(C)CC1,True,True,568
RCOBWVAGWYRNHZ-UHFFFAOYSA-N,RS-100329,BRD-K08640512-003-02-3,1,HTS,"ADRA1A, ADRA1D",adrenergic receptor antagonist,Cc1c[nH]c(=O)n(CCCN2CCN(c3ccccc3OCC(F)(F)F)CC2)c1=O,76861,RCOBWVAGWYRNHZ-UHFFFAOYSA-N,Cc1c[nH]c(=O)n(CCCN2CCN(c3ccccc3OCC(F)(F)F)CC2)c1=O,True,True,563
RCORNHOUCUDCAC-UHFFFAOYSA-N,LTA,BRD-K52914072-001-01-5,1,MTS004,,,N=C(Nc1ccccc1)c1cccs1,76865,RCORNHOUCUDCAC-UHFFFAOYSA-N,N=C(Nc1ccccc1)c1cccs1,True,True,548
RDJGLLICXDHJDY-UHFFFAOYSA-N,fenoprofen,BRD-A81129465-001-03-8,1,HTS,"PTGS1, PTGS2, SLC5A8",prostaglandin inhibitor,CC(C(=O)O)c1cccc(Oc2ccccc2)c1,77017,RDJGLLICXDHJDY-UHFFFAOYSA-N,CC(C(=O)O)c1cccc(Oc2ccccc2)c1,True,True,550
RDOIQAHITMMDAJ-UHFFFAOYSA-N,loperamide,BRD-K61250553-003-32-2,1,HTS,"CACNA1A, CALM1, OPRD1, OPRK1, OPRM1, POMC",opioid receptor agonist,CN(C)C(=O)C(CCN1CCC(O)(c2ccc(Cl)cc2)CC1)(c1ccccc1)c1ccccc1,77049,RDOIQAHITMMDAJ-UHFFFAOYSA-N,CN(C)C(=O)C(CCN1CCC(O)(c2ccc(Cl)cc2)CC1)(c1ccccc1)c1ccccc1,True,True,574
RDXLYGJSWZYTFJ-UHFFFAOYSA-N,niridazole,BRD-K53123955-001-10-5,1,HTS,,phosphofructokinase inhibitor,O=C1NCCN1c1ncc([N+](=O)[O-])s1,77114,RDXLYGJSWZYTFJ-UHFFFAOYSA-N,O=C1NCCN1c1ncc([N+](=O)[O-])s1,True,True,561
REFJWTPEDVJJIY-UHFFFAOYSA-N,quercetin,BRD-K97399794-001-15-3,1,HTS,"ATP5A1, ATP5B, ATP5C1, HCK, HIBCH, PIK3CG, PIM1, STK17B, UGT3A1",polar auxin transport inhibitor,O=c1c(O)c(-c2ccc(O)c(O)c2)oc2cc(O)cc(O)c12,77173,REFJWTPEDVJJIY-UHFFFAOYSA-N,O=c1c(O)c(-c2ccc(O)c(O)c2)oc2cc(O)cc(O)c12,True,True,572
REQCZEXYDRLIBE-UHFFFAOYSA-N,procainamide,BRD-K75089421-003-24-5,1,HTS,"DNMT1, SCN5A",sodium channel blocker,CCN(CC)CCNC(=O)c1ccc(N)cc1,77247,REQCZEXYDRLIBE-UHFFFAOYSA-N,CCN(CC)CCNC(=O)c1ccc(N)cc1,True,True,563
REQPQFUJGGOFQL-UHFFFAOYSA-N,tetramethylthiuram-monosulfide,BRD-K36889451-001-01-1,1,HTS,,,CN(C)C(=S)SC(=S)N(C)C,77250,REQPQFUJGGOFQL-UHFFFAOYSA-N,CN(C)C(=S)SC(=S)N(C)C,True,True,557
REYFJDPCWQRWAA-UHFFFAOYSA-N,antazoline,BRD-K99300445-003-21-6,1,HTS,HRH1,antihistamine,c1ccc(CN(CC2=NCCN2)c2ccccc2)cc1,77297,REYFJDPCWQRWAA-UHFFFAOYSA-N,c1ccc(CN(CC2=NCCN2)c2ccccc2)cc1,True,True,563
REZGGXNDEMKIQB-UHFFFAOYSA-N,zaprinast,BRD-K16542329-001-13-5,1,HTS,"GPR35, PDE1A, PDE4D, PDE5A, PDE9A",phosphodiesterase inhibitor,CCCOc1ccccc1-c1nc2[nH]nnc2c(=O)[nH]1,77301,REZGGXNDEMKIQB-UHFFFAOYSA-N,CCCOc1ccccc1-c1nc(=O)c2[nH]nnc2[nH]1,True,True,572
RFBVBRVVOPAAFS-UHFFFAOYSA-N,PRIMA1,BRD-K15318909-001-10-5,1,HTS,ACHE,TP53 inhibitor,O=C1C2CCN(CC2)C1(CO)CO,77326,RFBVBRVVOPAAFS-UHFFFAOYSA-N,O=C1C2CCN(CC2)C1(CO)CO,True,True,564
RFHAOTPXVQNOHP-UHFFFAOYSA-N,fluconazole,BRD-K05977355-001-19-0,1,HTS,CYP51A1,sterol demethylase inhibitor,OC(Cn1cncn1)(Cn1cncn1)c1ccc(F)cc1F,77378,RFHAOTPXVQNOHP-UHFFFAOYSA-N,OC(Cn1cncn1)(Cn1cncn1)c1ccc(F)cc1F,True,True,567
RFKQJTRWODZPHF-UHFFFAOYSA-N,dehydrocorydaline,BRD-K67186445-001-02-1,1,MTS004,ACHE,acetylcholinesterase inhibitor,COc1cc2c(cc1OC)-c1c(C)c3ccc(OC)c(OC)c3c[n+]1CC2,77393,RFKQJTRWODZPHF-UHFFFAOYSA-N,COc1cc2c(cc1OC)-c1c(C)c3ccc(OC)c(OC)c3c[n+]1CC2,True,True,547
RFUBTTPMWSKEIW-UHFFFAOYSA-N,omecamtiv-mecarbil,BRD-K36680103-001-01-6,1,HTS,MYBPC3,cardiac myosin activator,COC(=O)N1CCN(Cc2cccc(NC(=O)Nc3ccc(C)nc3)c2F)CC1,77459,RFUBTTPMWSKEIW-UHFFFAOYSA-N,COC(=O)N1CCN(Cc2cccc(NC(=O)Nc3ccc(C)nc3)c2F)CC1,True,True,572
RFWZESUMWJKKRN-UHFFFAOYSA-N,dapiprazole,BRD-K33133047-001-01-8,1,MTS004,"ADRA1A, ADRA1B, ADRA1D",adrenergic receptor antagonist,Cc1ccccc1N1CCN(CCc2nnc3n2CCCC3)CC1,77472,RFWZESUMWJKKRN-UHFFFAOYSA-N,Cc1ccccc1N1CCN(CCc2nnc3n2CCCC3)CC1,True,True,547
RFZKSQIFOZZIAQ-UHFFFAOYSA-N,CEP-33779,BRD-K37237504-001-02-7,1,HTS,JAK2,JAK inhibitor,CN1CCN(c2cccc(Nc3nc4c(-c5ccc(S(C)(=O)=O)cc5)cccn4n3)c2)CC1,77490,RFZKSQIFOZZIAQ-UHFFFAOYSA-N,CN1CCN(c2cccc(N=c3nc4c(-c5ccc(S(C)(=O)=O)cc5)cccn4[nH]3)c2)CC1,True,True,574
RGCVKNLCSQQDEP-UHFFFAOYSA-N,perphenazine,BRD-K10995081-001-27-9,1,MTS004,"CALM1, DRD1, DRD2, HRH1, HTR2A, HTR2C, HTR6, HTR7",dopamine receptor antagonist,OCCN1CCN(CCCN2c3ccccc3Sc3ccc(Cl)cc32)CC1,77511,RGCVKNLCSQQDEP-UHFFFAOYSA-N,OCCN1CCN(CCCN2c3ccccc3Sc3ccc(Cl)cc32)CC1,True,True,548
RGHYDLZMTYDBDT-UHFFFAOYSA-N,voxtalisib,BRD-K56291712-001-01-0,1,HTS,"MTOR, PIK3CA","mTOR inhibitor, PI3K inhibitor",CCn1c(=O)c(-c2cc[nH]n2)cc2c(C)nc(N)nc21,77542,RGHYDLZMTYDBDT-UHFFFAOYSA-N,CCn1c(=O)c(-c2cc[nH]n2)cc2c(C)[nH]c(=N)nc21,True,True,574
RGOVYLWUIBMPGK-UHFFFAOYSA-N,nonivamide,BRD-K05907307-001-07-1,1,HTS,TRPV1,TRPV agonist,CCCCCCCCC(=O)NCc1ccc(O)c(OC)c1,77597,RGOVYLWUIBMPGK-UHFFFAOYSA-N,CCCCCCCCC(=O)NCc1ccc(O)c(OC)c1,True,True,570
RGPDEAGGEXEMMM-UHFFFAOYSA-N,nefopam,BRD-A78877355-001-03-0,1,HTS,,cyclooxygenase inhibitor,CN1CCOC(c2ccccc2)c2ccccc2C1,77601,RGPDEAGGEXEMMM-UHFFFAOYSA-N,CN1CCOC(c2ccccc2)c2ccccc2C1,True,True,574
RGYQPQARIQKJKH-UHFFFAOYSA-N,GKT137831,BRD-K79710622-001-02-9,1,MTS004,"NOX1, NOX4",NADPH oxidase inhibitor,CN(C)c1cccc(-c2c3c(=O)n(-c4ccccc4Cl)[nH]c3cc(=O)n2C)c1,77678,RGYQPQARIQKJKH-UHFFFAOYSA-N,CN(C)c1cccc(-c2c3c(=O)n(-c4ccccc4Cl)[nH]c3cc(=O)n2C)c1,True,True,547
RHAXSHUQNIEUEY-UHFFFAOYSA-N,epirizole,BRD-K39339537-001-21-0,1,HTS,"PTGS1, PTGS2",cyclooxygenase inhibitor,COc1cc(C)nc(-n2nc(C)cc2OC)n1,77695,RHAXSHUQNIEUEY-UHFFFAOYSA-N,COc1cc(C)nc(-n2nc(C)cc2OC)n1,True,True,557
RHDJRPPFURBGLQ-UHFFFAOYSA-N,detomidine,BRD-K77597856-003-02-5,1,HTS,ADRA2A,adrenergic receptor agonist,Cc1cccc(Cc2c[nH]cn2)c1C,77711,RHDJRPPFURBGLQ-UHFFFAOYSA-N,Cc1cccc(Cc2c[nH]cn2)c1C,True,True,565
RHGKLRLOHDJJDR-UHFFFAOYSA-N,L-Citrulline,BRD-A12237696-001-04-2,1,HTS,"ASS1, DDAH1, DDAH2, GPRC6A, NOS1, NOS2, NOS3, OTC, PADI1, PADI2, PADI3, PADI4, PADI6",nitric oxide stimulant,NC(=O)NCCCC(N)C(=O)O,77738,RHGKLRLOHDJJDR-UHFFFAOYSA-N,NC(=O)NCCCC(N)C(=O)O,True,True,550
RHMXXJGYXNZAPX-UHFFFAOYSA-N,emodin,BRD-K58685305-001-20-4,1,HTS,CSNK2A1,11-beta hydroxysteroid dehydrogenase inhibitor,Cc1cc(O)c2c(c1)C(=O)c1cc(O)cc(O)c1C2=O,77798,RHMXXJGYXNZAPX-UHFFFAOYSA-N,Cc1cc(O)c2c(c1)C(=O)c1cc(O)cc(O)c1C2=O,True,True,564
RHXHGRAEPCAFML-UHFFFAOYSA-N,ribociclib,BRD-K36788280-001-01-2,1,HTS,"CDK4, CDK6",CDK inhibitor,CN(C)C(=O)c1cc2cnc(Nc3ccc(N4CCNCC4)cn3)nc2n1C1CCCC1,77874,RHXHGRAEPCAFML-UHFFFAOYSA-N,CN(C)C(=O)c1cc2c[nH]c(=Nc3ccc(N4CCNCC4)cn3)nc2n1C1CCCC1,True,True,565
RIJLVEAXPNLDTC-UHFFFAOYSA-N,filgotinib,BRD-K16803204-001-01-6,1,HTS,"JAK1, JAK2, JAK3, TYK2",JAK inhibitor,O=C(Nc1nc2cccc(-c3ccc(CN4CCS(=O)(=O)CC4)cc3)n2n1)C1CC1,77947,RIJLVEAXPNLDTC-UHFFFAOYSA-N,O=C(N=c1nc2cccc(-c3ccc(CN4CCS(=O)(=O)CC4)cc3)n2[nH]1)C1CC1,True,True,572
RIKMMFOAQPJVMX-UHFFFAOYSA-N,fomepizole,BRD-K56810756-001-03-0,1,HTS,"ADH1A, ADH1B, ADH1C, AKR1A1, CAT",alcohol dehydrogenase inhibitor,Cc1cn[nH]c1,77954,RIKMMFOAQPJVMX-UHFFFAOYSA-N,Cc1cn[nH]c1,True,True,574
RJFAYQIBOAGBLC-UHFFFAOYSA-N,selenomethionine,BRD-K74664543-213-01-2,1,HTS,,,C[Se]CCC(N)C(=O)O,78092,RJFAYQIBOAGBLC-UHFFFAOYSA-N,C[Se]CCC(N)C(=O)O,True,True,538
RJMIEHBSYVWVIN-UHFFFAOYSA-N,indoprofen,BRD-A44090213-001-25-6,1,HTS,"CXCR1, CXCR2, PTGS1, PTGS2","cyclooxygenase inhibitor, prostanoid receptor antagonist",CC(C(=O)O)c1ccc(N2Cc3ccccc3C2=O)cc1,78125,RJMIEHBSYVWVIN-UHFFFAOYSA-N,CC(C(=O)O)c1ccc(N2Cc3ccccc3C2=O)cc1,True,True,530
RJMUSRYZPJIFPJ-UHFFFAOYSA-N,niclosamide,BRD-K35960502-001-20-0,1,HTS,STAT3,"DNA replication inhibitor, STAT inhibitor",O=C(Nc1ccc([N+](=O)[O-])cc1Cl)c1cc(Cl)ccc1O,78127,RJMUSRYZPJIFPJ-UHFFFAOYSA-N,O=C(Nc1ccc([N+](=O)[O-])cc1Cl)c1cc(Cl)ccc1O,True,True,569
RKEWSXXUOLRFBX-UHFFFAOYSA-N,pimavanserin,BRD-K83405785-001-01-5,1,HTS,"DRD2, HTR2A",serotonin receptor inverse agonist,CC(C)COc1ccc(CNC(=O)N(Cc2ccc(F)cc2)C2CCN(C)CC2)cc1,78268,RKEWSXXUOLRFBX-UHFFFAOYSA-N,CC(C)COc1ccc(CNC(=O)N(Cc2ccc(F)cc2)C2CCN(C)CC2)cc1,True,True,554
RKWGIWYCVPQPMF-UHFFFAOYSA-N,chlorpropamide,BRD-K97746869-001-27-0,1,HTS,"ABCC8, KCNJ10, KCNJ11",ATP channel blocker,CCCNC(=O)NS(=O)(=O)c1ccc(Cl)cc1,78391,RKWGIWYCVPQPMF-UHFFFAOYSA-N,CCCNC(=O)NS(=O)(=O)c1ccc(Cl)cc1,True,True,574
RLGQACBPNDBWTB-UHFFFAOYSA-N,cetrimonium,BRD-K47079459-004-04-6,1,HTS,,,CCCCCCCCCCCCCCCC[N+](C)(C)C,78460,RLGQACBPNDBWTB-UHFFFAOYSA-N,CCCCCCCCCCCCCCCC[N+](C)(C)C,True,True,557
RLSSMJSEOOYNOY-UHFFFAOYSA-N,metacresol,BRD-K22518984-001-01-8,1,MTS004,INS,,Cc1cccc(O)c1,78551,RLSSMJSEOOYNOY-UHFFFAOYSA-N,Cc1cccc(O)c1,True,True,548
RMAMGGNACJHXHO-UHFFFAOYSA-N,P22077,BRD-K97714174-001-01-3,1,HTS,USP7,ubiquitin specific protease inhibitor,CC(=O)c1cc([N+](=O)[O-])c(Sc2ccc(F)cc2F)s1,78606,RMAMGGNACJHXHO-UHFFFAOYSA-N,CC(=O)c1cc([N+](=O)[O-])c(Sc2ccc(F)cc2F)s1,True,True,574
RMEDXOLNCUSCGS-UHFFFAOYSA-N,droperidol,BRD-K97158071-001-18-1,1,HTS,"ADRA1A, DRD2, DRD3, DRD4, HTR2A",dopamine receptor antagonist,O=C(CCCN1CC=C(n2c(=O)[nH]c3ccccc32)CC1)c1ccc(F)cc1,78631,RMEDXOLNCUSCGS-UHFFFAOYSA-N,O=C(CCCN1CC=C(n2c(=O)[nH]c3ccccc32)CC1)c1ccc(F)cc1,True,True,574
RMHMFHUVIITRHF-UHFFFAOYSA-N,pirenzepine,BRD-K89375097-300-08-8,1,HTS,"CHRM1, CHRM2, CHRM3, CHRM4, CHRM5",acetylcholine receptor antagonist,CN1CCN(CC(=O)N2c3ccccc3C(=O)Nc3cccnc32)CC1,78660,RMHMFHUVIITRHF-UHFFFAOYSA-N,CN1CCN(CC(=O)N2c3ccccc3C(=O)Nc3cccnc32)CC1,True,True,571
RMMXLENWKUUMAY-UHFFFAOYSA-N,telmisartan,BRD-K73999723-001-11-3,1,HTS,"AGTR1, PPARG",angiotensin receptor antagonist,CCCc1nc2c(C)cc(-c3nc4ccccc4n3C)cc2n1Cc1ccc(-c2ccccc2C(=O)O)cc1,78692,RMMXLENWKUUMAY-UHFFFAOYSA-N,CCCc1nc2c(C)cc(-c3nc4ccccc4n3C)cc2n1Cc1ccc(-c2ccccc2C(=O)O)cc1,True,True,574
RMMXTBMQSGEXHJ-UHFFFAOYSA-N,amidopyrine,BRD-K12568846-001-14-6,1,HTS,,analgesic agent,Cc1c(N(C)C)c(=O)n(-c2ccccc2)n1C,78693,RMMXTBMQSGEXHJ-UHFFFAOYSA-N,Cc1c(N(C)C)c(=O)n(-c2ccccc2)n1C,True,True,574
RNAMYOYQYRYFQY-UHFFFAOYSA-N,UNC0642,BRD-K60130390-001-02-1,1,MTS004,"EHMT1, EHMT2",histone lysine methyltransferase inhibitor,COc1cc2c(NC3CCN(C(C)C)CC3)nc(N3CCC(F)(F)CC3)nc2cc1OCCCN1CCCC1,78806,RNAMYOYQYRYFQY-UHFFFAOYSA-N,COc1cc2c(=NC3CCN(C(C)C)CC3)[nH]c(N3CCC(F)(F)CC3)nc2cc1OCCCN1CCCC1,True,True,547
RNCNPRCUHHDYPC-UHFFFAOYSA-N,NVP-BVU972,BRD-K77943374-001-02-8,1,HTS,MET,MET inhibitor,Cn1cc(-c2ccc3ncc(Cc4ccc5ncccc5c4)n3n2)cn1,78819,RNCNPRCUHHDYPC-UHFFFAOYSA-N,Cn1cc(-c2ccc3ncc(Cc4ccc5ncccc5c4)n3n2)cn1,True,True,574
ROBVIMPUHSLWNV-UHFFFAOYSA-N,aminoglutethimide,BRD-A25234499-001-18-3,1,HTS,"CYP11A1, CYP19A1",glucocorticoid receptor antagonist,CCC1(c2ccc(N)cc2)CCC(=O)NC1=O,78976,ROBVIMPUHSLWNV-UHFFFAOYSA-N,CCC1(c2ccc(N)cc2)CCC(=O)NC1=O,True,True,570
ROCFOIBAEVAOLQ-UHFFFAOYSA-N,ML167,BRD-K64835161-001-02-8,1,HTS,"CLK4, DYRK1B","CLK inhibitor, DYRK inhibitor",Cc1ccc(CNc2ncnc3ccc(-c4ccc(CO)o4)cc23)o1,78979,ROCFOIBAEVAOLQ-UHFFFAOYSA-N,Cc1ccc(CN=c2[nH]cnc3ccc(-c4ccc(CO)o4)cc23)o1,True,True,571
RODUKNYOEVZQPR-UHFFFAOYSA-N,1400W,BRD-K30237152-300-02-5,1,HTS,"NOS1, NOS2, NOS3",nitric oxide synthase inhibitor,CC(=N)NCc1cccc(CN)c1,78989,RODUKNYOEVZQPR-UHFFFAOYSA-N,CC(=N)NCc1cccc(CN)c1,True,True,563
RONQPWQYDRPRGG-UHFFFAOYSA-N,CGP-53353,BRD-K32292990-001-03-6,1,HTS,"EGFR, PRKCB","EGFR inhibitor, PKC inhibitor",O=C1NC(=O)c2cc(Nc3ccc(F)cc3)c(Nc3ccc(F)cc3)cc21,79075,RONQPWQYDRPRGG-UHFFFAOYSA-N,O=C1NC(=O)c2cc(Nc3ccc(F)cc3)c(Nc3ccc(F)cc3)cc21,True,True,565
RONZAEMNMFQXRA-UHFFFAOYSA-N,mirtazapine,BRD-A64977602-001-15-9,1,HTS,"ADRA1A, ADRA1B, ADRA1D, ADRA2A, ADRA2B, ADRA2C, ADRB1, ADRB2, DRD1, DRD2, DRD3, DRD5, HRH1, HRH3, HTR2A, HTR2B, HTR2C, HTR3A, HTR7, OPRK1, SLC6A2, SLC6A3, SLC6A4","adrenergic receptor antagonist, serotonin receptor antagonist",CN1CCN2c3ncccc3Cc3ccccc3C2C1,79076,RONZAEMNMFQXRA-UHFFFAOYSA-N,CN1CCN2c3ncccc3Cc3ccccc3C2C1,True,True,569
ROWSTIYZUWEOMM-UHFFFAOYSA-N,TAS-103,BRD-K09426783-300-01-0,1,HTS,TOP1,topoisomerase inhibitor,CN(C)CCNc1nc2cc(O)ccc2c2c1C(=O)c1ccccc1-2,79129,ROWSTIYZUWEOMM-UHFFFAOYSA-N,CN(C)CCN=c1[nH]c2cc(O)ccc2c2c1C(=O)c1ccccc1-2,True,True,550
ROYXIPOUVGDTAO-UHFFFAOYSA-N,JK-184,BRD-K38860038-001-01-2,1,HTS,,hedgehog pathway inhibitor,CCOc1ccc(Nc2nc(-c3c(C)nc4ccccn34)cs2)cc1,79146,ROYXIPOUVGDTAO-UHFFFAOYSA-N,CCOc1ccc(N=c2[nH]c(-c3c(C)nc4ccccn34)cs2)cc1,True,True,563
RPTUSVTUFVMDQK-UHFFFAOYSA-N,hydralazine,BRD-K82103381-003-09-4,1,MTS004,"AOC3, P4HA1",vasodilator,NNc1nncc2ccccc12,79302,RPTUSVTUFVMDQK-UHFFFAOYSA-N,NN=c1[nH]ncc2ccccc12,True,True,548
RQCXKDWOCUJWQZ-UHFFFAOYSA-N,ABT-702,BRD-K36021395-300-02-4,1,HTS,ADK,adenosine kinase inhibitor,Nc1ncnc2nc(-c3ccc(N4CCOCC4)nc3)cc(-c3cccc(Br)c3)c12,79359,RQCXKDWOCUJWQZ-UHFFFAOYSA-N,N=c1[nH]cnc2nc(-c3ccc(N4CCOCC4)nc3)cc(-c3cccc(Br)c3)c12,True,True,565
RQTOOFIXOKYGAN-UHFFFAOYSA-N,nedocromil,BRD-K64716392-001-01-3,1,HTS,"CYSLTR1, CYSLTR2, FPR1, HSP90AA1, PTGDR",histamine receptor antagonist,CCCc1c2oc(C(=O)O)cc(=O)c2cc2c(=O)cc(C(=O)O)n(CC)c12,79496,RQTOOFIXOKYGAN-UHFFFAOYSA-N,CCCc1c2oc(C(=O)O)cc(=O)c2cc2c(=O)cc(C(=O)O)n(CC)c12,True,True,571
RQVGFDBMONQTBC-UHFFFAOYSA-N,SKLB1002,BRD-K29895144-001-01-0,1,HTS,KDR,VEGFR inhibitor,COc1cc2ncnc(Sc3nnc(C)s3)c2cc1OC,79505,RQVGFDBMONQTBC-UHFFFAOYSA-N,COc1cc2ncnc(Sc3nnc(C)s3)c2cc1OC,True,True,571
RQXCLMGKHJWMOA-UHFFFAOYSA-N,pridinol,BRD-K17565903-066-23-1,1,HTS,,muscle relaxant,OC(CCN1CCCCC1)(c1ccccc1)c1ccccc1,79522,RQXCLMGKHJWMOA-UHFFFAOYSA-N,OC(CCN1CCCCC1)(c1ccccc1)c1ccccc1,True,True,569
RRAFCDWBNXTKKO-UHFFFAOYSA-N,eugenol,BRD-K32977963-001-05-0,1,HTS,AR,androgen receptor antagonist,C=CCc1ccc(O)c(OC)c1,79541,RRAFCDWBNXTKKO-UHFFFAOYSA-N,C=CCc1ccc(O)c(OC)c1,True,True,565
RRGUKTPIGVIEKM-UHFFFAOYSA-N,cilostazol,BRD-K67017579-001-28-1,1,HTS,"PDE3A, PDE3B",phosphodiesterase inhibitor,O=C1CCc2cc(OCCCCc3nnnn3C3CCCCC3)ccc2N1,79579,RRGUKTPIGVIEKM-UHFFFAOYSA-N,O=C1CCc2cc(OCCCCc3nnnn3C3CCCCC3)ccc2N1,True,True,569
RRJLJKRFFRZRAF-UHFFFAOYSA-N,SB-228357,BRD-K15424032-001-03-6,1,HTS,"HTR2A, HTR2B, HTR2C",serotonin receptor antagonist,COc1cc2c(cc1C(F)(F)F)N(C(=O)Nc1cc(F)cc(-c3cccnc3)c1)CC2,79607,RRJLJKRFFRZRAF-UHFFFAOYSA-N,COc1cc2c(cc1C(F)(F)F)N(C(=O)Nc1cc(F)cc(-c3cccnc3)c1)CC2,True,True,563
RRUDCFGSUDOHDG-UHFFFAOYSA-N,acetohydroxamic-acid,BRD-K21615095-001-08-4,1,HTS,MMP12,urease inhibitor,CC(=O)NO,79678,RRUDCFGSUDOHDG-UHFFFAOYSA-N,CC(O)=NO,True,True,538
RSQGZEAXODVTOL-UHFFFAOYSA-N,tirasemtiv,BRD-K51087630-001-01-6,1,HTS,,troponin activator,C#Cc1cnc2[nH]c(=O)n(C(CC)CC)c2n1,79826,RSQGZEAXODVTOL-UHFFFAOYSA-N,C#Cc1cnc2[nH]c(=O)n(C(CC)CC)c2n1,True,True,550
RTHCYVBBDHJXIQ-UHFFFAOYSA-N,fluoxetine,BRD-A31159102-003-30-4,1,HTS,"ANO1, HTR2B, SLC6A4",selective serotonin reuptake inhibitor (SSRI),CNCCC(Oc1ccc(C(F)(F)F)cc1)c1ccccc1,79948,RTHCYVBBDHJXIQ-UHFFFAOYSA-N,CNCCC(Oc1ccc(C(F)(F)F)cc1)c1ccccc1,True,True,563
RTHHSXOVIJWFQP-UHFFFAOYSA-N,4-mu-8C,BRD-K81316007-001-01-8,1,HTS,ERN1,IRE1 inhibitor,Cc1cc(=O)oc2c(C=O)c(O)ccc12,79949,RTHHSXOVIJWFQP-UHFFFAOYSA-N,Cc1cc(=O)oc2c(C=O)c(O)ccc12,True,True,568
RTIXKCRFFJGDFG-UHFFFAOYSA-N,chrysin,BRD-K22861715-001-17-4,1,HTS,"AKR1B1, CDK6, CYP19A1, CYP1B1",breast cancer resistance protein inhibitor,O=c1cc(-c2ccccc2)oc2cc(O)cc(O)c12,79962,RTIXKCRFFJGDFG-UHFFFAOYSA-N,O=c1cc(-c2ccccc2)oc2cc(O)cc(O)c12,True,True,547
RUZYUOTYCVRMRZ-UHFFFAOYSA-N,doxazosin,BRD-A13188892-066-21-5,1,HTS,"ADRA1A, ADRA1B, ADRA1D, KCNH2, KCNH6, KCNH7",adrenergic receptor antagonist,COc1cc2nc(N3CCN(C(=O)C4COc5ccccc5O4)CC3)nc(N)c2cc1OC,80267,RUZYUOTYCVRMRZ-UHFFFAOYSA-N,COc1cc2[nH]c(N3CCN(C(=O)C4COc5ccccc5O4)CC3)nc(=N)c2cc1OC,True,True,569
RVAQIUULWULRNW-UHFFFAOYSA-N,ganetespib,BRD-K38852836-001-02-1,1,HTS,HSP90AA1,HSP inhibitor,CC(C)c1cc(-c2n[nH]c(=O)n2-c2ccc3c(ccn3C)c2)c(O)cc1O,80269,RVAQIUULWULRNW-UHFFFAOYSA-N,CC(C)c1cc(-c2n[nH]c(=O)n2-c2ccc3c(ccn3C)c2)c(O)cc1O,True,True,574
RVGLGHVJXCETIO-UHFFFAOYSA-N,lodoxamide,BRD-K66937583-001-01-2,1,HTS,,histamine receptor antagonist,N#Cc1cc(NC(=O)C(=O)O)c(Cl)c(NC(=O)C(=O)O)c1,80305,RVGLGHVJXCETIO-UHFFFAOYSA-N,N#Cc1cc(NC(=O)C(=O)O)c(Cl)c(NC(=O)C(=O)O)c1,True,True,569
RVMGXWBCQGAWBR-UHFFFAOYSA-N,chromocarb,BRD-K94720315-001-10-4,1,HTS,,antispasmodic,O=C(O)c1cc(=O)c2ccccc2o1,80347,RVMGXWBCQGAWBR-UHFFFAOYSA-N,O=C(O)c1cc(=O)c2ccccc2o1,True,True,569
RVOLLAQWKVFTGE-UHFFFAOYSA-N,mestinon,BRD-K69688083-004-23-1,1,HTS,"ACHE, BCHE",cholinesterase inhibitor,CN(C)C(=O)Oc1ccc[n+](C)c1,80368,RVOLLAQWKVFTGE-UHFFFAOYSA-N,CN(C)C(=O)Oc1ccc[n+](C)c1,True,True,567
RWEVIPRMPFNTLO-UHFFFAOYSA-N,AZD8330,BRD-K37687095-001-06-9,1,HTS,,MEK inhibitor,Cc1cc(C(=O)NOCCO)c(Nc2ccc(I)cc2F)n(C)c1=O,80472,RWEVIPRMPFNTLO-UHFFFAOYSA-N,Cc1cc(C(=O)NOCCO)c(Nc2ccc(I)cc2F)n(C)c1=O,True,True,574
RWTNPBWLLIMQHL-UHFFFAOYSA-N,fexofenadine,BRD-A73368467-003-17-6,1,HTS,HRH1,histamine receptor antagonist,CC(C)(C(=O)O)c1ccc(C(O)CCCN2CCC(C(O)(c3ccccc3)c3ccccc3)CC2)cc1,80582,RWTNPBWLLIMQHL-UHFFFAOYSA-N,CC(C)(C(=O)O)c1ccc(C(O)CCCN2CCC(C(O)(c3ccccc3)c3ccccc3)CC2)cc1,True,True,572
RWZVPVOZTJJMNU-UHFFFAOYSA-N,demecarium,BRD-K51471001-303-04-7,1,HTS,"ACHE, BCHE",acetylcholinesterase inhibitor,CN(CCCCCCCCCCN(C)C(=O)Oc1cccc([N+](C)(C)C)c1)C(=O)Oc1cccc([N+](C)(C)C)c1,80627,RWZVPVOZTJJMNU-UHFFFAOYSA-N,CN(CCCCCCCCCCN(C)C(=O)Oc1cccc([N+](C)(C)C)c1)C(=O)Oc1cccc([N+](C)(C)C)c1,True,True,565
RXRZPHQBTHQXSV-UHFFFAOYSA-N,CZC24832,BRD-K01377300-001-01-1,1,HTS,PIK3CG,PI3K inhibitor,CC(C)(C)NS(=O)(=O)c1cncc(-c2cc(F)c3nc(N)nn3c2)c1,80747,RXRZPHQBTHQXSV-UHFFFAOYSA-N,CC(C)(C)NS(=O)(=O)c1cncc(-c2cc(F)c3nc(=N)[nH]n3c2)c1,True,True,574
RXZMYLDMFYNEIM-UHFFFAOYSA-N,PHA-848125,BRD-K60997853-001-02-3,1,HTS,"CDK2, CDK4, CDK7, NTRK1","CDK inhibitor, growth factor receptor inhibitor",CNC(=O)c1nn(C)c2c1C(C)(C)Cc1cnc(Nc3ccc(N4CCN(C)CC4)cc3)nc1-2,80803,RXZMYLDMFYNEIM-UHFFFAOYSA-N,CNC(=O)c1nn(C)c2c1C(C)(C)Cc1c[nH]c(=Nc3ccc(N4CCN(C)CC4)cc3)nc1-2,True,True,572
RYEFFICCPKWYML-UHFFFAOYSA-N,picrotin,BRD-A91822151-001-05-0,1,HTS,"GABRA1, GABRR1, GLRA1, GLRA2, GLRA3, GLRB",GABA receptor antagonist,CC(C)(O)C1C2OC(=O)C1C1(O)CC3OC34C(=O)OC2C14C,80842,RYEFFICCPKWYML-UHFFFAOYSA-N,CC(C)(O)C1C2OC(=O)C1C1(O)CC3OC34C(=O)OC2C14C,True,True,557
RYOOHIUJEJZCFT-UHFFFAOYSA-N,camylofine-chlorhydrate,BRD-A91733352-300-04-5,1,HTS,,,CCN(CC)CCNC(C(=O)OCCC(C)C)c1ccccc1,80914,RYOOHIUJEJZCFT-UHFFFAOYSA-N,CCN(CC)CCNC(C(=O)OCCC(C)C)c1ccccc1,True,True,570
RYQOILLJDKPETL-UHFFFAOYSA-N,hexaminolevulinate,BRD-K73753850-003-01-6,1,MTS004,,,CCCCCCOC(=O)CCC(=O)CN,80934,RYQOILLJDKPETL-UHFFFAOYSA-N,CCCCCCOC(=O)CCC(=O)CN,True,True,548
RYRFAMRQBZNEPX-UHFFFAOYSA-N,ethimizol,BRD-K19672466-001-02-3,1,HTS,,,CCn1cnc(C(=O)NC)c1C(=O)NC,80939,RYRFAMRQBZNEPX-UHFFFAOYSA-N,CCn1cnc(C(=O)NC)c1C(=O)NC,True,True,574
RYYCJUAHISIHTL-UHFFFAOYSA-N,oxonic-acid,BRD-K31468676-237-01-8,1,HTS,,uricase inhibitor,O=C(O)c1nc(=O)[nH]c(=O)[nH]1,80987,RYYCJUAHISIHTL-UHFFFAOYSA-N,O=C(O)c1nc(=O)[nH]c(=O)[nH]1,True,True,549
RZEKVGVHFLEQIL-UHFFFAOYSA-N,celecoxib,BRD-K02637541-001-18-0,1,HTS,"CA12, PDPK1, PTGS2",cyclooxygenase inhibitor,Cc1ccc(-c2cc(C(F)(F)F)nn2-c2ccc(S(N)(=O)=O)cc2)cc1,81030,RZEKVGVHFLEQIL-UHFFFAOYSA-N,Cc1ccc(-c2cc(C(F)(F)F)nn2-c2ccc(S(N)(=O)=O)cc2)cc1,True,True,565
RZIDZIGAXXNODG-UHFFFAOYSA-N,CCT128930,BRD-K76406695-001-02-9,1,HTS,"PKIA, PRKACA",AKT inhibitor,NC1(Cc2ccc(Cl)cc2)CCN(c2ncnc3[nH]ccc23)CC1,81054,RZIDZIGAXXNODG-UHFFFAOYSA-N,NC1(Cc2ccc(Cl)cc2)CCN(c2ncnc3[nH]ccc23)CC1,True,True,570
SAGZIBJAQGBRQA-UHFFFAOYSA-N,GW-788388,BRD-K78086729-001-02-7,1,HTS,"LCK, MAPK14, TGFBR1",ALK tyrosine kinase receptor inhibitor,O=C(NC1CCOCC1)c1ccc(-c2cc(-c3c[nH]nc3-c3ccccn3)ccn2)cc1,81223,SAGZIBJAQGBRQA-UHFFFAOYSA-N,O=C(NC1CCOCC1)c1ccc(-c2cc(-c3c[nH]nc3-c3ccccn3)ccn2)cc1,True,True,574
SANOUVWGPVYVAV-UHFFFAOYSA-N,isovaleramide,BRD-K90069354-001-03-7,1,MTS004,,alcohol dehydrogenase inhibitor,CC(C)CC(N)=O,81284,SANOUVWGPVYVAV-UHFFFAOYSA-N,CC(C)CC(N)=O,True,True,547
SAYGKHKXGCPTLX-UHFFFAOYSA-N,TPCA-1,BRD-K51575138-001-13-2,1,HTS,IKBKB,IKK inhibitor,NC(=O)Nc1sc(-c2ccc(F)cc2)cc1C(N)=O,81346,SAYGKHKXGCPTLX-UHFFFAOYSA-N,NC(=O)Nc1sc(-c2ccc(F)cc2)cc1C(N)=O,True,True,574
SBDNJUWAMKYJOX-UHFFFAOYSA-N,meclofenamic-acid,BRD-K50398167-236-22-7,1,HTS,"ALOX5, CNR1, KCNQ2, KCNQ3, PTGS1, PTGS2","cyclooxygenase inhibitor, prostanoid receptor antagonist",Cc1ccc(Cl)c(Nc2ccccc2C(=O)O)c1Cl,81384,SBDNJUWAMKYJOX-UHFFFAOYSA-N,Cc1ccc(Cl)c(Nc2ccccc2C(=O)O)c1Cl,True,True,563
SBNKFTQSBPKMBZ-UHFFFAOYSA-N,ethenzamide,BRD-K88308881-001-06-8,1,HTS,,analgesic agent,CCOc1ccccc1C(N)=O,81455,SBNKFTQSBPKMBZ-UHFFFAOYSA-N,CCOc1ccccc1C(N)=O,True,True,569
SBPBAQFWLVIOKP-UHFFFAOYSA-N,chlorpyrifos,BRD-K08303368-001-10-0,1,HTS,ACHE,acetylcholinesterase inhibitor,CCOP(=S)(OCC)Oc1nc(Cl)c(Cl)cc1Cl,81467,SBPBAQFWLVIOKP-UHFFFAOYSA-N,CCOP(=S)(OCC)Oc1nc(Cl)c(Cl)cc1Cl,True,True,531
SBPRIAGPYFYCRT-UHFFFAOYSA-N,WAY-100635,BRD-K69812556-305-02-0,1,HTS,HTR1A,serotonin receptor antagonist,COc1ccccc1N1CCN(CCN(C(=O)C2CCCCC2)c2ccccn2)CC1,81472,SBPRIAGPYFYCRT-UHFFFAOYSA-N,COc1ccccc1N1CCN(CCN(C(=O)C2CCCCC2)c2ccccn2)CC1,True,True,570
SCFMWQIQBVZOQR-UHFFFAOYSA-N,BMS-265246,BRD-K62814476-001-03-3,1,HTS,"CDK1, CDK2",CDK inhibitor,CCCCOc1c(C(=O)c2c(F)cc(C)cc2F)cnc2[nH]ncc12,81581,SCFMWQIQBVZOQR-UHFFFAOYSA-N,CCCCOc1c(C(=O)c2c(F)cc(C)cc2F)cnc2[nH]ncc12,True,True,565
SCKYRAXSEDYPSA-UHFFFAOYSA-N,ciclopirox,BRD-K13044802-213-20-7,1,HTS,ATP1A1,membrane integrity inhibitor,Cc1cc(C2CCCCC2)n(O)c(=O)c1,81630,SCKYRAXSEDYPSA-UHFFFAOYSA-N,Cc1cc(C2CCCCC2)n(O)c(=O)c1,True,True,574
SCTZUZTYRMOMKT-UHFFFAOYSA-N,senicapoc,BRD-K21295289-001-01-6,1,HTS,KCNN4,intermediate conductance potassium channel blocker,NC(=O)C(c1ccccc1)(c1ccc(F)cc1)c1ccc(F)cc1,81694,SCTZUZTYRMOMKT-UHFFFAOYSA-N,NC(=O)C(c1ccccc1)(c1ccc(F)cc1)c1ccc(F)cc1,True,True,550
SDEAXTCZPQIFQM-UHFFFAOYSA-N,tucatinib,BRD-K26026438-001-01-0,1,MTS004,ERBB2,EGFR inhibitor,Cc1cc(Nc2ncnc3ccc(NC4=NC(C)(C)CO4)cc23)ccc1Oc1ccn2ncnc2c1,81760,SDEAXTCZPQIFQM-UHFFFAOYSA-N,Cc1cc(N=c2[nH]cnc3ccc(N=C4NC(C)(C)CO4)cc23)ccc1Oc1ccn2ncnc2c1,True,True,547
SDGJBAUIGHSMRI-UHFFFAOYSA-N,WZ4003,BRD-K45909031-001-01-5,1,HTS,"NUAK1, NUAK2",AMPK inhibitor,CCC(=O)Nc1cccc(Oc2nc(Nc3ccc(N4CCN(C)CC4)cc3OC)ncc2Cl)c1,81777,SDGJBAUIGHSMRI-UHFFFAOYSA-N,CCC(=O)Nc1cccc(Oc2[nH]c(=Nc3ccc(N4CCN(C)CC4)cc3OC)ncc2Cl)c1,True,True,570
SDGKUVSVPIIUCF-UHFFFAOYSA-N,"2,6-dimethylpiperidine",BRD-A21276153-001-01-1,1,HTS,,,CC1CCCC(C)N1,81778,SDGKUVSVPIIUCF-UHFFFAOYSA-N,CC1CCCC(C)N1,True,True,538
SEBMTIQKRHYNIT-UHFFFAOYSA-N,azatadine,BRD-K77821588-364-01-2,1,HTS,HRH1,histamine receptor antagonist,CN1CCC(=C2c3ccccc3CCc3cccnc32)CC1,81924,SEBMTIQKRHYNIT-UHFFFAOYSA-N,CN1CCC(=C2c3ccccc3CCc3cccnc32)CC1,True,True,557
SECKRCOLJRRGGV-UHFFFAOYSA-N,vardenafil,BRD-K13926615-003-03-3,1,HTS,"PDE5A, PDE6G, PDE6H",phosphodiesterase inhibitor,CCCc1nc(C)c2c(=O)[nH]c(-c3cc(S(=O)(=O)N4CCN(CC)CC4)ccc3OCC)nn12,81933,SECKRCOLJRRGGV-UHFFFAOYSA-N,CCCc1nc(C)c2c(=O)[nH]c(-c3cc(S(=O)(=O)N4CCN(CC)CC4)ccc3OCC)nn12,True,True,574
SEEPANYCNGTZFQ-UHFFFAOYSA-N,sulfadiazine,BRD-K32273377-001-17-9,1,HTS,,bacterial antifolate,Nc1ccc(S(=O)(=O)Nc2ncccn2)cc1,81953,SEEPANYCNGTZFQ-UHFFFAOYSA-N,Nc1ccc(S(=O)(=O)N=c2nccc[nH]2)cc1,True,True,567
SEGYOKHGGFKMCX-UHFFFAOYSA-N,JZL-184,BRD-K45446451-001-05-0,1,HTS,MGLL,monoacylglucerol lipase inhibitor,O=C(Oc1ccc([N+](=O)[O-])cc1)N1CCC(C(O)(c2ccc3c(c2)OCO3)c2ccc3c(c2)OCO3)CC1,81976,SEGYOKHGGFKMCX-UHFFFAOYSA-N,O=C(Oc1ccc([N+](=O)[O-])cc1)N1CCC(C(O)(c2ccc3c(c2)OCO3)c2ccc3c(c2)OCO3)CC1,True,True,574
SEKJSSBJKFLZIT-UHFFFAOYSA-N,AG-14361,BRD-K00615600-001-12-9,1,HTS,PARP1,PARP inhibitor,CN(C)Cc1ccc(-c2nc3cccc4c3n2CCNC4=O)cc1,81999,SEKJSSBJKFLZIT-UHFFFAOYSA-N,CN(C)Cc1ccc(-c2nc3cccc4c3n2CCNC4=O)cc1,True,True,540
SFBODOKJTYAUCM-UHFFFAOYSA-N,ipriflavone,BRD-K93618743-001-21-0,1,HTS,,bone resorption inhibitor,CC(C)Oc1ccc2c(=O)c(-c3ccccc3)coc2c1,82126,SFBODOKJTYAUCM-UHFFFAOYSA-N,CC(C)Oc1ccc2c(=O)c(-c3ccccc3)coc2c1,True,True,567
SGEGOXDYSFKCPT-UHFFFAOYSA-N,vilazodone,BRD-K58010567-003-02-2,1,HTS,"DRD2, DRD3, HRH1, HTR1A, HTR4, SLC6A4",serotonin reuptake inhibitor,N#Cc1ccc2[nH]cc(CCCCN3CCN(c4ccc5oc(C(N)=O)cc5c4)CC3)c2c1,82327,SGEGOXDYSFKCPT-UHFFFAOYSA-N,N#Cc1ccc2[nH]cc(CCCCN3CCN(c4ccc5oc(C(N)=O)cc5c4)CC3)c2c1,True,True,574
SGIWFELWJPNFDH-UHFFFAOYSA-N,T-0901317,BRD-K23383398-001-09-9,1,HTS,"NCOA1, NCOA2, NR1H2, NR1H3, NR1I2, RXRB",LXR agonist,O=S(=O)(c1ccccc1)N(CC(F)(F)F)c1ccc(C(O)(C(F)(F)F)C(F)(F)F)cc1,82359,SGIWFELWJPNFDH-UHFFFAOYSA-N,O=S(=O)(c1ccccc1)N(CC(F)(F)F)c1ccc(C(O)(C(F)(F)F)C(F)(F)F)cc1,True,True,565
SGOOQMRIPALTEL-UHFFFAOYSA-N,roquinimex,BRD-K03384561-001-02-7,1,HTS,,"angiogenesis inhibitor, tumor necrosis factor production inhibitor",CN(C(=O)c1c(O)c2ccccc2n(C)c1=O)c1ccccc1,82398,SGOOQMRIPALTEL-UHFFFAOYSA-N,CN(C(=O)c1c(O)c2ccccc2n(C)c1=O)c1ccccc1,True,True,569
SGRYPYWGNKJSDL-UHFFFAOYSA-N,amlexanox,BRD-K29530284-001-06-2,1,HTS,"FGF1, IL3, PDE4A, PDE4B, PDE4C, PDE4D, S100A12, S100A13",histamine receptor modulator,CC(C)c1ccc2oc3nc(N)c(C(=O)O)cc3c(=O)c2c1,82428,SGRYPYWGNKJSDL-UHFFFAOYSA-N,CC(C)c1ccc2oc3[nH]c(=N)c(C(=O)O)cc3c(=O)c2c1,True,True,565
SGTNSNPWRIOYBX-UHFFFAOYSA-N,verapamil,BRD-A09533288-003-31-2,1,HTS,"CACNA1A, CACNA1B, CACNA1C, CACNA1D, CACNA1F, CACNA1G, CACNA1I, CACNA1S, CACNB1, CACNB2, CACNB3, CACNB4, CYP3A4, KCNA10, KCNA7, KCNH2, KCNJ11, NALCN, SCN5A, SLC29A4, SLC6A4",calcium channel blocker,COc1ccc(CCN(C)CCCC(C#N)(c2ccc(OC)c(OC)c2)C(C)C)cc1OC,82443,SGTNSNPWRIOYBX-UHFFFAOYSA-N,COc1ccc(CCN(C)CCCC(C#N)(c2ccc(OC)c(OC)c2)C(C)C)cc1OC,True,True,547
SGUAFYQXFOLMHL-UHFFFAOYSA-N,labetalol,BRD-A07440155-003-25-4,1,HTS,"ADRA1A, ADRA1B, ADRA1D, ADRB1, ADRB2",adrenergic receptor antagonist,CC(CCc1ccccc1)NCC(O)c1ccc(O)c(C(N)=O)c1,82446,SGUAFYQXFOLMHL-UHFFFAOYSA-N,CC(CCc1ccccc1)NCC(O)c1ccc(O)c(C(N)=O)c1,True,True,569
SHHUPGSHGSNPDB-UHFFFAOYSA-N,adiporon,BRD-K68810443-001-01-9,1,HTS,"ADIPOR1, ADIPOR2",adiponectin receptor agonist,O=C(COc1ccc(C(=O)c2ccccc2)cc1)NC1CCN(Cc2ccccc2)CC1,82556,SHHUPGSHGSNPDB-UHFFFAOYSA-N,O=C(COc1ccc(C(=O)c2ccccc2)cc1)NC1CCN(Cc2ccccc2)CC1,True,True,570
SINQIEAULQKUPD-UHFFFAOYSA-N,tie2-kinase-inhibitor,BRD-A92800748-001-05-5,1,HTS,"KDR, MAPK14",TIE tyrosine kinase inhibitor,COc1ccc2cc(-c3nc(-c4ccc(S(C)=O)cc4)[nH]c3-c3ccncc3)ccc2c1,82806,SINQIEAULQKUPD-UHFFFAOYSA-N,COc1ccc2cc(-c3[nH]c(-c4ccc([S+](C)[O-])cc4)nc3-c3ccncc3)ccc2c1,True,True,569
SIXLXDIJGIWWFU-UHFFFAOYSA-N,pyritinol,BRD-K82181219-001-04-3,1,HTS,,,Cc1ncc(CSSCc2cnc(C)c(O)c2CO)c(CO)c1O,82872,SIXLXDIJGIWWFU-UHFFFAOYSA-N,Cc1ncc(CSSCc2cnc(C)c(O)c2CO)c(CO)c1O,True,True,570
SIYLLGKDQZGJHK-UHFFFAOYSA-N,benzethonium,BRD-K72723676-003-17-8,1,HTS,SCN10A,sodium channel blocker,CC(C)(C)CC(C)(C)c1ccc(OCCOCC[N+](C)(C)Cc2ccccc2)cc1,82880,SIYLLGKDQZGJHK-UHFFFAOYSA-N,CC(C)(C)CC(C)(C)c1ccc(OCCOCC[N+](C)(C)Cc2ccccc2)cc1,True,True,569
SKIVFJLNDNKQPD-UHFFFAOYSA-N,sulfacetamide,BRD-K21520694-236-02-6,1,HTS,,PABA antagonist,CC(=O)NS(=O)(=O)c1ccc(N)cc1,83140,SKIVFJLNDNKQPD-UHFFFAOYSA-N,CC(=O)NS(=O)(=O)c1ccc(N)cc1,True,True,574
SKPLBLUECSEIFO-UHFFFAOYSA-N,chlorphensin-carbamate,BRD-A39230911-001-10-2,1,HTS,,muscle relaxant,NC(=O)OCC(O)COc1ccc(Cl)cc1,83183,SKPLBLUECSEIFO-UHFFFAOYSA-N,NC(=O)OCC(O)COc1ccc(Cl)cc1,True,True,572
SKVLYVHULOWXTD-UHFFFAOYSA-N,succinylsulfathiazole,BRD-K01950558-001-14-7,1,HTS,DHFR,dihydrofolate reductase inhibitor,O=C(O)CCC(=O)Nc1ccc(S(=O)(=O)Nc2nccs2)cc1,83223,SKVLYVHULOWXTD-UHFFFAOYSA-N,O=C(O)CCC(=O)Nc1ccc(S(=O)(=O)N=c2[nH]ccs2)cc1,True,True,570
SKYSRIRYMSLOIN-UHFFFAOYSA-N,cyclopentolate,BRD-A77291778-003-22-0,1,HTS,CHRM1,acetylcholine receptor antagonist,CN(C)CCOC(=O)C(c1ccccc1)C1(O)CCCC1,83248,SKYSRIRYMSLOIN-UHFFFAOYSA-N,CN(C)CCOC(=O)C(c1ccccc1)C1(O)CCCC1,True,True,568
SKZKKFZAGNVIMN-UHFFFAOYSA-N,salicylamide,BRD-K81130846-001-17-4,1,HTS,,analgesic agent,NC(=O)c1ccccc1O,83256,SKZKKFZAGNVIMN-UHFFFAOYSA-N,NC(=O)c1ccccc1O,True,True,569
SLVMESMUVMCQIY-UHFFFAOYSA-N,mesoridazine,BRD-A14395271-074-17-8,1,HTS,"DRD2, HTR2A",dopamine receptor antagonist,CN1CCCCC1CCN1c2ccccc2Sc2ccc(S(C)=O)cc21,83396,SLVMESMUVMCQIY-UHFFFAOYSA-N,CN1CCCCC1CCN1c2ccccc2Sc2ccc([S+](C)[O-])cc21,True,True,570
SLXKOJJOQWFEFD-UHFFFAOYSA-N,aminocaproic-acid,BRD-K64931368-003-01-4,1,HTS,"LPA, PLAT, PLG",plasminogen activator inhibitor,NCCCCCC(=O)O,83410,SLXKOJJOQWFEFD-UHFFFAOYSA-N,NCCCCCC(=O)O,True,True,567
SLYPOVJCSQHITR-UHFFFAOYSA-N,tioxolone,BRD-K41876534-001-13-7,1,HTS,CA2,carbonic anhydrase inhibitor,O=c1oc2cc(O)ccc2s1,83422,SLYPOVJCSQHITR-UHFFFAOYSA-N,O=c1oc2cc(O)ccc2s1,True,True,569
SMTZFNFIKUPEJC-UHFFFAOYSA-N,roxatidine-acetate,BRD-K81855038-003-13-9,1,HTS,HRH2,histamine receptor antagonist,CC(=O)OCC(=O)NCCCOc1cccc(CN2CCCCC2)c1,83582,SMTZFNFIKUPEJC-UHFFFAOYSA-N,CC(=O)OCC(=O)NCCCOc1cccc(CN2CCCCC2)c1,True,True,570
SNICXCGAKADSCV-UHFFFAOYSA-N,nicotine,BRD-A93695607-322-02-5; BRD-K05395900-322-05-4,2,HTS,"CHAT, CHRNA10, CHRNA2, CHRNA3, CHRNA4, CHRNA5, CHRNA6, CHRNA7, CHRNA9, CHRNB2, CHRNB3, CHRNB4, CYP19A1, TBXAS1, TRPA1",acetylcholine receptor agonist,CN1CCCC1c1cccnc1,83679,SNICXCGAKADSCV-UHFFFAOYSA-N,CN1CCCC1c1cccnc1,True,True,573
SNKZJIOFVMKAOJ-UHFFFAOYSA-N,tramiprosate,BRD-K82234479-001-09-4,1,HTS,APP,beta amyloid protein neurotoxicity inhibitor,NCCCS(=O)(=O)O,83701,SNKZJIOFVMKAOJ-UHFFFAOYSA-N,NCCCS(=O)(=O)O,True,True,547
SNMCWIDCSPHZRD-UHFFFAOYSA-N,SSR128129E,BRD-K65890018-236-01-1,1,HTS,,,COc1c(C)c(C(=O)c2ccc(N)c(C(=O)O)c2)n2ccccc12,83713,SNMCWIDCSPHZRD-UHFFFAOYSA-N,COc1c(C)c(C(=O)c2ccc(N)c(C(=O)O)c2)n2ccccc12,True,True,570
SNPPWIUOZRMYNY-UHFFFAOYSA-N,bupropion,BRD-A05186015-003-19-8,1,HTS,"CHRNA3, SLC6A2, SLC6A3",dopamine uptake inhibitor,CC(NC(C)(C)C)C(=O)c1cccc(Cl)c1,83740,SNPPWIUOZRMYNY-UHFFFAOYSA-N,CC(NC(C)(C)C)C(=O)c1cccc(Cl)c1,True,True,569
SNTQPLDRUZOSDP-UHFFFAOYSA-N,proadifen,BRD-K46317332-003-17-8,1,HTS,NOS1,nitric oxide synthase inhibitor,CCCC(C(=O)OCCN(CC)CC)(c1ccccc1)c1ccccc1,83769,SNTQPLDRUZOSDP-UHFFFAOYSA-N,CCCC(C(=O)OCCN(CC)CC)(c1ccccc1)c1ccccc1,True,True,570
SNWQKAWITMVCQW-UHFFFAOYSA-N,phthalylsulfacetamide,BRD-K77115421-001-02-6,1,HTS,,,CC(=O)NS(=O)(=O)c1ccc(NC(=O)c2ccccc2C(=O)O)cc1,83790,SNWQKAWITMVCQW-UHFFFAOYSA-N,CC(=O)NS(=O)(=O)c1ccc(NC(=O)c2ccccc2C(=O)O)cc1,True,True,563
SOYCMDCMZDHQFP-UHFFFAOYSA-N,amfenac,BRD-K82122102-323-01-1,1,HTS,"PTGS1, PTGS2",cyclooxygenase inhibitor,Nc1c(CC(=O)O)cccc1C(=O)c1ccccc1,83987,SOYCMDCMZDHQFP-UHFFFAOYSA-N,Nc1c(CC(=O)O)cccc1C(=O)c1ccccc1,True,True,557
SOYKEARSMXGVTM-UHFFFAOYSA-N,chlorphenamine,BRD-A04553218-050-16-2,1,HTS,"HRH1, SLC6A2, SLC6A3, SLC6A4",histamine receptor antagonist,CN(C)CCC(c1ccc(Cl)cc1)c1ccccn1,83988,SOYKEARSMXGVTM-UHFFFAOYSA-N,CN(C)CCC(c1ccc(Cl)cc1)c1ccccn1,True,True,569
SPFYMRJSYKOXGV-UHFFFAOYSA-N,enrofloxacin,BRD-K76534306-001-22-7,1,HTS,,bacterial DNA gyrase inhibitor,CCN1CCN(c2cc3c(cc2F)c(=O)c(C(=O)O)cn3C2CC2)CC1,84048,SPFYMRJSYKOXGV-UHFFFAOYSA-N,CCN1CCN(c2cc3c(cc2F)c(=O)c(C(=O)O)cn3C2CC2)CC1,True,True,570
SPIUTQOUKAMGCX-UHFFFAOYSA-N,flavoxate,BRD-K47639036-003-06-6,1,HTS,"CHRM1, CHRM2",acetylcholine receptor antagonist,Cc1c(-c2ccccc2)oc2c(C(=O)OCCN3CCCCC3)cccc2c1=O,84072,SPIUTQOUKAMGCX-UHFFFAOYSA-N,Cc1c(-c2ccccc2)oc2c(C(=O)OCCN3CCCCC3)cccc2c1=O,True,True,561
SPMVMDHWKHCIDT-UHFFFAOYSA-N,tivozanib,BRD-K53414658-001-08-2,1,HTS,"FLT1, FLT4, KDR, KIT, PDGFRA, PDGFRB",VEGFR inhibitor,COc1cc2nccc(Oc3ccc(NC(=O)Nc4cc(C)on4)c(Cl)c3)c2cc1OC,84095,SPMVMDHWKHCIDT-UHFFFAOYSA-N,COc1cc2nccc(Oc3ccc(NC(=O)N=c4cc(C)o[nH]4)c(Cl)c3)c2cc1OC,True,True,550
SPTMROWPYQRZSX-UHFFFAOYSA-N,isoxicam,BRD-A75552914-001-15-0,1,HTS,"PTGS1, PTGS2",cyclooxygenase inhibitor,Cc1cc(NC(=O)C2C(=O)c3ccccc3S(=O)(=O)N2C)no1,84140,SPTMROWPYQRZSX-UHFFFAOYSA-N,Cc1cc(=NC(=O)C2C(=O)c3ccccc3S(=O)(=O)N2C)[nH]o1,True,True,565
SQKXYSGRELMAAU-UHFFFAOYSA-N,imidafenacin,BRD-K29626940-001-01-5,1,MTS004,"CHRM1, CHRM3",acetylcholine receptor antagonist,Cc1nccn1CCC(C(N)=O)(c1ccccc1)c1ccccc1,84255,SQKXYSGRELMAAU-UHFFFAOYSA-N,Cc1nccn1CCC(C(N)=O)(c1ccccc1)c1ccccc1,True,True,547
SQSZANZGUXWJEA-UHFFFAOYSA-N,LY2784544,BRD-K25630527-001-03-8,1,HTS,"JAK2, JAK3",JAK inhibitor,Cc1cc(Nc2cc(CN3CCOCC3)c3nc(C)c(Cc4ccc(Cl)cc4F)n3n2)[nH]n1,84321,SQSZANZGUXWJEA-UHFFFAOYSA-N,Cc1cc(=Nc2cc(CN3CCOCC3)c3nc(C)c(Cc4ccc(Cl)cc4F)n3n2)[nH][nH]1,True,True,574
SQUNAWUMZGQQJD-UHFFFAOYSA-N,eperisone,BRD-A04252265-003-01-4,1,HTS,CYP2J2,acetylcholine receptor antagonist,CCc1ccc(C(=O)C(C)CN2CCCCC2)cc1,84339,SQUNAWUMZGQQJD-UHFFFAOYSA-N,CCc1ccc(C(=O)C(C)CN2CCCCC2)cc1,True,True,563
SRFABRWQVPCPRG-UHFFFAOYSA-N,ML130,BRD-K89306950-001-12-5,1,HTS,,NOD1 inhibitor,Cc1ccc(S(=O)(=O)n2c(N)nc3ccccc32)cc1,84428,SRFABRWQVPCPRG-UHFFFAOYSA-N,Cc1ccc(S(=O)(=O)n2c(=N)[nH]c3ccccc32)cc1,True,True,574
SRUISGSHWFJION-UHFFFAOYSA-N,E-4031,BRD-K41713976-300-02-6,1,HTS,"KCNH1, KCNH2",potassium channel blocker,Cc1cccc(CCN2CCC(C(=O)c3ccc(NS(C)(=O)=O)cc3)CC2)n1,84529,SRUISGSHWFJION-UHFFFAOYSA-N,Cc1cccc(CCN2CCC(C(=O)c3ccc(NS(C)(=O)=O)cc3)CC2)n1,True,True,565
SSMSBSWKLKKXGG-UHFFFAOYSA-N,clorprenaline,BRD-A29281099-003-03-2,1,HTS,"ADRB1, ADRB2",adrenergic receptor agonist,CC(C)NCC(O)c1ccccc1Cl,84644,SSMSBSWKLKKXGG-UHFFFAOYSA-N,CC(C)NCC(O)c1ccccc1Cl,True,True,557
SSOLNOMRVKKSON-UHFFFAOYSA-N,proguanil,BRD-K28183345-003-11-4,1,HTS,DHFR,dihydrofolate reductase inhibitor,CC(C)NC(=N)NC(=N)Nc1ccc(Cl)cc1,84659,SSOLNOMRVKKSON-UHFFFAOYSA-N,CC(C)N=C(N)N=C(N)Nc1ccc(Cl)cc1,True,True,574
SUBDBMMJDZJVOS-UHFFFAOYSA-N,omeprazole,BRD-A55962179-001-22-1,1,HTS,"ATP4A, CLCN2",ATPase inhibitor,COc1ccc2nc(S(=O)Cc3ncc(C)c(OC)c3C)[nH]c2c1,84946,SUBDBMMJDZJVOS-UHFFFAOYSA-N,COc1ccc2[nH]c([S+]([O-])Cc3ncc(C)c(OC)c3C)nc2c1,True,True,572
SUPVGFZUWFMATN-UHFFFAOYSA-N,PU-H71,BRD-K36529613-001-02-6,1,HTS,HSP90AA1,HSP inhibitor,CC(C)NCCCn1c(Sc2cc3c(cc2I)OCO3)nc2c(N)ncnc21,85033,SUPVGFZUWFMATN-UHFFFAOYSA-N,CC(C)NCCCn1c(Sc2cc3c(cc2I)OCO3)nc2c(=N)[nH]cnc21,True,True,574
SUVMJBTUFCVSAD-UHFFFAOYSA-N,sulforaphane,BRD-A58955223-001-03-8,1,HTS,NFE2L2,"anticancer agent, aryl hydrocarbon receptor antagonist",CS(=O)CCCCN=C=S,85078,SUVMJBTUFCVSAD-UHFFFAOYSA-N,C[S+]([O-])CCCCN=C=S,True,True,574
SUYUTNCKIOLMAJ-UHFFFAOYSA-N,VU0364770,BRD-K66527818-001-02-6,1,HTS,GRM4,glutamate receptor positive allosteric modulator,O=C(Nc1cccc(Cl)c1)c1ccccn1,85101,SUYUTNCKIOLMAJ-UHFFFAOYSA-N,O=C(Nc1cccc(Cl)c1)c1ccccn1,True,True,574
SWLAMJPTOQZTAE-UHFFFAOYSA-N,meglitinide,BRD-K51324732-001-01-0,1,HTS,CCR2,potassium channel blocker,COc1ccc(Cl)cc1C(=O)NCCc1ccc(C(=O)O)cc1,85345,SWLAMJPTOQZTAE-UHFFFAOYSA-N,COc1ccc(Cl)cc1C(=O)NCCc1ccc(C(=O)O)cc1,True,True,569
SWLMUYACZKCSHZ-UHFFFAOYSA-N,butoconazole,BRD-A16665823-001-02-0,1,HTS,,bacterial cell wall synthesis inhibitor,Clc1ccc(CCC(Cn2ccnc2)Sc2c(Cl)cccc2Cl)cc1,85353,SWLMUYACZKCSHZ-UHFFFAOYSA-N,Clc1ccc(CCC(Cn2ccnc2)Sc2c(Cl)cccc2Cl)cc1,True,True,572
SXJIZQPZESTWLD-UHFFFAOYSA-N,methiazole,BRD-K02764365-001-13-6,1,HTS,,anthelmintic agent,COC(=O)Nc1nc2cc(SC(C)C)ccc2[nH]1,85506,SXJIZQPZESTWLD-UHFFFAOYSA-N,COC(=O)N=c1[nH]c2ccc(SC(C)C)cc2[nH]1,True,True,574
SYTBZMRGLBWNTM-UHFFFAOYSA-N,flurbiprofen-(+/-),BRD-A86044036-001-26-5,1,HTS,"PTGS1, PTGS2",cyclooxygenase inhibitor,CC(C(=O)O)c1ccc(-c2ccccc2)c(F)c1,85758,SYTBZMRGLBWNTM-UHFFFAOYSA-N,CC(C(=O)O)c1ccc(-c2ccccc2)c(F)c1,True,True,563
SZBGQDXLNMELTB-UHFFFAOYSA-N,taladegib,BRD-K50498985-001-03-3,1,HTS,"DHH, IHH, SMO",smoothened receptor antagonist,CN(C(=O)c1ccc(F)cc1C(F)(F)F)C1CCN(c2nnc(-c3ccnn3C)c3ccccc23)CC1,85805,SZBGQDXLNMELTB-UHFFFAOYSA-N,CN(C(=O)c1ccc(F)cc1C(F)(F)F)C1CCN(c2nnc(-c3ccnn3C)c3ccccc23)CC1,True,True,562
SZRPDCCEHVWOJX-UHFFFAOYSA-N,pirinixic-acid,BRD-K01902415-001-11-7,1,HTS,PPARA,PPAR receptor agonist,Cc1cccc(Nc2cc(Cl)nc(SCC(=O)O)n2)c1C,85915,SZRPDCCEHVWOJX-UHFFFAOYSA-N,Cc1cccc(N=c2cc(Cl)[nH]c(SCC(=O)O)n2)c1C,True,True,563
SZWKGOZKRMMLAJ-UHFFFAOYSA-N,AM-580,BRD-K06854232-001-19-9,1,HTS,RARA,retinoid receptor agonist,CC1(C)CCC(C)(C)c2cc(C(=O)Nc3ccc(C(=O)O)cc3)ccc21,85946,SZWKGOZKRMMLAJ-UHFFFAOYSA-N,CC1(C)CCC(C)(C)c2cc(C(=O)Nc3ccc(C(=O)O)cc3)ccc21,True,True,559
TTWJBBZEZQICBI-UHFFFAOYSA-N,metoclopramide,BRD-K75641298-003-25-0,1,HTS,"CHRM1, DRD2, HTR3A, HTR3B, HTR4","dopamine receptor antagonist, serotonin receptor antagonist",CCN(CC)CCNC(=O)c1cc(Cl)c(N)cc1OC,85963,TTWJBBZEZQICBI-UHFFFAOYSA-N,CCN(CC)CCNC(=O)c1cc(Cl)c(N)cc1OC,True,True,574
TUUXBSASAQJECY-UHFFFAOYSA-N,icaritin,BRD-K24476327-001-01-3,1,MTS004,PDE5A,PPAR receptor antagonist,COc1ccc(-c2oc3c(CC=C(C)C)c(O)cc(O)c3c(=O)c2O)cc1,86155,TUUXBSASAQJECY-UHFFFAOYSA-N,COc1ccc(-c2oc3c(CC=C(C)C)c(O)cc(O)c3c(=O)c2O)cc1,True,True,547
TUVCWJQQGGETHL-UHFFFAOYSA-N,PI-103,BRD-K67868012-001-07-6,1,HTS,"MTOR, PIK3CA, PIK3CB, PIK3CD, PIK3CG, PRKDC","mTOR inhibitor, PI3K inhibitor",Oc1cccc(-c2nc(N3CCOCC3)c3oc4ncccc4c3n2)c1,86156,TUVCWJQQGGETHL-UHFFFAOYSA-N,Oc1cccc(-c2nc(N3CCOCC3)c3oc4ncccc4c3n2)c1,True,True,574
TVQZAMVBTVNYLA-UHFFFAOYSA-N,pranoprofen,BRD-A64610707-001-04-4,1,HTS,,cyclooxygenase inhibitor,CC(C(=O)O)c1ccc2c(c1)Cc1cccnc1O2,86324,TVQZAMVBTVNYLA-UHFFFAOYSA-N,CC(C(=O)O)c1ccc2c(c1)Cc1cccnc1O2,True,True,569
TVURRHSHRRELCG-UHFFFAOYSA-N,fenoldopam,BRD-A50684349-003-02-9,1,HTS,"ADRA1A, ADRA1B, ADRA1D, ADRA2A, ADRA2B, ADRA2C, DRD1, DRD4, DRD5",dopamine receptor agonist,Oc1ccc(C2CNCCc3c2cc(O)c(O)c3Cl)cc1,86355,TVURRHSHRRELCG-UHFFFAOYSA-N,Oc1ccc(C2CNCCc3c2cc(O)c(O)c3Cl)cc1,True,True,569
TWFZGCMQGLPBSX-UHFFFAOYSA-N,carbendazim,BRD-K12906202-001-06-2,1,MTS004,"TP53, TUBB","microtubule inhibitor, tubulin polymerization inhibitor",COC(=O)Nc1nc2ccccc2[nH]1,86437,TWFZGCMQGLPBSX-UHFFFAOYSA-N,COC(=O)N=c1[nH]c2ccccc2[nH]1,True,True,548
TWQYWUXBZHPIIV-UHFFFAOYSA-N,GW-842166,BRD-K26823213-001-02-9,1,HTS,CNR2,cannabinoid receptor agonist,O=C(NCC1CCOCC1)c1cnc(Nc2ccc(Cl)cc2Cl)nc1C(F)(F)F,86515,TWQYWUXBZHPIIV-UHFFFAOYSA-N,O=C(NCC1CCOCC1)c1c[nH]c(=Nc2ccc(Cl)cc2Cl)nc1C(F)(F)F,True,True,565
TXCGAZHTZHNUAI-UHFFFAOYSA-N,clofibric-acid,BRD-K19111024-001-20-9,1,HTS,PPARA,PPAR receptor agonist,CC(C)(Oc1ccc(Cl)cc1)C(=O)O,86582,TXCGAZHTZHNUAI-UHFFFAOYSA-N,CC(C)(Oc1ccc(Cl)cc1)C(=O)O,True,True,550
TXDUTHBFYKGSAH-UHFFFAOYSA-N,evodiamine,BRD-A68631409-001-05-4,1,HTS,TRPV1,"ATPase inhibitor, TRPV agonist",CN1c2ccccc2C(=O)N2CCc3c([nH]c4ccccc34)C21,86598,TXDUTHBFYKGSAH-UHFFFAOYSA-N,CN1c2ccccc2C(=O)N2CCc3c([nH]c4ccccc34)C21,True,True,565
TXEIIPDJKFWEEC-UHFFFAOYSA-N,tafamidis-meglumine,BRD-K23728141-001-01-2,1,HTS,TTR,transthyretin amyloid inhibitor,O=C(O)c1ccc2nc(-c3cc(Cl)cc(Cl)c3)oc2c1,86606,TXEIIPDJKFWEEC-UHFFFAOYSA-N,O=C(O)c1ccc2nc(-c3cc(Cl)cc(Cl)c3)oc2c1,True,True,574
TXQKSMSLZVKQBI-UHFFFAOYSA-N,SKF-89976A,BRD-A49046702-003-08-3,1,HTS,SLC6A1,GABA uptake inhibitor,O=C(O)C1CCCN(CCC=C(c2ccccc2)c2ccccc2)C1,86698,TXQKSMSLZVKQBI-UHFFFAOYSA-N,O=C(O)C1CCCN(CCC=C(c2ccccc2)c2ccccc2)C1,True,True,569
TXZPMHLMPKIUGK-UHFFFAOYSA-N,PFI-1,BRD-K13094524-001-07-5,1,HTS,BRD4,bromodomain inhibitor,COc1ccccc1S(=O)(=O)Nc1ccc2c(c1)CN(C)C(=O)N2,86768,TXZPMHLMPKIUGK-UHFFFAOYSA-N,COc1ccccc1S(=O)(=O)Nc1ccc2c(c1)CN(C)C(=O)N2,True,True,538
TYMRLRRVMHJFTF-UHFFFAOYSA-N,mafenide,BRD-K30649484-003-13-7,1,HTS,"CA12, CA14, CA2, CA4, CA6, CA9",carbonic anhydrase inhibitor,NCc1ccc(S(N)(=O)=O)cc1,86851,TYMRLRRVMHJFTF-UHFFFAOYSA-N,NCc1ccc(S(N)(=O)=O)cc1,True,True,569
TYNLGDBUJLVSMA-UHFFFAOYSA-N,diacerein,BRD-K69122748-001-10-1,1,HTS,IL1B,interleukin inhibitor,CC(=O)Oc1cccc2c1C(=O)c1c(OC(C)=O)cc(C(=O)O)cc1C2=O,86856,TYNLGDBUJLVSMA-UHFFFAOYSA-N,CC(=O)Oc1cccc2c1C(=O)c1c(OC(C)=O)cc(C(=O)O)cc1C2=O,True,True,565
TZBJGXHYKVUXJN-UHFFFAOYSA-N,genistein,BRD-K43797669-001-30-4,1,HTS,"CFTR, ESR1, ESR2, ESRRA, ESRRB, ESRRG, NCOA1, NCOA2, PPARG, PTK2B, TOP2A, TRPC5",tyrosine kinase inhibitor,O=c1c(-c2ccc(O)cc2)coc2cc(O)cc(O)c12,86968,TZBJGXHYKVUXJN-UHFFFAOYSA-N,O=c1c(-c2ccc(O)cc2)coc2cc(O)cc(O)c12,True,True,574
TZDUHAJSIBHXDL-UHFFFAOYSA-N,gabapentin-enacarbil,BRD-A86665761-001-01-1,1,MTS004,"CACNA1A, CACNA1B, CACNA1C, CACNA1D, CACNA1E, CACNA1F, CACNA1G, CACNA1H, CACNA1I, CACNA1S, CACNA2D1, CACNA2D2, CACNA2D3, CACNA2D4, CACNB1, CACNB2, CACNB3, CACNB4, CACNG1, CACNG2, CACNG3, CACNG4, CACNG5, CACNG6, CACNG7, CACNG8",adrenergic receptor agonist,CC(OC(=O)NCC1(CC(=O)O)CCCCC1)OC(=O)C(C)C,86986,TZDUHAJSIBHXDL-UHFFFAOYSA-N,CC(OC(=O)NCC1(CC(=O)O)CCCCC1)OC(=O)C(C)C,True,True,548
TZFWDZFKRBELIQ-UHFFFAOYSA-N,chlorzoxazone,BRD-K98174813-001-18-0,1,HTS,"KCNMA1, KCNN4",bacterial 30S ribosomal subunit inhibitor,O=c1[nH]c2cc(Cl)ccc2o1,87002,TZFWDZFKRBELIQ-UHFFFAOYSA-N,O=c1[nH]c2cc(Cl)ccc2o1,True,True,569
TZKBVRDEOITLRB-UHFFFAOYSA-N,GZD824,BRD-K35329391-334-01-7,1,HTS,"ABL1, BCR",Bcr-Abl kinase inhibitor,Cc1ccc(C(=O)Nc2ccc(CN3CCN(C)CC3)c(C(F)(F)F)c2)cc1C#Cc1cnc2[nH]ncc2c1,87049,TZKBVRDEOITLRB-UHFFFAOYSA-N,Cc1ccc(C(=O)Nc2ccc(CN3CCN(C)CC3)c(C(F)(F)F)c2)cc1C#Cc1cnc2[nH]ncc2c1,True,True,570
TZRHLKRLEZJVIJ-UHFFFAOYSA-N,parecoxib,BRD-K13800121-001-01-5,1,HTS,LTF,cyclooxygenase inhibitor,CCC(=O)NS(=O)(=O)c1ccc(-c2c(-c3ccccc3)noc2C)cc1,87105,TZRHLKRLEZJVIJ-UHFFFAOYSA-N,CCC(=O)NS(=O)(=O)c1ccc(-c2c(-c3ccccc3)noc2C)cc1,True,True,565
TZXKOCQBRNJULO-UHFFFAOYSA-N,deferiprone,BRD-K06878038-001-18-6,1,HTS,UGT1A6,chelating agent,Cc1c(O)c(=O)ccn1C,87142,TZXKOCQBRNJULO-UHFFFAOYSA-N,Cc1c(O)c(=O)ccn1C,True,True,565
UBCHPRBFMUDMNC-UHFFFAOYSA-N,rimantadine,BRD-A75479906-001-02-4,1,HTS,,"antiviral, RNA synthesis inhibitor",CC(N)C12CC3CC(CC(C3)C1)C2,87348,UBCHPRBFMUDMNC-UHFFFAOYSA-N,CC(N)C12CC3CC(CC(C3)C1)C2,True,True,574
UBPYILGKFZZVDX-UHFFFAOYSA-N,bosutinib,BRD-K99964838-001-11-9,1,HTS,"ABL1, BCR, CAMK1D, CAMK2G, CDK2, FRK, FYN, HCK, LYN, MAP2K1, MAP2K2, MAP3K2, MAP4K5, SRC, STK10, STK24, STK4, TNK2, TXK","Abl kinase inhibitor, Bcr-Abl kinase inhibitor, src inhibitor",COc1cc(Nc2c(C#N)cnc3cc(OCCCN4CCN(C)CC4)c(OC)cc23)c(Cl)cc1Cl,87437,UBPYILGKFZZVDX-UHFFFAOYSA-N,COc1cc(N=c2c(C#N)c[nH]c3cc(OCCCN4CCN(C)CC4)c(OC)cc23)c(Cl)cc1Cl,True,True,572
UBQNRHZMVUUOMG-UHFFFAOYSA-N,zonisamide,BRD-K48300629-001-14-5,1,HTS,"CA1, CA10, CA11, CA12, CA13, CA14, CA2, CA3, CA4, CA5A, CA5B, CA6, CA7, CA8, CA9, CACNA1G, CACNA1H, CACNA1I, MAOA, MAOB, SCN10A, SCN11A, SCN1A, SCN1B, SCN2A, SCN2B, SCN3A, SCN3B, SCN4A, SCN4B, SCN5A, SCN7A, SCN8A, SCN9A","sodium channel blocker, T-type calcium channel blocker",NS(=O)(=O)Cc1noc2ccccc12,87443,UBQNRHZMVUUOMG-UHFFFAOYSA-N,NS(=O)(=O)Cc1noc2ccccc12,True,True,563
UBQYURCVBFRUQT-UHFFFAOYSA-N,deferoxamine-mesylate,BRD-K09821361-066-25-8,1,MTS004,,chelating agent,CC(=O)N(O)CCCCCNC(=O)CCC(=O)N(O)CCCCCNC(=O)CCC(=O)N(O)CCCCCN,87448,UBQYURCVBFRUQT-UHFFFAOYSA-N,CC(=O)N(O)CCCCCNC(=O)CCC(=O)N(O)CCCCCNC(=O)CCC(=O)N(O)CCCCCN,True,True,548
UBVZQGOVTLIHLH-UHFFFAOYSA-N,topiroxostat,BRD-K77561571-001-01-1,1,HTS,XDH,xanthine oxidase inhibitor,N#Cc1cc(-c2n[nH]c(-c3ccncc3)n2)ccn1,87488,UBVZQGOVTLIHLH-UHFFFAOYSA-N,N#Cc1cc(-c2n[nH]c(-c3ccncc3)n2)ccn1,True,True,574
UCAGLBKTLXCODC-UHFFFAOYSA-N,carzenide,BRD-K09295674-001-09-8,1,HTS,"CA1, CA12, CA14, CA2, CA6, CA9",,NS(=O)(=O)c1ccc(C(=O)O)cc1,87513,UCAGLBKTLXCODC-UHFFFAOYSA-N,NS(=O)(=O)c1ccc(C(=O)O)cc1,True,True,569
UCGWYCMPZXDHNR-UHFFFAOYSA-N,BRD4770,BRD-K72264770-001-03-2,1,MTS004,EHMT2,histone lysine methyltransferase inhibitor,COC(=O)c1ccc2c(c1)nc(NC(=O)c1ccccc1)n2CCCc1ccccc1,87550,UCGWYCMPZXDHNR-UHFFFAOYSA-N,COC(=O)c1ccc2c(c1)[nH]c(=NC(=O)c1ccccc1)n2CCCc1ccccc1,True,True,547
UCJGJABZCDBEDK-UHFFFAOYSA-N,bazedoxifene,BRD-K90195324-003-02-5,1,HTS,"ESR1, ESR2",selective estrogen receptor modulator (SERM),Cc1c(-c2ccc(O)cc2)n(Cc2ccc(OCCN3CCCCCC3)cc2)c2ccc(O)cc12,87571,UCJGJABZCDBEDK-UHFFFAOYSA-N,Cc1c(-c2ccc(O)cc2)n(Cc2ccc(OCCN3CCCCCC3)cc2)c2ccc(O)cc12,True,True,571
UCRHFBCYFMIWHC-UHFFFAOYSA-N,piperaquine-phosphate,BRD-K27382019-418-01-9,1,HTS,,antimalarial agent,Clc1ccc2c(N3CCN(CCCN4CCN(c5ccnc6cc(Cl)ccc56)CC4)CC3)ccnc2c1,87626,UCRHFBCYFMIWHC-UHFFFAOYSA-N,Clc1ccc2c(N3CCN(CCCN4CCN(c5ccnc6cc(Cl)ccc56)CC4)CC3)ccnc2c1,True,True,563
UEADAWQSJOWXBK-UHFFFAOYSA-N,SC-144,BRD-K55305701-001-01-2,1,HTS,,P glycoprotein inhibitor,O=C(NNc1nc2cc(F)ccc2n2cccc12)c1cnccn1,87881,UEADAWQSJOWXBK-UHFFFAOYSA-N,O=C(NN=c1[nH]c2cc(F)ccc2n2cccc12)c1cnccn1,True,True,574
UEJJHQNACJXSKW-UHFFFAOYSA-N,thalidomide,BRD-A93255169-001-28-3,1,HTS,"CRBN, FGFR2, NFKB1, ORM1, ORM2, PTGS2, TNF",tumor necrosis factor production inhibitor,O=C1CCC(N2C(=O)c3ccccc3C2=O)C(=O)N1,87941,UEJJHQNACJXSKW-UHFFFAOYSA-N,O=C1CCC(N2C(=O)c3ccccc3C2=O)C(=O)N1,True,True,574
UEQUQVLFIPOEMF-UHFFFAOYSA-N,mianserin,BRD-A19661776-003-27-6,1,HTS,"ADRA1A, ADRA1B, ADRA1D, ADRA2A, ADRA2B, ADRA2C, DRD1, DRD2, DRD3, DRD5, HRH1, HRH2, HRH4, HTR1A, HTR1F, HTR2A, HTR2B, HTR2C, HTR6, HTR7, OPRK1, SLC6A2, SLC6A3, SLC6A4",serotonin receptor antagonist,CN1CCN2c3ccccc3Cc3ccccc3C2C1,88002,UEQUQVLFIPOEMF-UHFFFAOYSA-N,CN1CCN2c3ccccc3Cc3ccccc3C2C1,True,True,567
UFICVEHDQUKCEA-UHFFFAOYSA-N,MGCD-265,BRD-K56277358-001-07-5,1,HTS,"AXL, MET",VEGFR inhibitor,Cn1cnc(-c2cc3nccc(Oc4ccc(NC(=S)NC(=O)Cc5ccccc5)cc4F)c3s2)c1,88126,UFICVEHDQUKCEA-UHFFFAOYSA-N,Cn1cnc(-c2cc3nccc(Oc4ccc(NC(=S)NC(=O)Cc5ccccc5)cc4F)c3s2)c1,True,True,570
UFLGIAIHIAPJJC-UHFFFAOYSA-N,tripelennamine,BRD-K57033106-003-19-7,1,HTS,HRH1,histamine receptor antagonist,CN(C)CCN(Cc1ccccc1)c1ccccn1,88140,UFLGIAIHIAPJJC-UHFFFAOYSA-N,CN(C)CCN(Cc1ccccc1)c1ccccn1,True,True,557
UFSKUSARDNFIRC-UHFFFAOYSA-N,lumacaftor,BRD-K69236721-001-02-7,1,HTS,CFTR,CFTR channel agonist,Cc1ccc(NC(=O)C2(c3ccc4c(c3)OC(F)(F)O4)CC2)nc1-c1cccc(C(=O)O)c1,88195,UFSKUSARDNFIRC-UHFFFAOYSA-N,Cc1ccc(=NC(=O)C2(c3ccc4c(c3)OC(F)(F)O4)CC2)[nH]c1-c1cccc(C(=O)O)c1,True,True,572
UGJMXCAKCUNAIE-UHFFFAOYSA-N,gabapentin,BRD-K62737565-003-02-6,1,HTS,"ADORA1, CACNA1A, CACNA1B, CACNA1C, CACNA1D, CACNA1E, CACNA1F, CACNA1G, CACNA1H, CACNA1I, CACNA1S, CACNA2D1, CACNA2D2, CACNA2D3, CACNA2D4, CACNB1, CACNB2, CACNB3, CACNB4, CACNG1, CACNG2, CACNG3, CACNG4, CACNG5, CACNG6, CACNG7, CACNG8, GRIN1, GRIN2A, GRIN2B, GRIN2C, GRIN2D, GRIN3A, GRIN3B",calcium channel blocker,NCC1(CC(=O)O)CCCCC1,88324,UGJMXCAKCUNAIE-UHFFFAOYSA-N,NCC1(CC(=O)O)CCCCC1,True,True,569
UGJWRPJDTDGERK-UHFFFAOYSA-N,TH-302,BRD-K20958582-001-01-4,1,HTS,,DNA alkylating agent,Cn1c(COP(=O)(NCCBr)NCCBr)cnc1[N+](=O)[O-],88327,UGJWRPJDTDGERK-UHFFFAOYSA-N,Cn1c(COP(=O)(NCCBr)NCCBr)cnc1[N+](=O)[O-],True,True,565
UGYXPZQILZRKJJ-UHFFFAOYSA-N,4-methylhistamine,BRD-K70821460-300-02-4,1,HTS,HRH4,histamine receptor agonist,Cc1nc[nH]c1CCN,88453,UGYXPZQILZRKJJ-UHFFFAOYSA-N,Cc1[nH]cnc1CCN,True,True,565
UHTHHESEBZOYNR-UHFFFAOYSA-N,vandetanib,BRD-K77625799-001-07-7,1,HTS,"EGFR, EPHA1, EPHA10, EPHA2, EPHA3, EPHA4, EPHA5, EPHA6, EPHA7, EPHA8, EPHB1, EPHB2, EPHB3, EPHB4, EPHB6, ERBB2, ERBB3, ERBB4, FLT1, FLT4, KDR, PTK6, RET, SRC, TEK, VEGFA","EGFR inhibitor, RET tyrosine kinase inhibitor, VEGFR inhibitor",COc1cc2c(Nc3ccc(Br)cc3F)ncnc2cc1OCC1CCN(C)CC1,88597,UHTHHESEBZOYNR-UHFFFAOYSA-N,COc1cc2c(=Nc3ccc(Br)cc3F)[nH]cnc2cc1OCC1CCN(C)CC1,True,True,574
UHWVSEOVJBQKBE-UHFFFAOYSA-N,trimetazidine,BRD-K88366685-300-06-0,1,HTS,ACAA2,3-ketoacyl CoA thiolase inhibitor,COc1ccc(CN2CCNCC2)c(OC)c1OC,88615,UHWVSEOVJBQKBE-UHFFFAOYSA-N,COc1ccc(CN2CCNCC2)c(OC)c1OC,True,True,571
UIAYVIIHMORPSJ-UHFFFAOYSA-N,cilostamide,BRD-K28578425-001-07-0,1,HTS,"PDE3A, PDE3B",phosphodiesterase inhibitor,CN(C(=O)CCCOc1ccc2[nH]c(=O)ccc2c1)C1CCCCC1,88642,UIAYVIIHMORPSJ-UHFFFAOYSA-N,CN(C(=O)CCCOc1ccc2[nH]c(=O)ccc2c1)C1CCCCC1,True,True,566
UIEATEWHFDRYRU-UHFFFAOYSA-N,bepridil,BRD-A91008255-003-24-8,1,HTS,"ATP1A1, CACNA1A, CACNA1H, CACNA2D2, CALM1, KCNQ1, KCNQ4, PDE1A, PDE1B, TNNC1",calcium channel blocker,CC(C)COCC(CN(Cc1ccccc1)c1ccccc1)N1CCCC1,88660,UIEATEWHFDRYRU-UHFFFAOYSA-N,CC(C)COCC(CN(Cc1ccccc1)c1ccccc1)N1CCCC1,True,True,569
UILPJVPSNHJFIK-UHFFFAOYSA-N,paeonol,BRD-K94239562-001-05-5,1,HTS,,anti-inflammatory agent,COc1ccc(C(C)=O)c(O)c1,88719,UILPJVPSNHJFIK-UHFFFAOYSA-N,COc1ccc(C(C)=O)c(O)c1,True,True,565
UJCACMLMPLLRGW-UHFFFAOYSA-N,sodium-tanshinone-ii-a-sulfonate,BRD-K84798689-236-02-9,1,HTS,,potassium channel activator,Cc1c(S(=O)(=O)O)oc2c1C(=O)C(=O)c1c-2ccc2c1CCCC2(C)C,88832,UJCACMLMPLLRGW-UHFFFAOYSA-N,Cc1c(S(=O)(=O)O)oc2c1C(=O)C(=O)c1c-2ccc2c1CCCC2(C)C,True,True,550
UJEAABFSXKCSGI-UHFFFAOYSA-N,MK-8245,BRD-K29656036-001-02-5,1,HTS,SCD,stearoyl-CoA desaturase inhibitor,O=C(O)Cn1nnc(-c2cc(N3CCC(Oc4cc(F)ccc4Br)CC3)no2)n1,88848,UJEAABFSXKCSGI-UHFFFAOYSA-N,O=C(O)Cn1nnc(-c2cc(N3CCC(Oc4cc(F)ccc4Br)CC3)no2)n1,True,True,571
UJEWTUDSLQGTOA-UHFFFAOYSA-N,piretanide,BRD-K87990216-001-10-2,1,HTS,"SLC12A1, SLC12A2",glucocorticoid receptor agonist,NS(=O)(=O)c1cc(C(=O)O)cc(N2CCCC2)c1Oc1ccccc1,88856,UJEWTUDSLQGTOA-UHFFFAOYSA-N,NS(=O)(=O)c1cc(C(=O)O)cc(N2CCCC2)c1Oc1ccccc1,True,True,569
UJGTUKMAJVCBIS-UHFFFAOYSA-N,NMS-873,BRD-K26253904-001-01-5,1,HTS,VCP,ATPase inhibitor,Cc1cc(OCc2nnc(SC3CCCC3)n2-c2cccnc2)ccc1-c1ccc(S(C)(=O)=O)cc1,88872,UJGTUKMAJVCBIS-UHFFFAOYSA-N,Cc1cc(OCc2nnc(SC3CCCC3)n2-c2cccnc2)ccc1-c1ccc(S(C)(=O)=O)cc1,True,True,570
UJIAQDJKSXQLIT-UHFFFAOYSA-N,TG100-115,BRD-K64785675-001-04-0,1,HTS,"PIK3CA, PIK3CB, PIK3CD, PIK3CG",PI3K inhibitor,Nc1nc(N)c2nc(-c3cccc(O)c3)c(-c3cccc(O)c3)nc2n1,88883,UJIAQDJKSXQLIT-UHFFFAOYSA-N,N=c1[nH]c(=N)c2nc(-c3cccc(O)c3)c(-c3cccc(O)c3)nc2[nH]1,True,True,574
UJIDKYTZIQTXPM-UHFFFAOYSA-N,sodium-picosulfate,BRD-K77251551-304-02-9,1,HTS,,,O=S(=O)(O)Oc1ccc(C(c2ccc(OS(=O)(=O)O)cc2)c2ccccn2)cc1,88886,UJIDKYTZIQTXPM-UHFFFAOYSA-N,O=S(=O)(O)Oc1ccc(C(c2ccc(OS(=O)(=O)O)cc2)c2ccccn2)cc1,True,True,574
UJRRDDHEMZLWFI-UHFFFAOYSA-N,nithiamide,BRD-K39467894-001-05-9; BRD-K39467894-001-06-7,2,HTS,,bacterial DNA inhibitor,CC(=O)Nc1ncc([N+](=O)[O-])s1,88954,UJRRDDHEMZLWFI-UHFFFAOYSA-N,CC(=O)N=c1[nH]cc([N+](=O)[O-])s1,True,True,574
UKHMZCMKHPHFOT-UHFFFAOYSA-N,SQ-22536,BRD-A56987319-001-12-9,1,HTS,ADCY1,adenylyl cyclase inhibitor,Nc1ncnc2c1ncn2C1CCCO1,89070,UKHMZCMKHPHFOT-UHFFFAOYSA-N,N=c1[nH]cnc2c1ncn2C1CCCO1,True,True,572
UKMSUNONTOPOIO-UHFFFAOYSA-N,AGP-103,BRD-K91495480-001-02-2,1,HTS,,membrane permeability inhibitor,CCCCCCCCCCCCCCCCCCCCCC(=O)O,89101,UKMSUNONTOPOIO-UHFFFAOYSA-N,CCCCCCCCCCCCCCCCCCCCCC(=O)O,True,True,574
ULDXWLCXEDXJGE-UHFFFAOYSA-N,MK-2206,BRD-K68065987-300-09-1,1,HTS,"AKT1, AKT2, AKT3",AKT inhibitor,NC1(c2ccc(-c3nc4ccn5c(=O)[nH]nc5c4cc3-c3ccccc3)cc2)CCC1,89211,ULDXWLCXEDXJGE-UHFFFAOYSA-N,NC1(c2ccc(-c3nc4ccn5c(=O)[nH]nc5c4cc3-c3ccccc3)cc2)CCC1,True,True,564
ULFRLSNUDGIQQP-UHFFFAOYSA-N,rizatriptan,BRD-K75699339-057-08-1,1,HTS,"HTR1A, HTR1B, HTR1D, HTR1E, HTR1F",serotonin receptor agonist,CN(C)CCc1c[nH]c2ccc(Cn3cncn3)cc12,89222,ULFRLSNUDGIQQP-UHFFFAOYSA-N,CN(C)CCc1c[nH]c2ccc(Cn3cncn3)cc12,True,True,574
ULSUXBXHSYSGDT-UHFFFAOYSA-N,tangeritin,BRD-K25186396-001-09-6,1,HTS,,cell cycle inhibitor,COc1ccc(-c2cc(=O)c3c(OC)c(OC)c(OC)c(OC)c3o2)cc1,89292,ULSUXBXHSYSGDT-UHFFFAOYSA-N,COc1ccc(-c2cc(=O)c3c(OC)c(OC)c(OC)c(OC)c3o2)cc1,True,True,565
UMJHTFHIQDEGKB-UHFFFAOYSA-N,alibendol,BRD-K60102752-001-02-2,1,HTS,,antispasmodic,C=CCc1cc(OC)c(O)c(C(=O)NCCO)c1,89404,UMJHTFHIQDEGKB-UHFFFAOYSA-N,C=CCc1cc(OC)c(O)c(C(=O)NCCO)c1,True,True,565
UMJUNUMSJDTYTM-UHFFFAOYSA-N,KB-R7943,BRD-K17743697-066-03-6,1,HTS,"SLC8A1, TRPC3, TRPC5, TRPC6",sodium/calcium exchange inhibitor,N=C(N)SCCc1ccc(OCc2ccc([N+](=O)[O-])cc2)cc1,89405,UMJUNUMSJDTYTM-UHFFFAOYSA-N,N=C(N)SCCc1ccc(OCc2ccc([N+](=O)[O-])cc2)cc1,True,True,563
UNAZAADNBYXMIV-UHFFFAOYSA-N,"CP-945,598",BRD-K09090949-001-01-9,1,HTS,CNR1,cannabinoid receptor antagonist,CCNC1(C(N)=O)CCN(c2ncnc3c2nc(-c2ccccc2Cl)n3-c2ccc(Cl)cc2)CC1,89536,UNAZAADNBYXMIV-UHFFFAOYSA-N,CCNC1(C(N)=O)CCN(c2ncnc3c2nc(-c2ccccc2Cl)n3-c2ccc(Cl)cc2)CC1,True,True,550
UOMKBIIXHQIERR-UHFFFAOYSA-N,cridanimod,BRD-K97939847-001-12-0,1,MTS004,PGR,progesterone receptor agonist,O=C(O)Cn1c2ccccc2c(=O)c2ccccc21,89778,UOMKBIIXHQIERR-UHFFFAOYSA-N,O=C(O)Cn1c2ccccc2c(=O)c2ccccc21,True,True,548
UOORQSPLBHUQDQ-UHFFFAOYSA-N,TG-100713,BRD-K46392623-001-02-5,1,HTS,,PI3K inhibitor,Nc1nc(N)c2nc(-c3cccc(O)c3)cnc2n1,89796,UOORQSPLBHUQDQ-UHFFFAOYSA-N,N=c1[nH]c(=N)c2nc(-c3cccc(O)c3)cnc2[nH]1,True,True,574
UOWZUVNAGUAEQC-UHFFFAOYSA-N,tiratricol,BRD-K61236135-001-08-2,1,HTS,"THRA, THRB",thyroid hormone stimulant,O=C(O)Cc1cc(I)c(Oc2ccc(O)c(I)c2)c(I)c1,89854,UOWZUVNAGUAEQC-UHFFFAOYSA-N,O=C(O)Cc1cc(I)c(Oc2ccc(O)c(I)c2)c(I)c1,True,True,557
UPALIKSFLSVKIS-UHFFFAOYSA-N,amonafide,BRD-K56334280-001-05-1,1,HTS,"TOP2A, TOP2B",topoisomerase inhibitor,CN(C)CCN1C(=O)c2cccc3cc(N)cc(c23)C1=O,89880,UPALIKSFLSVKIS-UHFFFAOYSA-N,CN(C)CCN1C(=O)c2cccc3cc(N)cc(c23)C1=O,True,True,574
UPPMZCXMQRVMME-UHFFFAOYSA-N,valethamate,BRD-A56613951-004-01-1,1,MTS004,"CHRM1, CHRM4, CHRM5",acetylcholine receptor antagonist,CCC(C)C(C(=O)OCC[N+](C)(CC)CC)c1ccccc1,89984,UPPMZCXMQRVMME-UHFFFAOYSA-N,CCC(C)C(C(=O)OCC[N+](C)(CC)CC)c1ccccc1,True,True,548
UPSPUYADGBWSHF-UHFFFAOYSA-N,tolmetin,BRD-K82562631-236-04-6,1,HTS,"PTGS1, PTGS2",cyclooxygenase inhibitor,Cc1ccc(C(=O)c2ccc(CC(=O)O)n2C)cc1,90007,UPSPUYADGBWSHF-UHFFFAOYSA-N,Cc1ccc(C(=O)c2ccc(CC(=O)O)n2C)cc1,True,True,569
UPTYCYWTFGTCCG-UHFFFAOYSA-N,C-1,BRD-K72462751-001-02-7,1,HTS,PRKCA,protein kinase inhibitor,O=S(=O)(c1cccc2cnccc12)N1CCNCC1,90019,UPTYCYWTFGTCCG-UHFFFAOYSA-N,O=S(=O)(c1cccc2cnccc12)N1CCNCC1,True,True,574
UPZWINBEAHDTLA-UHFFFAOYSA-N,basimglurant,BRD-K62387885-001-01-9,1,HTS,GRM5,glutamate receptor antagonist,Cc1nc(C#Cc2ccnc(Cl)c2)c(C)n1-c1ccc(F)cc1,90054,UPZWINBEAHDTLA-UHFFFAOYSA-N,Cc1nc(C#Cc2ccnc(Cl)c2)c(C)n1-c1ccc(F)cc1,True,True,568
UQGKUQLKSCSZGY-UHFFFAOYSA-N,olmesartan-medoxomil,BRD-K78485176-001-07-8,1,HTS,AGTR1,angiotensin receptor antagonist,CCCc1nc(C(C)(C)O)c(C(=O)OCc2oc(=O)oc2C)n1Cc1ccc(-c2ccccc2-c2nn[nH]n2)cc1,90105,UQGKUQLKSCSZGY-UHFFFAOYSA-N,CCCc1nc(C(C)(C)O)c(C(=O)OCc2oc(=O)oc2C)n1Cc1ccc(-c2ccccc2-c2nn[nH]n2)cc1,True,True,574
UQNAFPHGVPVTAL-UHFFFAOYSA-N,NBQX,BRD-K11796549-001-04-5,1,HTS,"GRIA1, GRIA2, GRIA3, GRIA4, GRIK1, GRIN1, GRIN2A, GRIN2B",glutamate receptor antagonist,NS(=O)(=O)c1cccc2c1c([N+](=O)[O-])cc1[nH]c(=O)c(=O)[nH]c12,90150,UQNAFPHGVPVTAL-UHFFFAOYSA-N,NS(=O)(=O)c1cccc2c1c([N+](=O)[O-])cc1[nH]c(=O)c(=O)[nH]c12,True,True,574
UQPMANVRZYYQMD-UHFFFAOYSA-N,CGP-57380,BRD-K42500029-001-03-5,1,HTS,"AURKB, LCK, MKNK1, MKNK2, SGK1",MAP kinase inhibitor,Nc1ncnc2[nH]nc(Nc3ccc(F)cc3)c12,90170,UQPMANVRZYYQMD-UHFFFAOYSA-N,N=c1[nH]cnc2[nH][nH]c(=Nc3ccc(F)cc3)c12,True,True,571
UQRCJCNVNUFYDX-UHFFFAOYSA-N,golvatinib,BRD-K69001009-001-02-8,1,HTS,"KDR, MET",VEGFR inhibitor,CN1CCN(C2CCN(C(=O)Nc3cc(Oc4ccc(NC(=O)C5(C(=O)Nc6ccc(F)cc6)CC5)c(F)c4)ccn3)CC2)CC1,90180,UQRCJCNVNUFYDX-UHFFFAOYSA-N,CN1CCN(C2CCN(C(=O)N=c3cc(Oc4ccc(NC(=O)C5(C(=O)Nc6ccc(F)cc6)CC5)c(F)c4)cc[nH]3)CC2)CC1,True,True,565
URAYPUMNDPQOKB-UHFFFAOYSA-N,triacetin,BRD-K92844263-001-09-8,1,HTS,,,CC(=O)OCC(COC(C)=O)OC(C)=O,90249,URAYPUMNDPQOKB-UHFFFAOYSA-N,CC(=O)OCC(COC(C)=O)OC(C)=O,True,True,569
URCVCIZFVQDVPM-UHFFFAOYSA-N,ABT-751,BRD-K91623615-001-05-0,1,HTS,TUBB,tubulin polymerization inhibitor,COc1ccc(S(=O)(=O)Nc2cccnc2Nc2ccc(O)cc2)cc1,90258,URCVCIZFVQDVPM-UHFFFAOYSA-N,COc1ccc(S(=O)(=O)Nc2ccc[nH]c2=Nc2ccc(O)cc2)cc1,True,True,538
URJQOOISAKEBKW-UHFFFAOYSA-N,emorfazone,BRD-K90629600-001-01-4,1,MTS004,,"antiinflammatory agent, cyclooxygenase inhibitor",CCOc1c(N2CCOCC2)cnn(C)c1=O,90314,URJQOOISAKEBKW-UHFFFAOYSA-N,CCOc1c(N2CCOCC2)cnn(C)c1=O,True,True,548
URKOMYMAXPYINW-UHFFFAOYSA-N,quetiapine,BRD-K68867920-051-11-5,1,HTS,"ADRA1A, ADRA1B, ADRA1D, ADRA2A, ADRA2B, ADRA2C, CHRM1, CHRM2, CHRM3, CHRM4, CHRM5, DRD1, DRD2, DRD3, DRD4, DRD5, HRH1, HTR1A, HTR1B, HTR1D, HTR1E, HTR1F, HTR2A, HTR2C, HTR3A, HTR6, HTR7, SLC6A2","dopamine receptor antagonist, serotonin receptor antagonist",OCCOCCN1CCN(C2=Nc3ccccc3Sc3ccccc32)CC1,90322,URKOMYMAXPYINW-UHFFFAOYSA-N,OCCOCCN1CCN(C2=Nc3ccccc3Sc3ccccc32)CC1,True,True,572
USZAGAREISWJDP-UHFFFAOYSA-N,crisaborole,BRD-K43230258-001-01-4,1,MTS004,PDE4B,phosphodiesterase inhibitor,N#Cc1ccc(Oc2ccc3c(c2)COB3O)cc1,90610,USZAGAREISWJDP-UHFFFAOYSA-N,N#Cc1ccc(Oc2ccc3c(c2)COB3O)cc1,True,True,548
UTLPKQYUXOEJIL-UHFFFAOYSA-N,SCH-58261,BRD-K81225797-001-02-3,1,HTS,"ADORA1, ADORA2A, ADORA2B, ADORA3",adenosine receptor antagonist,Nc1nc2c(cnn2CCc2ccccc2)c2nc(-c3ccco3)nn12,90708,UTLPKQYUXOEJIL-UHFFFAOYSA-N,N=c1[nH]c2c(cnn2CCc2ccccc2)c2nc(-c3ccco3)nn12,True,True,571
UUKWKUSGGZNXGA-UHFFFAOYSA-N,nitromide,BRD-K76381435-001-08-6,1,HTS,,,NC(=O)c1cc([N+](=O)[O-])cc([N+](=O)[O-])c1,90901,UUKWKUSGGZNXGA-UHFFFAOYSA-N,NC(=O)c1cc([N+](=O)[O-])cc([N+](=O)[O-])c1,True,True,550
UUQMNUMQCIQDMZ-UHFFFAOYSA-N,betahistine,BRD-K91315211-300-05-7,1,HTS,"HRH1, HRH3","histamine receptor agonist, histamine receptor antagonist",CNCCc1ccccn1,90942,UUQMNUMQCIQDMZ-UHFFFAOYSA-N,CNCCc1ccccn1,True,True,571
UUVWYPNAQBNQJQ-UHFFFAOYSA-N,altretamine,BRD-K67043667-001-26-4,1,HTS,,DNA synthesis inhibitor,CN(C)c1nc(N(C)C)nc(N(C)C)n1,90983,UUVWYPNAQBNQJQ-UHFFFAOYSA-N,CN(C)c1nc(N(C)C)nc(N(C)C)n1,True,True,569
UVCJGUGAGLDPAA-UHFFFAOYSA-N,phenylbenzimidazole-sulfonic-acid,BRD-K02729857-001-01-9,1,MTS004,,,O=S(=O)(O)c1ccc2[nH]c(-c3ccccc3)nc2c1,91035,UVCJGUGAGLDPAA-UHFFFAOYSA-N,O=S(=O)(O)c1ccc2[nH]c(-c3ccccc3)nc2c1,True,True,547
UVKZSORBKUEBAZ-UHFFFAOYSA-N,cyclizine,BRD-K79501723-001-04-6,1,HTS,"HRH1, SULT1E1",histamine receptor modulator,CN1CCN(C(c2ccccc2)c2ccccc2)CC1,91098,UVKZSORBKUEBAZ-UHFFFAOYSA-N,CN1CCN(C(c2ccccc2)c2ccccc2)CC1,True,True,563
UVSMNLNDYGZFPF-UHFFFAOYSA-N,pomalidomide,BRD-A12994259-001-02-1,1,HTS,"CRBN, PTGS2, TNF","angiogenesis inhibitor, tumor necrosis factor production inhibitor",Nc1cccc2c1C(=O)N(C1CCC(=O)NC1=O)C2=O,91159,UVSMNLNDYGZFPF-UHFFFAOYSA-N,Nc1cccc2c1C(=O)N(C1CCC(=O)NC1=O)C2=O,True,True,550
UVSWWUWQVAQPJR-UHFFFAOYSA-N,cutamesine,BRD-K90777969-300-01-2,1,HTS,SIGMAR1,sigma receptor agonist,COc1ccc(CCN2CCN(CCCc3ccccc3)CC2)cc1OC,91163,UVSWWUWQVAQPJR-UHFFFAOYSA-N,COc1ccc(CCN2CCN(CCCc3ccccc3)CC2)cc1OC,True,True,571
UVTNFZQICZKOEM-UHFFFAOYSA-N,disopyramide,BRD-A29734509-011-13-6,1,HTS,"CHRM1, CHRM2, CHRM3, KCND2, KCND3, KCNH2, SCN5A",sodium channel blocker,CC(C)N(CCC(C(N)=O)(c1ccccc1)c1ccccn1)C(C)C,91165,UVTNFZQICZKOEM-UHFFFAOYSA-N,CC(C)N(CCC(C(N)=O)(c1ccccc1)c1ccccn1)C(C)C,True,True,574
UWWMQHVWAYFCDT-UHFFFAOYSA-N,IEM1754,BRD-K80060353-303-03-9,1,HTS,GRIA1,glutamate receptor antagonist,NCCCCCNCC12CC3CC(CC(C3)C1)C2,91338,UWWMQHVWAYFCDT-UHFFFAOYSA-N,NCCCCCNCC12CC3CC(CC(C3)C1)C2,True,True,538
UXXQOJXBIDBUAC-UHFFFAOYSA-N,tandutinib,BRD-K89162000-001-06-4,1,HTS,"CSF1R, FLT3, KIT, PDGFD, PDGFRB","FLT3 inhibitor, KIT inhibitor, PDGFR tyrosine kinase receptor inhibitor",COc1cc2c(N3CCN(C(=O)Nc4ccc(OC(C)C)cc4)CC3)ncnc2cc1OCCCN1CCCCC1,91520,UXXQOJXBIDBUAC-UHFFFAOYSA-N,COc1cc2c(N3CCN(C(=O)Nc4ccc(OC(C)C)cc4)CC3)ncnc2cc1OCCCN1CCCCC1,True,True,571
UXZFQZANDVDGMM-UHFFFAOYSA-N,iodoquinol,BRD-K75855670-001-14-2,1,HTS,,antiseptic,Oc1c(I)cc(I)c2cccnc12,91530,UXZFQZANDVDGMM-UHFFFAOYSA-N,Oc1c(I)cc(I)c2cccnc12,True,True,569
UYJNQQDJUOUFQJ-UHFFFAOYSA-N,NVP-TAE226,BRD-K21025364-001-04-9; BRD-K21025364-001-05-6,2,HTS,PTK2,protein tyrosine kinase inhibitor,CNC(=O)c1ccccc1Nc1nc(Nc2ccc(N3CCOCC3)cc2OC)ncc1Cl,91591,UYJNQQDJUOUFQJ-UHFFFAOYSA-N,CNC(=O)c1ccccc1N=c1[nH]c(=Nc2ccc(N3CCOCC3)cc2OC)[nH]cc1Cl,True,True,567
UYJZZVDLGDDTCL-UHFFFAOYSA-N,PJ-34,BRD-K11853856-001-01-7,1,HTS,"EEF2, PARP1, PARP15, PARP3",PARP inhibitor,CN(C)CC(=O)Nc1ccc2[nH]c(=O)c3ccccc3c2c1,91592,UYJZZVDLGDDTCL-UHFFFAOYSA-N,CN(C)CC(=O)Nc1ccc2[nH]c(=O)c3ccccc3c2c1,True,True,574
UYNVMODNBIQBMV-UHFFFAOYSA-N,ifenprodil,BRD-A24191444-046-02-1; BRD-A24191444-046-03-9,2,HTS,"GRIN1, GRIN2B","adrenergic receptor antagonist, glutamate receptor antagonist",CC(C(O)c1ccc(O)cc1)N1CCC(Cc2ccccc2)CC1,91614,UYNVMODNBIQBMV-UHFFFAOYSA-N,CC(C(O)c1ccc(O)cc1)N1CCC(Cc2ccccc2)CC1,True,True,575
UZWDCWONPYILKI-UHFFFAOYSA-N,abemaciclib,BRD-K33622447-066-01-9,1,HTS,"CDK4, CDK6",CDK inhibitor,CCN1CCN(Cc2ccc(Nc3ncc(F)c(-c4cc(F)c5nc(C)n(C(C)C)c5c4)n3)nc2)CC1,91841,UZWDCWONPYILKI-UHFFFAOYSA-N,CCN1CCN(Cc2ccc(N=c3nc(-c4cc(F)c5nc(C)n(C(C)C)c5c4)c(F)c[nH]3)nc2)CC1,True,True,570
VACCAVUAMIDAGB-UHFFFAOYSA-N,sulfamethizole,BRD-K31682896-001-24-0,1,HTS,,bacterial antifolate,Cc1nnc(NS(=O)(=O)c2ccc(N)cc2)s1,91876,VACCAVUAMIDAGB-UHFFFAOYSA-N,Cc1n[nH]c(=NS(=O)(=O)c2ccc(N)cc2)s1,True,True,569
VAOCPAMSLUNLGC-UHFFFAOYSA-N,metronidazole,BRD-K52020312-001-26-8,1,HTS,"CYP2C9, CYP3A4",DNA inhibitor,Cc1ncc([N+](=O)[O-])n1CCO,91953,VAOCPAMSLUNLGC-UHFFFAOYSA-N,Cc1ncc([N+](=O)[O-])n1CCO,True,True,574
VAZAPHZUAVEOMC-UHFFFAOYSA-N,tacedinaline,BRD-K52313696-001-12-3,1,HTS,HDAC1,HDAC inhibitor,CC(=O)Nc1ccc(C(=O)Nc2ccccc2N)cc1,92037,VAZAPHZUAVEOMC-UHFFFAOYSA-N,CC(=O)Nc1ccc(C(=O)Nc2ccccc2N)cc1,True,True,550
VCKUSRYTPJJLNI-UHFFFAOYSA-N,terazosin,BRD-A22256192-003-22-7,1,HTS,"ADRA1A, ADRA1B, ADRA1D, KCNH2, KCNH6, KCNH7",adrenergic receptor antagonist,COc1cc2nc(N3CCN(C(=O)C4CCCO4)CC3)nc(N)c2cc1OC,92291,VCKUSRYTPJJLNI-UHFFFAOYSA-N,COc1cc2[nH]c(N3CCN(C(=O)C4CCCO4)CC3)nc(=N)c2cc1OC,True,True,572
VCPMZDWBEWTGNW-UHFFFAOYSA-N,Z160,BRD-K16037980-001-01-1,1,HTS,CACNA2D1,N-type calcium channel blocker,O=C(CC(c1ccccc1)c1ccccc1)N1CCN(C(c2ccccc2)c2ccccc2)CC1,92328,VCPMZDWBEWTGNW-UHFFFAOYSA-N,O=C(CC(c1ccccc1)c1ccccc1)N1CCN(C(c2ccccc2)c2ccccc2)CC1,True,True,572
VDANGULDQQJODZ-UHFFFAOYSA-N,chloroprocaine,BRD-K86864073-001-01-1,1,MTS004,"ATP1A1, CHRNA10, GRIN3A, HTR3A, SCN10A, SLC6A3",sodium channel blocker,CCN(CC)CCOC(=O)c1ccc(N)cc1Cl,92399,VDANGULDQQJODZ-UHFFFAOYSA-N,CCN(CC)CCOC(=O)c1ccc(N)cc1Cl,True,True,547
VDOSWXIDETXFET-UHFFFAOYSA-N,afloqualone,BRD-K69247067-001-01-8,1,HTS,,acetylcholine receptor antagonist,Cc1ccccc1-n1c(CF)nc2ccc(N)cc2c1=O,92518,VDOSWXIDETXFET-UHFFFAOYSA-N,Cc1ccccc1-n1c(CF)nc2ccc(N)cc2c1=O,True,True,572
VDQLKIBLTMPAHI-UHFFFAOYSA-N,U-0521,BRD-K08953028-001-09-6,1,HTS,COMT,catechol O methyltransferase inhibitor,CC(C)C(=O)c1ccc(O)c(O)c1,92530,VDQLKIBLTMPAHI-UHFFFAOYSA-N,CC(C)C(=O)c1ccc(O)c(O)c1,True,True,565
VDUWPHTZYNWKRN-UHFFFAOYSA-N,cinoxacin,BRD-K14704277-001-22-6,1,HTS,,topoisomerase inhibitor,CCn1nc(C(=O)O)c(=O)c2cc3c(cc21)OCO3,92569,VDUWPHTZYNWKRN-UHFFFAOYSA-N,CCn1nc(C(=O)O)c(=O)c2cc3c(cc21)OCO3,True,True,569
VEPKQEUBKLEPRA-UHFFFAOYSA-N,VX-745,BRD-K91900765-001-07-6,1,MTS004,"MAPK11, MAPK12, MAPK14",p38 MAPK inhibitor,O=c1ncn2nc(Sc3ccc(F)cc3F)ccc2c1-c1c(Cl)cccc1Cl,92704,VEPKQEUBKLEPRA-UHFFFAOYSA-N,O=c1ncn2nc(Sc3ccc(F)cc3F)ccc2c1-c1c(Cl)cccc1Cl,True,True,547
VEQOALNAAJBPNY-UHFFFAOYSA-N,phenazone,BRD-K46937689-001-15-0,1,HTS,"PTGS1, PTGS2",cyclooxygenase inhibitor,Cc1cc(=O)n(-c2ccccc2)n1C,92712,VEQOALNAAJBPNY-UHFFFAOYSA-N,Cc1cc(=O)n(-c2ccccc2)n1C,True,True,555
VERWOWGGCGHDQE-UHFFFAOYSA-N,ceritinib,BRD-K22149900-001-03-9,1,MTS004,"ALK, FLT3, IGF1R, INSR, TSSK1B",ALK tyrosine kinase receptor inhibitor,Cc1cc(Nc2ncc(Cl)c(Nc3ccccc3S(=O)(=O)C(C)C)n2)c(OC(C)C)cc1C1CCNCC1,92720,VERWOWGGCGHDQE-UHFFFAOYSA-N,Cc1cc(N=c2[nH]cc(Cl)c(=Nc3ccccc3S(=O)(=O)C(C)C)[nH]2)c(OC(C)C)cc1C1CCNCC1,True,True,548
VFOKSTCIRGDTBR-UHFFFAOYSA-N,GS-9620,BRD-K73585091-001-02-3,1,MTS004,TLR7,toll-like receptor agonist,CCCCOc1nc(N)c2c(n1)N(Cc1cccc(CN3CCCC3)c1)CC(=O)N2,92872,VFOKSTCIRGDTBR-UHFFFAOYSA-N,CCCCOc1nc(=N)c2c([nH]1)N(Cc1cccc(CN3CCCC3)c1)CC(=O)N2,True,True,547
VFUXSYAXEKYYMB-UHFFFAOYSA-N,KW-2478,BRD-K41213548-001-02-0,1,HTS,,HSP inhibitor,CCc1c(O)cc(O)c(C(=O)c2ccc(OCCN3CCOCC3)c(OC)c2)c1CC(=O)N(CCOC)CCOC,92929,VFUXSYAXEKYYMB-UHFFFAOYSA-N,CCc1c(O)cc(O)c(C(=O)c2ccc(OCCN3CCOCC3)c(OC)c2)c1CC(=O)N(CCOC)CCOC,True,True,557
VGEREEWJJVICBM-UHFFFAOYSA-N,phloretin,BRD-K15563106-001-18-0,1,HTS,"AQP9, CLCN3, SLC23A1",sodium/glucose cotransporter inhibitor,O=C(CCc1ccc(O)cc1)c1c(O)cc(O)cc1O,92983,VGEREEWJJVICBM-UHFFFAOYSA-N,O=C(CCc1ccc(O)cc1)c1c(O)cc(O)cc1O,True,True,565
VGLGVJVUHYTIIU-UHFFFAOYSA-N,althiazide,BRD-A56675431-001-12-3,1,HTS,,diuretic,C=CCSCC1Nc2cc(Cl)c(S(N)(=O)=O)cc2S(=O)(=O)N1,93029,VGLGVJVUHYTIIU-UHFFFAOYSA-N,C=CCSCC1Nc2cc(Cl)c(S(N)(=O)=O)cc2S(=O)(=O)N1,True,True,569
VGZSUPCWNCWDAN-UHFFFAOYSA-N,acetohexamide,BRD-K52960356-001-15-5,1,MTS004,"ABCC8, KCNJ1, KCNJ10, KCNJ11",ATP channel blocker,CC(=O)c1ccc(S(=O)(=O)NC(=O)NC2CCCCC2)cc1,93135,VGZSUPCWNCWDAN-UHFFFAOYSA-N,CC(=O)c1ccc(S(=O)(=O)NC(=O)NC2CCCCC2)cc1,True,True,548
VHKBTPQDHDSBSP-UHFFFAOYSA-N,A-803467,BRD-K28570407-001-02-0,1,HTS,SCN10A,sodium channel blocker,COc1cc(NC(=O)c2ccc(-c3ccc(Cl)cc3)o2)cc(OC)c1,93201,VHKBTPQDHDSBSP-UHFFFAOYSA-N,COc1cc(NC(=O)c2ccc(-c3ccc(Cl)cc3)o2)cc(OC)c1,True,True,565
VHOGYURTWQBHIL-UHFFFAOYSA-N,leflunomide,BRD-K78692225-001-24-5,1,HTS,"AHR, DHODH, PTK2B","dihydroorotate dehydrogenase inhibitor, PDGFR tyrosine kinase receptor inhibitor",Cc1oncc1C(=O)Nc1ccc(C(F)(F)F)cc1,93235,VHOGYURTWQBHIL-UHFFFAOYSA-N,Cc1oncc1C(=O)Nc1ccc(C(F)(F)F)cc1,True,True,555
VHYCDWMUTMEGQY-UHFFFAOYSA-N,bisoprolol,BRD-A89175223-051-14-8,1,HTS,"ADRB1, ADRB2",adrenergic receptor antagonist,CC(C)NCC(O)COc1ccc(COCCOC(C)C)cc1,93293,VHYCDWMUTMEGQY-UHFFFAOYSA-N,CC(C)NCC(O)COc1ccc(COCCOC(C)C)cc1,True,True,569
VILCJCGEZXAXTO-UHFFFAOYSA-N,trientine,BRD-K37111771-300-02-6,1,HTS,CA14,chelating agent,NCCNCCNCCN,93397,VILCJCGEZXAXTO-UHFFFAOYSA-N,NCCNCCNCCN,True,True,566
VIZXMHCBZLGUET-UHFFFAOYSA-N,sodium-gualenate,BRD-K80043866-236-01-1,1,HTS,,antacid,Cc1cc(S(=O)(=O)O)c2c(C)ccc(C(C)C)cc1-2,93501,VIZXMHCBZLGUET-UHFFFAOYSA-N,Cc1cc(S(=O)(=O)O)c2c(C)ccc(C(C)C)cc1-2,True,True,574
VKYKSIONXSXAKP-UHFFFAOYSA-N,methenamine,BRD-K30114692-001-15-9,1,HTS,,bacterial DNA inhibitor,C1N2CN3CN1CN(C2)C3,93885,VKYKSIONXSXAKP-UHFFFAOYSA-N,C1N2CN3CN1CN(C2)C3,True,True,557
VLCYCQAOQCDTCN-UHFFFAOYSA-N,eflornithine,BRD-A96292436-003-16-1,1,HTS,"ARG2, ODC1",ornithine decarboxylase inhibitor,NCCCC(N)(C(=O)O)C(F)F,93919,VLCYCQAOQCDTCN-UHFFFAOYSA-N,NCCCC(N)(C(=O)O)C(F)F,True,True,573
VLEUZFDZJKSGMX-UHFFFAOYSA-N,pterostilbene,BRD-K53097745-001-01-5,1,HTS,PTGS2,"cyclooxygenase inhibitor, PPAR receptor agonist",COc1cc(C=Cc2ccc(O)cc2)cc(OC)c1,93938,VLEUZFDZJKSGMX-UHFFFAOYSA-N,COc1cc(C=Cc2ccc(O)cc2)cc(OC)c1,True,True,574
VLPFTAMPNXLGLX-UHFFFAOYSA-N,tricaprylin,BRD-K24790130-001-07-1,1,HTS,,,CCCCCCCC(=O)OCC(COC(=O)CCCCCCC)OC(=O)CCCCCCC,94009,VLPFTAMPNXLGLX-UHFFFAOYSA-N,CCCCCCCC(=O)OCC(COC(=O)CCCCCCC)OC(=O)CCCCCCC,True,True,570
VLULRUCCHYVXOH-UHFFFAOYSA-N,ONC201,BRD-K58529924-001-01-5,1,MTS004,TNFSF10,"AKT inhibitor, MAP kinase inhibitor",Cc1ccccc1CN1C(=O)C2=C(CCN(Cc3ccccc3)C2)N2CCN=C12,94045,VLULRUCCHYVXOH-UHFFFAOYSA-N,Cc1ccccc1CN1C(=O)C2=C(CCN(Cc3ccccc3)C2)N2CCN=C12,True,True,548
VLYWMPOKSSWJAL-UHFFFAOYSA-N,sulfamethoxypyridazine,BRD-K00938507-001-17-8,1,HTS,,bacterial antifolate,COc1ccc(NS(=O)(=O)c2ccc(N)cc2)nn1,94083,VLYWMPOKSSWJAL-UHFFFAOYSA-N,COc1ccc(=NS(=O)(=O)c2ccc(N)cc2)[nH]n1,True,True,570
VMJFTOSOFDEKTM-UHFFFAOYSA-N,MK-8033,BRD-K55512740-001-01-6,1,HTS,MET,c-Met inhibitor,Cn1cc(-c2cnc3ccc4ccc(CS(=O)(=O)NCc5ccccn5)cc4c(=O)c3c2)cn1,94144,VMJFTOSOFDEKTM-UHFFFAOYSA-N,Cn1cc(-c2cnc3ccc4ccc(CS(=O)(=O)NCc5ccccn5)cc4c(=O)c3c2)cn1,True,True,572
VMLZFUVIKCGATC-UHFFFAOYSA-N,SNAP-94847,BRD-K49702221-003-01-6,1,HTS,"ADRA1A, DRD2",,Cc1ccc(NC(=O)C(C)C)cc1C1CCN(Cc2ccc(Oc3ccc(F)c(F)c3)cc2)CC1,94160,VMLZFUVIKCGATC-UHFFFAOYSA-N,Cc1ccc(NC(=O)C(C)C)cc1C1CCN(Cc2ccc(Oc3ccc(F)c(F)c3)cc2)CC1,True,True,563
VNBRGSXVFBYQNN-UHFFFAOYSA-N,BMS-777607,BRD-K40738845-001-05-0,1,HTS,"AXL, MERTK, MET, MST1R, TYRO3","AXL kinase inhibitor, c-Met inhibitor, FLT3 inhibitor, hepatocyte growth factor receptor inhibitor, macrophage migration inhibiting factor inhibitor, tyrosine kinase inhibitor",CCOc1ccn(-c2ccc(F)cc2)c(=O)c1C(=O)Nc1ccc(Oc2ccnc(N)c2Cl)c(F)c1,94258,VNBRGSXVFBYQNN-UHFFFAOYSA-N,CCOc1ccn(-c2ccc(F)cc2)c(=O)c1C(=O)Nc1ccc(Oc2cc[nH]c(=N)c2Cl)c(F)c1,True,True,557
VNFPBHJOKIVQEB-UHFFFAOYSA-N,clotrimazole,BRD-K15916496-001-27-9,1,HTS,"CYP3A4, KCNN4, NR1I2, NR1I3, TRPM2, TRPM4, TRPM8","cytochrome P450 inhibitor, imidazoline receptor ligand",Clc1ccccc1C(c1ccccc1)(c1ccccc1)n1ccnc1,94286,VNFPBHJOKIVQEB-UHFFFAOYSA-N,Clc1ccccc1C(c1ccccc1)(c1ccccc1)n1ccnc1,True,True,571
VNIWZCGZPBJWBI-UHFFFAOYSA-N,BMS-707035,BRD-K49555808-001-03-9,1,HTS,,HIV integrase inhibitor,Cn1c(N2CCCCS2(=O)=O)nc(C(=O)NCc2ccc(F)cc2)c(O)c1=O,94308,VNIWZCGZPBJWBI-UHFFFAOYSA-N,Cn1c(N2CCCCS2(=O)=O)nc(C(=O)NCc2ccc(F)cc2)c(O)c1=O,True,True,557
VOPDXHFYDJAYNS-UHFFFAOYSA-N,RG2833,BRD-K02389548-001-02-5,1,HTS,"HDAC1, HDAC3",HDAC inhibitor,Cc1ccc(C(=O)NCCCCCC(=O)Nc2ccccc2N)cc1,94519,VOPDXHFYDJAYNS-UHFFFAOYSA-N,Cc1ccc(C(=O)NCCCCCC(=O)Nc2ccccc2N)cc1,True,True,567
VPBYZLCHOKSGRX-UHFFFAOYSA-N,KRN-633,BRD-K90993449-001-02-7,1,HTS,"FLT1, FLT4, KDR",VEGFR inhibitor,CCCNC(=O)Nc1ccc(Oc2ncnc3cc(OC)c(OC)cc23)cc1Cl,94608,VPBYZLCHOKSGRX-UHFFFAOYSA-N,CCCNC(=O)Nc1ccc(Oc2ncnc3cc(OC)c(OC)cc23)cc1Cl,True,True,569
VPHPQNGOVQYUMG-UHFFFAOYSA-N,liranaftate,BRD-K35775715-001-03-1,1,HTS,,fungal squalene epoxidase inhibitor,COc1cccc(N(C)C(=S)Oc2ccc3c(c2)CCCC3)n1,94647,VPHPQNGOVQYUMG-UHFFFAOYSA-N,COc1cccc(N(C)C(=S)Oc2ccc3c(c2)CCCC3)n1,True,True,572
VPJXQGSRWJZDOB-UHFFFAOYSA-O,carbachol,BRD-K75037734-003-13-9,1,HTS,"CHRM1, CHRM2, CHRM3, CHRM4, CHRM5, CHRNA2",cholinergic receptor agonist,C[N+](C)(C)CCOC(N)=O,94661,VPJXQGSRWJZDOB-UHFFFAOYSA-O,C[N+](C)(C)CCOC(N)=O,True,True,531
VPVLEBIVXZSOMQ-UHFFFAOYSA-N,TWS-119,BRD-K94176593-001-09-4,1,HTS,"GSK3B, JUN, MYC",glycogen synthase kinase inhibitor,Nc1cccc(-c2cc3c(Oc4cccc(O)c4)ncnc3[nH]2)c1,94744,VPVLEBIVXZSOMQ-UHFFFAOYSA-N,Nc1cccc(-c2cc3c(Oc4cccc(O)c4)ncnc3[nH]2)c1,True,True,565
VQQVWGVXDIPORV-UHFFFAOYSA-N,tryptanthrin,BRD-K76973696-001-12-6,1,HTS,IDO1,cyclooxygenase inhibitor,O=C1c2ccccc2-n2c1nc1ccccc1c2=O,94876,VQQVWGVXDIPORV-UHFFFAOYSA-N,O=C1c2ccccc2-n2c1nc1ccccc1c2=O,True,True,565
VRBKIVRKKCLPHA-UHFFFAOYSA-N,nefazodone,BRD-K90789829-001-07-8,1,HTS,"ADRA1A, ADRA1B, ADRA2A, CYP3A4, HTR1A, HTR2A, HTR2C, SLC6A2, SLC6A3, SLC6A4","adrenergic inhibitor, norepinephrine reuptake inhibitor, serotonin receptor antagonist, serotonin reuptake inhibitor",CCc1nn(CCCN2CCN(c3cccc(Cl)c3)CC2)c(=O)n1CCOc1ccccc1,94952,VRBKIVRKKCLPHA-UHFFFAOYSA-N,CCc1nn(CCCN2CCN(c3cccc(Cl)c3)CC2)c(=O)n1CCOc1ccccc1,True,True,569
VRDIULHPQTYCLN-UHFFFAOYSA-N,protionamide,BRD-K75360161-001-18-0,1,HTS,,,CCCc1cc(C(=N)S)ccn1,94968,VRDIULHPQTYCLN-UHFFFAOYSA-N,CCCc1cc(C(N)=S)ccn1,True,True,570
VRYMTAVOXVTQEF-UHFFFAOYSA-N,moxisylyte,BRD-K81144366-003-19-7,1,HTS,,adrenergic receptor antagonist,CC(=O)Oc1cc(C(C)C)c(OCCN(C)C)cc1C,95123,VRYMTAVOXVTQEF-UHFFFAOYSA-N,CC(=O)Oc1cc(C(C)C)c(OCCN(C)C)cc1C,True,True,572
VSLIUWLPFRVCDL-UHFFFAOYSA-N,zolimidine,BRD-K45125084-001-01-4,1,MTS004,,mucus protecting agent,CS(=O)(=O)c1ccc(-c2cn3ccccc3n2)cc1,95199,VSLIUWLPFRVCDL-UHFFFAOYSA-N,CS(=O)(=O)c1ccc(-c2cn3ccccc3n2)cc1,True,True,548
VSNHCAURESNICA-UHFFFAOYSA-N,hydroxyurea,BRD-K51747290-001-12-3; BRD-K51747290-001-13-1,2,HTS,"RRM1, RRM2, RRM2B",ribonucleotide reductase inhibitor,NC(=O)NO,95215,VSNHCAURESNICA-UHFFFAOYSA-N,NC(O)=NO,True,True,567
VSOUDUXMPUHJEU-UHFFFAOYSA-N,MK-3697,BRD-K95828359-001-01-0,1,HTS,HCRTR2,orexin receptor antagonist,COc1ccc(CNC(=O)c2cc(-c3cncc(C)c3)ncc2-c2nccs2)nc1OC,95223,VSOUDUXMPUHJEU-UHFFFAOYSA-N,COc1ccc(CNC(=O)c2cc(-c3cncc(C)c3)ncc2-c2nccs2)nc1OC,True,True,571
VSRBKQFNFZQRBM-UHFFFAOYSA-N,tuaminoheptane,BRD-A19958636-065-04-4,1,HTS,,,CCCCCC(C)N,95236,VSRBKQFNFZQRBM-UHFFFAOYSA-N,CCCCCC(C)N,True,True,569
VTGBZWHPJFMTKS-UHFFFAOYSA-N,JTC-801,BRD-K17705806-003-04-4,1,HTS,OPRL1,opioid receptor antagonist,CCc1ccc(OCc2ccccc2C(=O)Nc2ccc3nc(C)cc(N)c3c2)cc1,95356,VTGBZWHPJFMTKS-UHFFFAOYSA-N,CCc1ccc(OCc2ccccc2C(=O)Nc2ccc3[nH]c(C)cc(=N)c3c2)cc1,True,True,572
VTJXFTPMFYAJJU-UHFFFAOYSA-N,tyrphostin-AG-18,BRD-K49657628-001-14-8,1,HTS,EGFR,"EGFR inhibitor, tyrosine kinase inhibitor",N#CC(C#N)=Cc1ccc(O)c(O)c1,95380,VTJXFTPMFYAJJU-UHFFFAOYSA-N,N#CC(C#N)=Cc1ccc(O)c(O)c1,True,True,563
VTRAEEWXHOVJFV-UHFFFAOYSA-N,olmesartan,BRD-K83144676-001-09-5,1,MTS004,AGTR1,angiotensin receptor antagonist,CCCc1nc(C(C)(C)O)c(C(=O)O)n1Cc1ccc(-c2ccccc2-c2nn[nH]n2)cc1,95428,VTRAEEWXHOVJFV-UHFFFAOYSA-N,CCCc1nc(C(C)(C)O)c(C(=O)O)n1Cc1ccc(-c2ccccc2-c2nn[nH]n2)cc1,True,True,547
VVLHQJDAUIPZFH-UHFFFAOYSA-N,CNX-774,BRD-K48443249-001-01-0,1,HTS,BTK,Bruton's tyrosine kinase (BTK) inhibitor,C=CC(=O)Nc1cccc(Nc2nc(Nc3ccc(Oc4ccnc(C(=O)NC)c4)cc3)ncc2F)c1,95782,VVLHQJDAUIPZFH-UHFFFAOYSA-N,C=CC(=O)Nc1cccc(N=c2[nH]c(=Nc3ccc(Oc4ccnc(C(=O)NC)c4)cc3)[nH]cc2F)c1,True,True,571
VVOAZFWZEDHOOU-UHFFFAOYSA-N,magnolol,BRD-K26168087-001-09-7,1,HTS,"GABRA1, PPARG",PPAR receptor agonist,C=CCc1ccc(O)c(-c2cc(CC=C)ccc2O)c1,95805,VVOAZFWZEDHOOU-UHFFFAOYSA-N,C=CCc1ccc(O)c(-c2cc(CC=C)ccc2O)c1,True,True,565
VVWYOYDLCMFIEM-UHFFFAOYSA-N,propantheline,BRD-K90885812-004-24-2,1,HTS,"CHRM1, CHRM2, CHRM3, CHRM4",acetylcholine receptor antagonist,CC(C)[N+](C)(CCOC(=O)C1c2ccccc2Oc2ccccc21)C(C)C,95878,VVWYOYDLCMFIEM-UHFFFAOYSA-N,CC(C)[N+](C)(CCOC(=O)C1c2ccccc2Oc2ccccc21)C(C)C,True,True,569
VVZNWYXIOADGSW-UHFFFAOYSA-N,ID-8,BRD-K39166528-001-01-0,1,HTS,,,COc1ccc(-n2c(C)c([N+](=O)[O-])c3ccc(O)cc32)cc1,95896,VVZNWYXIOADGSW-UHFFFAOYSA-N,COc1ccc(-n2c(C)c([N+](=O)[O-])c3ccc(O)cc32)cc1,True,True,571
VWLHWLSRQJQWRG-UHFFFAOYSA-O,edrophonium,BRD-K81128206-003-24-4,1,HTS,"ACHE, BCHE",acetylcholinesterase inhibitor,CC[N+](C)(C)c1cccc(O)c1,95955,VWLHWLSRQJQWRG-UHFFFAOYSA-O,CC[N+](C)(C)c1cccc(O)c1,True,True,574
VXMVXDITZWJXJN-UHFFFAOYSA-N,K-MAP,BRD-A45906415-001-01-9,1,HTS,,,O=C(O)c1ccc(NC2OC(CO)C(O)C(O)C2O)cc1,96173,VXMVXDITZWJXJN-UHFFFAOYSA-N,O=C(O)c1ccc(NC2OC(CO)C(O)C(O)C2O)cc1,True,True,569
VXTGHWHFYNYFFV-UHFFFAOYSA-N,albendazole-oxide,BRD-A67060370-001-02-9,1,HTS,,anthelmintic agent,CCCS(=O)c1ccc2nc(NC(=O)OC)[nH]c2c1,96223,VXTGHWHFYNYFFV-UHFFFAOYSA-N,CCC[S+]([O-])c1ccc2[nH]c(=NC(=O)OC)[nH]c2c1,True,True,574
VYCMAAOURFJIHD-UHFFFAOYSA-N,BQ-123,BRD-A59961917-001-01-0,1,MTS004,EDNRA,endothelin receptor antagonist,CC(C)CC1NC(=O)C(C(C)C)NC(=O)C2CCCN2C(=O)C(CC(=O)O)NC(=O)C(Cc2c[nH]c3ccccc23)NC1=O,96291,VYCMAAOURFJIHD-UHFFFAOYSA-N,CC(C)CC1NC(=O)C(C(C)C)NC(=O)C2CCCN2C(=O)C(CC(=O)O)NC(=O)C(Cc2c[nH]c3ccccc23)NC1=O,True,True,547
VYFYYTLLBUKUHU-UHFFFAOYSA-N,dopamine,BRD-K43887077-003-26-3,1,HTS,"DBH, DRD1, DRD2, DRD3, DRD4, DRD5, HTR1A, HTR7, SLC6A2, SLC6A3, SLC6A4",dopamine receptor agonist,NCCc1ccc(O)c(O)c1,96308,VYFYYTLLBUKUHU-UHFFFAOYSA-N,NCCc1ccc(O)c(O)c1,True,True,557
VYQNWZOUAUKGHI-UHFFFAOYSA-N,monobenzone,BRD-K54262262-001-09-0,1,HTS,TYR,melanin inhibitor,Oc1ccc(OCc2ccccc2)cc1,96385,VYQNWZOUAUKGHI-UHFFFAOYSA-N,Oc1ccc(OCc2ccccc2)cc1,True,True,562
VYVKHNNGDFVQGA-UHFFFAOYSA-N,mebeverine,BRD-A09467419-003-22-4,1,HTS,CHRM1,acetylcholine receptor antagonist,CCN(CCCCOC(=O)c1ccc(OC)c(OC)c1)C(C)Cc1ccc(OC)cc1,96423,VYVKHNNGDFVQGA-UHFFFAOYSA-N,CCN(CCCCOC(=O)c1ccc(OC)c(OC)c1)C(C)Cc1ccc(OC)cc1,True,True,550
VZJFGSRCJCXDSG-UHFFFAOYSA-N,hexamethonium,BRD-K10598093-303-06-1,1,HTS,"CHRNA2, CHRNA3, CHRNA4, CHRNA6",cholinergic receptor antagonist,C[N+](C)(C)CCCCCC[N+](C)(C)C,96519,VZJFGSRCJCXDSG-UHFFFAOYSA-N,C[N+](C)(C)CCCCCC[N+](C)(C)C,True,True,516
VZRNTCHTJRLTMU-UHFFFAOYSA-N,IDRA-21,BRD-A14344385-001-03-2,1,HTS,"GRIA1, GRIA2, GRIA3, GRIA4",glutamate receptor positive allosteric modulator,CC1Nc2ccc(Cl)cc2S(=O)(=O)N1,96581,VZRNTCHTJRLTMU-UHFFFAOYSA-N,CC1Nc2ccc(Cl)cc2S(=O)(=O)N1,True,True,569
WAAPEIZFCHNLKK-UHFFFAOYSA-N,fidarestat,BRD-A63752151-001-01-2,1,HTS,AKR1B1,aldose reductase inhibitor,NC(=O)C1CC2(NC(=O)NC2=O)c2cc(F)ccc2O1,96643,WAAPEIZFCHNLKK-UHFFFAOYSA-N,NC(=O)C1CC2(NC(=O)NC2=O)c2cc(F)ccc2O1,True,True,574
WAEXFXRVDQXREF-UHFFFAOYSA-N,vorinostat,BRD-K81418486-001-47-5,1,HTS,"HDAC1, HDAC10, HDAC11, HDAC2, HDAC3, HDAC5, HDAC6, HDAC8, HDAC9",HDAC inhibitor,O=C(CCCCCCC(=O)Nc1ccccc1)NO,96673,WAEXFXRVDQXREF-UHFFFAOYSA-N,O=C(CCCCCCC(O)=NO)Nc1ccccc1,True,True,538
WAOBCCBUTHNTFO-UHFFFAOYSA-N,FPH1-(BRD-6125),BRD-K61250484-001-02-3,1,HTS,,hepatocyte function enhancer,Cc1ccc(Cl)cc1N(CC(=O)Nc1c(F)cccc1F)S(C)(=O)=O,96729,WAOBCCBUTHNTFO-UHFFFAOYSA-N,Cc1ccc(Cl)cc1N(CC(=O)Nc1c(F)cccc1F)S(C)(=O)=O,True,True,570
WAXQNWCZJDTGBU-UHFFFAOYSA-N,netupitant,BRD-K97428065-001-01-2,1,HTS,TACR1,tachykinin antagonist,Cc1ccccc1-c1cc(N2CCN(C)CC2)ncc1N(C)C(=O)C(C)(C)c1cc(C(F)(F)F)cc(C(F)(F)F)c1,96802,WAXQNWCZJDTGBU-UHFFFAOYSA-N,Cc1ccccc1-c1cc(N2CCN(C)CC2)ncc1N(C)C(=O)C(C)(C)c1cc(C(F)(F)F)cc(C(F)(F)F)c1,True,True,572
WAZQAZKAZLXFMK-UHFFFAOYSA-N,deracoxib,BRD-K68558722-001-04-0,1,HTS,PTGS2,cyclooxygenase inhibitor,COc1ccc(-c2cc(C(F)F)nn2-c2ccc(S(N)(=O)=O)cc2)cc1F,96820,WAZQAZKAZLXFMK-UHFFFAOYSA-N,COc1ccc(-c2cc(C(F)F)nn2-c2ccc(S(N)(=O)=O)cc2)cc1F,True,True,570
WBKCKEHGXNWYMO-UHFFFAOYSA-N,GSK-J4,BRD-K98203492-003-04-1,1,HTS,"KDM6A, KDM6B",histone lysine demethylase inhibitor,CCOC(=O)CCNc1cc(N2CCc3ccccc3CC2)nc(-c2ccccn2)n1,96883,WBKCKEHGXNWYMO-UHFFFAOYSA-N,CCOC(=O)CCN=c1cc(N2CCc3ccccc3CC2)[nH]c(-c2ccccn2)n1,True,True,546
WBSMIPAMAXNXFS-UHFFFAOYSA-N,NPPB,BRD-K89272762-001-12-7,1,HTS,"ANO1, CLCN2, CLCN7, TRPA1",chloride channel blocker,O=C(O)c1cc([N+](=O)[O-])ccc1NCCCc1ccccc1,96942,WBSMIPAMAXNXFS-UHFFFAOYSA-N,O=C(O)c1cc([N+](=O)[O-])ccc1NCCCc1ccccc1,True,True,574
WCKZRLOUKYFJDY-UHFFFAOYSA-N,UNBS-5162,BRD-K30933884-001-01-0,1,HTS,,CC chemokine receptor antagonist,CN(C)CCN1C(=O)c2cccc3cc(NC(N)=O)cc(c23)C1=O,97078,WCKZRLOUKYFJDY-UHFFFAOYSA-N,CN(C)CCN1C(=O)c2cccc3cc(NC(N)=O)cc(c23)C1=O,True,True,571
WDFKMLRRRCGAKS-UHFFFAOYSA-N,chloroxine,BRD-K17075857-001-17-6; BRD-K17075857-001-18-4,2,HTS,OPRK1,opioid receptor antagonist,Oc1c(Cl)cc(Cl)c2cccnc12,97210,WDFKMLRRRCGAKS-UHFFFAOYSA-N,Oc1c(Cl)cc(Cl)c2cccnc12,True,True,576
WDPFJWLDPVQCAJ-UHFFFAOYSA-N,darapladib,BRD-K19085898-001-01-8,1,HTS,PLA2G7,phospholipase inhibitor,CCN(CC)CCN(Cc1ccc(-c2ccc(C(F)(F)F)cc2)cc1)C(=O)Cn1c(SCc2ccc(F)cc2)nc(=O)c2c1CCC2,97269,WDPFJWLDPVQCAJ-UHFFFAOYSA-N,CCN(CC)CCN(Cc1ccc(-c2ccc(C(F)(F)F)cc2)cc1)C(=O)Cn1c(SCc2ccc(F)cc2)nc(=O)c2c1CCC2,True,True,565
WDRYRZXSPDWGEB-UHFFFAOYSA-N,lonidamine,BRD-K78513633-001-15-7,1,HTS,GCK,glucokinase inhibitor,O=C(O)c1nn(Cc2ccc(Cl)cc2Cl)c2ccccc12,97287,WDRYRZXSPDWGEB-UHFFFAOYSA-N,O=C(O)c1nn(Cc2ccc(Cl)cc2Cl)c2ccccc12,True,True,563
WDSCBUNMANHPFH-UHFFFAOYSA-N,acexamic-acid,BRD-K72215350-001-06-5,1,HTS,GAST,5 alpha reductase inhibitor,CC(=O)NCCCCCC(=O)O,97288,WDSCBUNMANHPFH-UHFFFAOYSA-N,CC(=O)NCCCCCC(=O)O,True,True,572
WDVSHHCDHLJJJR-UHFFFAOYSA-N,proflavine-hemisulfate,BRD-K68408467-065-01-8,1,HTS,F2,topical anesthetic,Nc1ccc2cc3ccc(N)cc3nc2c1,97309,WDVSHHCDHLJJJR-UHFFFAOYSA-N,Nc1ccc2cc3ccc(N)cc3nc2c1,True,True,570
WEQAYVWKMWHEJO-UHFFFAOYSA-N,chlormezanone,BRD-A20348246-001-15-8,1,HTS,"GABRA1, TSPO",GABA receptor modulator,CN1C(=O)CCS(=O)(=O)C1c1ccc(Cl)cc1,97453,WEQAYVWKMWHEJO-UHFFFAOYSA-N,CN1C(=O)CCS(=O)(=O)C1c1ccc(Cl)cc1,True,True,571
WEUCDJCFJHYFRL-UHFFFAOYSA-N,homochlorcyclizine,BRD-A22769835-300-05-7,1,HTS,HRH1,antihistamine,CN1CCCN(C(c2ccccc2)c2ccc(Cl)cc2)CC1,97482,WEUCDJCFJHYFRL-UHFFFAOYSA-N,CN1CCCN(C(c2ccccc2)c2ccc(Cl)cc2)CC1,True,True,569
WEVYNIUIFUYDGI-UHFFFAOYSA-N,GNF-2,BRD-K97056771-001-13-1,1,HTS,"ABL1, BCR",Bcr-Abl kinase inhibitor,NC(=O)c1cccc(-c2cc(Nc3ccc(OC(F)(F)F)cc3)ncn2)c1,97500,WEVYNIUIFUYDGI-UHFFFAOYSA-N,NC(=O)c1cccc(-c2cc(=Nc3ccc(OC(F)(F)F)cc3)[nH]cn2)c1,True,True,574
WFJIVOKAWHGMBH-UHFFFAOYSA-N,hexylresorcinol,BRD-K99946902-001-07-5,1,HTS,TYR,local anesthetic,CCCCCCc1ccc(O)cc1O,97587,WFJIVOKAWHGMBH-UHFFFAOYSA-N,CCCCCCc1ccc(O)cc1O,True,True,568
WFNAKBGANONZEQ-UHFFFAOYSA-N,chlorcyclizine,BRD-A57133233-003-11-0,1,HTS,HRH1,histamine receptor antagonist,CN1CCN(C(c2ccccc2)c2ccc(Cl)cc2)CC1,97617,WFNAKBGANONZEQ-UHFFFAOYSA-N,CN1CCN(C(c2ccccc2)c2ccc(Cl)cc2)CC1,True,True,565
WFSLJOPRIJSOJR-UHFFFAOYSA-N,PIK-294,BRD-K50631926-001-02-3,1,HTS,"PIK3CB, PIK3CD, PIK3CG",PI3K inhibitor,Cc1ccccc1-n1c(Cn2nc(-c3cccc(O)c3)c3c(N)ncnc32)nc2cccc(C)c2c1=O,97661,WFSLJOPRIJSOJR-UHFFFAOYSA-N,Cc1ccccc1-n1c(Cn2nc(-c3cccc(O)c3)c3c(=N)[nH]cnc32)nc2cccc(C)c2c1=O,True,True,574
WGZOTBUYUFBEPZ-UHFFFAOYSA-N,SB-505124,BRD-K40109029-001-02-9,1,HTS,TGFBR1,ALK tyrosine kinase receptor inhibitor,Cc1cccc(-c2[nH]c(C(C)(C)C)nc2-c2ccc3c(c2)OCO3)n1,97889,WGZOTBUYUFBEPZ-UHFFFAOYSA-N,Cc1cccc(-c2[nH]c(C(C)(C)C)nc2-c2ccc3c(c2)OCO3)n1,True,True,574
WHBIGIKBNXZKFE-UHFFFAOYSA-N,delavirdine,BRD-K34068325-066-03-7,1,MTS004,CYP3A4,non-nucleoside reverse transcriptase inhibitor,CC(C)Nc1cccnc1N1CCN(C(=O)c2cc3cc(NS(C)(=O)=O)ccc3[nH]2)CC1,97899,WHBIGIKBNXZKFE-UHFFFAOYSA-N,CC(C)Nc1cccnc1N1CCN(C(=O)c2cc3cc(NS(C)(=O)=O)ccc3[nH]2)CC1,True,True,548
WHQCHUCQKNIQEC-UHFFFAOYSA-N,benzbromarone,BRD-K11717138-001-30-3,1,HTS,ABCC1,chloride channel blocker,CCc1oc2ccccc2c1C(=O)c1cc(Br)c(O)c(Br)c1,98023,WHQCHUCQKNIQEC-UHFFFAOYSA-N,CCc1oc2ccccc2c1C(=O)c1cc(Br)c(O)c(Br)c1,True,True,550
WHSXTWFYRGOBGO-UHFFFAOYSA-N,hydroxytoluic-acid,BRD-K75608666-001-08-3,1,HTS,,,Cc1cccc(C(=O)O)c1O,98041,WHSXTWFYRGOBGO-UHFFFAOYSA-N,Cc1cccc(C(=O)O)c1O,True,True,557
WHTVZRBIWZFKQO-UHFFFAOYSA-N,chloroquine,BRD-A91699651-316-10-9,1,HTS,"GSTA2, MRGPRX1, TLR9, TNF",antimalarial agent,CCN(CC)CCCC(C)Nc1ccnc2cc(Cl)ccc12,98049,WHTVZRBIWZFKQO-UHFFFAOYSA-N,CCN(CC)CCCC(C)N=c1cc[nH]c2cc(Cl)ccc12,True,True,571
WHWZLSFABNNENI-UHFFFAOYSA-N,epinastine,BRD-A98990573-003-01-3,1,HTS,"ADRA1A, ADRA2A, HRH1, HRH2, HTR2A, HTR7",histamine receptor antagonist,NC1=NCC2c3ccccc3Cc3ccccc3N12,98072,WHWZLSFABNNENI-UHFFFAOYSA-N,NC1=NCC2c3ccccc3Cc3ccccc3N12,True,True,565
WIKYUJGCLQQFNW-UHFFFAOYSA-N,prochlorperazine,BRD-K19352500-070-12-4,1,HTS,"DRD1, DRD2, DRD3, DRD4",dopamine receptor antagonist,CN1CCN(CCCN2c3ccccc3Sc3ccc(Cl)cc32)CC1,98175,WIKYUJGCLQQFNW-UHFFFAOYSA-N,CN1CCN(CCCN2c3ccccc3Sc3ccc(Cl)cc32)CC1,True,True,569
WIXFIQKTHUVFDI-UHFFFAOYSA-N,menadione-bisulfite,BRD-A19777893-236-01-9,1,MTS004,"GGCX, VKORC1, VKORC1L1",vitamin K,CC1(S(=O)(=O)O)CC(=O)c2ccccc2C1=O,98254,WIXFIQKTHUVFDI-UHFFFAOYSA-N,CC1(S(=O)(=O)O)CC(=O)c2ccccc2C1=O,True,True,547
WJAJPNHVVFWKKL-UHFFFAOYSA-N,methoxamine,BRD-A39189014-003-22-7,1,HTS,"ADRA1A, ADRA1B, ADRA1D",adrenergic receptor agonist,COc1ccc(OC)c(C(O)C(C)N)c1,98282,WJAJPNHVVFWKKL-UHFFFAOYSA-N,COc1ccc(OC)c(C(O)C(C)N)c1,True,True,569
WJCNZQLZVWNLKY-UHFFFAOYSA-N,tiabendazole,BRD-K77695569-001-30-0,1,HTS,,angiogenesis inhibitor,c1ccc2[nH]c(-c3cscn3)nc2c1,98301,WJCNZQLZVWNLKY-UHFFFAOYSA-N,c1ccc2[nH]c(-c3cscn3)nc2c1,True,True,574
WJEOLQLKVOPQFV-UHFFFAOYSA-N,masitinib,BRD-K71035033-001-07-1,1,HTS,"FGFR3, KIT, PDGFRA, PDGFRB","KIT inhibitor, PDGFR tyrosine kinase receptor inhibitor, src inhibitor",Cc1ccc(NC(=O)c2ccc(CN3CCN(C)CC3)cc2)cc1Nc1nc(-c2cccnc2)cs1,98311,WJEOLQLKVOPQFV-UHFFFAOYSA-N,Cc1ccc(NC(=O)c2ccc(CN3CCN(C)CC3)cc2)cc1N=c1[nH]c(-c2cccnc2)cs1,True,True,572
WJFKNYWRSNBZNX-UHFFFAOYSA-N,phenothiazine,BRD-K59597909-001-17-6,1,HTS,,dopamine receptor antagonist,c1ccc2c(c1)Nc1ccccc1S2,98315,WJFKNYWRSNBZNX-UHFFFAOYSA-N,c1ccc2c(c1)Nc1ccccc1S2,True,True,557
WJLRTFJPHDSXAF-UHFFFAOYSA-N,iododexetimide,BRD-A46813902-001-01-6,1,HTS,,acetylcholine receptor antagonist,O=C1CCC(c2ccccc2)(C2CCN(Cc3ccc(I)cc3)CC2)C(=O)N1,98369,WJLRTFJPHDSXAF-UHFFFAOYSA-N,O=C1CCC(c2ccccc2)(C2CCN(Cc3ccc(I)cc3)CC2)C(=O)N1,True,True,571
WJRRGYBTGDJBFX-UHFFFAOYSA-N,AZD5438,BRD-K72414522-001-06-7,1,HTS,KCNH2,CDK inhibitor,Cc1ncc(-c2ccnc(Nc3ccc(S(C)(=O)=O)cc3)n2)n1C(C)C,98419,WJRRGYBTGDJBFX-UHFFFAOYSA-N,Cc1ncc(-c2cc[nH]c(=Nc3ccc(S(C)(=O)=O)cc3)n2)n1C(C)C,True,True,572
WKDACQVEJIVHMZ-UHFFFAOYSA-N,TAK-901,BRD-K01683783-001-02-6,1,HTS,AURKB,Aurora kinase inhibitor,CCS(=O)(=O)c1cccc(-c2cc(C(=O)NC3CCN(C)CC3)c(C)c3[nH]c4ncc(C)cc4c23)c1,98505,WKDACQVEJIVHMZ-UHFFFAOYSA-N,CCS(=O)(=O)c1cccc(-c2cc(C(=O)NC3CCN(C)CC3)c(C)c3[nH]c4ncc(C)cc4c23)c1,True,True,570
WKEDVNSFRWHDNR-UHFFFAOYSA-N,salicylanilide,BRD-K83036479-001-09-2,1,HTS,,other antibiotic,O=C(Nc1ccccc1)c1ccccc1O,98513,WKEDVNSFRWHDNR-UHFFFAOYSA-N,O=C(Nc1ccccc1)c1ccccc1O,True,True,567
WKEMJKQOLOHJLZ-UHFFFAOYSA-N,almotriptan,BRD-K67601717-037-02-4,1,HTS,"HTR1B, HTR1D",serotonin receptor agonist,CN(C)CCc1c[nH]c2ccc(CS(=O)(=O)N3CCCC3)cc12,98514,WKEMJKQOLOHJLZ-UHFFFAOYSA-N,CN(C)CCc1c[nH]c2ccc(CS(=O)(=O)N3CCCC3)cc12,True,True,565
WKGXYQFOCVYPAC-UHFFFAOYSA-N,felbamate,BRD-K99107520-001-24-1,1,HTS,"GRIN1, GRIN2A, GRIN2B, GRIN2C, GRIN2D, GRIN3A, GRIN3B",glutamate receptor antagonist,NC(=O)OCC(COC(N)=O)c1ccccc1,98527,WKGXYQFOCVYPAC-UHFFFAOYSA-N,NC(=O)OCC(COC(N)=O)c1ccccc1,True,True,569
WKNFADCGOAHBPG-UHFFFAOYSA-N,BRL-54443,BRD-K17868609-001-05-0,1,HTS,"HTR1E, HTR1F",serotonin receptor agonist,CN1CCC(c2c[nH]c3ccc(O)cc23)CC1,98571,WKNFADCGOAHBPG-UHFFFAOYSA-N,CN1CCC(c2c[nH]c3ccc(O)cc23)CC1,True,True,569
WKSAUQYGYAYLPV-UHFFFAOYSA-N,pyrimethamine,BRD-K88429204-001-35-1,1,HTS,"DHFR, SLC47A1",dihydrofolate reductase inhibitor,CCc1nc(N)nc(N)c1-c1ccc(Cl)cc1,98599,WKSAUQYGYAYLPV-UHFFFAOYSA-N,CCc1[nH]c(=N)[nH]c(=N)c1-c1ccc(Cl)cc1,True,True,571
WLJNZVDCPSBLRP-UHFFFAOYSA-N,pyrantel,BRD-K82118441-001-03-7,1,MTS004,,nicotinic receptor agonist,O=C(O)c1cc2ccccc2c(Cc2c(O)c(C(=O)O)cc3ccccc23)c1O,98729,WLJNZVDCPSBLRP-UHFFFAOYSA-N,O=C(O)c1cc2ccccc2c(Cc2c(O)c(C(=O)O)cc3ccccc23)c1O,True,True,547
WMPXPUYPYQKQCX-UHFFFAOYSA-N,sulfamonomethoxine,BRD-K14116214-001-09-6,1,HTS,,bacterial antifolate,COc1cc(NS(=O)(=O)c2ccc(N)cc2)ncn1,98974,WMPXPUYPYQKQCX-UHFFFAOYSA-N,COc1cc(=NS(=O)(=O)c2ccc(N)cc2)[nH]cn1,True,True,570
WNMJYKCGWZFFKR-UHFFFAOYSA-N,alfuzosin,BRD-A09056319-003-07-7,1,HTS,"ADRA1A, ADRA1B, ADRA1D, KCNH2",adrenergic receptor antagonist,COc1cc2nc(N(C)CCCNC(=O)C3CCCO3)nc(N)c2cc1OC,99128,WNMJYKCGWZFFKR-UHFFFAOYSA-N,COc1cc2[nH]c(N(C)CCCNC(=O)C3CCCO3)nc(=N)c2cc1OC,True,True,570
WNTYBHLDCKXEOT-UHFFFAOYSA-N,acetophenazine,BRD-K42938903-332-01-1,1,HTS,"DRD1, DRD2",dopamine receptor antagonist,CC(=O)c1ccc2c(c1)N(CCCN1CCN(CCO)CC1)c1ccccc1S2,99181,WNTYBHLDCKXEOT-UHFFFAOYSA-N,CC(=O)c1ccc2c(c1)N(CCCN1CCN(CCO)CC1)c1ccccc1S2,True,True,550
WOHRHWDYFNWPNG-UHFFFAOYSA-N,evatanepag,BRD-K11452913-001-01-9,1,MTS004,"PTGER2, PTGER4",prostaglandin inhibitor,CC(C)(C)c1ccc(CN(Cc2cccc(OCC(=O)O)c2)S(=O)(=O)c2cccnc2)cc1,99288,WOHRHWDYFNWPNG-UHFFFAOYSA-N,CC(C)(C)c1ccc(CN(Cc2cccc(OCC(=O)O)c2)S(=O)(=O)c2cccnc2)cc1,True,True,548
WOSKHXYHFSIKNG-UHFFFAOYSA-N,lenvatinib,BRD-K39974922-001-04-3,1,HTS,"FLT4, KDR","FGFR inhibitor, KIT inhibitor, PDGFR tyrosine kinase receptor inhibitor, VEGFR inhibitor",COc1cc2nccc(Oc3ccc(NC(=O)NC4CC4)c(Cl)c3)c2cc1C(N)=O,99359,WOSKHXYHFSIKNG-UHFFFAOYSA-N,COc1cc2nccc(Oc3ccc(NC(=O)NC4CC4)c(Cl)c3)c2cc1C(N)=O,True,True,557
WOZSCQDILHKSGG-UHFFFAOYSA-N,adefovir-dipivoxil,BRD-K96159438-001-06-3,1,HTS,,DNA polymerase inhibitor,CC(C)(C)C(=O)OCOP(=O)(COCCn1cnc2c(N)ncnc21)OCOC(=O)C(C)(C)C,99414,WOZSCQDILHKSGG-UHFFFAOYSA-N,CC(C)(C)C(=O)OCOP(=O)(COCCn1cnc2c(=N)[nH]cnc21)OCOC(=O)C(C)(C)C,True,True,563
WPEWQEMJFLWMLV-UHFFFAOYSA-N,apatinib,BRD-K25244359-066-03-4,1,HTS,"CSK, KDR, KIT, RET",RET tyrosine kinase inhibitor,N#CC1(c2ccc(NC(=O)c3cccnc3NCc3ccncc3)cc2)CCCC1,99457,WPEWQEMJFLWMLV-UHFFFAOYSA-N,N#CC1(c2ccc(NC(=O)c3ccc[nH]c3=NCc3ccncc3)cc2)CCCC1,True,True,538
WPYMKLBDIGXBTP-UHFFFAOYSA-N,benzoic-acid,BRD-K53397409-001-12-3,1,HTS,"DAO, HRSP12, PRDX5, RAB9A",food preservative,O=C(O)c1ccccc1,99598,WPYMKLBDIGXBTP-UHFFFAOYSA-N,O=C(O)c1ccccc1,True,True,574
WPYWMXNXEZFMAK-UHFFFAOYSA-N,cinaciguat,BRD-K73440166-001-01-3,1,HTS,"GUCY1A3, GUCY1B3",guanylate cyclase activator,O=C(O)CCCCN(CCc1ccccc1OCc1ccc(CCc2ccccc2)cc1)Cc1ccc(C(=O)O)cc1,99602,WPYWMXNXEZFMAK-UHFFFAOYSA-N,O=C(O)CCCCN(CCc1ccccc1OCc1ccc(CCc2ccccc2)cc1)Cc1ccc(C(=O)O)cc1,True,True,574
WQABCVAJNWAXTE-UHFFFAOYSA-N,dimercaprol,BRD-A56152450-001-02-0,1,HTS,,chelating agent,OCC(S)CS,99614,WQABCVAJNWAXTE-UHFFFAOYSA-N,OCC(S)CS,True,True,538
WRJPSSPFHGNBMG-UHFFFAOYSA-N,aceclidine,BRD-A32673558-003-03-9,1,HTS,"CHRM1, CHRM2, CHRM3, CHRM4, CHRM5",acetylcholine receptor agonist,CC(=O)OC1CN2CCC1CC2,99862,WRJPSSPFHGNBMG-UHFFFAOYSA-N,CC(=O)OC1CN2CCC1CC2,True,True,569
WRNXUQJJCIZICJ-UHFFFAOYSA-N,mozavaptan,BRD-A31095847-001-02-3,1,HTS,"AVPR1A, AVPR1B, AVPR2",vasopressin receptor antagonist,Cc1ccccc1C(=O)Nc1ccc(C(=O)N2CCCC(N(C)C)c3ccccc32)cc1,99893,WRNXUQJJCIZICJ-UHFFFAOYSA-N,Cc1ccccc1C(=O)Nc1ccc(C(=O)N2CCCC(N(C)C)c3ccccc32)cc1,True,True,565
WSEQXVZVJXJVFP-UHFFFAOYSA-N,citalopram,BRD-A47598013-004-16-0,1,HTS,"SLC6A2, SLC6A4",selective serotonin reuptake inhibitor (SSRI),CN(C)CCCC1(c2ccc(F)cc2)OCc2cc(C#N)ccc21,100027,WSEQXVZVJXJVFP-UHFFFAOYSA-N,CN(C)CCCC1(c2ccc(F)cc2)OCc2cc(C#N)ccc21,True,True,569
WSSJONWNBBTCMG-UHFFFAOYSA-N,homosalate,BRD-A34751532-001-06-9,1,HTS,,HSP inducer,CC1CC(OC(=O)c2ccccc2O)CC(C)(C)C1,100106,WSSJONWNBBTCMG-UHFFFAOYSA-N,CC1CC(OC(=O)c2ccccc2O)CC(C)(C)C1,True,True,567
WSWCOQWTEOXDQX-UHFFFAOYSA-N,sorbic-acid,BRD-K55892330-001-01-8,1,HTS,,,CC=CC=CC(=O)O,100130,WSWCOQWTEOXDQX-UHFFFAOYSA-N,CC=CC=CC(=O)O,True,True,538
WSYVIAQNTFPTBI-UHFFFAOYSA-N,moguisteine,BRD-A87673115-001-04-1,1,HTS,,ATP-sensitive potassium channel inhibitor,CCOC(=O)CC(=O)N1CCSC1COc1ccccc1OC,100156,WSYVIAQNTFPTBI-UHFFFAOYSA-N,CCOC(=O)CC(=O)N1CCSC1COc1ccccc1OC,True,True,557
WTDWVLJJJOTABN-UHFFFAOYSA-N,nesbuvir,BRD-K79989959-001-01-4,1,HTS,,RNA polymerase inhibitor,CNC(=O)c1c(-c2ccc(F)cc2)oc2cc(N(CCO)S(C)(=O)=O)c(C3CC3)cc12,100195,WTDWVLJJJOTABN-UHFFFAOYSA-N,CNC(=O)c1c(-c2ccc(F)cc2)oc2cc(N(CCO)S(C)(=O)=O)c(C3CC3)cc12,True,True,574
WTHKAJZQYNKTCJ-UHFFFAOYSA-N,BTS,BRD-K64178227-001-09-0,1,HTS,,,Cc1ccc(S(=O)(=O)NCc2ccccc2)cc1,100235,WTHKAJZQYNKTCJ-UHFFFAOYSA-N,Cc1ccc(S(=O)(=O)NCc2ccccc2)cc1,True,True,565
WTWWXOGTJWMJHI-UHFFFAOYSA-N,perflubron,BRD-K92988025-001-01-9,1,HTS,,contrast agent,FC(F)(F)C(F)(F)C(F)(F)C(F)(F)C(F)(F)C(F)(F)C(F)(F)C(F)(F)Br,100351,WTWWXOGTJWMJHI-UHFFFAOYSA-N,FC(F)(F)C(F)(F)C(F)(F)C(F)(F)C(F)(F)C(F)(F)C(F)(F)C(F)(F)Br,True,True,538
WUADCCWRTIWANL-UHFFFAOYSA-N,4-methylgenistein,BRD-K73303757-001-21-6,1,HTS,"CYP19A1, ESRRA, ESRRB, ESRRG, FASN",protein tyrosine kinase inhibitor,COc1ccc(-c2coc3cc(O)cc(O)c3c2=O)cc1,100381,WUADCCWRTIWANL-UHFFFAOYSA-N,COc1ccc(-c2coc3cc(O)cc(O)c3c2=O)cc1,True,True,565
WUBBRNOQWQTFEX-UHFFFAOYSA-N,aminosalicylate,BRD-K80267133-001-17-7; BRD-K80267133-001-19-3,2,HTS,"ALOX5, CHUK, PLA2G2E, PTGS1, PTGS2",cyclooxygenase inhibitor,Nc1ccc(C(=O)O)c(O)c1,100386,WUBBRNOQWQTFEX-UHFFFAOYSA-N,Nc1ccc(C(=O)O)c(O)c1,True,True,567
WUKZPHOXUVCQOR-UHFFFAOYSA-N,azasetron,BRD-A44133049-003-07-8,1,HTS,"HTR3A, HTR3B",serotonin receptor antagonist,CN1C(=O)COc2c(C(=O)NC3CN4CCC3CC4)cc(Cl)cc21,100464,WUKZPHOXUVCQOR-UHFFFAOYSA-N,CN1C(=O)COc2c(C(=O)NC3CN4CCC3CC4)cc(Cl)cc21,True,True,565
WUWFMDMBOJLQIV-UHFFFAOYSA-N,tosufloxacin,BRD-A41450521-075-10-8,1,HTS,,bacterial DNA gyrase inhibitor,NC1CCN(c2nc3c(cc2F)c(=O)c(C(=O)O)cn3-c2ccc(F)cc2F)C1,100554,WUWFMDMBOJLQIV-UHFFFAOYSA-N,NC1CCN(c2nc3c(cc2F)c(=O)c(C(=O)O)cn3-c2ccc(F)cc2F)C1,True,True,563
WUZYKBABMWJHDL-UHFFFAOYSA-N,rupatadine,BRD-K98004573-051-02-8,1,HTS,"HRH1, PTAFR","histamine receptor antagonist, platelet activating factor receptor antagonist",Cc1cncc(CN2CCC(=C3c4ccc(Cl)cc4CCc4cccnc43)CC2)c1,100580,WUZYKBABMWJHDL-UHFFFAOYSA-N,Cc1cncc(CN2CCC(=C3c4ccc(Cl)cc4CCc4cccnc43)CC2)c1,True,True,574
WVAKABMNNSMCDK-UHFFFAOYSA-N,sulfacarbamide,BRD-K13486660-001-01-0,1,HTS,,,NC(=O)NS(=O)(=O)c1ccc(N)cc1,100587,WVAKABMNNSMCDK-UHFFFAOYSA-N,NC(=O)NS(=O)(=O)c1ccc(N)cc1,True,True,574
WVSBGSNVCDAMCF-UHFFFAOYSA-N,GSK650394,BRD-K14991967-001-02-6,1,HTS,"SGK1, SGK2",serum/glucocorticoid regulated kinase inhibitor,O=C(O)c1ccc(-c2c[nH]c3ncc(-c4ccccc4)cc23)cc1C1CCCC1,100699,WVSBGSNVCDAMCF-UHFFFAOYSA-N,O=C(O)c1ccc(-c2c[nH]c3ncc(-c4ccccc4)cc23)cc1C1CCCC1,True,True,565
WVWOOAYQYLJEFD-UHFFFAOYSA-N,pimonidazole,BRD-A67521319-001-01-6,1,HTS,,,O=[N+]([O-])c1nccn1CC(O)CN1CCCCC1,100728,WVWOOAYQYLJEFD-UHFFFAOYSA-N,O=[N+]([O-])c1nccn1CC(O)CN1CCCCC1,True,True,565
WVYADZUPLLSGPU-UHFFFAOYSA-N,sasapyrine,BRD-K48892307-001-04-1,1,HTS,"PTGS1, PTGS2",NFkB pathway inhibitor,O=C(Oc1ccccc1C(=O)O)c1ccccc1O,100740,WVYADZUPLLSGPU-UHFFFAOYSA-N,O=C(Oc1ccccc1C(=O)O)c1ccccc1O,True,True,557
WWNNZCOKKKDOPX-UHFFFAOYSA-O,trigonelline,BRD-K69231085-003-05-7,1,HTS,,,C[n+]1cccc(C(=O)O)c1,100837,WWNNZCOKKKDOPX-UHFFFAOYSA-O,C[n+]1cccc(C(=O)O)c1,True,True,565
WWNUCVSRRUDYPP-UHFFFAOYSA-N,afobazole,BRD-K37793595-003-01-7,1,HTS,,anxiolytic,CCOc1ccc2[nH]c(SCCN3CCOCC3)nc2c1,100841,WWNUCVSRRUDYPP-UHFFFAOYSA-N,CCOc1ccc2[nH]c(SCCN3CCOCC3)nc2c1,True,True,571
WWONFUQGBVOKOF-UHFFFAOYSA-N,tasisulam,BRD-K42495768-001-01-7,1,HTS,,apoptosis stimulant,O=C(NS(=O)(=O)c1ccc(Br)s1)c1ccc(Cl)cc1Cl,100848,WWONFUQGBVOKOF-UHFFFAOYSA-N,O=C(NS(=O)(=O)c1ccc(Br)s1)c1ccc(Cl)cc1Cl,True,True,557
WWZKQHOCKIZLMA-UHFFFAOYSA-N,caprylic-acid,BRD-K35170555-001-09-5,1,HTS,,,CCCCCCCC(=O)O,100920,WWZKQHOCKIZLMA-UHFFFAOYSA-N,CCCCCCCC(=O)O,True,True,538
WXCXUHSOUPDCQV-UHFFFAOYSA-N,enzalutamide,BRD-K56851771-001-06-8,1,HTS,AR,androgen receptor antagonist,CNC(=O)c1ccc(N2C(=S)N(c3ccc(C#N)c(C(F)(F)F)c3)C(=O)C2(C)C)cc1F,100949,WXCXUHSOUPDCQV-UHFFFAOYSA-N,CNC(=O)c1ccc(N2C(=S)N(c3ccc(C#N)c(C(F)(F)F)c3)C(=O)C2(C)C)cc1F,True,True,572
WXXSNCNJFUAIDG-UHFFFAOYSA-N,riociguat,BRD-K84783599-001-01-0,1,HTS,"GUCY1A2, GUCY1A3, GUCY1B2, GUCY1B3",guanylate cyclase stimulant,COC(=O)N(C)c1c(N)nc(-c2nn(Cc3ccccc3F)c3ncccc23)nc1N,101112,WXXSNCNJFUAIDG-UHFFFAOYSA-N,COC(=O)N(C)c1c(N)[nH]c(-c2nn(Cc3ccccc3F)c3ncccc23)nc1=N,True,True,550
WYDUSKDSKCASEF-UHFFFAOYSA-N,procyclidine,BRD-A31800922-003-25-1,1,HTS,"CHRM1, CHRM2, CHRM3, CHRM4",acetylcholine receptor antagonist,OC(CCN1CCCC1)(c1ccccc1)C1CCCCC1,101143,WYDUSKDSKCASEF-UHFFFAOYSA-N,OC(CCN1CCCC1)(c1ccccc1)C1CCCCC1,True,True,550
WYWHKKSPHMUBEB-UHFFFAOYSA-N,thioguanine,BRD-K49350383-001-13-7,1,HTS,"IMPDH1, IMPDH2",purine antagonist,Nc1nc2nc[nH]c2c(=S)[nH]1,101264,WYWHKKSPHMUBEB-UHFFFAOYSA-N,N=c1[nH]c(=S)c2[nH]cnc2[nH]1,True,True,563
WZHCOOQXZCIUNC-UHFFFAOYSA-N,cyclandelate,BRD-A27370296-001-03-0,1,HTS,"CACNA2D1, CES1",calcium channel blocker,CC1CC(OC(=O)C(O)c2ccccc2)CC(C)(C)C1,101330,WZHCOOQXZCIUNC-UHFFFAOYSA-N,CC1CC(OC(=O)C(O)c2ccccc2)CC(C)(C)C1,True,True,570
XASIMHXSUQUHLV-UHFFFAOYSA-N,camostat-mesilate,BRD-K43806473-066-02-1,1,HTS,PRSS1,protease inhibitor,CN(C)C(=O)COC(=O)Cc1ccc(OC(=O)c2ccc(NC(=N)N)cc2)cc1,101605,XASIMHXSUQUHLV-UHFFFAOYSA-N,CN(C)C(=O)COC(=O)Cc1ccc(OC(=O)c2ccc(N=C(N)N)cc2)cc1,True,True,569
XBBDACCLCFWBSI-UHFFFAOYSA-N,melevodopa,BRD-K18749874-003-08-9,1,MTS004,DDC,"dopamine precursor, dopamine receptor agonist",COC(=O)C(N)Cc1ccc(O)c(O)c1,101681,XBBDACCLCFWBSI-UHFFFAOYSA-N,COC(=O)C(N)Cc1ccc(O)c(O)c1,True,True,548
XBEQSQDCBSKCHJ-UHFFFAOYSA-N,tegobuvir,BRD-K26701552-001-01-8,1,HTS,,"HCV inhibitor, protease inhibitor",Fc1ccccc1-c1nc2ccn(Cc3ccc(-c4ccc(C(F)(F)F)cc4C(F)(F)F)nn3)cc-2n1,101706,XBEQSQDCBSKCHJ-UHFFFAOYSA-N,Fc1ccccc1-c1nc2ccn(Cc3ccc(-c4ccc(C(F)(F)F)cc4C(F)(F)F)nn3)cc-2n1,True,True,571
XBHBWNFJWIASRO-UHFFFAOYSA-N,sarafloxacin,BRD-K08525451-003-05-2,1,HTS,,bacterial DNA gyrase inhibitor,O=C(O)c1cn(-c2ccc(F)cc2)c2cc(N3CCNCC3)c(F)cc2c1=O,101727,XBHBWNFJWIASRO-UHFFFAOYSA-N,O=C(O)c1cn(-c2ccc(F)cc2)c2cc(N3CCNCC3)c(F)cc2c1=O,True,True,565
XBJBPGROQZJDOJ-UHFFFAOYSA-N,fleroxacin,BRD-K61717546-001-04-3; BRD-K61717546-001-05-0,2,HTS,,topoisomerase inhibitor,CN1CCN(c2c(F)cc3c(=O)c(C(=O)O)cn(CCF)c3c2F)CC1,101744,XBJBPGROQZJDOJ-UHFFFAOYSA-N,CN1CCN(c2c(F)cc3c(=O)c(C(=O)O)cn(CCF)c3c2F)CC1,True,True,575
XBJWOGLKABXFJE-UHFFFAOYSA-N,telmesteine,BRD-A05523972-001-01-5,1,HTS,,mucolytic agent,CCOC(=O)N1CSCC1C(=O)O,101752,XBJWOGLKABXFJE-UHFFFAOYSA-N,CCOC(=O)N1CSCC1C(=O)O,True,True,569
XBNRCMFFZFCWMH-UHFFFAOYSA-N,etosalamide,BRD-K60914966-001-01-4,1,HTS,,anti-inflammatory agent,CCOCCOc1ccccc1C(N)=O,101782,XBNRCMFFZFCWMH-UHFFFAOYSA-N,CCOCCOc1ccccc1C(N)=O,True,True,570
XBPZXDSZHPDXQU-UHFFFAOYSA-N,rosoxacin,BRD-K49841478-001-01-6,1,MTS004,,topoisomerase inhibitor,CCn1cc(C(=O)O)c(=O)c2ccc(-c3ccncc3)cc21,101808,XBPZXDSZHPDXQU-UHFFFAOYSA-N,CCn1cc(C(=O)O)c(=O)c2ccc(-c3ccncc3)cc21,True,True,547
XCPGHVQEEXUHNC-UHFFFAOYSA-N,amsacrine,BRD-K68346641-001-01-4; BRD-K68346641-001-02-2,2,HTS,"KCNH2, TOP2A",topoisomerase inhibitor,COc1cc(NS(C)(=O)=O)ccc1Nc1c2ccccc2nc2ccccc12,101985,XCPGHVQEEXUHNC-UHFFFAOYSA-N,COc1cc(NS(C)(=O)=O)ccc1N=c1c2ccccc2[nH]c2ccccc12,True,True,576
XCPPIJCBCWUBNT-UHFFFAOYSA-N,PGL5001,BRD-A53813595-001-01-8,1,HTS,"MAPK10, MAPK8, MAPK9",JNK inhibitor,N#CC(c1ccnc(OCc2ccc(CN3CCOCC3)cc2)n1)c1nc2ccccc2s1,101987,XCPPIJCBCWUBNT-UHFFFAOYSA-N,N#CC(c1ccnc(OCc2ccc(CN3CCOCC3)cc2)n1)c1nc2ccccc2s1,True,True,574
XCTYLCDETUVOIP-UHFFFAOYSA-N,thiethylperazine,BRD-K69600043-328-05-5,1,HTS,"DRD1, DRD2, DRD4",dopamine receptor antagonist,CCSc1ccc2c(c1)N(CCCN1CCN(C)CC1)c1ccccc1S2,102020,XCTYLCDETUVOIP-UHFFFAOYSA-N,CCSc1ccc2c(c1)N(CCCN1CCN(C)CC1)c1ccccc1S2,True,True,574
XDJCLCLBSGGNKS-UHFFFAOYSA-N,CC-401,BRD-K45746021-003-01-9,1,HTS,MAPK8,JNK inhibitor,c1cc(OCCN2CCCCC2)cc(-c2n[nH]c3ccc(-c4ncn[nH]4)cc23)c1,102110,XDJCLCLBSGGNKS-UHFFFAOYSA-N,c1cc(OCCN2CCCCC2)cc(-c2[nH]nc3ccc(-c4nc[nH]n4)cc23)c1,True,True,563
XDRYMKDFEDOLFX-UHFFFAOYSA-N,pentamidine,BRD-K13183738-317-10-2,1,HTS,TRDMT1,anti-pneumocystis agent,N=C(N)c1ccc(OCCCCCOc2ccc(C(=N)N)cc2)cc1,102180,XDRYMKDFEDOLFX-UHFFFAOYSA-N,N=C(N)c1ccc(OCCCCCOc2ccc(C(=N)N)cc2)cc1,True,True,569
XEEQGYMUWCZPDN-UHFFFAOYSA-N,mefloquine,BRD-A89585551-003-16-6,1,HTS,"ADORA2A, HBA1","adenosine receptor antagonist, hemoglobin antagonist",OC(c1cc(C(F)(F)F)nc2c(C(F)(F)F)cccc12)C1CCCCN1,102258,XEEQGYMUWCZPDN-UHFFFAOYSA-N,OC(c1cc(C(F)(F)F)nc2c(C(F)(F)F)cccc12)C1CCCCN1,True,True,569
XEFQLINVKFYRCS-UHFFFAOYSA-N,triclosan,BRD-K41731458-001-15-1,1,HTS,DNMT1,antibacterial agent,Oc1cc(Cl)ccc1Oc1ccc(Cl)cc1Cl,102265,XEFQLINVKFYRCS-UHFFFAOYSA-N,Oc1cc(Cl)ccc1Oc1ccc(Cl)cc1Cl,True,True,572
XFAXSWXKPQWHDW-UHFFFAOYSA-N,UNC0631,BRD-K13060017-001-02-1,1,MTS004,EHMT2,histone lysine methyltransferase inhibitor,COc1cc2c(NC3CCN(CC4CCCCC4)CC3)nc(N3CCCN(C(C)C)CC3)nc2cc1OCCCN1CCCCC1,102406,XFAXSWXKPQWHDW-UHFFFAOYSA-N,COc1cc2c(=NC3CCN(CC4CCCCC4)CC3)[nH]c(N3CCCN(C(C)C)CC3)nc2cc1OCCCN1CCCCC1,True,True,548
XFDJYSQDBULQSI-UHFFFAOYSA-N,doxapram,BRD-A46179541-311-02-0,1,HTS,"KCNK3, KCNK9",potassium channel blocker,CCN1CC(CCN2CCOCC2)C(c2ccccc2)(c2ccccc2)C1=O,102420,XFDJYSQDBULQSI-UHFFFAOYSA-N,CCN1CC(CCN2CCOCC2)C(c2ccccc2)(c2ccccc2)C1=O,True,True,563
XFYDIVBRZNQMJC-UHFFFAOYSA-N,tizanidine,BRD-K06335600-003-20-7,1,HTS,"ADRA2A, ADRA2B, ADRA2C, NISCH",adrenergic receptor agonist,Clc1ccc2nsnc2c1NC1=NCCN1,102569,XFYDIVBRZNQMJC-UHFFFAOYSA-N,Clc1ccc2nsnc2c1NC1=NCCN1,True,True,569
XGALLCVXEZPNRQ-UHFFFAOYSA-N,gefitinib,BRD-K64052750-001-17-5,1,HTS,EGFR,EGFR inhibitor,COc1cc2ncnc(Nc3ccc(F)c(Cl)c3)c2cc1OCCCN1CCOCC1,102582,XGALLCVXEZPNRQ-UHFFFAOYSA-N,COc1cc2[nH]cnc(=Nc3ccc(F)c(Cl)c3)c2cc1OCCCN1CCOCC1,True,True,563
XGOYIMQSIKSOBS-UHFFFAOYSA-N,ASA-404,BRD-K27938825-001-02-4,1,HTS,,angiogenesis inhibitor,Cc1ccc2c(=O)c3cccc(CC(=O)O)c3oc2c1C,102677,XGOYIMQSIKSOBS-UHFFFAOYSA-N,Cc1ccc2c(=O)c3cccc(CC(=O)O)c3oc2c1C,True,True,571
XGPBJCHFROADCK-UHFFFAOYSA-N,CX-5461,BRD-K12787259-001-04-3,1,HTS,,RNA polymerase inhibitor,Cc1cnc(CNC(=O)c2c(=O)c3ccc(N4CCCN(C)CC4)nc3n3c2sc2ccccc23)cn1,102680,XGPBJCHFROADCK-UHFFFAOYSA-N,Cc1cnc(CNC(=O)c2c(=O)c3ccc(N4CCCN(C)CC4)nc3n3c2sc2ccccc23)cn1,True,True,550
XHOLNRLADUSQLD-UHFFFAOYSA-N,betrixaban,BRD-K45275534-001-01-3,1,HTS,KCNH2,coagulation factor inhibitor,COc1ccc(NC(=O)c2ccc(C(=N)N(C)C)cc2)c(C(=O)Nc2ccc(Cl)cn2)c1,102887,XHOLNRLADUSQLD-UHFFFAOYSA-N,COc1ccc(NC(=O)c2ccc(C(=N)N(C)C)cc2)c(C(=O)N=c2ccc(Cl)c[nH]2)c1,True,True,574
XHWRWCSCBDLOLM-UHFFFAOYSA-N,nolatrexed,BRD-K36636143-001-01-0,1,MTS004,TYMS,thymidylate synthase inhibitor,Cc1ccc2nc(N)nc(O)c2c1Sc1ccncc1,102938,XHWRWCSCBDLOLM-UHFFFAOYSA-N,Cc1ccc2[nH]c(=N)[nH]c(=O)c2c1Sc1ccncc1,True,True,548
XILVEPYQJIOVNB-UHFFFAOYSA-N,etofenamate,BRD-K73541271-001-03-6,1,HTS,"PTGS1, PTGS2",cyclooxygenase inhibitor,O=C(OCCOCCO)c1ccccc1Nc1cccc(C(F)(F)F)c1,103038,XILVEPYQJIOVNB-UHFFFAOYSA-N,O=C(OCCOCCO)c1ccccc1Nc1cccc(C(F)(F)F)c1,True,True,563
XIQVNETUBQGFHX-UHFFFAOYSA-N,oxybutynin,BRD-A65013509-003-24-4,1,HTS,"CHRM1, CHRM2, CHRM3",acetylcholine receptor antagonist,CCN(CC)CC#CCOC(=O)C(O)(c1ccccc1)C1CCCCC1,103062,XIQVNETUBQGFHX-UHFFFAOYSA-N,CCN(CC)CC#CCOC(=O)C(O)(c1ccccc1)C1CCCCC1,True,True,569
XIVUGRBSBIXXJE-UHFFFAOYSA-N,UNC0224,BRD-K77428767-001-01-7,1,MTS004,"EHMT1, EHMT2",histone lysine methyltransferase inhibitor,COc1cc2c(NC3CCN(C)CC3)nc(N3CCCN(C)CC3)nc2cc1OCCCN(C)C,103092,XIVUGRBSBIXXJE-UHFFFAOYSA-N,COc1cc2c(=NC3CCN(C)CC3)[nH]c(N3CCCN(C)CC3)nc2cc1OCCCN(C)C,True,True,547
XJGFWWJLMVZSIG-UHFFFAOYSA-N,9-aminoacridine,BRD-K00535541-001-05-5; BRD-K00535541-001-06-3,2,HTS,,,Nc1c2ccccc2nc2ccccc12,103164,XJGFWWJLMVZSIG-UHFFFAOYSA-N,N=c1c2ccccc2[nH]c2ccccc12,True,True,567
XJGVXQDUIWGIRW-UHFFFAOYSA-N,loxapine,BRD-K39915878-036-24-4,1,HTS,"ADRA1A, ADRA1B, ADRA2A, ADRA2B, ADRA2C, ADRB1, CHRM1, CHRM2, CHRM3, CHRM4, CHRM5, DRD1, DRD2, DRD3, DRD4, DRD5, HRH1, HRH2, HRH4, HTR1A, HTR1B, HTR1D, HTR1E, HTR2A, HTR2C, HTR3A, HTR5A, HTR6, HTR7, SLC6A2, SLC6A3, SLC6A4","dopamine receptor antagonist, serotonin receptor antagonist",CN1CCN(C2=Nc3ccccc3Oc3ccc(Cl)cc32)CC1,103169,XJGVXQDUIWGIRW-UHFFFAOYSA-N,CN1CCN(C2=Nc3ccccc3Oc3ccc(Cl)cc32)CC1,True,True,557
XKLMZUWKNUAPSZ-UHFFFAOYSA-N,ranolazine,BRD-A97674275-001-11-8,1,HTS,"SCN10A, SCN4A, SCN5A, SCN9A",sodium channel blocker,COc1ccccc1OCC(O)CN1CCN(CC(=O)Nc2c(C)cccc2C)CC1,103387,XKLMZUWKNUAPSZ-UHFFFAOYSA-N,COc1ccccc1OCC(O)CN1CCN(CC(=O)Nc2c(C)cccc2C)CC1,True,True,574
XKNKHVGWJDPIRJ-UHFFFAOYSA-N,arsanilic-acid,BRD-K24179883-001-16-7,1,HTS,LYZ,,Nc1ccc([As](=O)(O)O)cc1,103397,XKNKHVGWJDPIRJ-UHFFFAOYSA-N,Nc1ccc([As](=O)(O)O)cc1,True,True,569
XKZDWYDHEBCGCG-UHFFFAOYSA-N,ZCL-278,BRD-K22829793-001-01-0,1,HTS,CDC42,CDC inhibitor,Cc1cc(C)nc(NS(=O)(=O)c2ccc(NC(=S)NC(=O)COc3ccc(Br)cc3Cl)cc2)n1,103472,XKZDWYDHEBCGCG-UHFFFAOYSA-N,Cc1cc(C)[nH]c(=NS(=O)(=O)c2ccc(NC(=S)NC(=O)COc3ccc(Br)cc3Cl)cc2)n1,True,True,571
XMVJITFPVVRMHC-UHFFFAOYSA-N,roxarsone,BRD-K22685337-001-13-4,1,HTS,,antiprotozoal agent,O=[N+]([O-])c1cc([As](=O)(O)O)ccc1O,103796,XMVJITFPVVRMHC-UHFFFAOYSA-N,O=[N+]([O-])c1cc([As](=O)(O)O)ccc1O,True,True,569
XMXHEBAFVSFQEX-UHFFFAOYSA-N,iloperidone,BRD-K48722833-001-07-6,1,HTS,"ADRA1A, ADRA2C, DRD1, DRD2, DRD3, DRD4, HRH1, HTR1A, HTR2A, HTR6, HTR7","dopamine receptor antagonist, serotonin receptor antagonist",COc1cc(C(C)=O)ccc1OCCCN1CCC(c2noc3cc(F)ccc23)CC1,103809,XMXHEBAFVSFQEX-UHFFFAOYSA-N,COc1cc(C(C)=O)ccc1OCCCN1CCC(c2noc3cc(F)ccc23)CC1,True,True,569
XNBRWUQWSKXMPW-UHFFFAOYSA-N,tozadenant,BRD-K93045741-001-01-0,1,HTS,ADORA2A,adenosine receptor antagonist,COc1ccc(N2CCOCC2)c2sc(NC(=O)N3CCC(C)(O)CC3)nc12,103841,XNBRWUQWSKXMPW-UHFFFAOYSA-N,COc1ccc(N2CCOCC2)c2sc(=NC(=O)N3CCC(C)(O)CC3)[nH]c12,True,True,571
XNEFYCZVKIDDMS-UHFFFAOYSA-N,avobenzone,BRD-K14401183-001-10-7,1,HTS,TYR,UV blocker,COc1ccc(C(=O)CC(=O)c2ccc(C(C)(C)C)cc2)cc1,103861,XNEFYCZVKIDDMS-UHFFFAOYSA-N,COc1ccc(C(=O)CC(=O)c2ccc(C(C)(C)C)cc2)cc1,True,True,565
XNMYNYSCEJBRPZ-UHFFFAOYSA-N,dimethisoquin,BRD-K73391359-003-10-2,1,HTS,,local anesthetic,CCCCc1cc2ccccc2c(OCCN(C)C)n1,103934,XNMYNYSCEJBRPZ-UHFFFAOYSA-N,CCCCc1cc2ccccc2c(OCCN(C)C)n1,True,True,565
XNYZHCFCZNMTFY-UHFFFAOYSA-N,diminazene-aceturate,BRD-K92848252-001-01-9,1,HTS,"AOC1, PRDX5, PRSS1",angiotensin converting enzyme activator,N=C(N)c1ccc(/N=N/Nc2ccc(C(=N)N)cc2)cc1,104042,XNYZHCFCZNMTFY-UHFFFAOYSA-N,N=C(N)c1ccc(N=NNc2ccc(C(=N)N)cc2)cc1,True,True,572
XOAAWQZATWQOTB-UHFFFAOYSA-N,taurine,BRD-K51474575-001-10-4,1,HTS,,antioxidant,NCCS(=O)(=O)O,104046,XOAAWQZATWQOTB-UHFFFAOYSA-N,NCCS(=O)(=O)O,True,True,565
XOMRRQXKHMYMOC-UHFFFAOYSA-O,palmitoylcarnitine,BRD-A77577770-003-08-9,1,HTS,,protein kinase inhibitor,CCCCCCCCCCCCCCCC(=O)OC(CC(=O)O)C[N+](C)(C)C,104139,XOMRRQXKHMYMOC-UHFFFAOYSA-O,CCCCCCCCCCCCCCCC(=O)OC(CC(=O)O)C[N+](C)(C)C,True,True,574
XOXHILFPRYWFOD-UHFFFAOYSA-N,sulfachlorpyridazine,BRD-K32021043-001-14-3,1,HTS,,bacterial antifolate,Nc1ccc(S(=O)(=O)Nc2ccc(Cl)nn2)cc1,104214,XOXHILFPRYWFOD-UHFFFAOYSA-N,Nc1ccc(S(=O)(=O)N=c2ccc(Cl)n[nH]2)cc1,True,True,570
XOZLRRYPUKAKMU-UHFFFAOYSA-N,ramifenazone,BRD-K85333151-003-13-4,1,HTS,,cyclooxygenase inhibitor,Cc1c(NC(C)C)c(=O)n(-c2ccccc2)n1C,104231,XOZLRRYPUKAKMU-UHFFFAOYSA-N,Cc1c(NC(C)C)c(=O)n(-c2ccccc2)n1C,True,True,550
XPPBBJCBDOEXDN-UHFFFAOYSA-N,LY2228820,BRD-K59227464-334-02-4,1,HTS,MAPK14,p38 MAPK inhibitor,CC(C)(C)Cn1c(N)nc2ccc(-c3[nH]c(C(C)(C)C)nc3-c3ccc(F)cc3)nc21,104339,XPPBBJCBDOEXDN-UHFFFAOYSA-N,CC(C)(C)Cn1c(=N)[nH]c2ccc(-c3[nH]c(C(C)(C)C)nc3-c3ccc(F)cc3)nc21,True,True,574
XPRDUGXOWVXZLL-UHFFFAOYSA-N,SC-12267,BRD-K40797222-001-01-8,1,HTS,IL17A,dihydroorotate dehydrogenase inhibitor,COc1cccc(-c2ccc(NC(=O)C3=C(C(=O)O)CCC3)c(F)c2)c1,104363,XPRDUGXOWVXZLL-UHFFFAOYSA-N,COc1cccc(-c2ccc(NC(=O)C3=C(C(=O)O)CCC3)c(F)c2)c1,True,True,572
XPRZIORDEVHURQ-UHFFFAOYSA-N,YM-58483,BRD-K42563464-001-01-9,1,HTS,"TRPC3, TRPC5, TRPM4",calcium channel blocker,Cc1nnsc1C(=O)Nc1ccc(-n2nc(C(F)(F)F)cc2C(F)(F)F)cc1,104368,XPRZIORDEVHURQ-UHFFFAOYSA-N,Cc1nnsc1C(=O)Nc1ccc(-n2nc(C(F)(F)F)cc2C(F)(F)F)cc1,True,True,557
XQGZSYKGWHUSDH-UHFFFAOYSA-N,dazoxiben,BRD-K82767007-001-01-1,1,HTS,TBXAS1,thromboxane synthase inhibitor,O=C(O)c1ccc(OCCn2ccnc2)cc1,104467,XQGZSYKGWHUSDH-UHFFFAOYSA-N,O=C(O)c1ccc(OCCn2ccnc2)cc1,True,True,557
XQLWNAFCTODIRK-UHFFFAOYSA-N,gallopamil,BRD-A52922642-001-03-7,1,HTS,ATP2A2,L-type calcium channel blocker,COc1ccc(CCN(C)CCCC(C#N)(c2cc(OC)c(OC)c(OC)c2)C(C)C)cc1OC,104502,XQLWNAFCTODIRK-UHFFFAOYSA-N,COc1ccc(CCN(C)CCCC(C#N)(c2cc(OC)c(OC)c(OC)c2)C(C)C)cc1OC,True,True,574
XRECTZIEBJDKEO-UHFFFAOYSA-N,flucytosine,BRD-K82143716-001-19-9,1,HTS,DNMT1,other antifungal,Nc1nc(=O)[nH]cc1F,104643,XRECTZIEBJDKEO-UHFFFAOYSA-N,N=c1[nH]c(=O)[nH]cc1F,True,True,561
XRKYMMUGXMWDAO-UHFFFAOYSA-N,KU-55933,BRD-K25311561-001-10-7,1,HTS,"ATM, PRKDC",ATM kinase inhibitor,O=c1cc(-c2cccc3c2Sc2ccccc2S3)oc(N2CCOCC2)c1,104688,XRKYMMUGXMWDAO-UHFFFAOYSA-N,O=c1cc(-c2cccc3c2Sc2ccccc2S3)oc(N2CCOCC2)c1,True,True,565
XRXDAJYKGWNHTQ-UHFFFAOYSA-N,quipazine,BRD-K77925998-050-14-3,1,HTS,,serotonin receptor agonist,c1ccc2nc(N3CCNCC3)ccc2c1,104788,XRXDAJYKGWNHTQ-UHFFFAOYSA-N,c1ccc2nc(N3CCNCC3)ccc2c1,True,True,567
XSCGXQMFQXDFCW-UHFFFAOYSA-N,triflupromazine,BRD-K63675182-003-23-6,1,HTS,"CHRM1, CHRM2, DRD1, DRD2, HTR2B",dopamine receptor antagonist,CN(C)CCCN1c2ccccc2Sc2ccc(C(F)(F)F)cc21,104833,XSCGXQMFQXDFCW-UHFFFAOYSA-N,CN(C)CCCN1c2ccccc2Sc2ccc(C(F)(F)F)cc21,True,True,569
XSDQTOBWRPYKKA-UHFFFAOYSA-N,amiloride,BRD-K97181089-003-24-7,1,HTS,"AOC1, ASIC1, ASIC2, ASIC3, PKD2, PKD2L1, PLAU, SCNN1A, SCNN1B, SCNN1D, SCNN1G, SLC9A1, TRPC7, TRPV2",sodium channel blocker,N=C(N)NC(=O)c1nc(Cl)c(N)nc1N,104843,XSDQTOBWRPYKKA-UHFFFAOYSA-N,N=C(N)NC(=O)c1nc(Cl)c(=N)[nH]c1N,True,True,574
XSHQBIXMLULFEV-UHFFFAOYSA-N,1-naphthyl-PP1,BRD-K29542628-001-03-9,1,HTS,SRC,src inhibitor,CC(C)(C)n1nc(-c2cccc3ccccc23)c2c(N)ncnc21,104861,XSHQBIXMLULFEV-UHFFFAOYSA-N,CC(C)(C)n1nc(-c2cccc3ccccc23)c2c(=N)[nH]cnc21,True,True,563
XSMSNFMDVXXHGJ-UHFFFAOYSA-N,GS-9973,BRD-K76719364-001-02-5,1,MTS004,SYK,syk inhibitor,c1cn2cc(-c3ccc4cn[nH]c4c3)nc(Nc3ccc(N4CCOCC4)cc3)c2n1,104895,XSMSNFMDVXXHGJ-UHFFFAOYSA-N,c1cn2cc(-c3ccc4c[nH]nc4c3)[nH]c(=Nc3ccc(N4CCOCC4)cc3)c2n1,True,True,547
XSQUKJJJFZCRTK-UHFFFAOYSA-N,urea,BRD-K88052444-001-08-8,1,HTS,"ARG1, CA2, CTNNB1",hydroxy radical formation stimulant,NC(N)=O,104918,XSQUKJJJFZCRTK-UHFFFAOYSA-N,NC(N)=O,True,True,569
XTKDAFGWCDAMPY-UHFFFAOYSA-N,azaperone,BRD-K45861246-001-13-4,1,HTS,"DRD2, DRD3",dopamine receptor antagonist,O=C(CCCN1CCN(c2ccccn2)CC1)c1ccc(F)cc1,105049,XTKDAFGWCDAMPY-UHFFFAOYSA-N,O=C(CCCN1CCN(c2ccccn2)CC1)c1ccc(F)cc1,True,True,557
XTKLTGBKIDQGQL-UHFFFAOYSA-N,GSK2636771,BRD-K49215523-001-04-2,1,HTS,PIK3CB,PI3K inhibitor,Cc1c(Cn2c(C)nc3c(C(=O)O)cc(N4CCOCC4)cc32)cccc1C(F)(F)F,105054,XTKLTGBKIDQGQL-UHFFFAOYSA-N,Cc1c(Cn2c(C)nc3c(C(=O)O)cc(N4CCOCC4)cc32)cccc1C(F)(F)F,True,True,563
XTRUQJBVQBUKSQ-UHFFFAOYSA-N,APD668,BRD-K10859802-001-01-0,1,HTS,GPR119,glucose dependent insulinotropic receptor agonist,CC(C)OC(=O)N1CCC(Oc2ncnc3c2cnn3-c2ccc(S(C)(=O)=O)cc2F)CC1,105102,XTRUQJBVQBUKSQ-UHFFFAOYSA-N,CC(C)OC(=O)N1CCC(Oc2ncnc3c2cnn3-c2ccc(S(C)(=O)=O)cc2F)CC1,True,True,550
XUBOMFCQGDBHNK-UHFFFAOYSA-N,gatifloxacin,BRD-A74980173-001-11-9,1,HTS,,bacterial DNA gyrase inhibitor,COc1c(N2CCNC(C)C2)c(F)cc2c(=O)c(C(=O)O)cn(C3CC3)c12,105177,XUBOMFCQGDBHNK-UHFFFAOYSA-N,COc1c(N2CCNC(C)C2)c(F)cc2c(=O)c(C(=O)O)cn(C3CC3)c12,True,True,572
XUFQPHANEAPEMJ-UHFFFAOYSA-N,famotidine,BRD-K00673382-001-18-9,1,HTS,HRH2,histamine receptor antagonist,NC(N)=Nc1nc(CSCC/C(N)=N\S(N)(=O)=O)cs1,105205,XUFQPHANEAPEMJ-UHFFFAOYSA-N,N=C(N)N=c1[nH]c(CSCCC(=N)NS(N)(=O)=O)cs1,True,True,564
XURCIPRUUASYLR-UHFFFAOYSA-N,omeprazole-sulfide,BRD-K69035426-001-01-3,1,HTS,,ATPase inhibitor,COc1ccc2nc(SCc3ncc(C)c(OC)c3C)[nH]c2c1,105296,XURCIPRUUASYLR-UHFFFAOYSA-N,COc1ccc2[nH]c(SCc3ncc(C)c(OC)c3C)nc2c1,True,True,563
XUZMWHLSFXCVMG-UHFFFAOYSA-N,baricitinib,BRD-K53581288-001-02-9,1,HTS,"JAK1, JAK2",JAK inhibitor,CCS(=O)(=O)N1CC(CC#N)(n2cc(-c3ncnc4[nH]ccc34)cn2)C1,105359,XUZMWHLSFXCVMG-UHFFFAOYSA-N,CCS(=O)(=O)N1CC(CC#N)(n2cc(-c3ncnc4[nH]ccc34)cn2)C1,True,True,574
XVECMUKVOMUNLE-UHFFFAOYSA-N,FR-180204,BRD-K68756823-001-07-1,1,HTS,"MAPK1, MAPK3",MAP kinase inhibitor,Nc1[nH]nc2nnc(-c3c(-c4ccccc4)nn4ccccc34)cc12,105387,XVECMUKVOMUNLE-UHFFFAOYSA-N,N=c1[nH][nH]c2nnc(-c3c(-c4ccccc4)nn4ccccc34)cc12,True,True,565
XVGOZDAJGBALKS-UHFFFAOYSA-N,blonanserin,BRD-K25943794-001-02-3,1,HTS,"DRD2, HTR2A","dopamine receptor antagonist, serotonin receptor antagonist",CCN1CCN(c2cc(-c3ccc(F)cc3)c3c(n2)CCCCCC3)CC1,105402,XVGOZDAJGBALKS-UHFFFAOYSA-N,CCN1CCN(c2cc(-c3ccc(F)cc3)c3c(n2)CCCCCC3)CC1,True,True,566
XVOOCQSWCCRVDY-UHFFFAOYSA-N,PTC-209,BRD-K83834509-001-01-1,1,HTS,,BMI-1 inhibitor,COc1cc(Br)c(Nc2nc(-c3c(C)nc4ncccn34)cs2)c(Br)c1,105464,XVOOCQSWCCRVDY-UHFFFAOYSA-N,COc1cc(Br)c(N=c2[nH]c(-c3c(C)nc4ncccn34)cs2)c(Br)c1,True,True,571
XWAONOGAGZNUSF-UHFFFAOYSA-N,siramesine,BRD-K51333959-003-01-3,1,HTS,"ADRA1A, ADRA1B, ADRA1D",sigma receptor antagonist,Fc1ccc(-n2cc(CCCCN3CCC4(CC3)OCc3ccccc34)c3ccccc32)cc1,105540,XWAONOGAGZNUSF-UHFFFAOYSA-N,Fc1ccc(-n2cc(CCCCN3CCC4(CC3)OCc3ccccc34)c3ccccc32)cc1,True,True,574
XWTYSIMOBUGWOL-UHFFFAOYSA-N,terbutaline,BRD-A50157456-065-20-6,1,HTS,ADRB2,adrenergic receptor agonist,CC(C)(C)NCC(O)c1cc(O)cc(O)c1,105702,XWTYSIMOBUGWOL-UHFFFAOYSA-N,CC(C)(C)NCC(O)c1cc(O)cc(O)c1,True,True,562
XWVOEFLBOSSYGM-UHFFFAOYSA-N,trimetozine,BRD-K53220666-001-02-6,1,HTS,,sedative,COc1cc(C(=O)N2CCOCC2)cc(OC)c1OC,105714,XWVOEFLBOSSYGM-UHFFFAOYSA-N,COc1cc(C(=O)N2CCOCC2)cc(OC)c1OC,True,True,570
XWXYUMMDTVBTOU-UHFFFAOYSA-N,nilutamide,BRD-K23566484-001-15-1,1,HTS,AR,androgen receptor antagonist,CC1(C)NC(=O)N(c2ccc([N+](=O)[O-])c(C(F)(F)F)c2)C1=O,105733,XWXYUMMDTVBTOU-UHFFFAOYSA-N,CC1(C)NC(=O)N(c2ccc([N+](=O)[O-])c(C(F)(F)F)c2)C1=O,True,True,570
XXJWYDDUDKYVKI-UHFFFAOYSA-N,cediranib,BRD-K86930074-001-05-0,1,HTS,"CSF1R, FLT1, FLT3, FLT4, KDR, KIT, PDGFRA, PDGFRB","KIT inhibitor, VEGFR inhibitor",COc1cc2c(Oc3ccc4[nH]c(C)cc4c3F)ncnc2cc1OCCCN1CCCC1,105819,XXJWYDDUDKYVKI-UHFFFAOYSA-N,COc1cc2c(Oc3ccc4[nH]c(C)cc4c3F)ncnc2cc1OCCCN1CCCC1,True,True,557
XXPANQJNYNUNES-UHFFFAOYSA-N,nomifensine,BRD-A29644307-050-17-0,1,HTS,"DRD2, MAOA, MAOB, MPO, SLC6A2, SLC6A3","dopamine uptake inhibitor, noradrenaline uptake inhibitor",CN1Cc2c(N)cccc2C(c2ccccc2)C1,105846,XXPANQJNYNUNES-UHFFFAOYSA-N,CN1Cc2c(N)cccc2C(c2ccccc2)C1,True,True,574
XXRVYAFBUDSLJX-UHFFFAOYSA-N,etofibrate,BRD-K49338325-001-03-4,1,HTS,PPARA,PPAR receptor agonist,CC(C)(Oc1ccc(Cl)cc1)C(=O)OCCOC(=O)c1cccnc1,105865,XXRVYAFBUDSLJX-UHFFFAOYSA-N,CC(C)(Oc1ccc(Cl)cc1)C(=O)OCCOC(=O)c1cccnc1,True,True,557
XXSMGPRMXLTPCZ-UHFFFAOYSA-N,hydroxychloroquine,BRD-A99117172-065-04-0,1,HTS,"TLR7, TLR9",antimalarial agent,CCN(CCO)CCCC(C)Nc1ccnc2cc(Cl)ccc12,105872,XXSMGPRMXLTPCZ-UHFFFAOYSA-N,CCN(CCO)CCCC(C)N=c1cc[nH]c2cc(Cl)ccc12,True,True,570
XXSSGBYXSKOLAM-UHFFFAOYSA-N,PD-318088,BRD-A57798112-001-03-7,1,HTS,MAP2K1,MEK inhibitor,O=C(NOCC(O)CO)c1cc(Br)c(F)c(F)c1Nc1ccc(I)cc1F,105875,XXSSGBYXSKOLAM-UHFFFAOYSA-N,O=C(NOCC(O)CO)c1cc(Br)c(F)c(F)c1Nc1ccc(I)cc1F,True,True,569
XXYGTCZJJLTAGH-UHFFFAOYSA-N,LGK-974,BRD-K16810791-001-01-0,1,HTS,PORCN,porcupine inhibitor,Cc1cc(-c2ncc(CC(=O)Nc3ccc(-c4cnccn4)cn3)cc2C)ccn1,105918,XXYGTCZJJLTAGH-UHFFFAOYSA-N,Cc1cc(-c2ncc(CC(=O)N=c3ccc(-c4cnccn4)c[nH]3)cc2C)ccn1,True,True,574
XYLJNLCSTIOKRM-UHFFFAOYSA-N,brimonidine,BRD-K68264559-045-02-4; BRD-K68264559-045-04-0,2,HTS,"ADRA2A, ADRA2B, ADRA2C",adrenergic receptor agonist,Brc1c(NC2=NCCN2)ccc2nccnc12,105995,XYLJNLCSTIOKRM-UHFFFAOYSA-N,Brc1c(NC2=NCCN2)ccc2nccnc12,True,True,575
XYWJNTOURDMTPI-UHFFFAOYSA-N,procodazole,BRD-K54824716-001-04-0,1,HTS,,immunostimulant,O=C(O)CCc1nc2ccccc2[nH]1,106074,XYWJNTOURDMTPI-UHFFFAOYSA-N,O=C(O)CCc1nc2ccccc2[nH]1,True,True,570
XZTYGFHCIAKPGJ-UHFFFAOYSA-N,meclofenoxate,BRD-K10314788-003-12-7,1,HTS,,nootropic agent,CN(C)CCOC(=O)COc1ccc(Cl)cc1,106245,XZTYGFHCIAKPGJ-UHFFFAOYSA-N,CN(C)CCOC(=O)COc1ccc(Cl)cc1,True,True,567
XZWYZXLIPXDOLR-UHFFFAOYSA-N,metformin,BRD-K79602928-003-19-9,1,HTS,"ACACB, PRKAB1",insulin sensitizer,CN(C)C(=N)NC(=N)N,106263,XZWYZXLIPXDOLR-UHFFFAOYSA-N,CN(C)C(N)=NC(=N)N,True,True,563
YABJJWZLRMPFSI-UHFFFAOYSA-N,RAF265,BRD-K93123848-001-04-1,1,HTS,BRAF,"RAF inhibitor, VEGFR inhibitor",Cn1c(Nc2ccc(C(F)(F)F)cc2)nc2cc(Oc3ccnc(-c4ncc(C(F)(F)F)[nH]4)c3)ccc21,106289,YABJJWZLRMPFSI-UHFFFAOYSA-N,Cn1c(=Nc2ccc(C(F)(F)F)cc2)[nH]c2cc(Oc3ccnc(-c4nc(C(F)(F)F)c[nH]4)c3)ccc21,True,True,571
YAEMHJKFIIIULI-UHFFFAOYSA-N,AR-A014418,BRD-K67860401-001-05-6,1,HTS,GSK3B,glycogen synthase kinase inhibitor,COc1ccc(CNC(=O)Nc2ncc([N+](=O)[O-])s2)cc1,106312,YAEMHJKFIIIULI-UHFFFAOYSA-N,COc1ccc(CNC(=O)N=c2[nH]cc([N+](=O)[O-])s2)cc1,True,True,571
YALNUENQHAQXEA-UHFFFAOYSA-N,givinostat,BRD-K13810148-311-03-2,1,HTS,"HDAC1, HDAC2, HDAC3, HDAC4, HDAC5, HDAC6, HDAC7, HDAC8, HDAC9",HDAC inhibitor,CCN(CC)Cc1ccc2cc(COC(=O)Nc3ccc(C(=O)NO)cc3)ccc2c1,106360,YALNUENQHAQXEA-UHFFFAOYSA-N,CCN(CC)Cc1ccc2cc(COC(=O)Nc3ccc(C(O)=NO)cc3)ccc2c1,True,True,574
YAZSBRQTAHVVGE-UHFFFAOYSA-N,2-aminobenzenesulfonamide,BRD-K32681104-001-11-6,1,HTS,"CA12, CA14, CA2, CA6, CA9",carbonic anhydrase inhibitor,Nc1ccccc1S(N)(=O)=O,106456,YAZSBRQTAHVVGE-UHFFFAOYSA-N,Nc1ccccc1S(N)(=O)=O,True,True,574
YBAWYTYNMZWMMJ-UHFFFAOYSA-N,idalopirdine,BRD-K79102359-003-01-6,1,HTS,HTR6,serotonin receptor antagonist,Fc1ccc2c(CCNCc3cccc(OCC(F)(F)C(F)F)c3)c[nH]c2c1,106461,YBAWYTYNMZWMMJ-UHFFFAOYSA-N,Fc1ccc2c(CCNCc3cccc(OCC(F)(F)C(F)F)c3)c[nH]c2c1,True,True,574
YBBLVLTVTVSKRW-UHFFFAOYSA-N,anastrozole,BRD-K52172416-001-11-4,1,HTS,CYP19A1,aromatase inhibitor,CC(C)(C#N)c1cc(Cn2cncn2)cc(C(C)(C)C#N)c1,106464,YBBLVLTVTVSKRW-UHFFFAOYSA-N,CC(C)(C#N)c1cc(Cn2cncn2)cc(C(C)(C)C#N)c1,True,True,569
YBHILYKTIRIUTE-UHFFFAOYSA-N,berberine,BRD-K14796088-003-26-8,1,HTS,LDLR,LDL receptor activator,COc1ccc2cc3[n+](cc2c1OC)CCc1cc2c(cc1-3)OCO2,106498,YBHILYKTIRIUTE-UHFFFAOYSA-N,COc1ccc2cc3[n+](cc2c1OC)CCc1cc2c(cc1-3)OCO2,True,True,574
YBLIQJGXRLZBCZ-UHFFFAOYSA-N,NE-100,BRD-K11443721-003-01-6,1,MTS004,SIGMAR1,sigma receptor antagonist,CCCN(CCC)CCc1ccc(OC)c(OCCc2ccccc2)c1,106526,YBLIQJGXRLZBCZ-UHFFFAOYSA-N,CCCN(CCC)CCc1ccc(OC)c(OCCc2ccccc2)c1,True,True,547
YBLWOZUPHDKFOT-UHFFFAOYSA-N,PQ-401,BRD-K67537649-001-04-5,1,HTS,IGF1R,IGF-1 inhibitor,COc1ccc(Cl)cc1NC(=O)Nc1cc(C)nc2ccccc12,106531,YBLWOZUPHDKFOT-UHFFFAOYSA-N,COc1ccc(Cl)cc1NC(=O)N=c1cc(C)[nH]c2ccccc12,True,True,559
YBPIBGNBHHGLEB-UHFFFAOYSA-N,YM-201636,BRD-K48488978-001-05-3,1,HTS,,PI3K inhibitor,Nc1ccc(C(=O)Nc2cccc(-c3nc(N4CCOCC4)c4oc5ncccc5c4n3)c2)cn1,106559,YBPIBGNBHHGLEB-UHFFFAOYSA-N,N=c1ccc(C(=O)Nc2cccc(-c3nc(N4CCOCC4)c4oc5ncccc5c4n3)c2)c[nH]1,True,True,564
YBWLTKFZAOSWSM-UHFFFAOYSA-N,SPP301,BRD-K19203487-001-01-4,1,HTS,EDNRA,endothelin receptor antagonist,COc1ccccc1Oc1c(NS(=O)(=O)c2ccc(C)cn2)nc(-c2ccncc2)nc1OC,106609,YBWLTKFZAOSWSM-UHFFFAOYSA-N,COc1ccccc1Oc1c(OC)[nH]c(-c2ccncc2)nc1=NS(=O)(=O)c1ccc(C)cn1,True,True,571
YCOYDOIWSSHVCK-UHFFFAOYSA-N,vatalanib,BRD-K70163715-300-05-7,1,HTS,"EGFR, FLT1, FLT4, KDR, PDGFRB","KIT inhibitor, PDGFR tyrosine kinase receptor inhibitor, VEGFR inhibitor",Clc1ccc(Nc2nnc(Cc3ccncc3)c3ccccc23)cc1,106733,YCOYDOIWSSHVCK-UHFFFAOYSA-N,Clc1ccc(N=c2[nH]nc(Cc3ccncc3)c3ccccc23)cc1,True,True,532
YCRFPWKUUNKNDN-UHFFFAOYSA-N,MK-8745,BRD-K25279140-001-01-5,1,HTS,AURKA,Aurora kinase inhibitor,O=C(c1cccc(Cl)c1F)N1CCN(Cc2cccc(Nc3nccs3)n2)CC1,106749,YCRFPWKUUNKNDN-UHFFFAOYSA-N,O=C(c1cccc(Cl)c1F)N1CCN(Cc2cccc(=Nc3nccs3)[nH]2)CC1,True,True,546
YDBCEBYHYKAFRX-UHFFFAOYSA-N,GR-127935,BRD-K11911061-003-11-9,1,HTS,"HTR1A, HTR1B, HTR1D, HTR1E, HTR1F, HTR2A, HTR2B, HTR2C, HTR6",serotonin receptor antagonist,COc1ccc(NC(=O)c2ccc(-c3ccc(-c4noc(C)n4)cc3C)cc2)cc1N1CCN(C)CC1,106800,YDBCEBYHYKAFRX-UHFFFAOYSA-N,COc1ccc(NC(=O)c2ccc(-c3ccc(-c4noc(C)n4)cc3C)cc2)cc1N1CCN(C)CC1,True,True,572
YDBLKRPLXZNVNB-UHFFFAOYSA-N,GW-501516,BRD-K14880289-001-02-2,1,HTS,"PPARA, PPARD",PPAR receptor agonist,Cc1cc(SCc2sc(-c3ccc(C(F)(F)F)cc3)nc2C)ccc1OCC(=O)O,106807,YDBLKRPLXZNVNB-UHFFFAOYSA-N,Cc1cc(SCc2sc(-c3ccc(C(F)(F)F)cc3)nc2C)ccc1OCC(=O)O,True,True,565
YEAHTLOYHVWAKW-UHFFFAOYSA-N,palomid-529,BRD-A50998626-001-02-1,1,HTS,MTOR,"AKT inhibitor, mTOR inhibitor",COc1ccc(COc2cc3oc(=O)c4cc(C(C)O)ccc4c3cc2OC)cc1,106989,YEAHTLOYHVWAKW-UHFFFAOYSA-N,COc1ccc(COc2cc3oc(=O)c4cc(C(C)O)ccc4c3cc2OC)cc1,True,True,567
YECBIJXISLIIDS-UHFFFAOYSA-N,mepyramine,BRD-K97564742-050-32-7,1,HTS,HRH1,histamine receptor antagonist,COc1ccc(CN(CCN(C)C)c2ccccn2)cc1,107003,YECBIJXISLIIDS-UHFFFAOYSA-N,COc1ccc(CN(CCN(C)C)c2ccccn2)cc1,True,True,574
YEEZWCHGZNKEEK-UHFFFAOYSA-N,zafirlukast,BRD-K71289571-001-11-4,1,HTS,"CYSLTR1, CYSLTR2",leukotriene receptor antagonist,COc1cc(C(=O)NS(=O)(=O)c2ccccc2C)ccc1Cc1cn(C)c2ccc(NC(=O)OC3CCCC3)cc12,107021,YEEZWCHGZNKEEK-UHFFFAOYSA-N,COc1cc(C(=O)NS(=O)(=O)c2ccccc2C)ccc1Cc1cn(C)c2ccc(NC(=O)OC3CCCC3)cc12,True,True,572
YEZNLOUZAIOMLT-UHFFFAOYSA-N,tolfenamic-acid,BRD-K50133271-001-18-7,1,HTS,,"cyclooxygenase inhibitor, prostanoid receptor antagonist",Cc1c(Cl)cccc1Nc1ccccc1C(=O)O,107153,YEZNLOUZAIOMLT-UHFFFAOYSA-N,Cc1c(Cl)cccc1Nc1ccccc1C(=O)O,True,True,557
YFGBQHOOROIVKG-UHFFFAOYSA-N,metenkephalin,BRD-A38218502-001-01-2,1,HTS,OPRD1,immunostimulant,CSCCC(NC(=O)C(Cc1ccccc1)NC(=O)CNC(=O)CNC(=O)C(N)Cc1ccc(O)cc1)C(=O)O,107195,YFGBQHOOROIVKG-UHFFFAOYSA-N,CSCCC(NC(=O)C(Cc1ccccc1)NC(=O)CNC(=O)CNC(=O)C(N)Cc1ccc(O)cc1)C(=O)O,True,True,572
YGCFIWIQZPHFLU-UHFFFAOYSA-N,acesulfame-potassium,BRD-K50850824-237-04-8,1,HTS,,,CC1=CC(=O)NS(=O)(=O)O1,107343,YGCFIWIQZPHFLU-UHFFFAOYSA-N,CC1=CC(=O)NS(=O)(=O)O1,True,True,538
YGCODSQDUUUKIV-UHFFFAOYSA-N,zoxazolamine,BRD-K66353228-001-14-6,1,HTS,,myorelaxant,Nc1nc2cc(Cl)ccc2o1,107344,YGCODSQDUUUKIV-UHFFFAOYSA-N,N=c1[nH]c2cc(Cl)ccc2o1,True,True,570
YGSDEFSMJLZEOE-UHFFFAOYSA-N,salicylic-acid; sodium-salicylate,BRD-K93632104-001-17-2; BRD-K93632104-001-18-0,2,HTS,"AKR1C1, PTGS1, PTGS2; ASIC3, PTGS1, PTGS2",cyclooxygenase inhibitor; prostanoid receptor antagonist,O=C(O)c1ccccc1O,107451,YGSDEFSMJLZEOE-UHFFFAOYSA-N,O=C(O)c1ccccc1O,True,True,569
YHUIUSRCUKUUQA-UHFFFAOYSA-N,ZM-306416,BRD-K41337261-001-03-0,1,HTS,"EGFR, FLT1, FLT4, KDR","Abl kinase inhibitor, src inhibitor, VEGFR inhibitor",COc1cc2ncnc(Nc3ccc(Cl)cc3F)c2cc1OC,107652,YHUIUSRCUKUUQA-UHFFFAOYSA-N,COc1cc2[nH]cnc(=Nc3ccc(Cl)cc3F)c2cc1OC,True,True,574
YHXISWVBGDMDLQ-UHFFFAOYSA-N,moclobemide,BRD-K07237224-001-19-6,1,HTS,"MAOA, MAOB",monoamine oxidase inhibitor,O=C(NCCN1CCOCC1)c1ccc(Cl)cc1,107677,YHXISWVBGDMDLQ-UHFFFAOYSA-N,O=C(NCCN1CCOCC1)c1ccc(Cl)cc1,True,True,569
YIQPUIGJQJDJOS-UHFFFAOYSA-N,plerixafor,BRD-K33240821-001-06-2,1,MTS004,"ACKR3, CCR4, CXCR4",CC chemokine receptor antagonist,c1cc(CN2CCCNCCNCCCNCC2)ccc1CN1CCCNCCNCCCNCC1,107816,YIQPUIGJQJDJOS-UHFFFAOYSA-N,c1cc(CN2CCCNCCNCCCNCC2)ccc1CN1CCCNCCNCCCNCC1,True,True,548
YJDAOHJWLUNFLX-UHFFFAOYSA-N,NU-1025,BRD-K48692744-001-02-0,1,HTS,PARP1,PARP inhibitor,Cc1nc2c(O)cccc2c(=O)[nH]1,107908,YJDAOHJWLUNFLX-UHFFFAOYSA-N,Cc1nc(=O)c2cccc(O)c2[nH]1,True,True,562
YJQZNWPYLCNRLP-UHFFFAOYSA-N,U-104,BRD-K77867004-001-02-7,1,HTS,"CA1, CA12, CA2, CA9",carbonic anhydrase inhibitor,NS(=O)(=O)c1ccc(NC(=O)Nc2ccc(F)cc2)cc1,108016,YJQZNWPYLCNRLP-UHFFFAOYSA-N,NS(=O)(=O)c1ccc(NC(=O)Nc2ccc(F)cc2)cc1,True,True,574
YJQZYXCXBBCEAQ-UHFFFAOYSA-N,ractopamine,BRD-A86414188-003-01-5,1,HTS,,adrenergic receptor agonist,CC(CCc1ccc(O)cc1)NCC(O)c1ccc(O)cc1,108017,YJQZYXCXBBCEAQ-UHFFFAOYSA-N,CC(CCc1ccc(O)cc1)NCC(O)c1ccc(O)cc1,True,True,565
YJYPHIXNFHFHND-UHFFFAOYSA-N,agomelatine,BRD-K84698278-001-03-4,1,HTS,"HTR2A, HTR2B, HTR2C, MTNR1A, MTNR1B","melatonin receptor agonist, serotonin receptor antagonist",COc1ccc2cccc(CCNC(C)=O)c2c1,108079,YJYPHIXNFHFHND-UHFFFAOYSA-N,COc1ccc2cccc(CCNC(C)=O)c2c1,True,True,550
YKGYIDJEEQRWQH-UHFFFAOYSA-N,gabexate,BRD-K59256312-066-15-7,1,MTS004,"PRSS1, TPSAB1",serine protease inhibitor,CCOC(=O)c1ccc(OC(=O)CCCCCNC(=N)N)cc1,108137,YKGYIDJEEQRWQH-UHFFFAOYSA-N,CCOC(=O)c1ccc(OC(=O)CCCCCN=C(N)N)cc1,True,True,547
YLJREFDVOIBQDA-UHFFFAOYSA-N,tacrine,BRD-K81473089-003-26-1,1,HTS,"ACHE, BCHE",acetylcholinesterase inhibitor,Nc1c2c(nc3ccccc13)CCCC2,108326,YLJREFDVOIBQDA-UHFFFAOYSA-N,N=c1c2c([nH]c3ccccc13)CCCC2,True,True,550
YLQODGGPIHWTHR-UHFFFAOYSA-N,NMS-E973,BRD-K58770988-001-01-8,1,HTS,,HSP inhibitor,CN1CCC(NC(=O)c2cc(-c3c(O)cc(O)cc3Oc3ccc([N+](=O)[O-])cc3)on2)CC1,108365,YLQODGGPIHWTHR-UHFFFAOYSA-N,CN1CCC(NC(=O)c2cc(-c3c(O)cc(O)cc3Oc3ccc([N+](=O)[O-])cc3)on2)CC1,True,True,571
YLUSMKAJIQOXPV-UHFFFAOYSA-N,ipidacrine,BRD-K66896231-001-08-1,1,HTS,ACHE,acetylcholinesterase inhibitor,Nc1c2c(nc3c1CCC3)CCCC2,108394,YLUSMKAJIQOXPV-UHFFFAOYSA-N,N=c1c2c([nH]c3c1CCC3)CCCC2,True,True,572
YMBXTVYHTMGZDW-UHFFFAOYSA-N,loxoprofen,BRD-A43082555-001-01-1; BRD-A43082555-001-02-9,2,HTS,PTGS2,"cyclooxygenase inhibitor, prostanoid receptor antagonist",CC(C(=O)O)c1ccc(CC2CCCC2=O)cc1,108442,YMBXTVYHTMGZDW-UHFFFAOYSA-N,CC(C(=O)O)c1ccc(CC2CCCC2=O)cc1,True,True,571
YMTINGFKWWXKFG-UHFFFAOYSA-N,fenofibrate,BRD-K50388907-001-30-4,1,HTS,"MMP25, PPARA",PPAR receptor agonist,CC(C)OC(=O)C(C)(C)Oc1ccc(C(=O)c2ccc(Cl)cc2)cc1,108570,YMTINGFKWWXKFG-UHFFFAOYSA-N,CC(C)OC(=O)C(C)(C)Oc1ccc(C(=O)c2ccc(Cl)cc2)cc1,True,True,550
YNZFUWZUGRBMHL-UHFFFAOYSA-N,opipramol,BRD-K43786866-300-02-3,1,HTS,,sigma receptor agonist,OCCN1CCN(CCCN2c3ccccc3C=Cc3ccccc32)CC1,108782,YNZFUWZUGRBMHL-UHFFFAOYSA-N,OCCN1CCN(CCCN2c3ccccc3C=Cc3ccccc32)CC1,True,True,563
YOELZIQOLWZLQC-UHFFFAOYSA-N,SKF-86002,BRD-K96809896-300-02-3,1,HTS,"ALOX5, MAPK14",p38 MAPK inhibitor,Fc1ccc(-c2nc3n(c2-c2ccncc2)CCS3)cc1,108823,YOELZIQOLWZLQC-UHFFFAOYSA-N,Fc1ccc(-c2nc3n(c2-c2ccncc2)CCS3)cc1,True,True,565
YOSHYTLCDANDAN-UHFFFAOYSA-N,irbesartan,BRD-K60038276-001-09-0,1,HTS,"AGTR1, JUN, SLC10A1",angiotensin receptor antagonist,CCCCC1=NC2(CCCC2)C(=O)N1Cc1ccc(-c2ccccc2-c2nnn[nH]2)cc1,108916,YOSHYTLCDANDAN-UHFFFAOYSA-N,CCCCC1=NC2(CCCC2)C(=O)N1Cc1ccc(-c2ccccc2-c2nn[nH]n2)cc1,True,True,569
YOZBGTLTNGAVFU-UHFFFAOYSA-N,FG-4592,BRD-K14385366-001-04-4,1,HTS,EGLN2,hypoxia inducible factor prolyl hydroxylase inhibitor,Cc1nc(C(=O)NCC(=O)O)c(O)c2ccc(Oc3ccccc3)cc12,108964,YOZBGTLTNGAVFU-UHFFFAOYSA-N,Cc1nc(C(=O)NCC(=O)O)c(O)c2ccc(Oc3ccccc3)cc12,True,True,532
YPELFRMCRYSPKZ-UHFFFAOYSA-N,mosapride,BRD-A39052811-048-11-0,1,HTS,HTR4,serotonin receptor agonist,CCOc1cc(N)c(Cl)cc1C(=O)NCC1CN(Cc2ccc(F)cc2)CCO1,108996,YPELFRMCRYSPKZ-UHFFFAOYSA-N,CCOc1cc(N)c(Cl)cc1C(=O)NCC1CN(Cc2ccc(F)cc2)CCO1,True,True,569
YPIQVCUJEKAZCP-UHFFFAOYSA-N,malotilate,BRD-K97884852-001-05-4,1,HTS,,protein synthesis stimulant,CC(C)OC(=O)C(C(=O)OC(C)C)=C1SC=CS1,109034,YPIQVCUJEKAZCP-UHFFFAOYSA-N,CC(C)OC(=O)C(C(=O)OC(C)C)=C1SC=CS1,True,True,574
YQNQNVDNTFHQSW-UHFFFAOYSA-N,nitazoxanide,BRD-K96471533-001-09-0,1,MTS004,,pyruvate ferredoxin oxidoreductase inhibitor,CC(=O)Oc1ccccc1C(=O)Nc1ncc([N+](=O)[O-])s1,109266,YQNQNVDNTFHQSW-UHFFFAOYSA-N,CC(=O)Oc1ccccc1C(=O)N=c1[nH]cc([N+](=O)[O-])s1,True,True,548
YQNWZWMKLDQSAC-UHFFFAOYSA-N,vortioxetine,BRD-K53963539-004-02-0,1,HTS,"HTR1A, HTR1B, HTR2A, HTR2C, HTR3A, HTR5A, HTR6, HTR7, SLC6A4","serotonin receptor agonist, serotonin receptor antagonist",Cc1ccc(Sc2ccccc2N2CCNCC2)c(C)c1,109269,YQNWZWMKLDQSAC-UHFFFAOYSA-N,Cc1ccc(Sc2ccccc2N2CCNCC2)c(C)c1,True,True,550
YRCWQPVGYLYSOX-UHFFFAOYSA-N,synephrine,BRD-A04327189-001-15-1; BRD-A04327189-003-03-3,2,HTS,ADRA1A,adrenergic receptor agonist,CNCC(O)c1ccc(O)cc1,109385,YRCWQPVGYLYSOX-UHFFFAOYSA-N,CNCC(O)c1ccc(O)cc1,True,True,575
YREYEVIYCVEVJK-UHFFFAOYSA-N,rabeprazole,BRD-A39390670-236-10-7,1,HTS,ATP4A,"ATPase inhibitor, gastrin inhibitor",COCCCOc1ccnc(CS(=O)c2nc3ccccc3[nH]2)c1C,109403,YREYEVIYCVEVJK-UHFFFAOYSA-N,COCCCOc1ccnc(C[S+]([O-])c2nc3ccccc3[nH]2)c1C,True,True,572
YREYLAVBNPACJM-UHFFFAOYSA-N,tulobuterol,BRD-A37441042-003-04-8,1,HTS,ADRB2,adrenergic receptor agonist,CC(C)(C)NCC(O)c1ccccc1Cl,109404,YREYLAVBNPACJM-UHFFFAOYSA-N,CC(C)(C)NCC(O)c1ccccc1Cl,True,True,570
YRWLZFXJFBZBEY-UHFFFAOYSA-N,parbendazole,BRD-K02407574-001-09-7,1,HTS,TUBB,tubulin polymerization inhibitor,CCCCc1ccc2[nH]c(NC(=O)OC)nc2c1,109544,YRWLZFXJFBZBEY-UHFFFAOYSA-N,CCCCc1ccc2[nH]c(=NC(=O)OC)[nH]c2c1,True,True,574
YRZQHIVOIFJEEE-UHFFFAOYSA-N,chlorazanil,BRD-K21452876-003-01-8,1,HTS,,,Nc1ncnc(Nc2ccc(Cl)cc2)n1,109572,YRZQHIVOIFJEEE-UHFFFAOYSA-N,N=c1[nH]cnc(=Nc2ccc(Cl)cc2)[nH]1,True,True,550
YSIITVVESCNIPR-UHFFFAOYSA-N,troxipide,BRD-A68589262-001-04-3,1,HTS,,glucosamine synthetase stimulant,COc1cc(C(=O)NC2CCCNC2)cc(OC)c1OC,109630,YSIITVVESCNIPR-UHFFFAOYSA-N,COc1cc(C(=O)NC2CCCNC2)cc(OC)c1OC,True,True,557
YSXKPIUOCJLQIE-UHFFFAOYSA-N,biperiden,BRD-A00546892-001-02-6,1,HTS,"CHRM1, CHRM2, CHRM3, CHRM4, CHRM5, CHRNA2",acetylcholine receptor antagonist,OC(CCN1CCCCC1)(c1ccccc1)C1CC2C=CC1C2,109746,YSXKPIUOCJLQIE-UHFFFAOYSA-N,OC(CCN1CCCCC1)(c1ccccc1)C1CC2C=CC1C2,True,True,569
YTBNTDMBGXAOCG-UHFFFAOYSA-N,mecarbinate,BRD-K28405228-001-06-7,1,HTS,,,CCOC(=O)c1c(C)n(C)c2ccc(O)cc12,109778,YTBNTDMBGXAOCG-UHFFFAOYSA-N,CCOC(=O)c1c(C)n(C)c2ccc(O)cc12,True,True,565
YTGJWQPHMWSCST-UHFFFAOYSA-N,tiopronin,BRD-A85295731-001-06-4,1,MTS004,,"chelating agent, reducing agent",CC(S)C(=O)NCC(=O)O,109806,YTGJWQPHMWSCST-UHFFFAOYSA-N,CC(S)C(=O)NCC(=O)O,True,True,548
YTKUWDBFDASYHO-UHFFFAOYSA-N,bendamustine,BRD-K17068645-003-04-2,1,HTS,,DNA inhibitor,Cn1c(CCCC(=O)O)nc2cc(N(CCCl)CCCl)ccc21,109839,YTKUWDBFDASYHO-UHFFFAOYSA-N,Cn1c(CCCC(=O)O)nc2cc(N(CCCl)CCCl)ccc21,True,True,572
YTRMTPPVNRALON-UHFFFAOYSA-N,cinchophen,BRD-K72915123-001-18-1,1,HTS,,analgesic agent,O=C(O)c1cc(-c2ccccc2)nc2ccccc12,109879,YTRMTPPVNRALON-UHFFFAOYSA-N,O=C(O)c1cc(-c2ccccc2)nc2ccccc12,True,True,570
YUGZHQHSNYIFLG-UHFFFAOYSA-N,diperodon,BRD-A30693873-003-12-8,1,HTS,,local anesthetic,O=C(Nc1ccccc1)OCC(CN1CCCCC1)OC(=O)Nc1ccccc1,110001,YUGZHQHSNYIFLG-UHFFFAOYSA-N,O=C(Nc1ccccc1)OCC(CN1CCCCC1)OC(=O)Nc1ccccc1,True,True,570
YUKWVHPTFRQHMF-UHFFFAOYSA-N,AZ3146,BRD-K59146805-001-03-7,1,HTS,,monopolar spindle 1 kinase inhibitor,COc1cc(OC2CCN(C)CC2)ccc1Nc1ncc2c(n1)n(C1CCCC1)c(=O)n2C,110020,YUKWVHPTFRQHMF-UHFFFAOYSA-N,COc1cc(OC2CCN(C)CC2)ccc1N=c1nc2c(c[nH]1)n(C)c(=O)n2C1CCCC1,True,True,572
YULUCECVQOCQFQ-UHFFFAOYSA-N,AR-12,BRD-K90497590-001-04-2,1,HTS,PDPK1,phosphoinositide dependent kinase inhibitor,NCC(=O)Nc1ccc(-n2nc(C(F)(F)F)cc2-c2ccc3c(ccc4ccccc43)c2)cc1,110027,YULUCECVQOCQFQ-UHFFFAOYSA-N,NCC(=O)Nc1ccc(-n2nc(C(F)(F)F)cc2-c2ccc3c(ccc4ccccc43)c2)cc1,True,True,565
YUTIXVXZQIQWGY-UHFFFAOYSA-N,AMG-517,BRD-K34185671-001-02-8,1,HTS,TRPV1,TRPV antagonist,CC(=O)Nc1nc2c(Oc3cc(-c4ccc(C(F)(F)F)cc4)ncn3)cccc2s1,110077,YUTIXVXZQIQWGY-UHFFFAOYSA-N,CC(=O)N=c1[nH]c2c(Oc3cc(-c4ccc(C(F)(F)F)cc4)ncn3)cccc2s1,True,True,565
YVPGZQLRPAGKLA-UHFFFAOYSA-N,N6022,BRD-K82522873-001-01-1,1,HTS,ADH5,alcohol dehydrogenase inhibitor,Cc1cc(C(N)=O)ccc1-n1c(CCC(=O)O)ccc1-c1ccc(-n2ccnc2)cc1,110225,YVPGZQLRPAGKLA-UHFFFAOYSA-N,Cc1cc(C(N)=O)ccc1-n1c(CCC(=O)O)ccc1-c1ccc(-n2ccnc2)cc1,True,True,557
YVPUUUDAZYFFQT-UHFFFAOYSA-N,pardoprunox,BRD-K11851476-003-01-7,1,MTS004,"DRD2, DRD3, DRD4, HTR1A, HTR7","serotonin receptor agonist, dopamine receptor agonist",CN1CCN(c2cccc3[nH]c(=O)oc23)CC1,110227,YVPUUUDAZYFFQT-UHFFFAOYSA-N,CN1CCN(c2cccc3[nH]c(=O)oc23)CC1,True,True,548
YVPYQUNUQOZFHG-UHFFFAOYSA-N,diatrizoic-acid,BRD-K48247567-001-01-9,1,HTS,,,CC(=O)Nc1c(I)c(NC(C)=O)c(I)c(C(=O)O)c1I,110231,YVPYQUNUQOZFHG-UHFFFAOYSA-N,CC(=O)Nc1c(I)c(NC(C)=O)c(I)c(C(=O)O)c1I,True,True,568
YVUQSNJEYSNKRX-UHFFFAOYSA-N,pimozide,BRD-K01292756-001-25-0,1,HTS,"CACNA1I, CALM1, DRD1, DRD2, DRD3, DRD4, DRD5, HRH1, HTR1A, HTR2A, KCNA10, KCNH2",dopamine receptor antagonist,O=c1[nH]c2ccccc2n1C1CCN(CCCC(c2ccc(F)cc2)c2ccc(F)cc2)CC1,110270,YVUQSNJEYSNKRX-UHFFFAOYSA-N,O=c1[nH]c2ccccc2n1C1CCN(CCCC(c2ccc(F)cc2)c2ccc(F)cc2)CC1,True,True,565
YWSPWKXREVSQCA-UHFFFAOYSA-N,DMNB,BRD-K03564313-001-03-3,1,HTS,,DNA dependent protein kinase inhibitor,COc1cc(C=O)c([N+](=O)[O-])cc1OC,110465,YWSPWKXREVSQCA-UHFFFAOYSA-N,COc1cc(C=O)c([N+](=O)[O-])cc1OC,True,True,565
YWTYJOPNNQFBPC-UHFFFAOYSA-N,imidacloprid,BRD-K76609936-001-08-4,1,HTS,CHRFAM7A,acetylcholine receptor antagonist,O=[N+]([O-])NC1=NCCN1Cc1ccc(Cl)nc1,110471,YWTYJOPNNQFBPC-UHFFFAOYSA-N,O=[N+]([O-])NC1=NCCN1Cc1ccc(Cl)nc1,True,True,554
YXOLAZRVSSWPPT-UHFFFAOYSA-N,morin,BRD-K11590034-002-03-4,1,HTS,"ADORA2A, ESR2, FASN, MCL1, SLC22A12",cytochrome P450 inhibitor,O=c1c(O)c(-c2ccc(O)cc2O)oc2cc(O)cc(O)c12,110623,YXOLAZRVSSWPPT-UHFFFAOYSA-N,O=c1c(O)c(-c2ccc(O)cc2O)oc2cc(O)cc(O)c12,True,True,538
YXUPZGKORWTXID-UHFFFAOYSA-N,domiphen,BRD-K30431096-004-01-3,1,HTS,,,CCCCCCCCCCCC[N+](C)(C)CCOc1ccccc1,110676,YXUPZGKORWTXID-UHFFFAOYSA-N,CCCCCCCCCCCC[N+](C)(C)CCOc1ccccc1,True,True,557
YXWQTVWJNHKSCC-UHFFFAOYSA-N,tetrahydropapaverine,BRD-A91831168-003-02-5,1,HTS,,,COc1ccc(CC2NCCc3cc(OC)c(OC)cc32)cc1OC,110692,YXWQTVWJNHKSCC-UHFFFAOYSA-N,COc1ccc(CC2NCCc3cc(OC)c(OC)cc32)cc1OC,True,True,565
YYBOLPLTQDKXPM-UHFFFAOYSA-N,verinurad,BRD-K36741660-001-01-1,1,MTS004,SLC22A12,urate transporter inhibitor,CC(C)(Sc1ccncc1-c1ccc(C#N)c2ccccc12)C(=O)O,110725,YYBOLPLTQDKXPM-UHFFFAOYSA-N,CC(C)(Sc1ccncc1-c1ccc(C#N)c2ccccc12)C(=O)O,True,True,545
YYFGRAGNYHYWEZ-UHFFFAOYSA-N,eprobemide,BRD-K17979676-001-01-2,1,HTS,MAOA,monoamine oxidase inhibitor,O=C(NCCCN1CCOCC1)c1ccc(Cl)cc1,110747,YYFGRAGNYHYWEZ-UHFFFAOYSA-N,O=C(NCCCN1CCOCC1)c1ccc(Cl)cc1,True,True,550
YZDJQTHVDDOVHR-UHFFFAOYSA-N,PLX-4720,BRD-K16478699-001-09-2,1,HTS,"BRAF, KDR",RAF inhibitor,CCCS(=O)(=O)Nc1ccc(F)c(C(=O)c2c[nH]c3ncc(Cl)cc23)c1F,110914,YZDJQTHVDDOVHR-UHFFFAOYSA-N,CCCS(=O)(=O)Nc1ccc(F)c(C(=O)c2c[nH]c3ncc(Cl)cc23)c1F,True,True,565
YZEUHQHUFTYLPH-UHFFFAOYSA-N,azomycin-(2-nitroimidazole),BRD-K26824830-001-02-0,1,HTS,,protein synthesis inhibitor,O=[N+]([O-])c1ncc[nH]1,110922,YZEUHQHUFTYLPH-UHFFFAOYSA-N,O=[N+]([O-])c1ncc[nH]1,True,True,572
YZQLWPMZQVHJED-UHFFFAOYSA-N,dalcetrapib,BRD-K18849474-001-04-4,1,HTS,CETP,cholesteryl ester transfer protein inhibitor,CCC(CC)CC1(C(=O)Nc2ccccc2SC(=O)C(C)C)CCCCC1,111002,YZQLWPMZQVHJED-UHFFFAOYSA-N,CCC(CC)CC1(C(=O)Nc2ccccc2SC(=O)C(C)C)CCCCC1,True,True,538
ZAHQBPYQBHTECE-UHFFFAOYSA-N,meloxicam,BRD-A84174393-236-07-1,1,HTS,"PTGS1, PTGS2",cyclooxygenase inhibitor,Cc1cnc(NC(=O)C2C(=O)c3ccccc3S(=O)(=O)N2C)s1,111134,ZAHQBPYQBHTECE-UHFFFAOYSA-N,Cc1c[nH]c(=NC(=O)C2C(=O)c3ccccc3S(=O)(=O)N2C)s1,True,True,550
ZAJXXUDARPGGOC-UHFFFAOYSA-N,AV-412,BRD-K23190681-001-01-1,1,HTS,"EGFR, ERBB2",protein tyrosine kinase inhibitor,C=CC(=O)Nc1cc2c(Nc3ccc(F)c(Cl)c3)ncnc2cc1C#CC(C)(C)N1CCN(C)CC1,111148,ZAJXXUDARPGGOC-UHFFFAOYSA-N,C=CC(=O)Nc1cc2c(=Nc3ccc(F)c(Cl)c3)[nH]cnc2cc1C#CC(C)(C)N1CCN(C)CC1,True,True,565
ZAKOWWREFLAJOT-UHFFFAOYSA-N,alpha-tochopheryl-acetate,BRD-A61850409-001-10-7,1,HTS,,antioxidant,CC(=O)Oc1c(C)c(C)c2c(c1C)CCC(C)(CCCC(C)CCCC(C)CCCC(C)C)O2,111156,ZAKOWWREFLAJOT-UHFFFAOYSA-N,CC(=O)Oc1c(C)c(C)c2c(c1C)CCC(C)(CCCC(C)CCCC(C)CCCC(C)C)O2,True,True,570
ZAVGJDAFCZAWSZ-UHFFFAOYSA-N,hydroxyfasudil,BRD-K77793136-003-03-0,1,HTS,"PKIA, PRKACA, ROCK1",rho associated kinase inhibitor,O=S(=O)(c1cccc2c(O)nccc12)N1CCCNCC1,111238,ZAVGJDAFCZAWSZ-UHFFFAOYSA-N,O=c1[nH]ccc2c(S(=O)(=O)N3CCCNCC3)cccc12,True,True,565
ZBFDAUIVDSSISP-UHFFFAOYSA-N,tenatoprazole,BRD-A42270467-001-04-4,1,HTS,IDO1,ATPase inhibitor,COc1ccc2[nH]c(S(=O)Cc3ncc(C)c(OC)c3C)nc2n1,111309,ZBFDAUIVDSSISP-UHFFFAOYSA-N,COc1ccc2[nH]c([S+]([O-])Cc3ncc(C)c(OC)c3C)nc2n1,True,True,569
ZBIAKUMOEKILTF-UHFFFAOYSA-N,lidoflazine,BRD-K62996583-001-10-3,1,HTS,"SCN1A, SCN3A, SLC29A1",calcium channel blocker,Cc1cccc(C)c1NC(=O)CN1CCN(CCCC(c2ccc(F)cc2)c2ccc(F)cc2)CC1,111331,ZBIAKUMOEKILTF-UHFFFAOYSA-N,Cc1cccc(C)c1NC(=O)CN1CCN(CCCC(c2ccc(F)cc2)c2ccc(F)cc2)CC1,True,True,569
ZBMZVLHSJCTVON-UHFFFAOYSA-N,sotalol,BRD-A33168282-003-18-0,1,HTS,"ADRB1, ADRB2, KCNH2",adrenergic receptor antagonist,CC(C)NCC(O)c1ccc(NS(C)(=O)=O)cc1,111361,ZBMZVLHSJCTVON-UHFFFAOYSA-N,CC(C)NCC(O)c1ccc(NS(C)(=O)=O)cc1,True,True,563
ZBNZXTGUTAYRHI-UHFFFAOYSA-N,dasatinib,BRD-K49328571-001-15-0,1,HTS,"ABL1, ABL2, BLK, EPHA2, FGR, FRK, FYN, HCK, KIT, LCK, LYN, PDGFRB, SRC, SRMS, STAT5B, YES1","Bcr-Abl kinase inhibitor, ephrin inhibitor, KIT inhibitor, PDGFR tyrosine kinase receptor inhibitor, src inhibitor, tyrosine kinase inhibitor",Cc1nc(Nc2ncc(C(=O)Nc3c(C)cccc3Cl)s2)cc(N2CCN(CCO)CC2)n1,111368,ZBNZXTGUTAYRHI-UHFFFAOYSA-N,Cc1nc(=Nc2ncc(C(=O)Nc3c(C)cccc3Cl)s2)cc(N2CCN(CCO)CC2)[nH]1,True,True,563
ZBPLOVFIXSTCRZ-UHFFFAOYSA-N,bromfenac,BRD-K47679368-236-01-7,1,HTS,"PTGS1, PTGS2",cyclooxygenase inhibitor,Nc1c(CC(=O)O)cccc1C(=O)c1ccc(Br)cc1,111380,ZBPLOVFIXSTCRZ-UHFFFAOYSA-N,Nc1c(CC(=O)O)cccc1C(=O)c1ccc(Br)cc1,True,True,557
ZCCPLJOKGAACRT-UHFFFAOYSA-N,NVP-BHG712,BRD-K79259477-001-04-9,1,HTS,EPHB4,ephrin inhibitor,Cc1ccc(C(=O)Nc2cccc(C(F)(F)F)c2)cc1Nc1nc(-c2cccnc2)nc2c1cnn2C,111492,ZCCPLJOKGAACRT-UHFFFAOYSA-N,Cc1ccc(C(=O)Nc2cccc(C(F)(F)F)c2)cc1N=c1[nH]c(-c2cccnc2)nc2c1cnn2C,True,True,572
ZCCUUQDIBDJBTK-UHFFFAOYSA-N,psoralen,BRD-K47264279-001-08-9,1,HTS,"MAOA, MAOB",,O=c1ccc2cc3ccoc3cc2o1,111495,ZCCUUQDIBDJBTK-UHFFFAOYSA-N,O=c1ccc2cc3ccoc3cc2o1,True,True,566
ZCGNOVWYSGBHAU-UHFFFAOYSA-N,favipiravir,BRD-K04264130-001-01-4,1,HTS,,RNA polymerase inhibitor,NC(=O)c1nc(F)cnc1O,111515,ZCGNOVWYSGBHAU-UHFFFAOYSA-N,NC(=O)c1nc(F)c[nH]c1=O,True,True,569
ZCJYUTQZBAIHBS-UHFFFAOYSA-N,fenticonazole,BRD-A33697453-008-02-4,1,HTS,,bacterial cell wall synthesis inhibitor,Clc1ccc(C(Cn2ccnc2)OCc2ccc(Sc3ccccc3)cc2)c(Cl)c1,111536,ZCJYUTQZBAIHBS-UHFFFAOYSA-N,Clc1ccc(C(Cn2ccnc2)OCc2ccc(Sc3ccccc3)cc2)c(Cl)c1,True,True,565
ZCVMWBYGMWKGHF-UHFFFAOYSA-N,ketotifen,BRD-K28936863-051-33-0,1,HTS,"HRH1, PDE4A, PDE4B, PDE4C, PDE4D, PDE7A, PDE7B, PDE8A, PDE8B, PGD","histamine receptor agonist, leukotriene receptor antagonist, phosphodiesterase inhibitor",CN1CCC(=C2c3ccccc3CC(=O)c3sccc32)CC1,111620,ZCVMWBYGMWKGHF-UHFFFAOYSA-N,CN1CCC(=C2c3ccccc3CC(=O)c3sccc32)CC1,True,True,565
ZDASUJMDVPTNTF-UHFFFAOYSA-N,broxyquinoline,BRD-K23301018-001-11-7,1,HTS,,antiprotozoal agent,Oc1c(Br)cc(Br)c2cccnc12,111657,ZDASUJMDVPTNTF-UHFFFAOYSA-N,Oc1c(Br)cc(Br)c2cccnc12,True,True,538
ZDIGNSYAACHWNL-UHFFFAOYSA-N,brompheniramine,BRD-A68723818-050-32-5,1,HTS,"CHRM1, CHRM2, CHRM3, CHRM4, CHRM5, HRH1",histamine receptor antagonist,CN(C)CCC(c1ccc(Br)cc1)c1ccccn1,111696,ZDIGNSYAACHWNL-UHFFFAOYSA-N,CN(C)CCC(c1ccc(Br)cc1)c1ccccn1,True,True,570
ZDPIZLCVJAAHHR-UHFFFAOYSA-N,clopidol,BRD-K80036624-001-04-0,1,HTS,,,Cc1nc(C)c(Cl)c(O)c1Cl,111740,ZDPIZLCVJAAHHR-UHFFFAOYSA-N,Cc1[nH]c(C)c(Cl)c(=O)c1Cl,True,True,570
ZDRQMXCSSAPUMM-UHFFFAOYSA-N,oncrasin-1,BRD-K43449605-001-01-0,1,HTS,,apoptosis stimulant,O=Cc1cn(Cc2ccc(Cl)cc2)c2ccccc12,111753,ZDRQMXCSSAPUMM-UHFFFAOYSA-N,O=Cc1cn(Cc2ccc(Cl)cc2)c2ccccc12,True,True,565
ZEFNOZRLAWVAQF-UHFFFAOYSA-N,dinitolmide,BRD-K93240442-001-08-4,1,HTS,,,Cc1c(C(N)=O)cc([N+](=O)[O-])cc1[N+](=O)[O-],111830,ZEFNOZRLAWVAQF-UHFFFAOYSA-N,Cc1c(C(N)=O)cc([N+](=O)[O-])cc1[N+](=O)[O-],True,True,569
ZEKZLJVOYLTDKK-UHFFFAOYSA-N,lomefloxacin,BRD-A75850590-213-01-0,1,HTS,TOP2A,bacterial DNA gyrase inhibitor,CCn1cc(C(=O)O)c(=O)c2cc(F)c(N3CCNC(C)C3)c(F)c21,111858,ZEKZLJVOYLTDKK-UHFFFAOYSA-N,CCn1cc(C(=O)O)c(=O)c2cc(F)c(N3CCNC(C)C3)c(F)c21,True,True,546
ZEMGGZBWXRYJHK-UHFFFAOYSA-N,2-thiouracil,BRD-K58819470-001-05-9,1,HTS,,,Oc1ccnc(S)n1,111867,ZEMGGZBWXRYJHK-UHFFFAOYSA-N,O=c1cc[nH]c(=S)[nH]1,True,True,570
ZEWQUBUPAILYHI-UHFFFAOYSA-N,trifluoperazine,BRD-K89732114-300-14-7,1,HTS,"ADRA1A, CALM1, CALY, DRD2, DRD4, HRH1, HTR2A, HTR2C, S100A4, TNNC1",dopamine receptor antagonist,CN1CCN(CCCN2c3ccccc3Sc3ccc(C(F)(F)F)cc32)CC1,111942,ZEWQUBUPAILYHI-UHFFFAOYSA-N,CN1CCN(CCCN2c3ccccc3Sc3ccc(C(F)(F)F)cc32)CC1,True,True,565
ZFGXZJKLOFCECI-UHFFFAOYSA-N,SKI-II,BRD-K20755323-001-05-9,1,HTS,SPHK1,sphingosine kinase inhibitor,Oc1ccc(Nc2nc(-c3ccc(Cl)cc3)cs2)cc1,112006,ZFGXZJKLOFCECI-UHFFFAOYSA-N,Oc1ccc(N=c2[nH]c(-c3ccc(Cl)cc3)cs2)cc1,True,True,571
ZFQMTVNLDNXRNQ-UHFFFAOYSA-O,denatonium-benzoate,BRD-K34122555-057-11-5,1,HTS,,,CC[N+](CC)(CC(=O)Nc1c(C)cccc1C)Cc1ccccc1,112062,ZFQMTVNLDNXRNQ-UHFFFAOYSA-O,CC[N+](CC)(CC(=O)Nc1c(C)cccc1C)Cc1ccccc1,True,True,570
ZFXYFBGIUFBOJW-UHFFFAOYSA-N,theophylline; aminophylline,BRD-K97799481-001-16-0; BRD-K97799481-230-01-7,2,HTS,"ADORA1, ADORA2A, ADORA2B, ADORA3, HDAC2, PDE3A, PDE3B, PDE4A, PDE4B, PDE4C, PDE4D",adenosine receptor antagonist,Cn1c(=O)c2[nH]cnc2n(C)c1=O,112119,ZFXYFBGIUFBOJW-UHFFFAOYSA-N,Cn1c(=O)c2[nH]cnc2n(C)c1=O,True,True,576
ZGBGPEDJXCYQPH-UHFFFAOYSA-N,AZ-628,BRD-K05804044-001-06-0,1,HTS,"BRAF, RAF1",RAF inhibitor,Cc1ccc(NC(=O)c2cccc(C(C)(C)C#N)c2)cc1Nc1ccc2ncn(C)c(=O)c2c1,112142,ZGBGPEDJXCYQPH-UHFFFAOYSA-N,Cc1ccc(NC(=O)c2cccc(C(C)(C)C#N)c2)cc1Nc1ccc2ncn(C)c(=O)c2c1,True,True,569
ZGUGWUXLJSTTMA-UHFFFAOYSA-N,promazine,BRD-K06980535-003-25-9,1,HTS,"ADRA1A, ADRA1B, ADRA1D, CHRM1, CHRM2, CHRM3, CHRM4, CHRM5, DRD1, DRD2, DRD3, DRD4, HRH1, HTR2A, HTR2C",dopamine receptor antagonist,CN(C)CCCN1c2ccccc2Sc2ccccc21,112285,ZGUGWUXLJSTTMA-UHFFFAOYSA-N,CN(C)CCCN1c2ccccc2Sc2ccccc21,True,True,550
ZGXJTSGNIOSYLO-UHFFFAOYSA-N,5-aminolevulinic-acid,BRD-K57631554-003-06-2,1,HTS,ALAD,oxidizing agent,NCC(=O)CCC(=O)O,112318,ZGXJTSGNIOSYLO-UHFFFAOYSA-N,NCC(=O)CCC(=O)O,True,True,574
ZJDCGVDEEHWEIG-UHFFFAOYSA-N,diclofensine,BRD-A51078674-003-01-0,1,HTS,"DRD1, MAOA, MAOB",dopamine reuptake inhibitor,COc1ccc2c(c1)CN(C)CC2c1ccc(Cl)c(Cl)c1,112732,ZJDCGVDEEHWEIG-UHFFFAOYSA-N,COc1ccc2c(c1)CN(C)CC2c1ccc(Cl)c(Cl)c1,True,True,574
ZJJXGWJIGJFDTL-UHFFFAOYSA-N,glipizide,BRD-K12219985-001-26-1,1,HTS,"ABCC8, KCNJ10, KCNJ11, PPARG",sulfonylurea,Cc1cnc(C(=O)NCCc2ccc(S(=O)(=O)NC(=O)NC3CCCCC3)cc2)cn1,112773,ZJJXGWJIGJFDTL-UHFFFAOYSA-N,Cc1cnc(C(=O)NCCc2ccc(S(=O)(=O)NC(=O)NC3CCCCC3)cc2)cn1,True,True,550
ZJVFLBOZORBYFE-UHFFFAOYSA-N,ibudilast,BRD-K16444452-001-09-1,1,HTS,"IL1B, IL6, PDE3A, PDE4A, PDE4B, PDE4C, PDE4D, PDE5A","leukotriene receptor antagonist, phosphodiesterase inhibitor",CC(C)C(=O)c1c(C(C)C)nn2ccccc12,112851,ZJVFLBOZORBYFE-UHFFFAOYSA-N,CC(C)C(=O)c1c(C(C)C)nn2ccccc12,True,True,572
ZKIAIYBUSXZPLP-UHFFFAOYSA-N,brexpiprazole,BRD-K00911143-001-01-9,1,HTS,DRD2,dopamine receptor partial agonist,O=c1ccc2ccc(OCCCCN3CCN(c4cccc5sccc45)CC3)cc2[nH]1,112944,ZKIAIYBUSXZPLP-UHFFFAOYSA-N,O=c1ccc2ccc(OCCCCN3CCN(c4cccc5sccc45)CC3)cc2[nH]1,True,True,569
ZKLPARSLTMPFCP-UHFFFAOYSA-N,cetirizine,BRD-A42571354-300-12-0,1,HTS,HRH1,histamine receptor antagonist,O=C(O)COCCN1CCN(C(c2ccccc2)c2ccc(Cl)cc2)CC1,112968,ZKLPARSLTMPFCP-UHFFFAOYSA-N,O=C(O)COCCN1CCN(C(c2ccccc2)c2ccc(Cl)cc2)CC1,True,True,570
ZMISODWVFHHWNR-UHFFFAOYSA-N,azacyclonol,BRD-K97061094-001-21-4,1,HTS,HRH1,histamine receptor antagonist,OC(c1ccccc1)(c1ccccc1)C1CCNCC1,113312,ZMISODWVFHHWNR-UHFFFAOYSA-N,OC(c1ccccc1)(c1ccccc1)C1CCNCC1,True,True,523
ZNEWHQLOPFWXOF-UHFFFAOYSA-N,mesna,BRD-K49954789-001-02-9,1,HTS,,antioxidant,O=S(=O)(O)CCS,113459,ZNEWHQLOPFWXOF-UHFFFAOYSA-N,O=S(=O)(O)CCS,True,True,570
ZNNLBTZKUZBEKO-UHFFFAOYSA-N,glyburide,BRD-K36927236-001-32-6,1,HTS,"ABCA1, ABCB11, ABCC8, ABCC9, CFTR, CPT1A, KCNJ1, KCNJ11, KCNJ5, KCNJ8, SLCO2B1","ATP channel blocker, insulin secretagogue, sulfonylurea",COc1ccc(Cl)cc1C(=O)NCCc1ccc(S(=O)(=O)NC(=O)NC2CCCCC2)cc1,113524,ZNNLBTZKUZBEKO-UHFFFAOYSA-N,COc1ccc(Cl)cc1C(=O)NCCc1ccc(S(=O)(=O)NC(=O)NC2CCCCC2)cc1,True,True,569
ZOIBZSZLMJDVDQ-UHFFFAOYSA-N,EPZ005687,BRD-K57754230-001-02-7,1,HTS,EZH2,histone lysine methyltransferase inhibitor,Cc1cc(C)c(CNC(=O)c2cc(-c3ccc(CN4CCOCC4)cc3)cc3c2cnn3C2CCCC2)c(=O)[nH]1,113675,ZOIBZSZLMJDVDQ-UHFFFAOYSA-N,Cc1cc(C)c(CNC(=O)c2cc(-c3ccc(CN4CCOCC4)cc3)cc3c2cnn3C2CCCC2)c(=O)[nH]1,True,True,574
ZPAKPRAICRBAOD-UHFFFAOYSA-N,fenbufen,BRD-K12513978-001-24-1,1,HTS,"PTGS1, PTGS2",cyclooxygenase inhibitor,O=C(O)CCC(=O)c1ccc(-c2ccccc2)cc1,113814,ZPAKPRAICRBAOD-UHFFFAOYSA-N,O=C(O)CCC(=O)c1ccc(-c2ccccc2)cc1,True,True,550
ZPBYVFQJHWLTFB-UHFFFAOYSA-N,3-methyladenine,BRD-K81647657-001-04-3,1,HTS,PI3,PI3K inhibitor,Cn1cnc(=N)c2nc[nH]c21,113825,ZPBYVFQJHWLTFB-UHFFFAOYSA-N,Cn1cnc(=N)c2[nH]cnc21,True,True,574
ZPEIMTDSQAKGNT-UHFFFAOYSA-N,chlorpromazine,BRD-K89997465-003-43-0,1,HTS,"ADRA1A, ADRA1B, ADRA1D, ADRA2A, ADRA2B, ADRA2C, CALM1, CHRM1, CHRM3, DRD1, DRD2, DRD3, DRD4, DRD5, HRH1, HRH4, HTR1A, HTR2A, HTR2B, HTR2C, HTR6, HTR7, KCNH2, ORM1, ORM2, SMPD1, TRPC5",dopamine receptor antagonist,CN(C)CCCN1c2ccccc2Sc2ccc(Cl)cc21,113840,ZPEIMTDSQAKGNT-UHFFFAOYSA-N,CN(C)CCCN1c2ccccc2Sc2ccc(Cl)cc21,True,True,571
ZPFXAOWNKLFJDN-UHFFFAOYSA-N,alverine,BRD-K89055274-048-22-7,1,HTS,HTR1A,muscle relaxant,CCN(CCCc1ccccc1)CCCc1ccccc1,113852,ZPFXAOWNKLFJDN-UHFFFAOYSA-N,CCN(CCCc1ccccc1)CCCc1ccccc1,True,True,557
ZPLQIPFOCGIIHV-UHFFFAOYSA-N,gimeracil,BRD-K35687421-001-02-5,1,HTS,DPYD,dihydropyrimidine dehydrogenase inhibitor,O=c1cc(O)c(Cl)c[nH]1,113893,ZPLQIPFOCGIIHV-UHFFFAOYSA-N,O=c1cc(O)[nH]cc1Cl,True,True,572
ZPMNHBXQOOVQJL-UHFFFAOYSA-N,prucalopride,BRD-K33681278-036-01-2,1,HTS,HTR4,serotonin receptor agonist,COCCCN1CCC(NC(=O)c2cc(Cl)c(N)c3c2OCC3)CC1,113898,ZPMNHBXQOOVQJL-UHFFFAOYSA-N,COCCCN1CCC(NC(=O)c2cc(Cl)c(N)c3c2OCC3)CC1,True,True,556
ZPXCEHMKUTXHRZ-UHFFFAOYSA-N,K-Ras(G12C)-inhibitor-6,BRD-K26305185-001-02-1,1,HTS,,K-ras inhibitor,O=C(CCCS)NC1CCN(C(=O)COc2ccc(Cl)cc2Cl)CC1,113972,ZPXCEHMKUTXHRZ-UHFFFAOYSA-N,O=C(CCCS)NC1CCN(C(=O)COc2ccc(Cl)cc2Cl)CC1,True,True,538
ZQDWXGKKHFNSQK-UHFFFAOYSA-N,hydroxyzine,BRD-A62428732-300-06-3,1,HTS,HRH1,antihistamine,OCCOCCN1CCN(C(c2ccccc2)c2ccc(Cl)cc2)CC1,114015,ZQDWXGKKHFNSQK-UHFFFAOYSA-N,OCCOCCN1CCN(C(c2ccccc2)c2ccc(Cl)cc2)CC1,True,True,574
ZQSIJRDFPHDXIC-UHFFFAOYSA-N,daidzein,BRD-K42095107-001-17-1,1,HTS,"ESRRA, ESRRB, ESRRG, TRPC5",estrogen receptor agonist,O=c1c(-c2ccc(O)cc2)coc2cc(O)ccc12,114123,ZQSIJRDFPHDXIC-UHFFFAOYSA-N,O=c1c(-c2ccc(O)cc2)coc2cc(O)ccc12,True,True,563
ZQTNQVWKHCQYLQ-UHFFFAOYSA-N,dronedarone,BRD-K05524748-003-04-4,1,HTS,"ADRA1A, ADRA1B, ADRA1D, ADRA2A, ADRA2B, ADRA2C, ADRB1, CACNA1C, CACNA1D, CACNA1F, CACNA1S, CACNB1, CACNB2, CACNB3, CACNB4, KCNA5, KCNH2, KCNK2, SCN1A",adrenergic receptor antagonist,CCCCc1oc2ccc(NS(C)(=O)=O)cc2c1C(=O)c1ccc(OCCCN(CCCC)CCCC)cc1,114137,ZQTNQVWKHCQYLQ-UHFFFAOYSA-N,CCCCc1oc2ccc(NS(C)(=O)=O)cc2c1C(=O)c1ccc(OCCCN(CCCC)CCCC)cc1,True,True,546
ZRALSGWEFCBTJO-UHFFFAOYSA-N,guanidine,BRD-K76037122-001-02-5,1,HTS,"ALDH2, DLG4, GAMT, RNASE1",HSP inhibitor,N=C(N)N,114186,ZRALSGWEFCBTJO-UHFFFAOYSA-N,N=C(N)N,True,True,574
ZRRGOUHITGRLBA-UHFFFAOYSA-N,stattic,BRD-K17061841-001-03-5,1,HTS,,,O=[N+]([O-])c1ccc2c(c1)S(=O)(=O)C=C2,114314,ZRRGOUHITGRLBA-UHFFFAOYSA-N,O=[N+]([O-])c1ccc2c(c1)S(=O)(=O)C=C2,True,True,574
ZSBOMTDTBDDKMP-UHFFFAOYSA-N,alogliptin,BRD-K83003151-057-02-4,1,HTS,DPP4,dipeptidyl peptidase inhibitor,Cn1c(=O)cc(N2CCCC(N)C2)n(Cc2ccccc2C#N)c1=O,114387,ZSBOMTDTBDDKMP-UHFFFAOYSA-N,Cn1c(=O)cc(N2CCCC(N)C2)n(Cc2ccccc2C#N)c1=O,True,True,538
ZSCDBOWYZJWBIY-UHFFFAOYSA-N,trimipramine,BRD-A19195498-050-14-1,1,HTS,"ADRA1A, ADRA1B, ADRA2A, ADRA2B, ADRB1, ADRB2, ADRB3, CHRM1, CHRM2, CHRM3, CHRM4, CHRM5, DRD1, DRD2, DRD5, HRH1, HTR1A, HTR1D, HTR2A, HTR2C, HTR3A, SLC6A2, SLC6A3, SLC6A4","norepinephrine reputake inhibitor, tricyclic antidepressant",CC(CN(C)C)CN1c2ccccc2CCc2ccccc21,114390,ZSCDBOWYZJWBIY-UHFFFAOYSA-N,CC(CN(C)C)CN1c2ccccc2CCc2ccccc21,True,True,570
ZSZFUDFOPOMEET-UHFFFAOYSA-N,diclazuril,BRD-A06426627-001-03-5,1,HTS,,antiprotozoal agent,N#CC(c1ccc(Cl)cc1)c1c(Cl)cc(-n2ncc(=O)[nH]c2=O)cc1Cl,114538,ZSZFUDFOPOMEET-UHFFFAOYSA-N,N#CC(c1ccc(Cl)cc1)c1c(Cl)cc(-n2ncc(=O)[nH]c2=O)cc1Cl,True,True,565
ZTCJXHNJVLUUMR-UHFFFAOYSA-N,4-iodo-6-phenylpyrimidine,BRD-K25690923-001-02-4,1,HTS,MIF,macrophage migration inhibiting factor inhibitor,Ic1cc(-c2ccccc2)ncn1,114555,ZTCJXHNJVLUUMR-UHFFFAOYSA-N,Ic1cc(-c2ccccc2)ncn1,True,True,565
ZUHIXXCLLBMBDW-UHFFFAOYSA-N,AM-1241,BRD-A66116161-001-02-3,1,HTS,"CNR1, CNR2",cannabinoid receptor agonist,CN1CCCCC1Cn1cc(C(=O)c2cc([N+](=O)[O-])ccc2I)c2ccccc21,114765,ZUHIXXCLLBMBDW-UHFFFAOYSA-N,CN1CCCCC1Cn1cc(C(=O)c2cc([N+](=O)[O-])ccc2I)c2ccccc21,True,True,566
ZULJGOSFKWFVRX-UHFFFAOYSA-N,pramiracetam,BRD-K21123171-001-02-9,1,HTS,,acetylcholine receptor agonist,CC(C)N(CCNC(=O)CN1CCCC1=O)C(C)C,114792,ZULJGOSFKWFVRX-UHFFFAOYSA-N,CC(C)N(CCNC(=O)CN1CCCC1=O)C(C)C,True,True,557
ZVHNDZWQTBEVRY-UHFFFAOYSA-N,cyt387,BRD-K87737963-001-06-0,1,HTS,"JAK1, JAK2, JAK3",,N#CCNC(=O)c1ccc(-c2ccnc(Nc3ccc(N4CCOCC4)cc3)n2)cc1,114951,ZVHNDZWQTBEVRY-UHFFFAOYSA-N,N#CCNC(=O)c1ccc(-c2cc[nH]c(=Nc3ccc(N4CCOCC4)cc3)n2)cc1,True,True,570
ZVNYJIZDIRKMBF-UHFFFAOYSA-N,vesnarinone,BRD-K13414800-001-01-3,1,MTS004,"KCNH2, PDE3A",phosphodiesterase inhibitor,COc1ccc(C(=O)N2CCN(c3ccc4c(c3)CCC(=O)N4)CC2)cc1OC,115001,ZVNYJIZDIRKMBF-UHFFFAOYSA-N,COc1ccc(C(=O)N2CCN(c3ccc4c(c3)CCC(=O)N4)CC2)cc1OC,True,True,548
ZVPDNRVYHLRXLX-UHFFFAOYSA-N,PP-1,BRD-K47598052-001-15-8,1,HTS,"HCK, RET",src inhibitor,Cc1ccc(-c2nn(C(C)(C)C)c3ncnc(N)c23)cc1,115011,ZVPDNRVYHLRXLX-UHFFFAOYSA-N,Cc1ccc(-c2nn(C(C)(C)C)c3[nH]cnc(=N)c23)cc1,True,True,560
ZVXBAHLOGZCFTP-UHFFFAOYSA-N,efloxate,BRD-K55166090-001-09-0,1,HTS,,vasodilator,CCOC(=O)COc1ccc2c(=O)cc(-c3ccccc3)oc2c1,115052,ZVXBAHLOGZCFTP-UHFFFAOYSA-N,CCOC(=O)COc1ccc2c(=O)cc(-c3ccccc3)oc2c1,True,True,570
ZVXNYZWXUADSRV-UHFFFAOYSA-N,octenidine,BRD-K04568635-300-01-4,1,HTS,,membrane integrity inhibitor,CCCCCCCCN=c1ccn(CCCCCCCCCCn2ccc(=NCCCCCCCC)cc2)cc1,115056,ZVXNYZWXUADSRV-UHFFFAOYSA-N,CCCCCCCCN=c1ccn(CCCCCCCCCCn2ccc(=NCCCCCCCC)cc2)cc1,True,True,563
ZVYIJXLMBWCGHP-UHFFFAOYSA-N,SN-6,BRD-A14316475-001-02-3,1,HTS,,sodium/calcium exchange inhibitor,CCOC(=O)C1CSC(Cc2ccc(OCc3ccc([N+](=O)[O-])cc3)cc2)N1,115062,ZVYIJXLMBWCGHP-UHFFFAOYSA-N,CCOC(=O)C1CSC(Cc2ccc(OCc3ccc([N+](=O)[O-])cc3)cc2)N1,True,True,569
ZXNRTKGTQJPIJK-UHFFFAOYSA-N,aniracetam,BRD-K88611939-001-22-4,1,HTS,"DRD2, GRIA1, GRIA2, GRIA3, GRIA4, HTR2A",glutamate receptor agonist,COc1ccc(C(=O)N2CCCC2=O)cc1,115339,ZXNRTKGTQJPIJK-UHFFFAOYSA-N,COc1ccc(C(=O)N2CCCC2=O)cc1,True,True,571
ZXOBLNBVNROVLC-UHFFFAOYSA-N,PR-619,BRD-K54395039-001-01-7,1,HTS,,DUB inhibitor,N#CSc1cc(SC#N)c(N)nc1N,115344,ZXOBLNBVNROVLC-UHFFFAOYSA-N,N#CSc1cc(SC#N)c(=N)[nH]c1N,True,True,574
ZXRVKCBLGJOCEE-UHFFFAOYSA-N,gaboxadol,BRD-K89104321-003-14-8,1,HTS,"GABRA1, GABRA2, GABRA3, GABRA4, GABRA5, GABRA6, GABRD, GABRR1, GABRR2, GABRR3",benzodiazepine receptor agonist,Oc1noc2c1CCNC2,115371,ZXRVKCBLGJOCEE-UHFFFAOYSA-N,O=c1[nH]oc2c1CCNC2,True,True,569
ZXVNMYWKKDOREA-UHFFFAOYSA-N,zomepirac,BRD-K81326768-001-04-0,1,HTS,PTGDR2,prostaglandin synthesis inhibitor,Cc1cc(CC(=O)O)n(C)c1C(=O)c1ccc(Cl)cc1,115396,ZXVNMYWKKDOREA-UHFFFAOYSA-N,Cc1cc(CC(=O)O)n(C)c1C(=O)c1ccc(Cl)cc1,True,True,569
ZYGHJZDHTFUPRJ-UHFFFAOYSA-N,coumarin,BRD-K23913458-001-20-7,1,HTS,"CA1, CA12, CA14, CA2, CA4, CA6, CA9, CYP2A6",vitamin K antagonist,O=c1ccc2ccccc2o1,115479,ZYGHJZDHTFUPRJ-UHFFFAOYSA-N,O=c1ccc2ccccc2o1,True,True,569
ZYQXEVJIFYIBHZ-UHFFFAOYSA-N,TAK-285,BRD-K80343549-001-02-6,1,HTS,ERBB2,EGFR inhibitor,CC(C)(O)CC(=O)NCCn1ccc2ncnc(Nc3ccc(Oc4cccc(C(F)(F)F)c4)c(Cl)c3)c21,115559,ZYQXEVJIFYIBHZ-UHFFFAOYSA-N,CC(C)(O)CC(=O)NCCn1ccc2[nH]cnc(=Nc3ccc(Oc4cccc(C(F)(F)F)c4)c(Cl)c3)c21,True,True,550
ZYRLHJIMTROTBO-UHFFFAOYSA-N,CPI-613,BRD-A06916187-001-02-9,1,HTS,PDHA1,pyruvate dehydrogenase inhibitor,O=C(O)CCCCC(CCSCc1ccccc1)SCc1ccccc1,115563,ZYRLHJIMTROTBO-UHFFFAOYSA-N,O=C(O)CCCCC(CCSCc1ccccc1)SCc1ccccc1,True,True,569
ZYVXTMKTGDARKR-UHFFFAOYSA-N,AZ191,BRD-K80935598-001-01-1,1,HTS,DYRK1B,DYRK inhibitor,COc1cc(N2CCN(C)CC2)ccc1Nc1nccc(-c2cn(C)c3cnccc23)n1,115602,ZYVXTMKTGDARKR-UHFFFAOYSA-N,COc1cc(N2CCN(C)CC2)ccc1N=c1nc(-c2cn(C)c3cnccc23)cc[nH]1,True,True,570
ZZHLYYDVIOPZBE-UHFFFAOYSA-N,alimemazine,BRD-A49225603-045-10-0,1,HTS,HRH1,histamine receptor agonist,CC(CN(C)C)CN1c2ccccc2Sc2ccccc21,115678,ZZHLYYDVIOPZBE-UHFFFAOYSA-N,CC(CN(C)C)CN1c2ccccc2Sc2ccccc21,True,True,569
ZZORFUFYDOWNEF-UHFFFAOYSA-N,sulphadimethoxine,BRD-K71125014-001-27-1,1,HTS,,dihydropteroate synthetase inhibitor,COc1cc(NS(=O)(=O)c2ccc(N)cc2)nc(OC)n1,115721,ZZORFUFYDOWNEF-UHFFFAOYSA-N,COc1cc(=NS(=O)(=O)c2ccc(N)cc2)[nH]c(OC)n1,True,True,570
ZZUFCTLCJUWOSV-UHFFFAOYSA-N,furosemide,BRD-K78010432-001-21-5,1,HTS,"CA2, GPR35, SLC12A1, SLC12A2",diuretic,NS(=O)(=O)c1cc(C(=O)O)c(NCc2ccco2)cc1Cl,115755,ZZUFCTLCJUWOSV-UHFFFAOYSA-N,NS(=O)(=O)c1cc(C(=O)O)c(NCc2ccco2)cc1Cl,True,True,563
ZZUZYEMRHCMVTB-UHFFFAOYSA-N,pifithrin-mu,BRD-K96799727-001-06-6,1,HTS,"HSPA1A, TP53",HSP inhibitor,NS(=O)(=O)C#Cc1ccccc1,115758,ZZUZYEMRHCMVTB-UHFFFAOYSA-N,NS(=O)(=O)C#Cc1ccccc1,True,True,570
ZZVUWRFHKOJYTH-UHFFFAOYSA-N,diphenhydramine,BRD-K47278471-003-26-3,1,HTS,HRH1,histamine receptor antagonist,CN(C)CCOC(c1ccccc1)c1ccccc1,115764,ZZVUWRFHKOJYTH-UHFFFAOYSA-N,CN(C)CCOC(c1ccccc1)c1ccccc1,True,True,569
ZZXUNAFAKNKXFW-UHFFFAOYSA-N,NH125,BRD-K31086665-005-04-6,1,HTS,,eukaryotic translation elongation factor 2 inhibitor,CCCCCCCCCCCCCCCC[n+]1ccn(Cc2ccccc2)c1C,115780,ZZXUNAFAKNKXFW-UHFFFAOYSA-N,CCCCCCCCCCCCCCCCn1cc[n+](Cc2ccccc2)c1C,True,True,571
ZZZQXCUPAJFVBN-UHFFFAOYSA-N,RS-127445,BRD-K90825648-001-02-0,1,HTS,"HTR2A, HTR2B, HTR2C",serotonin receptor antagonist,CC(C)c1cc(-c2ccc(F)c3ccccc23)nc(N)n1,115788,ZZZQXCUPAJFVBN-UHFFFAOYSA-N,CC(C)c1cc(-c2ccc(F)c3ccccc23)[nH]c(=N)n1,True,True,574
