method,num_queries,topk,corr_threshold,directed_hits,unique_pair_hits,queries_with_hit,query_hit_rate,hit_yield_per_1000_ranked,mean_hit_rank,median_hit_corr,setting,low_tanimoto,section,query_idx,CGP-Align,RDKit2D,cgp_better,same,n_query,num_candidates,random_expected_corr,mean_functional_neighbor_rank_percentile,best_functional_neighbor_rank_percentile,top10_corr,top10_poscorr,ndcg10,retention10,functional_top10_in_top10_rate,oracle_top10_corr,top50_corr,top50_poscorr,ndcg50,retention50,functional_top10_in_top50_rate,oracle_top50_corr,top100_corr,top100_poscorr,ndcg100,retention100,functional_top10_in_top100_rate,oracle_top100_corr,num_pairs,mean_prism_response_corr,median_shared_top50_genes,mean_shared_top50_genes,mean_shared_gene_jaccard,mean_shared_gene_neglog10p,fraction_with_category_hit,mean_unique_categories,fraction_with_known_target_hit,retrieved_idx,rank,method_score,prism_response_corr,top_gene_k,shared_top_gene_count,shared_top_gene_jaccard,shared_gene_hypergeom_p,shared_gene_neglog10p,num_category_hits,num_unique_categories,dominant_categories,query_name,retrieved_name,query_moa,retrieved_moa,query_targets,retrieved_targets,known_target_hits_top_gene,known_target_hits_shared_gene,shared_gene_symbols_top20,morgan_tanimoto,query_inchikey,retrieved_inchikey
CGP-Align,1856.0,10.0,0.25,676.0,541.0,237.0,0.1276939655172413,36.42241379310345,5.171597633136095,0.3325081467628479,low_morgan_lt_0.15,0.15,figure6_panel_b_functional_neighbour_enrichment_source,,,,,,,,,,,,,,,,,,,,,,,,,,,,,,,,,,,,,,,,,,,,,,,,,,,,,,,,,,,,,
RDKit2D,1856.0,10.0,0.25,203.0,186.0,134.0,0.0721982758620689,10.9375,5.733990147783251,0.3199360072612762,low_morgan_lt_0.15,0.15,figure6_panel_b_functional_neighbour_enrichment_source,,,,,,,,,,,,,,,,,,,,,,,,,,,,,,,,,,,,,,,,,,,,,,,,,,,,,,,,,,,,,
NYAN,1856.0,10.0,0.25,267.0,209.0,175.0,0.0942887931034482,14.385775862068964,5.243445692883896,0.3209424912929535,low_morgan_lt_0.15,0.15,figure6_panel_b_functional_neighbour_enrichment_source,,,,,,,,,,,,,,,,,,,,,,,,,,,,,,,,,,,,,,,,,,,,,,,,,,,,,,,,,,,,,
Morgan,1856.0,10.0,0.25,200.0,133.0,151.0,0.0813577586206896,10.775862068965518,5.32,0.3111701011657715,low_morgan_lt_0.15,0.15,figure6_panel_b_functional_neighbour_enrichment_source,,,,,,,,,,,,,,,,,,,,,,,,,,,,,,,,,,,,,,,,,,,,,,,,,,,,,,,,,,,,,
AtomPair,1856.0,10.0,0.25,249.0,194.0,158.0,0.0851293103448275,13.41594827586207,5.7991967871485945,0.3161308169364929,low_morgan_lt_0.15,0.15,figure6_panel_b_functional_neighbour_enrichment_source,,,,,,,,,,,,,,,,,,,,,,,,,,,,,,,,,,,,,,,,,,,,,,,,,,,,,,,,,,,,,
Avalon,1856.0,10.0,0.25,250.0,180.0,149.0,0.0802801724137931,13.469827586206897,5.296,0.3257257640361786,low_morgan_lt_0.15,0.15,figure6_panel_b_functional_neighbour_enrichment_source,,,,,,,,,,,,,,,,,,,,,,,,,,,,,,,,,,,,,,,,,,,,,,,,,,,,,,,,,,,,,
Random,1856.0,10.0,0.25,161.0,160.0,129.0,0.0695043103448275,8.674568965517242,5.3602484472049685,0.3133445680141449,low_morgan_lt_0.15,0.15,figure6_panel_b_functional_neighbour_enrichment_source,,,,,,,,,,,,,,,,,,,,,,,,,,,,,,,,,,,,,,,,,,,,,,,,,,,,,,,,,,,,,
CGP-Align,1856.0,50.0,0.25,2716.0,1991.0,346.0,0.1864224137931034,29.267241379310345,23.48306332842415,0.3233605176210403,low_morgan_lt_0.15,0.15,figure6_panel_b_functional_neighbour_enrichment_source,,,,,,,,,,,,,,,,,,,,,,,,,,,,,,,,,,,,,,,,,,,,,,,,,,,,,,,,,,,,,
RDKit2D,1856.0,50.0,0.25,1092.0,862.0,294.0,0.1584051724137931,11.767241379310343,26.424908424908423,0.3077980279922485,low_morgan_lt_0.15,0.15,figure6_panel_b_functional_neighbour_enrichment_source,,,,,,,,,,,,,,,,,,,,,,,,,,,,,,,,,,,,,,,,,,,,,,,,,,,,,,,,,,,,,
NYAN,1856.0,50.0,0.25,1210.0,881.0,314.0,0.1691810344827586,13.038793103448276,24.551239669421488,0.3083361387252807,low_morgan_lt_0.15,0.15,figure6_panel_b_functional_neighbour_enrichment_source,,,,,,,,,,,,,,,,,,,,,,,,,,,,,,,,,,,,,,,,,,,,,,,,,,,,,,,,,,,,,
Morgan,1856.0,50.0,0.25,887.0,550.0,296.0,0.1594827586206896,9.558189655172416,24.26042841037204,0.3102371096611023,low_morgan_lt_0.15,0.15,figure6_panel_b_functional_neighbour_enrichment_source,,,,,,,,,,,,,,,,,,,,,,,,,,,,,,,,,,,,,,,,,,,,,,,,,,,,,,,,,,,,,
AtomPair,1856.0,50.0,0.25,1271.0,903.0,334.0,0.1799568965517241,13.696120689655173,25.557828481510622,0.3096563518047333,low_morgan_lt_0.15,0.15,figure6_panel_b_functional_neighbour_enrichment_source,,,,,,,,,,,,,,,,,,,,,,,,,,,,,,,,,,,,,,,,,,,,,,,,,,,,,,,,,,,,,
Avalon,1856.0,50.0,0.25,1124.0,797.0,285.0,0.1535560344827586,12.11206896551724,24.941281138790035,0.3123930245637893,low_morgan_lt_0.15,0.15,figure6_panel_b_functional_neighbour_enrichment_source,,,,,,,,,,,,,,,,,,,,,,,,,,,,,,,,,,,,,,,,,,,,,,,,,,,,,,,,,,,,,
Random,1856.0,50.0,0.25,655.0,645.0,251.0,0.1352370689655172,7.058189655172414,24.181679389312976,0.309790551662445,low_morgan_lt_0.15,0.15,figure6_panel_b_functional_neighbour_enrichment_source,,,,,,,,,,,,,,,,,,,,,,,,,,,,,,,,,,,,,,,,,,,,,,,,,,,,,,,,,,,,,
CGP-Align,1856.0,100.0,0.25,4704.0,3246.0,406.0,0.21875,25.344827586206897,44.82525510204081,0.3221901059150696,low_morgan_lt_0.15,0.15,figure6_panel_b_functional_neighbour_enrichment_source,,,,,,,,,,,,,,,,,,,,,,,,,,,,,,,,,,,,,,,,,,,,,,,,,,,,,,,,,,,,,
RDKit2D,1856.0,100.0,0.25,2119.0,1508.0,369.0,0.1988146551724137,11.417025862068966,49.99575271354412,0.3079330623149872,low_morgan_lt_0.15,0.15,figure6_panel_b_functional_neighbour_enrichment_source,,,,,,,,,,,,,,,,,,,,,,,,,,,,,,,,,,,,,,,,,,,,,,,,,,,,,,,,,,,,,
NYAN,1856.0,100.0,0.25,2297.0,1598.0,384.0,0.2068965517241379,12.376077586206897,48.613408794079234,0.3085557222366333,low_morgan_lt_0.15,0.15,figure6_panel_b_functional_neighbour_enrichment_source,,,,,,,,,,,,,,,,,,,,,,,,,,,,,,,,,,,,,,,,,,,,,,,,,,,,,,,,,,,,,
Morgan,1856.0,100.0,0.25,1744.0,1061.0,361.0,0.1945043103448276,9.39655172413793,49.47935779816514,0.3120675086975097,low_morgan_lt_0.15,0.15,figure6_panel_b_functional_neighbour_enrichment_source,,,,,,,,,,,,,,,,,,,,,,,,,,,,,,,,,,,,,,,,,,,,,,,,,,,,,,,,,,,,,
AtomPair,1856.0,100.0,0.25,2468.0,1678.0,393.0,0.2117456896551724,13.297413793103448,49.79902755267423,0.3099846690893173,low_morgan_lt_0.15,0.15,figure6_panel_b_functional_neighbour_enrichment_source,,,,,,,,,,,,,,,,,,,,,,,,,,,,,,,,,,,,,,,,,,,,,,,,,,,,,,,,,,,,,
Avalon,1856.0,100.0,0.25,2323.0,1633.0,359.0,0.193426724137931,12.516163793103448,50.73826947912183,0.312618225812912,low_morgan_lt_0.15,0.15,figure6_panel_b_functional_neighbour_enrichment_source,,,,,,,,,,,,,,,,,,,,,,,,,,,,,,,,,,,,,,,,,,,,,,,,,,,,,,,,,,,,,
Random,1856.0,100.0,0.25,1283.0,1237.0,321.0,0.1729525862068965,6.912715517241379,49.61340607950117,0.3094358146190643,low_morgan_lt_0.15,0.15,figure6_panel_b_functional_neighbour_enrichment_source,,,,,,,,,,,,,,,,,,,,,,,,,,,,,,,,,,,,,,,,,,,,,,,,,,,,,,,,,,,,,
CGP-Align,1856.0,10.0,0.3,435.0,347.0,183.0,0.0985991379310344,23.4375,5.147126436781609,0.3787873089313507,low_morgan_lt_0.15,0.15,figure6_panel_b_functional_neighbour_enrichment_source,,,,,,,,,,,,,,,,,,,,,,,,,,,,,,,,,,,,,,,,,,,,,,,,,,,,,,,,,,,,,
RDKit2D,1856.0,10.0,0.3,122.0,109.0,86.0,0.0463362068965517,6.573275862068965,5.704918032786885,0.3638290911912918,low_morgan_lt_0.15,0.15,figure6_panel_b_functional_neighbour_enrichment_source,,,,,,,,,,,,,,,,,,,,,,,,,,,,,,,,,,,,,,,,,,,,,,,,,,,,,,,,,,,,,
NYAN,1856.0,10.0,0.3,155.0,122.0,114.0,0.0614224137931034,8.351293103448276,5.180645161290323,0.3625262677669525,low_morgan_lt_0.15,0.15,figure6_panel_b_functional_neighbour_enrichment_source,,,,,,,,,,,,,,,,,,,,,,,,,,,,,,,,,,,,,,,,,,,,,,,,,,,,,,,,,,,,,
Morgan,1856.0,10.0,0.3,117.0,77.0,93.0,0.0501077586206896,6.303879310344827,5.555555555555555,0.3516162633895874,low_morgan_lt_0.15,0.15,figure6_panel_b_functional_neighbour_enrichment_source,,,,,,,,,,,,,,,,,,,,,,,,,,,,,,,,,,,,,,,,,,,,,,,,,,,,,,,,,,,,,
AtomPair,1856.0,10.0,0.3,149.0,116.0,106.0,0.0571120689655172,8.028017241379311,5.758389261744966,0.3622577488422394,low_morgan_lt_0.15,0.15,figure6_panel_b_functional_neighbour_enrichment_source,,,,,,,,,,,,,,,,,,,,,,,,,,,,,,,,,,,,,,,,,,,,,,,,,,,,,,,,,,,,,
Avalon,1856.0,10.0,0.3,153.0,109.0,99.0,0.0533405172413793,8.243534482758621,5.372549019607843,0.3848552107810974,low_morgan_lt_0.15,0.15,figure6_panel_b_functional_neighbour_enrichment_source,,,,,,,,,,,,,,,,,,,,,,,,,,,,,,,,,,,,,,,,,,,,,,,,,,,,,,,,,,,,,
Random,1856.0,10.0,0.3,92.0,91.0,78.0,0.0420258620689655,4.956896551724138,5.239130434782608,0.3588746786117553,low_morgan_lt_0.15,0.15,figure6_panel_b_functional_neighbour_enrichment_source,,,,,,,,,,,,,,,,,,,,,,,,,,,,,,,,,,,,,,,,,,,,,,,,,,,,,,,,,,,,,
CGP-Align,1856.0,50.0,0.3,1680.0,1234.0,263.0,0.1417025862068965,18.10344827586207,23.10892857142857,0.3675918579101562,low_morgan_lt_0.15,0.15,figure6_panel_b_functional_neighbour_enrichment_source,,,,,,,,,,,,,,,,,,,,,,,,,,,,,,,,,,,,,,,,,,,,,,,,,,,,,,,,,,,,,
RDKit2D,1856.0,50.0,0.3,595.0,473.0,206.0,0.1109913793103448,6.411637931034482,25.863865546218488,0.3543673753738403,low_morgan_lt_0.15,0.15,figure6_panel_b_functional_neighbour_enrichment_source,,,,,,,,,,,,,,,,,,,,,,,,,,,,,,,,,,,,,,,,,,,,,,,,,,,,,,,,,,,,,
NYAN,1856.0,50.0,0.3,672.0,491.0,223.0,0.1201508620689655,7.241379310344828,24.540178571428573,0.3617049306631088,low_morgan_lt_0.15,0.15,figure6_panel_b_functional_neighbour_enrichment_source,,,,,,,,,,,,,,,,,,,,,,,,,,,,,,,,,,,,,,,,,,,,,,,,,,,,,,,,,,,,,
Morgan,1856.0,50.0,0.3,512.0,314.0,204.0,0.1099137931034482,5.517241379310344,23.966796875,0.3652171194553375,low_morgan_lt_0.15,0.15,figure6_panel_b_functional_neighbour_enrichment_source,,,,,,,,,,,,,,,,,,,,,,,,,,,,,,,,,,,,,,,,,,,,,,,,,,,,,,,,,,,,,
AtomPair,1856.0,50.0,0.3,711.0,508.0,239.0,0.1287715517241379,7.661637931034483,25.09845288326301,0.3586152791976928,low_morgan_lt_0.15,0.15,figure6_panel_b_functional_neighbour_enrichment_source,,,,,,,,,,,,,,,,,,,,,,,,,,,,,,,,,,,,,,,,,,,,,,,,,,,,,,,,,,,,,
Avalon,1856.0,50.0,0.3,645.0,455.0,210.0,0.1131465517241379,6.950431034482759,24.52558139534884,0.3649187088012695,low_morgan_lt_0.15,0.15,figure6_panel_b_functional_neighbour_enrichment_source,,,,,,,,,,,,,,,,,,,,,,,,,,,,,,,,,,,,,,,,,,,,,,,,,,,,,,,,,,,,,
Random,1856.0,50.0,0.3,369.0,362.0,163.0,0.0878232758620689,3.976293103448276,23.823848238482384,0.3592501878738403,low_morgan_lt_0.15,0.15,figure6_panel_b_functional_neighbour_enrichment_source,,,,,,,,,,,,,,,,,,,,,,,,,,,,,,,,,,,,,,,,,,,,,,,,,,,,,,,,,,,,,
CGP-Align,1856.0,100.0,0.3,2898.0,1981.0,297.0,0.1600215517241379,15.614224137931034,44.43685300207039,0.3669779598712921,low_morgan_lt_0.15,0.15,figure6_panel_b_functional_neighbour_enrichment_source,,,,,,,,,,,,,,,,,,,,,,,,,,,,,,,,,,,,,,,,,,,,,,,,,,,,,,,,,,,,,
RDKit2D,1856.0,100.0,0.3,1165.0,833.0,258.0,0.1390086206896551,6.276939655172415,49.67982832618026,0.3552015721797943,low_morgan_lt_0.15,0.15,figure6_panel_b_functional_neighbour_enrichment_source,,,,,,,,,,,,,,,,,,,,,,,,,,,,,,,,,,,,,,,,,,,,,,,,,,,,,,,,,,,,,
NYAN,1856.0,100.0,0.3,1274.0,890.0,276.0,0.1487068965517241,6.864224137931034,48.5894819466248,0.3585789948701858,low_morgan_lt_0.15,0.15,figure6_panel_b_functional_neighbour_enrichment_source,,,,,,,,,,,,,,,,,,,,,,,,,,,,,,,,,,,,,,,,,,,,,,,,,,,,,,,,,,,,,
Morgan,1856.0,100.0,0.3,1004.0,606.0,254.0,0.136853448275862,5.4094827586206895,49.47211155378486,0.3633385598659515,low_morgan_lt_0.15,0.15,figure6_panel_b_functional_neighbour_enrichment_source,,,,,,,,,,,,,,,,,,,,,,,,,,,,,,,,,,,,,,,,,,,,,,,,,,,,,,,,,,,,,
AtomPair,1856.0,100.0,0.3,1371.0,936.0,287.0,0.1546336206896551,7.386853448275862,49.09919766593728,0.3569687306880951,low_morgan_lt_0.15,0.15,figure6_panel_b_functional_neighbour_enrichment_source,,,,,,,,,,,,,,,,,,,,,,,,,,,,,,,,,,,,,,,,,,,,,,,,,,,,,,,,,,,,,
Avalon,1856.0,100.0,0.3,1347.0,957.0,269.0,0.1449353448275862,7.257543103448276,50.73645137342242,0.3649187088012695,low_morgan_lt_0.15,0.15,figure6_panel_b_functional_neighbour_enrichment_source,,,,,,,,,,,,,,,,,,,,,,,,,,,,,,,,,,,,,,,,,,,,,,,,,,,,,,,,,,,,,
Random,1856.0,100.0,0.3,716.0,691.0,210.0,0.1131465517241379,3.8577586206896552,49.53770949720671,0.3620022535324096,low_morgan_lt_0.15,0.15,figure6_panel_b_functional_neighbour_enrichment_source,,,,,,,,,,,,,,,,,,,,,,,,,,,,,,,,,,,,,,,,,,,,,,,,,,,,,,,,,,,,,
CGP-Align,1856.0,10.0,0.4,182.0,144.0,89.0,0.0479525862068965,9.80603448275862,5.093406593406593,0.4711547940969467,low_morgan_lt_0.15,0.15,figure6_panel_b_functional_neighbour_enrichment_source,,,,,,,,,,,,,,,,,,,,,,,,,,,,,,,,,,,,,,,,,,,,,,,,,,,,,,,,,,,,,
RDKit2D,1856.0,10.0,0.4,44.0,37.0,38.0,0.0204741379310344,2.3706896551724137,5.590909090909091,0.4514610916376114,low_morgan_lt_0.15,0.15,figure6_panel_b_functional_neighbour_enrichment_source,,,,,,,,,,,,,,,,,,,,,,,,,,,,,,,,,,,,,,,,,,,,,,,,,,,,,,,,,,,,,
NYAN,1856.0,10.0,0.4,57.0,47.0,49.0,0.0264008620689655,3.0711206896551726,5.245614035087719,0.4531497061252594,low_morgan_lt_0.15,0.15,figure6_panel_b_functional_neighbour_enrichment_source,,,,,,,,,,,,,,,,,,,,,,,,,,,,,,,,,,,,,,,,,,,,,,,,,,,,,,,,,,,,,
Morgan,1856.0,10.0,0.4,33.0,24.0,28.0,0.0150862068965517,1.7780172413793105,6.454545454545454,0.4446864128112793,low_morgan_lt_0.15,0.15,figure6_panel_b_functional_neighbour_enrichment_source,,,,,,,,,,,,,,,,,,,,,,,,,,,,,,,,,,,,,,,,,,,,,,,,,,,,,,,,,,,,,
AtomPair,1856.0,10.0,0.4,40.0,31.0,34.0,0.0183189655172413,2.155172413793103,6.35,0.4445660412311554,low_morgan_lt_0.15,0.15,figure6_panel_b_functional_neighbour_enrichment_source,,,,,,,,,,,,,,,,,,,,,,,,,,,,,,,,,,,,,,,,,,,,,,,,,,,,,,,,,,,,,
Avalon,1856.0,10.0,0.4,56.0,39.0,42.0,0.0226293103448275,3.0172413793103448,5.517857142857143,0.4448573291301727,low_morgan_lt_0.15,0.15,figure6_panel_b_functional_neighbour_enrichment_source,,,,,,,,,,,,,,,,,,,,,,,,,,,,,,,,,,,,,,,,,,,,,,,,,,,,,,,,,,,,,
Random,1856.0,10.0,0.4,31.0,30.0,28.0,0.0150862068965517,1.6702586206896552,4.935483870967742,0.4621826410293579,low_morgan_lt_0.15,0.15,figure6_panel_b_functional_neighbour_enrichment_source,,,,,,,,,,,,,,,,,,,,,,,,,,,,,,,,,,,,,,,,,,,,,,,,,,,,,,,,,,,,,
CGP-Align,1856.0,50.0,0.4,595.0,423.0,161.0,0.0867456896551724,6.411637931034482,20.726050420168068,0.4547354578971863,low_morgan_lt_0.15,0.15,figure6_panel_b_functional_neighbour_enrichment_source,,,,,,,,,,,,,,,,,,,,,,,,,,,,,,,,,,,,,,,,,,,,,,,,,,,,,,,,,,,,,
RDKit2D,1856.0,50.0,0.4,188.0,154.0,98.0,0.052801724137931,2.025862068965517,25.627659574468087,0.4523355364799499,low_morgan_lt_0.15,0.15,figure6_panel_b_functional_neighbour_enrichment_source,,,,,,,,,,,,,,,,,,,,,,,,,,,,,,,,,,,,,,,,,,,,,,,,,,,,,,,,,,,,,
NYAN,1856.0,50.0,0.4,232.0,168.0,120.0,0.0646551724137931,2.5,24.155172413793103,0.4573069810867309,low_morgan_lt_0.15,0.15,figure6_panel_b_functional_neighbour_enrichment_source,,,,,,,,,,,,,,,,,,,,,,,,,,,,,,,,,,,,,,,,,,,,,,,,,,,,,,,,,,,,,
Morgan,1856.0,50.0,0.4,182.0,109.0,106.0,0.0571120689655172,1.961206896551724,24.78021978021978,0.4532136023044586,low_morgan_lt_0.15,0.15,figure6_panel_b_functional_neighbour_enrichment_source,,,,,,,,,,,,,,,,,,,,,,,,,,,,,,,,,,,,,,,,,,,,,,,,,,,,,,,,,,,,,
AtomPair,1856.0,50.0,0.4,196.0,143.0,108.0,0.0581896551724137,2.112068965517241,25.637755102040817,0.4499170929193496,low_morgan_lt_0.15,0.15,figure6_panel_b_functional_neighbour_enrichment_source,,,,,,,,,,,,,,,,,,,,,,,,,,,,,,,,,,,,,,,,,,,,,,,,,,,,,,,,,,,,,
Avalon,1856.0,50.0,0.4,209.0,147.0,108.0,0.0581896551724137,2.2521551724137927,22.880382775119617,0.4406386911869049,low_morgan_lt_0.15,0.15,figure6_panel_b_functional_neighbour_enrichment_source,,,,,,,,,,,,,,,,,,,,,,,,,,,,,,,,,,,,,,,,,,,,,,,,,,,,,,,,,,,,,
Random,1856.0,50.0,0.4,106.0,105.0,72.0,0.0387931034482758,1.1422413793103448,23.50943396226415,0.4439194649457931,low_morgan_lt_0.15,0.15,figure6_panel_b_functional_neighbour_enrichment_source,,,,,,,,,,,,,,,,,,,,,,,,,,,,,,,,,,,,,,,,,,,,,,,,,,,,,,,,,,,,,
CGP-Align,1856.0,100.0,0.4,998.0,674.0,182.0,0.0980603448275862,5.377155172413793,41.79058116232465,0.4501329660415649,low_morgan_lt_0.15,0.15,figure6_panel_b_functional_neighbour_enrichment_source,,,,,,,,,,,,,,,,,,,,,,,,,,,,,,,,,,,,,,,,,,,,,,,,,,,,,,,,,,,,,
RDKit2D,1856.0,100.0,0.4,362.0,263.0,131.0,0.0705818965517241,1.9504310344827585,49.68508287292818,0.4507833421230316,low_morgan_lt_0.15,0.15,figure6_panel_b_functional_neighbour_enrichment_source,,,,,,,,,,,,,,,,,,,,,,,,,,,,,,,,,,,,,,,,,,,,,,,,,,,,,,,,,,,,,
NYAN,1856.0,100.0,0.4,403.0,277.0,148.0,0.0797413793103448,2.171336206896552,46.01985111662531,0.4530626535415649,low_morgan_lt_0.15,0.15,figure6_panel_b_functional_neighbour_enrichment_source,,,,,,,,,,,,,,,,,,,,,,,,,,,,,,,,,,,,,,,,,,,,,,,,,,,,,,,,,,,,,
Morgan,1856.0,100.0,0.4,340.0,208.0,141.0,0.0759698275862068,1.831896551724138,48.24117647058824,0.4512026011943817,low_morgan_lt_0.15,0.15,figure6_panel_b_functional_neighbour_enrichment_source,,,,,,,,,,,,,,,,,,,,,,,,,,,,,,,,,,,,,,,,,,,,,,,,,,,,,,,,,,,,,
AtomPair,1856.0,100.0,0.4,398.0,274.0,160.0,0.0862068965517241,2.144396551724138,50.69597989949749,0.4499170929193496,low_morgan_lt_0.15,0.15,figure6_panel_b_functional_neighbour_enrichment_source,,,,,,,,,,,,,,,,,,,,,,,,,,,,,,,,,,,,,,,,,,,,,,,,,,,,,,,,,,,,,
Avalon,1856.0,100.0,0.4,426.0,303.0,143.0,0.0770474137931034,2.2952586206896552,49.25117370892018,0.4428821951150894,low_morgan_lt_0.15,0.15,figure6_panel_b_functional_neighbour_enrichment_source,,,,,,,,,,,,,,,,,,,,,,,,,,,,,,,,,,,,,,,,,,,,,,,,,,,,,,,,,,,,,
Random,1856.0,100.0,0.4,209.0,204.0,101.0,0.0544181034482758,1.1260775862068964,49.96172248803828,0.4443823993206024,low_morgan_lt_0.15,0.15,figure6_panel_b_functional_neighbour_enrichment_source,,,,,,,,,,,,,,,,,,,,,,,,,,,,,,,,,,,,,,,,,,,,,,,,,,,,,,,,,,,,,
CGP-Align,1856.0,10.0,0.25,754.0,587.0,267.0,0.1438577586206896,40.625,5.245358090185676,0.3368538320064544,low_morgan_lt_0.20,0.2,figure6_panel_b_functional_neighbour_enrichment_source,,,,,,,,,,,,,,,,,,,,,,,,,,,,,,,,,,,,,,,,,,,,,,,,,,,,,,,,,,,,,
RDKit2D,1856.0,10.0,0.25,280.0,247.0,178.0,0.0959051724137931,15.086206896551724,5.353571428571429,0.3290421068668365,low_morgan_lt_0.20,0.2,figure6_panel_b_functional_neighbour_enrichment_source,,,,,,,,,,,,,,,,,,,,,,,,,,,,,,,,,,,,,,,,,,,,,,,,,,,,,,,,,,,,,
NYAN,1856.0,10.0,0.25,346.0,274.0,199.0,0.1072198275862068,18.642241379310345,5.384393063583815,0.3262544870376587,low_morgan_lt_0.20,0.2,figure6_panel_b_functional_neighbour_enrichment_source,,,,,,,,,,,,,,,,,,,,,,,,,,,,,,,,,,,,,,,,,,,,,,,,,,,,,,,,,,,,,
Morgan,1856.0,10.0,0.25,279.0,177.0,186.0,0.1002155172413793,15.032327586206897,5.111111111111111,0.3364917635917663,low_morgan_lt_0.20,0.2,figure6_panel_b_functional_neighbour_enrichment_source,,,,,,,,,,,,,,,,,,,,,,,,,,,,,,,,,,,,,,,,,,,,,,,,,,,,,,,,,,,,,
AtomPair,1856.0,10.0,0.25,309.0,236.0,181.0,0.0975215517241379,16.648706896551726,5.449838187702265,0.3290421068668365,low_morgan_lt_0.20,0.2,figure6_panel_b_functional_neighbour_enrichment_source,,,,,,,,,,,,,,,,,,,,,,,,,,,,,,,,,,,,,,,,,,,,,,,,,,,,,,,,,,,,,
Avalon,1856.0,10.0,0.25,288.0,214.0,173.0,0.0932112068965517,15.517241379310343,5.71875,0.3252861201763153,low_morgan_lt_0.20,0.2,figure6_panel_b_functional_neighbour_enrichment_source,,,,,,,,,,,,,,,,,,,,,,,,,,,,,,,,,,,,,,,,,,,,,,,,,,,,,,,,,,,,,
Random,1856.0,10.0,0.25,120.0,119.0,99.0,0.0533405172413793,6.465517241379311,5.35,0.3003686517477035,low_morgan_lt_0.20,0.2,figure6_panel_b_functional_neighbour_enrichment_source,,,,,,,,,,,,,,,,,,,,,,,,,,,,,,,,,,,,,,,,,,,,,,,,,,,,,,,,,,,,,
CGP-Align,1856.0,50.0,0.25,3031.0,2237.0,367.0,0.1977370689655172,32.661637931034484,23.71131639722864,0.3297236859798431,low_morgan_lt_0.20,0.2,figure6_panel_b_functional_neighbour_enrichment_source,,,,,,,,,,,,,,,,,,,,,,,,,,,,,,,,,,,,,,,,,,,,,,,,,,,,,,,,,,,,,
RDKit2D,1856.0,50.0,0.25,1337.0,1023.0,317.0,0.1707974137931034,14.407327586206897,24.594614809274496,0.3226268589496612,low_morgan_lt_0.20,0.2,figure6_panel_b_functional_neighbour_enrichment_source,,,,,,,,,,,,,,,,,,,,,,,,,,,,,,,,,,,,,,,,,,,,,,,,,,,,,,,,,,,,,
NYAN,1856.0,50.0,0.25,1452.0,1056.0,351.0,0.1891163793103448,15.646551724137932,24.12878787878788,0.3173625767230987,low_morgan_lt_0.20,0.2,figure6_panel_b_functional_neighbour_enrichment_source,,,,,,,,,,,,,,,,,,,,,,,,,,,,,,,,,,,,,,,,,,,,,,,,,,,,,,,,,,,,,
Morgan,1856.0,50.0,0.25,1127.0,713.0,334.0,0.1799568965517241,12.14439655172414,23.570541259982253,0.3252513706684112,low_morgan_lt_0.20,0.2,figure6_panel_b_functional_neighbour_enrichment_source,,,,,,,,,,,,,,,,,,,,,,,,,,,,,,,,,,,,,,,,,,,,,,,,,,,,,,,,,,,,,
AtomPair,1856.0,50.0,0.25,1455.0,1041.0,343.0,0.1848060344827586,15.678879310344826,25.05360824742268,0.3210274577140808,low_morgan_lt_0.20,0.2,figure6_panel_b_functional_neighbour_enrichment_source,,,,,,,,,,,,,,,,,,,,,,,,,,,,,,,,,,,,,,,,,,,,,,,,,,,,,,,,,,,,,
Avalon,1856.0,50.0,0.25,1315.0,900.0,314.0,0.1691810344827586,14.170258620689657,24.736882129277568,0.3233618140220642,low_morgan_lt_0.20,0.2,figure6_panel_b_functional_neighbour_enrichment_source,,,,,,,,,,,,,,,,,,,,,,,,,,,,,,,,,,,,,,,,,,,,,,,,,,,,,,,,,,,,,
Random,1856.0,50.0,0.25,672.0,655.0,266.0,0.1433189655172413,7.241379310344828,26.361607142857142,0.3061753213405609,low_morgan_lt_0.20,0.2,figure6_panel_b_functional_neighbour_enrichment_source,,,,,,,,,,,,,,,,,,,,,,,,,,,,,,,,,,,,,,,,,,,,,,,,,,,,,,,,,,,,,
CGP-Align,1856.0,100.0,0.25,5342.0,3775.0,416.0,0.2241379310344827,28.782327586206897,45.54118307749906,0.325595498085022,low_morgan_lt_0.20,0.2,figure6_panel_b_functional_neighbour_enrichment_source,,,,,,,,,,,,,,,,,,,,,,,,,,,,,,,,,,,,,,,,,,,,,,,,,,,,,,,,,,,,,
RDKit2D,1856.0,100.0,0.25,2577.0,1798.0,400.0,0.2155172413793103,13.884698275862068,48.87776484284051,0.3174872100353241,low_morgan_lt_0.20,0.2,figure6_panel_b_functional_neighbour_enrichment_source,,,,,,,,,,,,,,,,,,,,,,,,,,,,,,,,,,,,,,,,,,,,,,,,,,,,,,,,,,,,,
NYAN,1856.0,100.0,0.25,2684.0,1844.0,407.0,0.2192887931034483,14.461206896551724,47.5424739195231,0.3151449114084244,low_morgan_lt_0.20,0.2,figure6_panel_b_functional_neighbour_enrichment_source,,,,,,,,,,,,,,,,,,,,,,,,,,,,,,,,,,,,,,,,,,,,,,,,,,,,,,,,,,,,,
Morgan,1856.0,100.0,0.25,2114.0,1318.0,383.0,0.2063577586206896,11.390086206896552,47.67407757805109,0.3215999454259872,low_morgan_lt_0.20,0.2,figure6_panel_b_functional_neighbour_enrichment_source,,,,,,,,,,,,,,,,,,,,,,,,,,,,,,,,,,,,,,,,,,,,,,,,,,,,,,,,,,,,,
AtomPair,1856.0,100.0,0.25,2824.0,1907.0,411.0,0.2214439655172413,15.21551724137931,49.39695467422096,0.3183371424674988,low_morgan_lt_0.20,0.2,figure6_panel_b_functional_neighbour_enrichment_source,,,,,,,,,,,,,,,,,,,,,,,,,,,,,,,,,,,,,,,,,,,,,,,,,,,,,,,,,,,,,
Avalon,1856.0,100.0,0.25,2590.0,1779.0,373.0,0.2009698275862069,13.954741379310343,49.61003861003861,0.3192723989486694,low_morgan_lt_0.20,0.2,figure6_panel_b_functional_neighbour_enrichment_source,,,,,,,,,,,,,,,,,,,,,,,,,,,,,,,,,,,,,,,,,,,,,,,,,,,,,,,,,,,,,
Random,1856.0,100.0,0.25,1344.0,1308.0,343.0,0.1848060344827586,7.241379310344828,50.43452380952381,0.3059873878955841,low_morgan_lt_0.20,0.2,figure6_panel_b_functional_neighbour_enrichment_source,,,,,,,,,,,,,,,,,,,,,,,,,,,,,,,,,,,,,,,,,,,,,,,,,,,,,,,,,,,,,
CGP-Align,1856.0,10.0,0.3,507.0,390.0,208.0,0.1120689655172413,27.316810344827587,5.21301775147929,0.3733454346656799,low_morgan_lt_0.20,0.2,figure6_panel_b_functional_neighbour_enrichment_source,,,,,,,,,,,,,,,,,,,,,,,,,,,,,,,,,,,,,,,,,,,,,,,,,,,,,,,,,,,,,
RDKit2D,1856.0,10.0,0.3,187.0,162.0,132.0,0.0711206896551724,10.075431034482758,5.197860962566845,0.3664995729923248,low_morgan_lt_0.20,0.2,figure6_panel_b_functional_neighbour_enrichment_source,,,,,,,,,,,,,,,,,,,,,,,,,,,,,,,,,,,,,,,,,,,,,,,,,,,,,,,,,,,,,
NYAN,1856.0,10.0,0.3,211.0,169.0,135.0,0.0727370689655172,11.36853448275862,5.312796208530806,0.3699013590812683,low_morgan_lt_0.20,0.2,figure6_panel_b_functional_neighbour_enrichment_source,,,,,,,,,,,,,,,,,,,,,,,,,,,,,,,,,,,,,,,,,,,,,,,,,,,,,,,,,,,,,
Morgan,1856.0,10.0,0.3,191.0,121.0,138.0,0.074353448275862,10.29094827586207,5.089005235602095,0.3664995729923248,low_morgan_lt_0.20,0.2,figure6_panel_b_functional_neighbour_enrichment_source,,,,,,,,,,,,,,,,,,,,,,,,,,,,,,,,,,,,,,,,,,,,,,,,,,,,,,,,,,,,,
AtomPair,1856.0,10.0,0.3,198.0,150.0,130.0,0.0700431034482758,10.668103448275865,5.4393939393939394,0.3657797574996948,low_morgan_lt_0.20,0.2,figure6_panel_b_functional_neighbour_enrichment_source,,,,,,,,,,,,,,,,,,,,,,,,,,,,,,,,,,,,,,,,,,,,,,,,,,,,,,,,,,,,,
Avalon,1856.0,10.0,0.3,184.0,136.0,120.0,0.0646551724137931,9.913793103448276,5.673913043478261,0.375185877084732,low_morgan_lt_0.20,0.2,figure6_panel_b_functional_neighbour_enrichment_source,,,,,,,,,,,,,,,,,,,,,,,,,,,,,,,,,,,,,,,,,,,,,,,,,,,,,,,,,,,,,
Random,1856.0,10.0,0.3,60.0,60.0,53.0,0.0285560344827586,3.2327586206896552,5.483333333333333,0.3646082282066345,low_morgan_lt_0.20,0.2,figure6_panel_b_functional_neighbour_enrichment_source,,,,,,,,,,,,,,,,,,,,,,,,,,,,,,,,,,,,,,,,,,,,,,,,,,,,,,,,,,,,,
CGP-Align,1856.0,50.0,0.3,1965.0,1451.0,287.0,0.1546336206896551,21.17456896551724,23.470737913486005,0.3708104193210602,low_morgan_lt_0.20,0.2,figure6_panel_b_functional_neighbour_enrichment_source,,,,,,,,,,,,,,,,,,,,,,,,,,,,,,,,,,,,,,,,,,,,,,,,,,,,,,,,,,,,,
RDKit2D,1856.0,50.0,0.3,839.0,632.0,249.0,0.1341594827586207,9.04094827586207,24.194278903456496,0.3642686009407043,low_morgan_lt_0.20,0.2,figure6_panel_b_functional_neighbour_enrichment_source,,,,,,,,,,,,,,,,,,,,,,,,,,,,,,,,,,,,,,,,,,,,,,,,,,,,,,,,,,,,,
NYAN,1856.0,50.0,0.3,852.0,621.0,266.0,0.1433189655172413,9.18103448275862,23.671361502347416,0.3658733069896698,low_morgan_lt_0.20,0.2,figure6_panel_b_functional_neighbour_enrichment_source,,,,,,,,,,,,,,,,,,,,,,,,,,,,,,,,,,,,,,,,,,,,,,,,,,,,,,,,,,,,,
Morgan,1856.0,50.0,0.3,734.0,454.0,263.0,0.1417025862068965,7.9094827586206895,22.9850136239782,0.3638567328453064,low_morgan_lt_0.20,0.2,figure6_panel_b_functional_neighbour_enrichment_source,,,,,,,,,,,,,,,,,,,,,,,,,,,,,,,,,,,,,,,,,,,,,,,,,,,,,,,,,,,,,
AtomPair,1856.0,50.0,0.3,898.0,635.0,261.0,0.140625,9.676724137931034,24.85857461024499,0.361637532711029,low_morgan_lt_0.20,0.2,figure6_panel_b_functional_neighbour_enrichment_source,,,,,,,,,,,,,,,,,,,,,,,,,,,,,,,,,,,,,,,,,,,,,,,,,,,,,,,,,,,,,
Avalon,1856.0,50.0,0.3,819.0,557.0,247.0,0.1330818965517241,8.825431034482758,24.39072039072039,0.3657851815223694,low_morgan_lt_0.20,0.2,figure6_panel_b_functional_neighbour_enrichment_source,,,,,,,,,,,,,,,,,,,,,,,,,,,,,,,,,,,,,,,,,,,,,,,,,,,,,,,,,,,,,
Random,1856.0,50.0,0.3,353.0,344.0,163.0,0.0878232758620689,3.8038793103448274,26.08781869688385,0.3644147515296936,low_morgan_lt_0.20,0.2,figure6_panel_b_functional_neighbour_enrichment_source,,,,,,,,,,,,,,,,,,,,,,,,,,,,,,,,,,,,,,,,,,,,,,,,,,,,,,,,,,,,,
CGP-Align,1856.0,100.0,0.3,3374.0,2384.0,314.0,0.1691810344827586,18.17887931034483,44.53764078245406,0.3676287829875946,low_morgan_lt_0.20,0.2,figure6_panel_b_functional_neighbour_enrichment_source,,,,,,,,,,,,,,,,,,,,,,,,,,,,,,,,,,,,,,,,,,,,,,,,,,,,,,,,,,,,,
RDKit2D,1856.0,100.0,0.3,1543.0,1068.0,302.0,0.1627155172413793,8.313577586206897,47.35839274141284,0.3596370816230774,low_morgan_lt_0.20,0.2,figure6_panel_b_functional_neighbour_enrichment_source,,,,,,,,,,,,,,,,,,,,,,,,,,,,,,,,,,,,,,,,,,,,,,,,,,,,,,,,,,,,,
NYAN,1856.0,100.0,0.3,1566.0,1079.0,312.0,0.168103448275862,8.4375,47.3786717752235,0.361637532711029,low_morgan_lt_0.20,0.2,figure6_panel_b_functional_neighbour_enrichment_source,,,,,,,,,,,,,,,,,,,,,,,,,,,,,,,,,,,,,,,,,,,,,,,,,,,,,,,,,,,,,
Morgan,1856.0,100.0,0.3,1312.0,813.0,295.0,0.1589439655172413,7.068965517241379,45.80868902439025,0.3628337979316711,low_morgan_lt_0.20,0.2,figure6_panel_b_functional_neighbour_enrichment_source,,,,,,,,,,,,,,,,,,,,,,,,,,,,,,,,,,,,,,,,,,,,,,,,,,,,,,,,,,,,,
AtomPair,1856.0,100.0,0.3,1689.0,1140.0,314.0,0.1691810344827586,9.10021551724138,48.43516873889876,0.3601930737495422,low_morgan_lt_0.20,0.2,figure6_panel_b_functional_neighbour_enrichment_source,,,,,,,,,,,,,,,,,,,,,,,,,,,,,,,,,,,,,,,,,,,,,,,,,,,,,,,,,,,,,
Avalon,1856.0,100.0,0.3,1563.0,1075.0,296.0,0.1594827586206896,8.421336206896552,48.67690339091491,0.3648973107337951,low_morgan_lt_0.20,0.2,figure6_panel_b_functional_neighbour_enrichment_source,,,,,,,,,,,,,,,,,,,,,,,,,,,,,,,,,,,,,,,,,,,,,,,,,,,,,,,,,,,,,
Random,1856.0,100.0,0.3,718.0,698.0,222.0,0.1196120689655172,3.868534482758621,50.45403899721448,0.3617500513792038,low_morgan_lt_0.20,0.2,figure6_panel_b_functional_neighbour_enrichment_source,,,,,,,,,,,,,,,,,,,,,,,,,,,,,,,,,,,,,,,,,,,,,,,,,,,,,,,,,,,,,
CGP-Align,1856.0,10.0,0.4,206.0,153.0,102.0,0.0549568965517241,11.099137931034482,5.101941747572815,0.472988098859787,low_morgan_lt_0.20,0.2,figure6_panel_b_functional_neighbour_enrichment_source,,,,,,,,,,,,,,,,,,,,,,,,,,,,,,,,,,,,,,,,,,,,,,,,,,,,,,,,,,,,,
RDKit2D,1856.0,10.0,0.4,67.0,56.0,57.0,0.0307112068965517,3.609913793103448,5.119402985074627,0.4737586379051208,low_morgan_lt_0.20,0.2,figure6_panel_b_functional_neighbour_enrichment_source,,,,,,,,,,,,,,,,,,,,,,,,,,,,,,,,,,,,,,,,,,,,,,,,,,,,,,,,,,,,,
NYAN,1856.0,10.0,0.4,78.0,62.0,60.0,0.0323275862068965,4.202586206896552,5.230769230769231,0.4559837430715561,low_morgan_lt_0.20,0.2,figure6_panel_b_functional_neighbour_enrichment_source,,,,,,,,,,,,,,,,,,,,,,,,,,,,,,,,,,,,,,,,,,,,,,,,,,,,,,,,,,,,,
Morgan,1856.0,10.0,0.4,65.0,41.0,50.0,0.0269396551724137,3.502155172413793,4.753846153846154,0.4649767577648163,low_morgan_lt_0.20,0.2,figure6_panel_b_functional_neighbour_enrichment_source,,,,,,,,,,,,,,,,,,,,,,,,,,,,,,,,,,,,,,,,,,,,,,,,,,,,,,,,,,,,,
AtomPair,1856.0,10.0,0.4,62.0,46.0,50.0,0.0269396551724137,3.3405172413793105,5.741935483870968,0.4520475715398788,low_morgan_lt_0.20,0.2,figure6_panel_b_functional_neighbour_enrichment_source,,,,,,,,,,,,,,,,,,,,,,,,,,,,,,,,,,,,,,,,,,,,,,,,,,,,,,,,,,,,,
Avalon,1856.0,10.0,0.4,69.0,51.0,53.0,0.0285560344827586,3.717672413793104,6.072463768115942,0.4746094942092895,low_morgan_lt_0.20,0.2,figure6_panel_b_functional_neighbour_enrichment_source,,,,,,,,,,,,,,,,,,,,,,,,,,,,,,,,,,,,,,,,,,,,,,,,,,,,,,,,,,,,,
Random,1856.0,10.0,0.4,19.0,19.0,19.0,0.0102370689655172,1.0237068965517242,5.7368421052631575,0.4613930881023407,low_morgan_lt_0.20,0.2,figure6_panel_b_functional_neighbour_enrichment_source,,,,,,,,,,,,,,,,,,,,,,,,,,,,,,,,,,,,,,,,,,,,,,,,,,,,,,,,,,,,,
CGP-Align,1856.0,50.0,0.4,735.0,532.0,179.0,0.0964439655172413,7.920258620689656,22.289795918367343,0.4555748999118805,low_morgan_lt_0.20,0.2,figure6_panel_b_functional_neighbour_enrichment_source,,,,,,,,,,,,,,,,,,,,,,,,,,,,,,,,,,,,,,,,,,,,,,,,,,,,,,,,,,,,,
RDKit2D,1856.0,50.0,0.4,273.0,208.0,138.0,0.074353448275862,2.9418103448275863,22.926739926739927,0.4599573910236358,low_morgan_lt_0.20,0.2,figure6_panel_b_functional_neighbour_enrichment_source,,,,,,,,,,,,,,,,,,,,,,,,,,,,,,,,,,,,,,,,,,,,,,,,,,,,,,,,,,,,,
NYAN,1856.0,50.0,0.4,300.0,217.0,147.0,0.0792025862068965,3.2327586206896552,22.81,0.4559837430715561,low_morgan_lt_0.20,0.2,figure6_panel_b_functional_neighbour_enrichment_source,,,,,,,,,,,,,,,,,,,,,,,,,,,,,,,,,,,,,,,,,,,,,,,,,,,,,,,,,,,,,
Morgan,1856.0,50.0,0.4,239.0,146.0,132.0,0.0711206896551724,2.5754310344827585,21.702928870292887,0.4649767577648163,low_morgan_lt_0.20,0.2,figure6_panel_b_functional_neighbour_enrichment_source,,,,,,,,,,,,,,,,,,,,,,,,,,,,,,,,,,,,,,,,,,,,,,,,,,,,,,,,,,,,,
AtomPair,1856.0,50.0,0.4,263.0,190.0,133.0,0.0716594827586206,2.834051724137931,24.695817490494296,0.4535240530967712,low_morgan_lt_0.20,0.2,figure6_panel_b_functional_neighbour_enrichment_source,,,,,,,,,,,,,,,,,,,,,,,,,,,,,,,,,,,,,,,,,,,,,,,,,,,,,,,,,,,,,
Avalon,1856.0,50.0,0.4,271.0,183.0,139.0,0.0748922413793103,2.9202586206896552,22.763837638376383,0.4512271583080292,low_morgan_lt_0.20,0.2,figure6_panel_b_functional_neighbour_enrichment_source,,,,,,,,,,,,,,,,,,,,,,,,,,,,,,,,,,,,,,,,,,,,,,,,,,,,,,,,,,,,,
Random,1856.0,50.0,0.4,109.0,107.0,69.0,0.037176724137931,1.174568965517241,27.623853211009173,0.4438727796077728,low_morgan_lt_0.20,0.2,figure6_panel_b_functional_neighbour_enrichment_source,,,,,,,,,,,,,,,,,,,,,,,,,,,,,,,,,,,,,,,,,,,,,,,,,,,,,,,,,,,,,
CGP-Align,1856.0,100.0,0.4,1179.0,824.0,206.0,0.1109913793103448,6.352370689655173,41.75996607294317,0.4539621770381927,low_morgan_lt_0.20,0.2,figure6_panel_b_functional_neighbour_enrichment_source,,,,,,,,,,,,,,,,,,,,,,,,,,,,,,,,,,,,,,,,,,,,,,,,,,,,,,,,,,,,,
RDKit2D,1856.0,100.0,0.4,485.0,343.0,173.0,0.0932112068965517,2.613146551724138,46.11752577319588,0.4555089473724365,low_morgan_lt_0.20,0.2,figure6_panel_b_functional_neighbour_enrichment_source,,,,,,,,,,,,,,,,,,,,,,,,,,,,,,,,,,,,,,,,,,,,,,,,,,,,,,,,,,,,,
NYAN,1856.0,100.0,0.4,527.0,356.0,184.0,0.0991379310344827,2.8394396551724137,45.27703984819734,0.4574241638183594,low_morgan_lt_0.20,0.2,figure6_panel_b_functional_neighbour_enrichment_source,,,,,,,,,,,,,,,,,,,,,,,,,,,,,,,,,,,,,,,,,,,,,,,,,,,,,,,,,,,,,
Morgan,1856.0,100.0,0.4,426.0,261.0,176.0,0.0948275862068965,2.2952586206896552,44.659624413145536,0.4567920416593551,low_morgan_lt_0.20,0.2,figure6_panel_b_functional_neighbour_enrichment_source,,,,,,,,,,,,,,,,,,,,,,,,,,,,,,,,,,,,,,,,,,,,,,,,,,,,,,,,,,,,,
AtomPair,1856.0,100.0,0.4,511.0,345.0,178.0,0.0959051724137931,2.753232758620689,49.58904109589041,0.4518728256225586,low_morgan_lt_0.20,0.2,figure6_panel_b_functional_neighbour_enrichment_source,,,,,,,,,,,,,,,,,,,,,,,,,,,,,,,,,,,,,,,,,,,,,,,,,,,,,,,,,,,,,
Avalon,1856.0,100.0,0.4,509.0,345.0,183.0,0.0985991379310344,2.742456896551724,46.648330058939095,0.4501329660415649,low_morgan_lt_0.20,0.2,figure6_panel_b_functional_neighbour_enrichment_source,,,,,,,,,,,,,,,,,,,,,,,,,,,,,,,,,,,,,,,,,,,,,,,,,,,,,,,,,,,,,
Random,1856.0,100.0,0.4,211.0,206.0,99.0,0.0533405172413793,1.136853448275862,49.62559241706161,0.4452095925807953,low_morgan_lt_0.20,0.2,figure6_panel_b_functional_neighbour_enrichment_source,,,,,,,,,,,,,,,,,,,,,,,,,,,,,,,,,,,,,,,,,,,,,,,,,,,,,,,,,,,,,
CGP-Align,1856.0,10.0,0.25,824.0,641.0,272.0,0.146551724137931,44.39655172413793,5.241504854368932,0.3390996009111404,low_morgan_lt_0.25,0.25,figure6_panel_b_functional_neighbour_enrichment_source,,,,,,,,,,,,,,,,,,,,,,,,,,,,,,,,,,,,,,,,,,,,,,,,,,,,,,,,,,,,,
RDKit2D,1856.0,10.0,0.25,376.0,301.0,186.0,0.1002155172413793,20.25862068965517,5.3138297872340425,0.3346579372882843,low_morgan_lt_0.25,0.25,figure6_panel_b_functional_neighbour_enrichment_source,,,,,,,,,,,,,,,,,,,,,,,,,,,,,,,,,,,,,,,,,,,,,,,,,,,,,,,,,,,,,
NYAN,1856.0,10.0,0.25,381.0,294.0,196.0,0.105603448275862,20.528017241379317,5.377952755905512,0.3312317430973053,low_morgan_lt_0.25,0.25,figure6_panel_b_functional_neighbour_enrichment_source,,,,,,,,,,,,,,,,,,,,,,,,,,,,,,,,,,,,,,,,,,,,,,,,,,,,,,,,,,,,,
Morgan,1856.0,10.0,0.25,353.0,236.0,190.0,0.1023706896551724,19.01939655172414,5.379603399433428,0.3434675335884094,low_morgan_lt_0.25,0.25,figure6_panel_b_functional_neighbour_enrichment_source,,,,,,,,,,,,,,,,,,,,,,,,,,,,,,,,,,,,,,,,,,,,,,,,,,,,,,,,,,,,,
AtomPair,1856.0,10.0,0.25,344.0,265.0,191.0,0.1029094827586206,18.534482758620687,5.325581395348837,0.3266269862651825,low_morgan_lt_0.25,0.25,figure6_panel_b_functional_neighbour_enrichment_source,,,,,,,,,,,,,,,,,,,,,,,,,,,,,,,,,,,,,,,,,,,,,,,,,,,,,,,,,,,,,
Avalon,1856.0,10.0,0.25,342.0,245.0,189.0,0.1018318965517241,18.426724137931032,5.2368421052631575,0.3364099264144897,low_morgan_lt_0.25,0.25,figure6_panel_b_functional_neighbour_enrichment_source,,,,,,,,,,,,,,,,,,,,,,,,,,,,,,,,,,,,,,,,,,,,,,,,,,,,,,,,,,,,,
Random,1856.0,10.0,0.25,120.0,120.0,92.0,0.0495689655172413,6.465517241379311,5.1,0.325267031788826,low_morgan_lt_0.25,0.25,figure6_panel_b_functional_neighbour_enrichment_source,,,,,,,,,,,,,,,,,,,,,,,,,,,,,,,,,,,,,,,,,,,,,,,,,,,,,,,,,,,,,
CGP-Align,1856.0,50.0,0.25,3188.0,2350.0,374.0,0.2015086206896551,34.35344827586207,23.36417816813049,0.3325541317462921,low_morgan_lt_0.25,0.25,figure6_panel_b_functional_neighbour_enrichment_source,,,,,,,,,,,,,,,,,,,,,,,,,,,,,,,,,,,,,,,,,,,,,,,,,,,,,,,,,,,,,
RDKit2D,1856.0,50.0,0.25,1587.0,1150.0,335.0,0.1804956896551724,17.101293103448274,24.464398235664778,0.3271845281124115,low_morgan_lt_0.25,0.25,figure6_panel_b_functional_neighbour_enrichment_source,,,,,,,,,,,,,,,,,,,,,,,,,,,,,,,,,,,,,,,,,,,,,,,,,,,,,,,,,,,,,
NYAN,1856.0,50.0,0.25,1580.0,1140.0,351.0,0.1891163793103448,17.025862068965516,24.00189873417721,0.3209356963634491,low_morgan_lt_0.25,0.25,figure6_panel_b_functional_neighbour_enrichment_source,,,,,,,,,,,,,,,,,,,,,,,,,,,,,,,,,,,,,,,,,,,,,,,,,,,,,,,,,,,,,
Morgan,1856.0,50.0,0.25,1410.0,898.0,337.0,0.1815732758620689,15.19396551724138,23.353900709219857,0.3334035873413086,low_morgan_lt_0.25,0.25,figure6_panel_b_functional_neighbour_enrichment_source,,,,,,,,,,,,,,,,,,,,,,,,,,,,,,,,,,,,,,,,,,,,,,,,,,,,,,,,,,,,,
AtomPair,1856.0,50.0,0.25,1588.0,1112.0,342.0,0.1842672413793103,17.11206896551724,24.63224181360201,0.3247903883457184,low_morgan_lt_0.25,0.25,figure6_panel_b_functional_neighbour_enrichment_source,,,,,,,,,,,,,,,,,,,,,,,,,,,,,,,,,,,,,,,,,,,,,,,,,,,,,,,,,,,,,
Avalon,1856.0,50.0,0.25,1471.0,975.0,342.0,0.1842672413793103,15.851293103448276,23.889191026512577,0.3276820480823517,low_morgan_lt_0.25,0.25,figure6_panel_b_functional_neighbour_enrichment_source,,,,,,,,,,,,,,,,,,,,,,,,,,,,,,,,,,,,,,,,,,,,,,,,,,,,,,,,,,,,,
Random,1856.0,50.0,0.25,685.0,680.0,273.0,0.1470905172413793,7.381465517241379,25.944525547445256,0.3210352957248688,low_morgan_lt_0.25,0.25,figure6_panel_b_functional_neighbour_enrichment_source,,,,,,,,,,,,,,,,,,,,,,,,,,,,,,,,,,,,,,,,,,,,,,,,,,,,,,,,,,,,,
CGP-Align,1856.0,100.0,0.25,5675.0,3993.0,425.0,0.2289870689655172,30.57650862068965,45.711718061674006,0.3273986577987671,low_morgan_lt_0.25,0.25,figure6_panel_b_functional_neighbour_enrichment_source,,,,,,,,,,,,,,,,,,,,,,,,,,,,,,,,,,,,,,,,,,,,,,,,,,,,,,,,,,,,,
RDKit2D,1856.0,100.0,0.25,2889.0,1954.0,401.0,0.2160560344827586,15.565732758620689,47.81481481481482,0.321254700422287,low_morgan_lt_0.25,0.25,figure6_panel_b_functional_neighbour_enrichment_source,,,,,,,,,,,,,,,,,,,,,,,,,,,,,,,,,,,,,,,,,,,,,,,,,,,,,,,,,,,,,
NYAN,1856.0,100.0,0.25,2899.0,1978.0,411.0,0.2214439655172413,15.619612068965518,47.38392549154881,0.3162253499031067,low_morgan_lt_0.25,0.25,figure6_panel_b_functional_neighbour_enrichment_source,,,,,,,,,,,,,,,,,,,,,,,,,,,,,,,,,,,,,,,,,,,,,,,,,,,,,,,,,,,,,
Morgan,1856.0,100.0,0.25,2451.0,1513.0,394.0,0.2122844827586207,13.205818965517242,44.90167278661771,0.3265226483345032,low_morgan_lt_0.25,0.25,figure6_panel_b_functional_neighbour_enrichment_source,,,,,,,,,,,,,,,,,,,,,,,,,,,,,,,,,,,,,,,,,,,,,,,,,,,,,,,,,,,,,
AtomPair,1856.0,100.0,0.25,3034.0,2042.0,412.0,0.2219827586206896,16.34698275862069,48.59986816084377,0.3209424912929535,low_morgan_lt_0.25,0.25,figure6_panel_b_functional_neighbour_enrichment_source,,,,,,,,,,,,,,,,,,,,,,,,,,,,,,,,,,,,,,,,,,,,,,,,,,,,,,,,,,,,,
Avalon,1856.0,100.0,0.25,2824.0,1890.0,388.0,0.209051724137931,15.21551724137931,48.41890934844193,0.3221783936023712,low_morgan_lt_0.25,0.25,figure6_panel_b_functional_neighbour_enrichment_source,,,,,,,,,,,,,,,,,,,,,,,,,,,,,,,,,,,,,,,,,,,,,,,,,,,,,,,,,,,,,
Random,1856.0,100.0,0.25,1374.0,1335.0,348.0,0.1875,7.4030172413793105,50.62590975254731,0.3154428452253341,low_morgan_lt_0.25,0.25,figure6_panel_b_functional_neighbour_enrichment_source,,,,,,,,,,,,,,,,,,,,,,,,,,,,,,,,,,,,,,,,,,,,,,,,,,,,,,,,,,,,,
CGP-Align,1856.0,10.0,0.3,565.0,430.0,218.0,0.1174568965517241,30.441810344827587,5.238938053097345,0.3846459984779358,low_morgan_lt_0.25,0.25,figure6_panel_b_functional_neighbour_enrichment_source,,,,,,,,,,,,,,,,,,,,,,,,,,,,,,,,,,,,,,,,,,,,,,,,,,,,,,,,,,,,,
RDKit2D,1856.0,10.0,0.3,245.0,198.0,145.0,0.078125,13.20043103448276,5.236734693877551,0.402028352022171,low_morgan_lt_0.25,0.25,figure6_panel_b_functional_neighbour_enrichment_source,,,,,,,,,,,,,,,,,,,,,,,,,,,,,,,,,,,,,,,,,,,,,,,,,,,,,,,,,,,,,
NYAN,1856.0,10.0,0.3,236.0,185.0,137.0,0.0738146551724138,12.71551724137931,5.406779661016949,0.3949296325445175,low_morgan_lt_0.25,0.25,figure6_panel_b_functional_neighbour_enrichment_source,,,,,,,,,,,,,,,,,,,,,,,,,,,,,,,,,,,,,,,,,,,,,,,,,,,,,,,,,,,,,
Morgan,1856.0,10.0,0.3,240.0,161.0,145.0,0.078125,12.93103448275862,5.375,0.3985927104949951,low_morgan_lt_0.25,0.25,figure6_panel_b_functional_neighbour_enrichment_source,,,,,,,,,,,,,,,,,,,,,,,,,,,,,,,,,,,,,,,,,,,,,,,,,,,,,,,,,,,,,
AtomPair,1856.0,10.0,0.3,217.0,166.0,142.0,0.0765086206896551,11.691810344827587,5.152073732718894,0.3775345385074615,low_morgan_lt_0.25,0.25,figure6_panel_b_functional_neighbour_enrichment_source,,,,,,,,,,,,,,,,,,,,,,,,,,,,,,,,,,,,,,,,,,,,,,,,,,,,,,,,,,,,,
Avalon,1856.0,10.0,0.3,232.0,165.0,142.0,0.0765086206896551,12.5,5.331896551724138,0.3866743743419647,low_morgan_lt_0.25,0.25,figure6_panel_b_functional_neighbour_enrichment_source,,,,,,,,,,,,,,,,,,,,,,,,,,,,,,,,,,,,,,,,,,,,,,,,,,,,,,,,,,,,,
Random,1856.0,10.0,0.3,77.0,77.0,66.0,0.0355603448275862,4.148706896551724,4.974025974025974,0.3545618951320648,low_morgan_lt_0.25,0.25,figure6_panel_b_functional_neighbour_enrichment_source,,,,,,,,,,,,,,,,,,,,,,,,,,,,,,,,,,,,,,,,,,,,,,,,,,,,,,,,,,,,,
CGP-Align,1856.0,50.0,0.3,2101.0,1542.0,294.0,0.1584051724137931,22.64008620689655,23.225130890052355,0.3749562501907348,low_morgan_lt_0.25,0.25,figure6_panel_b_functional_neighbour_enrichment_source,,,,,,,,,,,,,,,,,,,,,,,,,,,,,,,,,,,,,,,,,,,,,,,,,,,,,,,,,,,,,
RDKit2D,1856.0,50.0,0.3,1015.0,730.0,263.0,0.1417025862068965,10.9375,24.25812807881773,0.376084417104721,low_morgan_lt_0.25,0.25,figure6_panel_b_functional_neighbour_enrichment_source,,,,,,,,,,,,,,,,,,,,,,,,,,,,,,,,,,,,,,,,,,,,,,,,,,,,,,,,,,,,,
NYAN,1856.0,50.0,0.3,938.0,682.0,262.0,0.1411637931034483,10.107758620689657,23.502132196162048,0.3738489896059036,low_morgan_lt_0.25,0.25,figure6_panel_b_functional_neighbour_enrichment_source,,,,,,,,,,,,,,,,,,,,,,,,,,,,,,,,,,,,,,,,,,,,,,,,,,,,,,,,,,,,,
Morgan,1856.0,50.0,0.3,931.0,577.0,267.0,0.1438577586206896,10.032327586206897,22.77013963480129,0.3877466022968292,low_morgan_lt_0.25,0.25,figure6_panel_b_functional_neighbour_enrichment_source,,,,,,,,,,,,,,,,,,,,,,,,,,,,,,,,,,,,,,,,,,,,,,,,,,,,,,,,,,,,,
AtomPair,1856.0,50.0,0.3,998.0,690.0,267.0,0.1438577586206896,10.754310344827584,24.517034068136272,0.368642970919609,low_morgan_lt_0.25,0.25,figure6_panel_b_functional_neighbour_enrichment_source,,,,,,,,,,,,,,,,,,,,,,,,,,,,,,,,,,,,,,,,,,,,,,,,,,,,,,,,,,,,,
Avalon,1856.0,50.0,0.3,936.0,615.0,263.0,0.1417025862068965,10.086206896551724,23.30128205128205,0.3765125870704651,low_morgan_lt_0.25,0.25,figure6_panel_b_functional_neighbour_enrichment_source,,,,,,,,,,,,,,,,,,,,,,,,,,,,,,,,,,,,,,,,,,,,,,,,,,,,,,,,,,,,,
Random,1856.0,50.0,0.3,418.0,416.0,197.0,0.1061422413793103,4.504310344827585,25.492822966507177,0.3599666953086853,low_morgan_lt_0.25,0.25,figure6_panel_b_functional_neighbour_enrichment_source,,,,,,,,,,,,,,,,,,,,,,,,,,,,,,,,,,,,,,,,,,,,,,,,,,,,,,,,,,,,,
CGP-Align,1856.0,100.0,0.3,3629.0,2551.0,320.0,0.1724137931034483,19.55280172413793,44.7296775971342,0.3714843690395355,low_morgan_lt_0.25,0.25,figure6_panel_b_functional_neighbour_enrichment_source,,,,,,,,,,,,,,,,,,,,,,,,,,,,,,,,,,,,,,,,,,,,,,,,,,,,,,,,,,,,,
RDKit2D,1856.0,100.0,0.3,1771.0,1183.0,304.0,0.1637931034482758,9.542025862068966,46.20722755505364,0.3691421151161194,low_morgan_lt_0.25,0.25,figure6_panel_b_functional_neighbour_enrichment_source,,,,,,,,,,,,,,,,,,,,,,,,,,,,,,,,,,,,,,,,,,,,,,,,,,,,,,,,,,,,,
NYAN,1856.0,100.0,0.3,1702.0,1164.0,313.0,0.1686422413793103,9.170258620689657,46.86486486486486,0.3686288595199585,low_morgan_lt_0.25,0.25,figure6_panel_b_functional_neighbour_enrichment_source,,,,,,,,,,,,,,,,,,,,,,,,,,,,,,,,,,,,,,,,,,,,,,,,,,,,,,,,,,,,,
Morgan,1856.0,100.0,0.3,1557.0,946.0,293.0,0.1578663793103448,8.389008620689657,43.35966602440591,0.377484530210495,low_morgan_lt_0.25,0.25,figure6_panel_b_functional_neighbour_enrichment_source,,,,,,,,,,,,,,,,,,,,,,,,,,,,,,,,,,,,,,,,,,,,,,,,,,,,,,,,,,,,,
AtomPair,1856.0,100.0,0.3,1851.0,1236.0,311.0,0.1675646551724137,9.973060344827584,47.56942193408968,0.3644881546497345,low_morgan_lt_0.25,0.25,figure6_panel_b_functional_neighbour_enrichment_source,,,,,,,,,,,,,,,,,,,,,,,,,,,,,,,,,,,,,,,,,,,,,,,,,,,,,,,,,,,,,
Avalon,1856.0,100.0,0.3,1747.0,1166.0,306.0,0.1648706896551724,9.41271551724138,47.21465369204351,0.3705939054489136,low_morgan_lt_0.25,0.25,figure6_panel_b_functional_neighbour_enrichment_source,,,,,,,,,,,,,,,,,,,,,,,,,,,,,,,,,,,,,,,,,,,,,,,,,,,,,,,,,,,,,
Random,1856.0,100.0,0.3,802.0,783.0,245.0,0.1320043103448276,4.321120689655173,48.9788029925187,0.3600236922502517,low_morgan_lt_0.25,0.25,figure6_panel_b_functional_neighbour_enrichment_source,,,,,,,,,,,,,,,,,,,,,,,,,,,,,,,,,,,,,,,,,,,,,,,,,,,,,,,,,,,,,
CGP-Align,1856.0,10.0,0.4,251.0,182.0,116.0,0.0625,13.523706896551724,4.916334661354582,0.4795624017715454,low_morgan_lt_0.25,0.25,figure6_panel_b_functional_neighbour_enrichment_source,,,,,,,,,,,,,,,,,,,,,,,,,,,,,,,,,,,,,,,,,,,,,,,,,,,,,,,,,,,,,
RDKit2D,1856.0,10.0,0.4,123.0,95.0,83.0,0.0447198275862069,6.627155172413794,4.951219512195122,0.469704657793045,low_morgan_lt_0.25,0.25,figure6_panel_b_functional_neighbour_enrichment_source,,,,,,,,,,,,,,,,,,,,,,,,,,,,,,,,,,,,,,,,,,,,,,,,,,,,,,,,,,,,,
NYAN,1856.0,10.0,0.4,108.0,84.0,79.0,0.0425646551724137,5.81896551724138,5.2407407407407405,0.4524349272251129,low_morgan_lt_0.25,0.25,figure6_panel_b_functional_neighbour_enrichment_source,,,,,,,,,,,,,,,,,,,,,,,,,,,,,,,,,,,,,,,,,,,,,,,,,,,,,,,,,,,,,
Morgan,1856.0,10.0,0.4,119.0,80.0,88.0,0.0474137931034482,6.411637931034482,5.361344537815126,0.4696133732795715,low_morgan_lt_0.25,0.25,figure6_panel_b_functional_neighbour_enrichment_source,,,,,,,,,,,,,,,,,,,,,,,,,,,,,,,,,,,,,,,,,,,,,,,,,,,,,,,,,,,,,
AtomPair,1856.0,10.0,0.4,87.0,68.0,69.0,0.037176724137931,4.6875,5.195402298850575,0.4735268354415893,low_morgan_lt_0.25,0.25,figure6_panel_b_functional_neighbour_enrichment_source,,,,,,,,,,,,,,,,,,,,,,,,,,,,,,,,,,,,,,,,,,,,,,,,,,,,,,,,,,,,,
Avalon,1856.0,10.0,0.4,101.0,73.0,72.0,0.0387931034482758,5.441810344827585,5.455445544554456,0.4827826917171478,low_morgan_lt_0.25,0.25,figure6_panel_b_functional_neighbour_enrichment_source,,,,,,,,,,,,,,,,,,,,,,,,,,,,,,,,,,,,,,,,,,,,,,,,,,,,,,,,,,,,,
Random,1856.0,10.0,0.4,22.0,22.0,21.0,0.0113146551724137,1.1853448275862069,4.681818181818182,0.4482637941837311,low_morgan_lt_0.25,0.25,figure6_panel_b_functional_neighbour_enrichment_source,,,,,,,,,,,,,,,,,,,,,,,,,,,,,,,,,,,,,,,,,,,,,,,,,,,,,,,,,,,,,
CGP-Align,1856.0,50.0,0.4,843.0,599.0,193.0,0.1039870689655172,9.08405172413793,22.062870699881376,0.4606305956840515,low_morgan_lt_0.25,0.25,figure6_panel_b_functional_neighbour_enrichment_source,,,,,,,,,,,,,,,,,,,,,,,,,,,,,,,,,,,,,,,,,,,,,,,,,,,,,,,,,,,,,
RDKit2D,1856.0,50.0,0.4,415.0,295.0,166.0,0.0894396551724138,4.4719827586206895,22.689156626506023,0.4730927348136902,low_morgan_lt_0.25,0.25,figure6_panel_b_functional_neighbour_enrichment_source,,,,,,,,,,,,,,,,,,,,,,,,,,,,,,,,,,,,,,,,,,,,,,,,,,,,,,,,,,,,,
NYAN,1856.0,50.0,0.4,378.0,272.0,159.0,0.0856681034482758,4.073275862068965,21.8015873015873,0.4581595957279205,low_morgan_lt_0.25,0.25,figure6_panel_b_functional_neighbour_enrichment_source,,,,,,,,,,,,,,,,,,,,,,,,,,,,,,,,,,,,,,,,,,,,,,,,,,,,,,,,,,,,,
Morgan,1856.0,50.0,0.4,419.0,251.0,171.0,0.0921336206896551,4.515086206896552,21.08591885441528,0.4750676155090332,low_morgan_lt_0.25,0.25,figure6_panel_b_functional_neighbour_enrichment_source,,,,,,,,,,,,,,,,,,,,,,,,,,,,,,,,,,,,,,,,,,,,,,,,,,,,,,,,,,,,,
AtomPair,1856.0,50.0,0.4,357.0,242.0,153.0,0.0824353448275862,3.84698275862069,22.92156862745098,0.4571887552738189,low_morgan_lt_0.25,0.25,figure6_panel_b_functional_neighbour_enrichment_source,,,,,,,,,,,,,,,,,,,,,,,,,,,,,,,,,,,,,,,,,,,,,,,,,,,,,,,,,,,,,
Avalon,1856.0,50.0,0.4,356.0,228.0,153.0,0.0824353448275862,3.836206896551724,21.59269662921348,0.4655367285013199,low_morgan_lt_0.25,0.25,figure6_panel_b_functional_neighbour_enrichment_source,,,,,,,,,,,,,,,,,,,,,,,,,,,,,,,,,,,,,,,,,,,,,,,,,,,,,,,,,,,,,
Random,1856.0,50.0,0.4,125.0,125.0,87.0,0.046875,1.3469827586206895,24.944,0.4556770622730255,low_morgan_lt_0.25,0.25,figure6_panel_b_functional_neighbour_enrichment_source,,,,,,,,,,,,,,,,,,,,,,,,,,,,,,,,,,,,,,,,,,,,,,,,,,,,,,,,,,,,,
CGP-Align,1856.0,100.0,0.4,1360.0,935.0,217.0,0.1169181034482758,7.327586206896552,41.86911764705882,0.4581836313009262,low_morgan_lt_0.25,0.25,figure6_panel_b_functional_neighbour_enrichment_source,,,,,,,,,,,,,,,,,,,,,,,,,,,,,,,,,,,,,,,,,,,,,,,,,,,,,,,,,,,,,
RDKit2D,1856.0,100.0,0.4,665.0,431.0,195.0,0.1050646551724138,3.5829741379310343,42.430075187969926,0.4696570932865143,low_morgan_lt_0.25,0.25,figure6_panel_b_functional_neighbour_enrichment_source,,,,,,,,,,,,,,,,,,,,,,,,,,,,,,,,,,,,,,,,,,,,,,,,,,,,,,,,,,,,,
NYAN,1856.0,100.0,0.4,641.0,425.0,197.0,0.1061422413793103,3.4536637931034484,43.798751950078,0.4619124233722687,low_morgan_lt_0.25,0.25,figure6_panel_b_functional_neighbour_enrichment_source,,,,,,,,,,,,,,,,,,,,,,,,,,,,,,,,,,,,,,,,,,,,,,,,,,,,,,,,,,,,,
Morgan,1856.0,100.0,0.4,633.0,372.0,193.0,0.1039870689655172,3.4105603448275863,38.88783570300158,0.4731011390686035,low_morgan_lt_0.25,0.25,figure6_panel_b_functional_neighbour_enrichment_source,,,,,,,,,,,,,,,,,,,,,,,,,,,,,,,,,,,,,,,,,,,,,,,,,,,,,,,,,,,,,
AtomPair,1856.0,100.0,0.4,632.0,420.0,192.0,0.1034482758620689,3.405172413793104,45.70094936708861,0.4567645639181137,low_morgan_lt_0.25,0.25,figure6_panel_b_functional_neighbour_enrichment_source,,,,,,,,,,,,,,,,,,,,,,,,,,,,,,,,,,,,,,,,,,,,,,,,,,,,,,,,,,,,,
Avalon,1856.0,100.0,0.4,639.0,415.0,198.0,0.1066810344827586,3.442887931034483,44.677621283255085,0.4545207917690277,low_morgan_lt_0.25,0.25,figure6_panel_b_functional_neighbour_enrichment_source,,,,,,,,,,,,,,,,,,,,,,,,,,,,,,,,,,,,,,,,,,,,,,,,,,,,,,,,,,,,,
Random,1856.0,100.0,0.4,243.0,237.0,116.0,0.0625,1.3092672413793105,48.60082304526749,0.4536252617835998,low_morgan_lt_0.25,0.25,figure6_panel_b_functional_neighbour_enrichment_source,,,,,,,,,,,,,,,,,,,,,,,,,,,,,,,,,,,,,,,,,,,,,,,,,,,,,,,,,,,,,
CGP-Align,1856.0,10.0,0.25,874.0,673.0,275.0,0.1481681034482758,47.09051724137931,5.169336384439359,0.3458583652973175,low_morgan_lt_0.30,0.3,figure6_panel_b_functional_neighbour_enrichment_source,,,,,,,,,,,,,,,,,,,,,,,,,,,,,,,,,,,,,,,,,,,,,,,,,,,,,,,,,,,,,
RDKit2D,1856.0,10.0,0.25,520.0,380.0,223.0,0.1201508620689655,28.017241379310345,5.107692307692307,0.3697762936353683,low_morgan_lt_0.30,0.3,figure6_panel_b_functional_neighbour_enrichment_source,,,,,,,,,,,,,,,,,,,,,,,,,,,,,,,,,,,,,,,,,,,,,,,,,,,,,,,,,,,,,
NYAN,1856.0,10.0,0.25,456.0,343.0,216.0,0.1163793103448275,24.56896551724138,5.418859649122807,0.3411141335964203,low_morgan_lt_0.30,0.3,figure6_panel_b_functional_neighbour_enrichment_source,,,,,,,,,,,,,,,,,,,,,,,,,,,,,,,,,,,,,,,,,,,,,,,,,,,,,,,,,,,,,
Morgan,1856.0,10.0,0.25,517.0,339.0,228.0,0.1228448275862068,27.85560344827586,5.009671179883946,0.3737472891807556,low_morgan_lt_0.30,0.3,figure6_panel_b_functional_neighbour_enrichment_source,,,,,,,,,,,,,,,,,,,,,,,,,,,,,,,,,,,,,,,,,,,,,,,,,,,,,,,,,,,,,
AtomPair,1856.0,10.0,0.25,409.0,303.0,211.0,0.1136853448275862,22.036637931034484,5.190709046454768,0.3402669727802276,low_morgan_lt_0.30,0.3,figure6_panel_b_functional_neighbour_enrichment_source,,,,,,,,,,,,,,,,,,,,,,,,,,,,,,,,,,,,,,,,,,,,,,,,,,,,,,,,,,,,,
Avalon,1856.0,10.0,0.25,435.0,293.0,203.0,0.109375,23.4375,5.287356321839081,0.3523308336734772,low_morgan_lt_0.30,0.3,figure6_panel_b_functional_neighbour_enrichment_source,,,,,,,,,,,,,,,,,,,,,,,,,,,,,,,,,,,,,,,,,,,,,,,,,,,,,,,,,,,,,
Random,1856.0,10.0,0.25,154.0,153.0,121.0,0.0651939655172413,8.297413793103448,5.4480519480519485,0.326863095164299,low_morgan_lt_0.30,0.3,figure6_panel_b_functional_neighbour_enrichment_source,,,,,,,,,,,,,,,,,,,,,,,,,,,,,,,,,,,,,,,,,,,,,,,,,,,,,,,,,,,,,
CGP-Align,1856.0,50.0,0.25,3315.0,2442.0,378.0,0.2036637931034483,35.72198275862068,22.95143288084465,0.3354867398738861,low_morgan_lt_0.30,0.3,figure6_panel_b_functional_neighbour_enrichment_source,,,,,,,,,,,,,,,,,,,,,,,,,,,,,,,,,,,,,,,,,,,,,,,,,,,,,,,,,,,,,
RDKit2D,1856.0,50.0,0.25,1849.0,1274.0,354.0,0.1907327586206896,19.92456896551724,23.00703082747431,0.3356512486934662,low_morgan_lt_0.30,0.3,figure6_panel_b_functional_neighbour_enrichment_source,,,,,,,,,,,,,,,,,,,,,,,,,,,,,,,,,,,,,,,,,,,,,,,,,,,,,,,,,,,,,
NYAN,1856.0,50.0,0.25,1726.0,1231.0,361.0,0.1945043103448276,18.599137931034484,23.484356894553883,0.3264010995626449,low_morgan_lt_0.30,0.3,figure6_panel_b_functional_neighbour_enrichment_source,,,,,,,,,,,,,,,,,,,,,,,,,,,,,,,,,,,,,,,,,,,,,,,,,,,,,,,,,,,,,
Morgan,1856.0,50.0,0.25,1683.0,1050.0,359.0,0.193426724137931,18.135775862068964,21.548425430778373,0.3468059599399566,low_morgan_lt_0.30,0.3,figure6_panel_b_functional_neighbour_enrichment_source,,,,,,,,,,,,,,,,,,,,,,,,,,,,,,,,,,,,,,,,,,,,,,,,,,,,,,,,,,,,,
AtomPair,1856.0,50.0,0.25,1774.0,1206.0,356.0,0.1918103448275862,19.11637931034483,24.31285231116122,0.3295967131853103,low_morgan_lt_0.30,0.3,figure6_panel_b_functional_neighbour_enrichment_source,,,,,,,,,,,,,,,,,,,,,,,,,,,,,,,,,,,,,,,,,,,,,,,,,,,,,,,,,,,,,
Avalon,1856.0,50.0,0.25,1652.0,1071.0,346.0,0.1864224137931034,17.801724137931036,22.91525423728813,0.3364954143762588,low_morgan_lt_0.30,0.3,figure6_panel_b_functional_neighbour_enrichment_source,,,,,,,,,,,,,,,,,,,,,,,,,,,,,,,,,,,,,,,,,,,,,,,,,,,,,,,,,,,,,
Random,1856.0,50.0,0.25,704.0,698.0,269.0,0.1449353448275862,7.586206896551724,25.322443181818183,0.3099656701087951,low_morgan_lt_0.30,0.3,figure6_panel_b_functional_neighbour_enrichment_source,,,,,,,,,,,,,,,,,,,,,,,,,,,,,,,,,,,,,,,,,,,,,,,,,,,,,,,,,,,,,
CGP-Align,1856.0,100.0,0.25,5894.0,4147.0,429.0,0.2311422413793103,31.75646551724138,45.50984051577876,0.3297317326068878,low_morgan_lt_0.30,0.3,figure6_panel_b_functional_neighbour_enrichment_source,,,,,,,,,,,,,,,,,,,,,,,,,,,,,,,,,,,,,,,,,,,,,,,,,,,,,,,,,,,,,
RDKit2D,1856.0,100.0,0.25,3173.0,2101.0,413.0,0.2225215517241379,17.095905172413794,45.12165143397416,0.3267850875854492,low_morgan_lt_0.30,0.3,figure6_panel_b_functional_neighbour_enrichment_source,,,,,,,,,,,,,,,,,,,,,,,,,,,,,,,,,,,,,,,,,,,,,,,,,,,,,,,,,,,,,
NYAN,1856.0,100.0,0.25,3112.0,2104.0,422.0,0.2273706896551724,16.767241379310345,46.47043701799486,0.3211617469787597,low_morgan_lt_0.30,0.3,figure6_panel_b_functional_neighbour_enrichment_source,,,,,,,,,,,,,,,,,,,,,,,,,,,,,,,,,,,,,,,,,,,,,,,,,,,,,,,,,,,,,
Morgan,1856.0,100.0,0.25,2781.0,1686.0,412.0,0.2219827586206896,14.983836206896552,42.25782092772384,0.3340159356594085,low_morgan_lt_0.30,0.3,figure6_panel_b_functional_neighbour_enrichment_source,,,,,,,,,,,,,,,,,,,,,,,,,,,,,,,,,,,,,,,,,,,,,,,,,,,,,,,,,,,,,
AtomPair,1856.0,100.0,0.25,3261.0,2164.0,424.0,0.2284482758620689,17.570043103448274,47.43636921189819,0.3247858583927154,low_morgan_lt_0.30,0.3,figure6_panel_b_functional_neighbour_enrichment_source,,,,,,,,,,,,,,,,,,,,,,,,,,,,,,,,,,,,,,,,,,,,,,,,,,,,,,,,,,,,,
Avalon,1856.0,100.0,0.25,3058.0,2012.0,398.0,0.2144396551724137,16.476293103448278,46.7619359058208,0.3283906131982803,low_morgan_lt_0.30,0.3,figure6_panel_b_functional_neighbour_enrichment_source,,,,,,,,,,,,,,,,,,,,,,,,,,,,,,,,,,,,,,,,,,,,,,,,,,,,,,,,,,,,,
Random,1856.0,100.0,0.25,1425.0,1388.0,357.0,0.1923491379310344,7.677801724137931,50.99508771929825,0.3094954490661621,low_morgan_lt_0.30,0.3,figure6_panel_b_functional_neighbour_enrichment_source,,,,,,,,,,,,,,,,,,,,,,,,,,,,,,,,,,,,,,,,,,,,,,,,,,,,,,,,,,,,,
CGP-Align,1856.0,10.0,0.3,610.0,457.0,230.0,0.1239224137931034,32.866379310344826,5.073770491803279,0.3959401398897171,low_morgan_lt_0.30,0.3,figure6_panel_b_functional_neighbour_enrichment_source,,,,,,,,,,,,,,,,,,,,,,,,,,,,,,,,,,,,,,,,,,,,,,,,,,,,,,,,,,,,,
RDKit2D,1856.0,10.0,0.3,376.0,270.0,185.0,0.099676724137931,20.25862068965517,4.962765957446808,0.4123765826225281,low_morgan_lt_0.30,0.3,figure6_panel_b_functional_neighbour_enrichment_source,,,,,,,,,,,,,,,,,,,,,,,,,,,,,,,,,,,,,,,,,,,,,,,,,,,,,,,,,,,,,
NYAN,1856.0,10.0,0.3,299.0,226.0,151.0,0.0813577586206896,16.10991379310345,5.411371237458194,0.4058795571327209,low_morgan_lt_0.30,0.3,figure6_panel_b_functional_neighbour_enrichment_source,,,,,,,,,,,,,,,,,,,,,,,,,,,,,,,,,,,,,,,,,,,,,,,,,,,,,,,,,,,,,
Morgan,1856.0,10.0,0.3,389.0,250.0,186.0,0.1002155172413793,20.95905172413793,4.861182519280206,0.4158868789672851,low_morgan_lt_0.30,0.3,figure6_panel_b_functional_neighbour_enrichment_source,,,,,,,,,,,,,,,,,,,,,,,,,,,,,,,,,,,,,,,,,,,,,,,,,,,,,,,,,,,,,
AtomPair,1856.0,10.0,0.3,273.0,196.0,161.0,0.0867456896551724,14.70905172413793,4.882783882783883,0.3893680870532989,low_morgan_lt_0.30,0.3,figure6_panel_b_functional_neighbour_enrichment_source,,,,,,,,,,,,,,,,,,,,,,,,,,,,,,,,,,,,,,,,,,,,,,,,,,,,,,,,,,,,,
Avalon,1856.0,10.0,0.3,311.0,209.0,159.0,0.0856681034482758,16.75646551724138,5.295819935691318,0.3943915069103241,low_morgan_lt_0.30,0.3,figure6_panel_b_functional_neighbour_enrichment_source,,,,,,,,,,,,,,,,,,,,,,,,,,,,,,,,,,,,,,,,,,,,,,,,,,,,,,,,,,,,,
Random,1856.0,10.0,0.3,93.0,93.0,74.0,0.0398706896551724,5.010775862068965,5.451612903225806,0.3765481412410736,low_morgan_lt_0.30,0.3,figure6_panel_b_functional_neighbour_enrichment_source,,,,,,,,,,,,,,,,,,,,,,,,,,,,,,,,,,,,,,,,,,,,,,,,,,,,,,,,,,,,,
CGP-Align,1856.0,50.0,0.3,2223.0,1631.0,297.0,0.1600215517241379,23.954741379310345,22.687359424201528,0.3781450092792511,low_morgan_lt_0.30,0.3,figure6_panel_b_functional_neighbour_enrichment_source,,,,,,,,,,,,,,,,,,,,,,,,,,,,,,,,,,,,,,,,,,,,,,,,,,,,,,,,,,,,,
RDKit2D,1856.0,50.0,0.3,1242.0,846.0,280.0,0.1508620689655172,13.383620689655173,22.3317230273752,0.3857083916664123,low_morgan_lt_0.30,0.3,figure6_panel_b_functional_neighbour_enrichment_source,,,,,,,,,,,,,,,,,,,,,,,,,,,,,,,,,,,,,,,,,,,,,,,,,,,,,,,,,,,,,
NYAN,1856.0,50.0,0.3,1067.0,766.0,272.0,0.146551724137931,11.497844827586206,22.92127460168697,0.3811922371387481,low_morgan_lt_0.30,0.3,figure6_panel_b_functional_neighbour_enrichment_source,,,,,,,,,,,,,,,,,,,,,,,,,,,,,,,,,,,,,,,,,,,,,,,,,,,,,,,,,,,,,
Morgan,1856.0,50.0,0.3,1166.0,709.0,288.0,0.1551724137931034,12.564655172413792,20.57032590051458,0.3965229988098144,low_morgan_lt_0.30,0.3,figure6_panel_b_functional_neighbour_enrichment_source,,,,,,,,,,,,,,,,,,,,,,,,,,,,,,,,,,,,,,,,,,,,,,,,,,,,,,,,,,,,,
AtomPair,1856.0,50.0,0.3,1152.0,770.0,278.0,0.1497844827586207,12.413793103448276,24.03732638888889,0.3736353814601898,low_morgan_lt_0.30,0.3,figure6_panel_b_functional_neighbour_enrichment_source,,,,,,,,,,,,,,,,,,,,,,,,,,,,,,,,,,,,,,,,,,,,,,,,,,,,,,,,,,,,,
Avalon,1856.0,50.0,0.3,1100.0,698.0,263.0,0.1417025862068965,11.853448275862068,22.112727272727277,0.3848733752965927,low_morgan_lt_0.30,0.3,figure6_panel_b_functional_neighbour_enrichment_source,,,,,,,,,,,,,,,,,,,,,,,,,,,,,,,,,,,,,,,,,,,,,,,,,,,,,,,,,,,,,
Random,1856.0,50.0,0.3,399.0,396.0,187.0,0.1007543103448275,4.299568965517241,24.43107769423559,0.3593519628047943,low_morgan_lt_0.30,0.3,figure6_panel_b_functional_neighbour_enrichment_source,,,,,,,,,,,,,,,,,,,,,,,,,,,,,,,,,,,,,,,,,,,,,,,,,,,,,,,,,,,,,
CGP-Align,1856.0,100.0,0.3,3826.0,2682.0,322.0,0.1734913793103448,20.61422413793104,44.31677992681652,0.3738596737384796,low_morgan_lt_0.30,0.3,figure6_panel_b_functional_neighbour_enrichment_source,,,,,,,,,,,,,,,,,,,,,,,,,,,,,,,,,,,,,,,,,,,,,,,,,,,,,,,,,,,,,
RDKit2D,1856.0,100.0,0.3,2024.0,1317.0,312.0,0.168103448275862,10.905172413793103,42.90513833992095,0.3739587068557739,low_morgan_lt_0.30,0.3,figure6_panel_b_functional_neighbour_enrichment_source,,,,,,,,,,,,,,,,,,,,,,,,,,,,,,,,,,,,,,,,,,,,,,,,,,,,,,,,,,,,,
NYAN,1856.0,100.0,0.3,1881.0,1276.0,320.0,0.1724137931034483,10.13469827586207,45.56193514088251,0.3723238706588745,low_morgan_lt_0.30,0.3,figure6_panel_b_functional_neighbour_enrichment_source,,,,,,,,,,,,,,,,,,,,,,,,,,,,,,,,,,,,,,,,,,,,,,,,,,,,,,,,,,,,,
Morgan,1856.0,100.0,0.3,1839.0,1092.0,308.0,0.1659482758620689,9.908405172413794,40.07775965198478,0.384405255317688,low_morgan_lt_0.30,0.3,figure6_panel_b_functional_neighbour_enrichment_source,,,,,,,,,,,,,,,,,,,,,,,,,,,,,,,,,,,,,,,,,,,,,,,,,,,,,,,,,,,,,
AtomPair,1856.0,100.0,0.3,2051.0,1340.0,320.0,0.1724137931034483,11.050646551724135,46.195514383227696,0.3689657747745514,low_morgan_lt_0.30,0.3,figure6_panel_b_functional_neighbour_enrichment_source,,,,,,,,,,,,,,,,,,,,,,,,,,,,,,,,,,,,,,,,,,,,,,,,,,,,,,,,,,,,,
Avalon,1856.0,100.0,0.3,1957.0,1278.0,309.0,0.1664870689655172,10.544181034482758,45.12314767501277,0.3754613101482391,low_morgan_lt_0.30,0.3,figure6_panel_b_functional_neighbour_enrichment_source,,,,,,,,,,,,,,,,,,,,,,,,,,,,,,,,,,,,,,,,,,,,,,,,,,,,,,,,,,,,,
Random,1856.0,100.0,0.3,795.0,780.0,245.0,0.1320043103448276,4.283405172413793,50.55723270440252,0.3641323447227478,low_morgan_lt_0.30,0.3,figure6_panel_b_functional_neighbour_enrichment_source,,,,,,,,,,,,,,,,,,,,,,,,,,,,,,,,,,,,,,,,,,,,,,,,,,,,,,,,,,,,,
CGP-Align,1856.0,10.0,0.4,292.0,207.0,136.0,0.0732758620689655,15.732758620689657,4.780821917808219,0.4814002215862274,low_morgan_lt_0.30,0.3,figure6_panel_b_functional_neighbour_enrichment_source,,,,,,,,,,,,,,,,,,,,,,,,,,,,,,,,,,,,,,,,,,,,,,,,,,,,,,,,,,,,,
RDKit2D,1856.0,10.0,0.4,202.0,141.0,121.0,0.0651939655172413,10.88362068965517,4.98019801980198,0.4733139872550964,low_morgan_lt_0.30,0.3,figure6_panel_b_functional_neighbour_enrichment_source,,,,,,,,,,,,,,,,,,,,,,,,,,,,,,,,,,,,,,,,,,,,,,,,,,,,,,,,,,,,,
NYAN,1856.0,10.0,0.4,152.0,114.0,97.0,0.0522629310344827,8.189655172413794,5.25,0.4614695757627487,low_morgan_lt_0.30,0.3,figure6_panel_b_functional_neighbour_enrichment_source,,,,,,,,,,,,,,,,,,,,,,,,,,,,,,,,,,,,,,,,,,,,,,,,,,,,,,,,,,,,,
Morgan,1856.0,10.0,0.4,215.0,138.0,127.0,0.068426724137931,11.584051724137932,4.851162790697674,0.4731011390686035,low_morgan_lt_0.30,0.3,figure6_panel_b_functional_neighbour_enrichment_source,,,,,,,,,,,,,,,,,,,,,,,,,,,,,,,,,,,,,,,,,,,,,,,,,,,,,,,,,,,,,
AtomPair,1856.0,10.0,0.4,126.0,85.0,91.0,0.0490301724137931,6.788793103448276,4.563492063492063,0.4739973545074463,low_morgan_lt_0.30,0.3,figure6_panel_b_functional_neighbour_enrichment_source,,,,,,,,,,,,,,,,,,,,,,,,,,,,,,,,,,,,,,,,,,,,,,,,,,,,,,,,,,,,,
Avalon,1856.0,10.0,0.4,149.0,99.0,88.0,0.0474137931034482,8.028017241379311,5.295302013422819,0.4802775084972381,low_morgan_lt_0.30,0.3,figure6_panel_b_functional_neighbour_enrichment_source,,,,,,,,,,,,,,,,,,,,,,,,,,,,,,,,,,,,,,,,,,,,,,,,,,,,,,,,,,,,,
Random,1856.0,10.0,0.4,35.0,35.0,32.0,0.0172413793103448,1.8857758620689653,5.0285714285714285,0.4482941031455993,low_morgan_lt_0.30,0.3,figure6_panel_b_functional_neighbour_enrichment_source,,,,,,,,,,,,,,,,,,,,,,,,,,,,,,,,,,,,,,,,,,,,,,,,,,,,,,,,,,,,,
CGP-Align,1856.0,50.0,0.4,916.0,652.0,199.0,0.1072198275862068,9.870689655172413,21.04585152838428,0.4628117531538009,low_morgan_lt_0.30,0.3,figure6_panel_b_functional_neighbour_enrichment_source,,,,,,,,,,,,,,,,,,,,,,,,,,,,,,,,,,,,,,,,,,,,,,,,,,,,,,,,,,,,,
RDKit2D,1856.0,50.0,0.4,552.0,367.0,191.0,0.1029094827586206,5.948275862068965,20.13768115942029,0.4714231938123703,low_morgan_lt_0.30,0.3,figure6_panel_b_functional_neighbour_enrichment_source,,,,,,,,,,,,,,,,,,,,,,,,,,,,,,,,,,,,,,,,,,,,,,,,,,,,,,,,,,,,,
NYAN,1856.0,50.0,0.4,458.0,325.0,173.0,0.0932112068965517,4.935344827586206,21.0,0.4628117531538009,low_morgan_lt_0.30,0.3,figure6_panel_b_functional_neighbour_enrichment_source,,,,,,,,,,,,,,,,,,,,,,,,,,,,,,,,,,,,,,,,,,,,,,,,,,,,,,,,,,,,,
Morgan,1856.0,50.0,0.4,567.0,335.0,196.0,0.105603448275862,6.109913793103448,19.22222222222222,0.4747533500194549,low_morgan_lt_0.30,0.3,figure6_panel_b_functional_neighbour_enrichment_source,,,,,,,,,,,,,,,,,,,,,,,,,,,,,,,,,,,,,,,,,,,,,,,,,,,,,,,,,,,,,
AtomPair,1856.0,50.0,0.4,449.0,294.0,168.0,0.0905172413793103,4.838362068965517,21.681514476614694,0.4622281193733215,low_morgan_lt_0.30,0.3,figure6_panel_b_functional_neighbour_enrichment_source,,,,,,,,,,,,,,,,,,,,,,,,,,,,,,,,,,,,,,,,,,,,,,,,,,,,,,,,,,,,,
Avalon,1856.0,50.0,0.4,466.0,285.0,161.0,0.0867456896551724,5.021551724137931,19.90557939914163,0.4690143167972564,low_morgan_lt_0.30,0.3,figure6_panel_b_functional_neighbour_enrichment_source,,,,,,,,,,,,,,,,,,,,,,,,,,,,,,,,,,,,,,,,,,,,,,,,,,,,,,,,,,,,,
Random,1856.0,50.0,0.4,123.0,123.0,71.0,0.0382543103448275,1.325431034482759,24.235772357723576,0.4512692391872406,low_morgan_lt_0.30,0.3,figure6_panel_b_functional_neighbour_enrichment_source,,,,,,,,,,,,,,,,,,,,,,,,,,,,,,,,,,,,,,,,,,,,,,,,,,,,,,,,,,,,,
CGP-Align,1856.0,100.0,0.4,1480.0,1010.0,225.0,0.121228448275862,7.974137931034483,41.33581081081081,0.461052730679512,low_morgan_lt_0.30,0.3,figure6_panel_b_functional_neighbour_enrichment_source,,,,,,,,,,,,,,,,,,,,,,,,,,,,,,,,,,,,,,,,,,,,,,,,,,,,,,,,,,,,,
RDKit2D,1856.0,100.0,0.4,816.0,512.0,211.0,0.1136853448275862,4.396551724137932,37.75245098039216,0.4706752002239227,low_morgan_lt_0.30,0.3,figure6_panel_b_functional_neighbour_enrichment_source,,,,,,,,,,,,,,,,,,,,,,,,,,,,,,,,,,,,,,,,,,,,,,,,,,,,,,,,,,,,,
NYAN,1856.0,100.0,0.4,739.0,486.0,210.0,0.1131465517241379,3.9816810344827593,41.4573748308525,0.4633953869342804,low_morgan_lt_0.30,0.3,figure6_panel_b_functional_neighbour_enrichment_source,,,,,,,,,,,,,,,,,,,,,,,,,,,,,,,,,,,,,,,,,,,,,,,,,,,,,,,,,,,,,
Morgan,1856.0,100.0,0.4,805.0,460.0,213.0,0.1147629310344827,4.337284482758621,35.391304347826086,0.4735268354415893,low_morgan_lt_0.30,0.3,figure6_panel_b_functional_neighbour_enrichment_source,,,,,,,,,,,,,,,,,,,,,,,,,,,,,,,,,,,,,,,,,,,,,,,,,,,,,,,,,,,,,
AtomPair,1856.0,100.0,0.4,760.0,485.0,208.0,0.1120689655172413,4.094827586206897,43.46578947368421,0.4609386026859283,low_morgan_lt_0.30,0.3,figure6_panel_b_functional_neighbour_enrichment_source,,,,,,,,,,,,,,,,,,,,,,,,,,,,,,,,,,,,,,,,,,,,,,,,,,,,,,,,,,,,,
Avalon,1856.0,100.0,0.4,766.0,484.0,210.0,0.1131465517241379,4.127155172413793,40.91253263707572,0.4585017114877701,low_morgan_lt_0.30,0.3,figure6_panel_b_functional_neighbour_enrichment_source,,,,,,,,,,,,,,,,,,,,,,,,,,,,,,,,,,,,,,,,,,,,,,,,,,,,,,,,,,,,,
Random,1856.0,100.0,0.4,263.0,259.0,121.0,0.0651939655172413,1.4170258620689655,52.00380228136882,0.4482941031455993,low_morgan_lt_0.30,0.3,figure6_panel_b_functional_neighbour_enrichment_source,,,,,,,,,,,,,,,,,,,,,,,,,,,,,,,,,,,,,,,,,,,,,,,,,,,,,,,,,,,,,
,,,,,,,,,,,,,figure6_panel_c_cgp_vs_rdkit2d_source,33.0,0.44,0.26,True,False,1.0,,,,,,,,,,,,,,,,,,,,,,,,,,,,,,,,,,,,,,,,,,,,,,,,,,,,,,,
,,,,,,,,,,,,,figure6_panel_c_cgp_vs_rdkit2d_source,35.0,0.48,0.28,True,False,1.0,,,,,,,,,,,,,,,,,,,,,,,,,,,,,,,,,,,,,,,,,,,,,,,,,,,,,,,
,,,,,,,,,,,,,figure6_panel_c_cgp_vs_rdkit2d_source,50.0,0.14,0.04,True,False,1.0,,,,,,,,,,,,,,,,,,,,,,,,,,,,,,,,,,,,,,,,,,,,,,,,,,,,,,,
,,,,,,,,,,,,,figure6_panel_c_cgp_vs_rdkit2d_source,51.0,0.38,0.16,True,False,1.0,,,,,,,,,,,,,,,,,,,,,,,,,,,,,,,,,,,,,,,,,,,,,,,,,,,,,,,
,,,,,,,,,,,,,figure6_panel_c_cgp_vs_rdkit2d_source,83.0,0.68,0.2,True,False,1.0,,,,,,,,,,,,,,,,,,,,,,,,,,,,,,,,,,,,,,,,,,,,,,,,,,,,,,,
,,,,,,,,,,,,,figure6_panel_c_cgp_vs_rdkit2d_source,85.0,0.32,0.24,True,False,1.0,,,,,,,,,,,,,,,,,,,,,,,,,,,,,,,,,,,,,,,,,,,,,,,,,,,,,,,
,,,,,,,,,,,,,figure6_panel_c_cgp_vs_rdkit2d_source,92.0,0.18,0.22,False,False,1.0,,,,,,,,,,,,,,,,,,,,,,,,,,,,,,,,,,,,,,,,,,,,,,,,,,,,,,,
,,,,,,,,,,,,,figure6_panel_c_cgp_vs_rdkit2d_source,105.0,0.36,0.16,True,False,1.0,,,,,,,,,,,,,,,,,,,,,,,,,,,,,,,,,,,,,,,,,,,,,,,,,,,,,,,
,,,,,,,,,,,,,figure6_panel_c_cgp_vs_rdkit2d_source,116.0,0.54,0.26,True,False,1.0,,,,,,,,,,,,,,,,,,,,,,,,,,,,,,,,,,,,,,,,,,,,,,,,,,,,,,,
,,,,,,,,,,,,,figure6_panel_c_cgp_vs_rdkit2d_source,120.0,0.5,0.16,True,False,1.0,,,,,,,,,,,,,,,,,,,,,,,,,,,,,,,,,,,,,,,,,,,,,,,,,,,,,,,
,,,,,,,,,,,,,figure6_panel_c_cgp_vs_rdkit2d_source,123.0,0.06,0.04,True,False,1.0,,,,,,,,,,,,,,,,,,,,,,,,,,,,,,,,,,,,,,,,,,,,,,,,,,,,,,,
,,,,,,,,,,,,,figure6_panel_c_cgp_vs_rdkit2d_source,144.0,0.04,0.04,False,True,1.0,,,,,,,,,,,,,,,,,,,,,,,,,,,,,,,,,,,,,,,,,,,,,,,,,,,,,,,
,,,,,,,,,,,,,figure6_panel_c_cgp_vs_rdkit2d_source,156.0,0.36,0.22,True,False,1.0,,,,,,,,,,,,,,,,,,,,,,,,,,,,,,,,,,,,,,,,,,,,,,,,,,,,,,,
,,,,,,,,,,,,,figure6_panel_c_cgp_vs_rdkit2d_source,178.0,0.38,0.18,True,False,1.0,,,,,,,,,,,,,,,,,,,,,,,,,,,,,,,,,,,,,,,,,,,,,,,,,,,,,,,
,,,,,,,,,,,,,figure6_panel_c_cgp_vs_rdkit2d_source,187.0,0.44,0.2,True,False,1.0,,,,,,,,,,,,,,,,,,,,,,,,,,,,,,,,,,,,,,,,,,,,,,,,,,,,,,,
,,,,,,,,,,,,,figure6_panel_c_cgp_vs_rdkit2d_source,195.0,0.64,0.04,True,False,1.0,,,,,,,,,,,,,,,,,,,,,,,,,,,,,,,,,,,,,,,,,,,,,,,,,,,,,,,
,,,,,,,,,,,,,figure6_panel_c_cgp_vs_rdkit2d_source,202.0,0.0,0.04,False,False,1.0,,,,,,,,,,,,,,,,,,,,,,,,,,,,,,,,,,,,,,,,,,,,,,,,,,,,,,,
,,,,,,,,,,,,,figure6_panel_c_cgp_vs_rdkit2d_source,205.0,0.66,0.06,True,False,1.0,,,,,,,,,,,,,,,,,,,,,,,,,,,,,,,,,,,,,,,,,,,,,,,,,,,,,,,
,,,,,,,,,,,,,figure6_panel_c_cgp_vs_rdkit2d_source,225.0,0.02,0.06,False,False,1.0,,,,,,,,,,,,,,,,,,,,,,,,,,,,,,,,,,,,,,,,,,,,,,,,,,,,,,,
,,,,,,,,,,,,,figure6_panel_c_cgp_vs_rdkit2d_source,227.0,0.44,0.2,True,False,1.0,,,,,,,,,,,,,,,,,,,,,,,,,,,,,,,,,,,,,,,,,,,,,,,,,,,,,,,
,,,,,,,,,,,,,figure6_panel_c_cgp_vs_rdkit2d_source,232.0,0.54,0.22,True,False,1.0,,,,,,,,,,,,,,,,,,,,,,,,,,,,,,,,,,,,,,,,,,,,,,,,,,,,,,,
,,,,,,,,,,,,,figure6_panel_c_cgp_vs_rdkit2d_source,252.0,0.06,0.16,False,False,1.0,,,,,,,,,,,,,,,,,,,,,,,,,,,,,,,,,,,,,,,,,,,,,,,,,,,,,,,
,,,,,,,,,,,,,figure6_panel_c_cgp_vs_rdkit2d_source,268.0,0.3,0.22,True,False,1.0,,,,,,,,,,,,,,,,,,,,,,,,,,,,,,,,,,,,,,,,,,,,,,,,,,,,,,,
,,,,,,,,,,,,,figure6_panel_c_cgp_vs_rdkit2d_source,270.0,0.08,0.28,False,False,1.0,,,,,,,,,,,,,,,,,,,,,,,,,,,,,,,,,,,,,,,,,,,,,,,,,,,,,,,
,,,,,,,,,,,,,figure6_panel_c_cgp_vs_rdkit2d_source,273.0,0.44,0.26,True,False,1.0,,,,,,,,,,,,,,,,,,,,,,,,,,,,,,,,,,,,,,,,,,,,,,,,,,,,,,,
,,,,,,,,,,,,,figure6_panel_c_cgp_vs_rdkit2d_source,278.0,0.6,0.26,True,False,1.0,,,,,,,,,,,,,,,,,,,,,,,,,,,,,,,,,,,,,,,,,,,,,,,,,,,,,,,
,,,,,,,,,,,,,figure6_panel_c_cgp_vs_rdkit2d_source,281.0,0.24,0.0,True,False,1.0,,,,,,,,,,,,,,,,,,,,,,,,,,,,,,,,,,,,,,,,,,,,,,,,,,,,,,,
,,,,,,,,,,,,,figure6_panel_c_cgp_vs_rdkit2d_source,309.0,0.52,0.16,True,False,1.0,,,,,,,,,,,,,,,,,,,,,,,,,,,,,,,,,,,,,,,,,,,,,,,,,,,,,,,
,,,,,,,,,,,,,figure6_panel_c_cgp_vs_rdkit2d_source,314.0,0.34,0.28,True,False,1.0,,,,,,,,,,,,,,,,,,,,,,,,,,,,,,,,,,,,,,,,,,,,,,,,,,,,,,,
,,,,,,,,,,,,,figure6_panel_c_cgp_vs_rdkit2d_source,318.0,0.02,0.02,False,True,1.0,,,,,,,,,,,,,,,,,,,,,,,,,,,,,,,,,,,,,,,,,,,,,,,,,,,,,,,
,,,,,,,,,,,,,figure6_panel_c_cgp_vs_rdkit2d_source,334.0,0.32,0.26,True,False,1.0,,,,,,,,,,,,,,,,,,,,,,,,,,,,,,,,,,,,,,,,,,,,,,,,,,,,,,,
,,,,,,,,,,,,,figure6_panel_c_cgp_vs_rdkit2d_source,336.0,0.42,0.26,True,False,1.0,,,,,,,,,,,,,,,,,,,,,,,,,,,,,,,,,,,,,,,,,,,,,,,,,,,,,,,
,,,,,,,,,,,,,figure6_panel_c_cgp_vs_rdkit2d_source,339.0,0.2,0.16,True,False,1.0,,,,,,,,,,,,,,,,,,,,,,,,,,,,,,,,,,,,,,,,,,,,,,,,,,,,,,,
,,,,,,,,,,,,,figure6_panel_c_cgp_vs_rdkit2d_source,340.0,0.36,0.22,True,False,1.0,,,,,,,,,,,,,,,,,,,,,,,,,,,,,,,,,,,,,,,,,,,,,,,,,,,,,,,
,,,,,,,,,,,,,figure6_panel_c_cgp_vs_rdkit2d_source,356.0,0.12,0.02,True,False,1.0,,,,,,,,,,,,,,,,,,,,,,,,,,,,,,,,,,,,,,,,,,,,,,,,,,,,,,,
,,,,,,,,,,,,,figure6_panel_c_cgp_vs_rdkit2d_source,379.0,0.44,0.26,True,False,1.0,,,,,,,,,,,,,,,,,,,,,,,,,,,,,,,,,,,,,,,,,,,,,,,,,,,,,,,
,,,,,,,,,,,,,figure6_panel_c_cgp_vs_rdkit2d_source,385.0,0.4,0.06,True,False,1.0,,,,,,,,,,,,,,,,,,,,,,,,,,,,,,,,,,,,,,,,,,,,,,,,,,,,,,,
,,,,,,,,,,,,,figure6_panel_c_cgp_vs_rdkit2d_source,387.0,0.56,0.38,True,False,1.0,,,,,,,,,,,,,,,,,,,,,,,,,,,,,,,,,,,,,,,,,,,,,,,,,,,,,,,
,,,,,,,,,,,,,figure6_panel_c_cgp_vs_rdkit2d_source,389.0,0.52,0.26,True,False,1.0,,,,,,,,,,,,,,,,,,,,,,,,,,,,,,,,,,,,,,,,,,,,,,,,,,,,,,,
,,,,,,,,,,,,,figure6_panel_c_cgp_vs_rdkit2d_source,396.0,0.4,0.28,True,False,1.0,,,,,,,,,,,,,,,,,,,,,,,,,,,,,,,,,,,,,,,,,,,,,,,,,,,,,,,
,,,,,,,,,,,,,figure6_panel_c_cgp_vs_rdkit2d_source,422.0,0.02,0.08,False,False,1.0,,,,,,,,,,,,,,,,,,,,,,,,,,,,,,,,,,,,,,,,,,,,,,,,,,,,,,,
,,,,,,,,,,,,,figure6_panel_c_cgp_vs_rdkit2d_source,436.0,0.3,0.3,False,True,1.0,,,,,,,,,,,,,,,,,,,,,,,,,,,,,,,,,,,,,,,,,,,,,,,,,,,,,,,
,,,,,,,,,,,,,figure6_panel_c_cgp_vs_rdkit2d_source,449.0,0.34,0.16,True,False,1.0,,,,,,,,,,,,,,,,,,,,,,,,,,,,,,,,,,,,,,,,,,,,,,,,,,,,,,,
,,,,,,,,,,,,,figure6_panel_c_cgp_vs_rdkit2d_source,450.0,0.5,0.24,True,False,1.0,,,,,,,,,,,,,,,,,,,,,,,,,,,,,,,,,,,,,,,,,,,,,,,,,,,,,,,
,,,,,,,,,,,,,figure6_panel_c_cgp_vs_rdkit2d_source,470.0,0.62,0.04,True,False,1.0,,,,,,,,,,,,,,,,,,,,,,,,,,,,,,,,,,,,,,,,,,,,,,,,,,,,,,,
,,,,,,,,,,,,,figure6_panel_c_cgp_vs_rdkit2d_source,475.0,0.18,0.2,False,False,1.0,,,,,,,,,,,,,,,,,,,,,,,,,,,,,,,,,,,,,,,,,,,,,,,,,,,,,,,
,,,,,,,,,,,,,figure6_panel_c_cgp_vs_rdkit2d_source,514.0,0.58,0.3,True,False,1.0,,,,,,,,,,,,,,,,,,,,,,,,,,,,,,,,,,,,,,,,,,,,,,,,,,,,,,,
,,,,,,,,,,,,,figure6_panel_c_cgp_vs_rdkit2d_source,524.0,0.02,0.24,False,False,1.0,,,,,,,,,,,,,,,,,,,,,,,,,,,,,,,,,,,,,,,,,,,,,,,,,,,,,,,
,,,,,,,,,,,,,figure6_panel_c_cgp_vs_rdkit2d_source,528.0,0.38,0.3,True,False,1.0,,,,,,,,,,,,,,,,,,,,,,,,,,,,,,,,,,,,,,,,,,,,,,,,,,,,,,,
,,,,,,,,,,,,,figure6_panel_c_cgp_vs_rdkit2d_source,529.0,0.44,0.26,True,False,1.0,,,,,,,,,,,,,,,,,,,,,,,,,,,,,,,,,,,,,,,,,,,,,,,,,,,,,,,
,,,,,,,,,,,,,figure6_panel_c_cgp_vs_rdkit2d_source,530.0,0.08,0.1,False,False,1.0,,,,,,,,,,,,,,,,,,,,,,,,,,,,,,,,,,,,,,,,,,,,,,,,,,,,,,,
,,,,,,,,,,,,,figure6_panel_c_cgp_vs_rdkit2d_source,534.0,0.54,0.1,True,False,1.0,,,,,,,,,,,,,,,,,,,,,,,,,,,,,,,,,,,,,,,,,,,,,,,,,,,,,,,
,,,,,,,,,,,,,figure6_panel_c_cgp_vs_rdkit2d_source,543.0,0.54,0.02,True,False,1.0,,,,,,,,,,,,,,,,,,,,,,,,,,,,,,,,,,,,,,,,,,,,,,,,,,,,,,,
,,,,,,,,,,,,,figure6_panel_c_cgp_vs_rdkit2d_source,546.0,0.22,0.04,True,False,1.0,,,,,,,,,,,,,,,,,,,,,,,,,,,,,,,,,,,,,,,,,,,,,,,,,,,,,,,
,,,,,,,,,,,,,figure6_panel_c_cgp_vs_rdkit2d_source,556.0,0.14,0.14,False,True,1.0,,,,,,,,,,,,,,,,,,,,,,,,,,,,,,,,,,,,,,,,,,,,,,,,,,,,,,,
,,,,,,,,,,,,,figure6_panel_c_cgp_vs_rdkit2d_source,560.0,0.0,0.02,False,False,1.0,,,,,,,,,,,,,,,,,,,,,,,,,,,,,,,,,,,,,,,,,,,,,,,,,,,,,,,
,,,,,,,,,,,,,figure6_panel_c_cgp_vs_rdkit2d_source,570.0,0.38,0.1,True,False,1.0,,,,,,,,,,,,,,,,,,,,,,,,,,,,,,,,,,,,,,,,,,,,,,,,,,,,,,,
,,,,,,,,,,,,,figure6_panel_c_cgp_vs_rdkit2d_source,571.0,0.44,0.4,True,False,1.0,,,,,,,,,,,,,,,,,,,,,,,,,,,,,,,,,,,,,,,,,,,,,,,,,,,,,,,
,,,,,,,,,,,,,figure6_panel_c_cgp_vs_rdkit2d_source,574.0,0.06,0.0,True,False,1.0,,,,,,,,,,,,,,,,,,,,,,,,,,,,,,,,,,,,,,,,,,,,,,,,,,,,,,,
,,,,,,,,,,,,,figure6_panel_c_cgp_vs_rdkit2d_source,582.0,0.02,0.08,False,False,1.0,,,,,,,,,,,,,,,,,,,,,,,,,,,,,,,,,,,,,,,,,,,,,,,,,,,,,,,
,,,,,,,,,,,,,figure6_panel_c_cgp_vs_rdkit2d_source,592.0,0.32,0.18,True,False,1.0,,,,,,,,,,,,,,,,,,,,,,,,,,,,,,,,,,,,,,,,,,,,,,,,,,,,,,,
,,,,,,,,,,,,,figure6_panel_c_cgp_vs_rdkit2d_source,610.0,0.06,0.1,False,False,1.0,,,,,,,,,,,,,,,,,,,,,,,,,,,,,,,,,,,,,,,,,,,,,,,,,,,,,,,
,,,,,,,,,,,,,figure6_panel_c_cgp_vs_rdkit2d_source,613.0,0.26,0.2,True,False,1.0,,,,,,,,,,,,,,,,,,,,,,,,,,,,,,,,,,,,,,,,,,,,,,,,,,,,,,,
,,,,,,,,,,,,,figure6_panel_c_cgp_vs_rdkit2d_source,635.0,0.22,0.06,True,False,1.0,,,,,,,,,,,,,,,,,,,,,,,,,,,,,,,,,,,,,,,,,,,,,,,,,,,,,,,
,,,,,,,,,,,,,figure6_panel_c_cgp_vs_rdkit2d_source,657.0,0.0,0.04,False,False,1.0,,,,,,,,,,,,,,,,,,,,,,,,,,,,,,,,,,,,,,,,,,,,,,,,,,,,,,,
,,,,,,,,,,,,,figure6_panel_c_cgp_vs_rdkit2d_source,662.0,0.18,0.24,False,False,1.0,,,,,,,,,,,,,,,,,,,,,,,,,,,,,,,,,,,,,,,,,,,,,,,,,,,,,,,
,,,,,,,,,,,,,figure6_panel_c_cgp_vs_rdkit2d_source,671.0,0.02,0.0,True,False,1.0,,,,,,,,,,,,,,,,,,,,,,,,,,,,,,,,,,,,,,,,,,,,,,,,,,,,,,,
,,,,,,,,,,,,,figure6_panel_c_cgp_vs_rdkit2d_source,673.0,0.64,0.22,True,False,1.0,,,,,,,,,,,,,,,,,,,,,,,,,,,,,,,,,,,,,,,,,,,,,,,,,,,,,,,
,,,,,,,,,,,,,figure6_panel_c_cgp_vs_rdkit2d_source,677.0,0.06,0.08,False,False,1.0,,,,,,,,,,,,,,,,,,,,,,,,,,,,,,,,,,,,,,,,,,,,,,,,,,,,,,,
,,,,,,,,,,,,,figure6_panel_c_cgp_vs_rdkit2d_source,681.0,0.46,0.16,True,False,1.0,,,,,,,,,,,,,,,,,,,,,,,,,,,,,,,,,,,,,,,,,,,,,,,,,,,,,,,
,,,,,,,,,,,,,figure6_panel_c_cgp_vs_rdkit2d_source,685.0,0.52,0.2,True,False,1.0,,,,,,,,,,,,,,,,,,,,,,,,,,,,,,,,,,,,,,,,,,,,,,,,,,,,,,,
,,,,,,,,,,,,,figure6_panel_c_cgp_vs_rdkit2d_source,688.0,0.62,0.1,True,False,1.0,,,,,,,,,,,,,,,,,,,,,,,,,,,,,,,,,,,,,,,,,,,,,,,,,,,,,,,
,,,,,,,,,,,,,figure6_panel_c_cgp_vs_rdkit2d_source,698.0,0.34,0.2,True,False,1.0,,,,,,,,,,,,,,,,,,,,,,,,,,,,,,,,,,,,,,,,,,,,,,,,,,,,,,,
,,,,,,,,,,,,,figure6_panel_c_cgp_vs_rdkit2d_source,707.0,0.04,0.06,False,False,1.0,,,,,,,,,,,,,,,,,,,,,,,,,,,,,,,,,,,,,,,,,,,,,,,,,,,,,,,
,,,,,,,,,,,,,figure6_panel_c_cgp_vs_rdkit2d_source,713.0,0.4,0.2,True,False,1.0,,,,,,,,,,,,,,,,,,,,,,,,,,,,,,,,,,,,,,,,,,,,,,,,,,,,,,,
,,,,,,,,,,,,,figure6_panel_c_cgp_vs_rdkit2d_source,718.0,0.02,0.06,False,False,1.0,,,,,,,,,,,,,,,,,,,,,,,,,,,,,,,,,,,,,,,,,,,,,,,,,,,,,,,
,,,,,,,,,,,,,figure6_panel_c_cgp_vs_rdkit2d_source,733.0,0.06,0.12,False,False,1.0,,,,,,,,,,,,,,,,,,,,,,,,,,,,,,,,,,,,,,,,,,,,,,,,,,,,,,,
,,,,,,,,,,,,,figure6_panel_c_cgp_vs_rdkit2d_source,737.0,0.04,0.04,False,True,1.0,,,,,,,,,,,,,,,,,,,,,,,,,,,,,,,,,,,,,,,,,,,,,,,,,,,,,,,
,,,,,,,,,,,,,figure6_panel_c_cgp_vs_rdkit2d_source,779.0,0.4,0.18,True,False,1.0,,,,,,,,,,,,,,,,,,,,,,,,,,,,,,,,,,,,,,,,,,,,,,,,,,,,,,,
,,,,,,,,,,,,,figure6_panel_c_cgp_vs_rdkit2d_source,787.0,0.46,0.24,True,False,1.0,,,,,,,,,,,,,,,,,,,,,,,,,,,,,,,,,,,,,,,,,,,,,,,,,,,,,,,
,,,,,,,,,,,,,figure6_panel_c_cgp_vs_rdkit2d_source,794.0,0.66,0.08,True,False,1.0,,,,,,,,,,,,,,,,,,,,,,,,,,,,,,,,,,,,,,,,,,,,,,,,,,,,,,,
,,,,,,,,,,,,,figure6_panel_c_cgp_vs_rdkit2d_source,797.0,0.54,0.04,True,False,1.0,,,,,,,,,,,,,,,,,,,,,,,,,,,,,,,,,,,,,,,,,,,,,,,,,,,,,,,
,,,,,,,,,,,,,figure6_panel_c_cgp_vs_rdkit2d_source,801.0,0.08,0.18,False,False,1.0,,,,,,,,,,,,,,,,,,,,,,,,,,,,,,,,,,,,,,,,,,,,,,,,,,,,,,,
,,,,,,,,,,,,,figure6_panel_c_cgp_vs_rdkit2d_source,806.0,0.62,0.14,True,False,1.0,,,,,,,,,,,,,,,,,,,,,,,,,,,,,,,,,,,,,,,,,,,,,,,,,,,,,,,
,,,,,,,,,,,,,figure6_panel_c_cgp_vs_rdkit2d_source,812.0,0.44,0.22,True,False,1.0,,,,,,,,,,,,,,,,,,,,,,,,,,,,,,,,,,,,,,,,,,,,,,,,,,,,,,,
,,,,,,,,,,,,,figure6_panel_c_cgp_vs_rdkit2d_source,816.0,0.48,0.06,True,False,1.0,,,,,,,,,,,,,,,,,,,,,,,,,,,,,,,,,,,,,,,,,,,,,,,,,,,,,,,
,,,,,,,,,,,,,figure6_panel_c_cgp_vs_rdkit2d_source,820.0,0.44,0.28,True,False,1.0,,,,,,,,,,,,,,,,,,,,,,,,,,,,,,,,,,,,,,,,,,,,,,,,,,,,,,,
,,,,,,,,,,,,,figure6_panel_c_cgp_vs_rdkit2d_source,838.0,0.04,0.04,False,True,1.0,,,,,,,,,,,,,,,,,,,,,,,,,,,,,,,,,,,,,,,,,,,,,,,,,,,,,,,
,,,,,,,,,,,,,figure6_panel_c_cgp_vs_rdkit2d_source,839.0,0.06,0.02,True,False,1.0,,,,,,,,,,,,,,,,,,,,,,,,,,,,,,,,,,,,,,,,,,,,,,,,,,,,,,,
,,,,,,,,,,,,,figure6_panel_c_cgp_vs_rdkit2d_source,841.0,0.48,0.36,True,False,1.0,,,,,,,,,,,,,,,,,,,,,,,,,,,,,,,,,,,,,,,,,,,,,,,,,,,,,,,
,,,,,,,,,,,,,figure6_panel_c_cgp_vs_rdkit2d_source,865.0,0.42,0.28,True,False,1.0,,,,,,,,,,,,,,,,,,,,,,,,,,,,,,,,,,,,,,,,,,,,,,,,,,,,,,,
,,,,,,,,,,,,,figure6_panel_c_cgp_vs_rdkit2d_source,881.0,0.32,0.16,True,False,1.0,,,,,,,,,,,,,,,,,,,,,,,,,,,,,,,,,,,,,,,,,,,,,,,,,,,,,,,
,,,,,,,,,,,,,figure6_panel_c_cgp_vs_rdkit2d_source,898.0,0.16,0.02,True,False,1.0,,,,,,,,,,,,,,,,,,,,,,,,,,,,,,,,,,,,,,,,,,,,,,,,,,,,,,,
,,,,,,,,,,,,,figure6_panel_c_cgp_vs_rdkit2d_source,912.0,0.2,0.06,True,False,1.0,,,,,,,,,,,,,,,,,,,,,,,,,,,,,,,,,,,,,,,,,,,,,,,,,,,,,,,
,,,,,,,,,,,,,figure6_panel_c_cgp_vs_rdkit2d_source,921.0,0.02,0.2,False,False,1.0,,,,,,,,,,,,,,,,,,,,,,,,,,,,,,,,,,,,,,,,,,,,,,,,,,,,,,,
,,,,,,,,,,,,,figure6_panel_c_cgp_vs_rdkit2d_source,942.0,0.52,0.06,True,False,1.0,,,,,,,,,,,,,,,,,,,,,,,,,,,,,,,,,,,,,,,,,,,,,,,,,,,,,,,
,,,,,,,,,,,,,figure6_panel_c_cgp_vs_rdkit2d_source,945.0,0.08,0.04,True,False,1.0,,,,,,,,,,,,,,,,,,,,,,,,,,,,,,,,,,,,,,,,,,,,,,,,,,,,,,,
,,,,,,,,,,,,,figure6_panel_c_cgp_vs_rdkit2d_source,958.0,0.5,0.16,True,False,1.0,,,,,,,,,,,,,,,,,,,,,,,,,,,,,,,,,,,,,,,,,,,,,,,,,,,,,,,
,,,,,,,,,,,,,figure6_panel_c_cgp_vs_rdkit2d_source,976.0,0.48,0.3,True,False,1.0,,,,,,,,,,,,,,,,,,,,,,,,,,,,,,,,,,,,,,,,,,,,,,,,,,,,,,,
,,,,,,,,,,,,,figure6_panel_c_cgp_vs_rdkit2d_source,999.0,0.04,0.06,False,False,1.0,,,,,,,,,,,,,,,,,,,,,,,,,,,,,,,,,,,,,,,,,,,,,,,,,,,,,,,
,,,,,,,,,,,,,figure6_panel_c_cgp_vs_rdkit2d_source,1001.0,0.46,0.06,True,False,1.0,,,,,,,,,,,,,,,,,,,,,,,,,,,,,,,,,,,,,,,,,,,,,,,,,,,,,,,
,,,,,,,,,,,,,figure6_panel_c_cgp_vs_rdkit2d_source,1004.0,0.14,0.16,False,False,1.0,,,,,,,,,,,,,,,,,,,,,,,,,,,,,,,,,,,,,,,,,,,,,,,,,,,,,,,
,,,,,,,,,,,,,figure6_panel_c_cgp_vs_rdkit2d_source,1011.0,0.3,0.34,False,False,1.0,,,,,,,,,,,,,,,,,,,,,,,,,,,,,,,,,,,,,,,,,,,,,,,,,,,,,,,
,,,,,,,,,,,,,figure6_panel_c_cgp_vs_rdkit2d_source,1043.0,0.46,0.26,True,False,1.0,,,,,,,,,,,,,,,,,,,,,,,,,,,,,,,,,,,,,,,,,,,,,,,,,,,,,,,
,,,,,,,,,,,,,figure6_panel_c_cgp_vs_rdkit2d_source,1047.0,0.32,0.22,True,False,1.0,,,,,,,,,,,,,,,,,,,,,,,,,,,,,,,,,,,,,,,,,,,,,,,,,,,,,,,
,,,,,,,,,,,,,figure6_panel_c_cgp_vs_rdkit2d_source,1060.0,0.64,0.04,True,False,1.0,,,,,,,,,,,,,,,,,,,,,,,,,,,,,,,,,,,,,,,,,,,,,,,,,,,,,,,
,,,,,,,,,,,,,figure6_panel_c_cgp_vs_rdkit2d_source,1069.0,0.16,0.06,True,False,1.0,,,,,,,,,,,,,,,,,,,,,,,,,,,,,,,,,,,,,,,,,,,,,,,,,,,,,,,
,,,,,,,,,,,,,figure6_panel_c_cgp_vs_rdkit2d_source,1076.0,0.58,0.18,True,False,1.0,,,,,,,,,,,,,,,,,,,,,,,,,,,,,,,,,,,,,,,,,,,,,,,,,,,,,,,
,,,,,,,,,,,,,figure6_panel_c_cgp_vs_rdkit2d_source,1078.0,0.16,0.12,True,False,1.0,,,,,,,,,,,,,,,,,,,,,,,,,,,,,,,,,,,,,,,,,,,,,,,,,,,,,,,
,,,,,,,,,,,,,figure6_panel_c_cgp_vs_rdkit2d_source,1079.0,0.46,0.2,True,False,1.0,,,,,,,,,,,,,,,,,,,,,,,,,,,,,,,,,,,,,,,,,,,,,,,,,,,,,,,
,,,,,,,,,,,,,figure6_panel_c_cgp_vs_rdkit2d_source,1080.0,0.34,0.34,False,True,1.0,,,,,,,,,,,,,,,,,,,,,,,,,,,,,,,,,,,,,,,,,,,,,,,,,,,,,,,
,,,,,,,,,,,,,figure6_panel_c_cgp_vs_rdkit2d_source,1081.0,0.5,0.16,True,False,1.0,,,,,,,,,,,,,,,,,,,,,,,,,,,,,,,,,,,,,,,,,,,,,,,,,,,,,,,
,,,,,,,,,,,,,figure6_panel_c_cgp_vs_rdkit2d_source,1092.0,0.44,0.24,True,False,1.0,,,,,,,,,,,,,,,,,,,,,,,,,,,,,,,,,,,,,,,,,,,,,,,,,,,,,,,
,,,,,,,,,,,,,figure6_panel_c_cgp_vs_rdkit2d_source,1104.0,0.0,0.2,False,False,1.0,,,,,,,,,,,,,,,,,,,,,,,,,,,,,,,,,,,,,,,,,,,,,,,,,,,,,,,
,,,,,,,,,,,,,figure6_panel_c_cgp_vs_rdkit2d_source,1110.0,0.5,0.22,True,False,1.0,,,,,,,,,,,,,,,,,,,,,,,,,,,,,,,,,,,,,,,,,,,,,,,,,,,,,,,
,,,,,,,,,,,,,figure6_panel_c_cgp_vs_rdkit2d_source,1112.0,0.46,0.34,True,False,1.0,,,,,,,,,,,,,,,,,,,,,,,,,,,,,,,,,,,,,,,,,,,,,,,,,,,,,,,
,,,,,,,,,,,,,figure6_panel_c_cgp_vs_rdkit2d_source,1119.0,0.66,0.22,True,False,1.0,,,,,,,,,,,,,,,,,,,,,,,,,,,,,,,,,,,,,,,,,,,,,,,,,,,,,,,
,,,,,,,,,,,,,figure6_panel_c_cgp_vs_rdkit2d_source,1128.0,0.24,0.28,False,False,1.0,,,,,,,,,,,,,,,,,,,,,,,,,,,,,,,,,,,,,,,,,,,,,,,,,,,,,,,
,,,,,,,,,,,,,figure6_panel_c_cgp_vs_rdkit2d_source,1139.0,0.02,0.02,False,True,1.0,,,,,,,,,,,,,,,,,,,,,,,,,,,,,,,,,,,,,,,,,,,,,,,,,,,,,,,
,,,,,,,,,,,,,figure6_panel_c_cgp_vs_rdkit2d_source,1141.0,0.66,0.06,True,False,1.0,,,,,,,,,,,,,,,,,,,,,,,,,,,,,,,,,,,,,,,,,,,,,,,,,,,,,,,
,,,,,,,,,,,,,figure6_panel_c_cgp_vs_rdkit2d_source,1161.0,0.14,0.1,True,False,1.0,,,,,,,,,,,,,,,,,,,,,,,,,,,,,,,,,,,,,,,,,,,,,,,,,,,,,,,
,,,,,,,,,,,,,figure6_panel_c_cgp_vs_rdkit2d_source,1169.0,0.22,0.14,True,False,1.0,,,,,,,,,,,,,,,,,,,,,,,,,,,,,,,,,,,,,,,,,,,,,,,,,,,,,,,
,,,,,,,,,,,,,figure6_panel_c_cgp_vs_rdkit2d_source,1178.0,0.42,0.22,True,False,1.0,,,,,,,,,,,,,,,,,,,,,,,,,,,,,,,,,,,,,,,,,,,,,,,,,,,,,,,
,,,,,,,,,,,,,figure6_panel_c_cgp_vs_rdkit2d_source,1181.0,0.38,0.06,True,False,1.0,,,,,,,,,,,,,,,,,,,,,,,,,,,,,,,,,,,,,,,,,,,,,,,,,,,,,,,
,,,,,,,,,,,,,figure6_panel_c_cgp_vs_rdkit2d_source,1186.0,0.4,0.28,True,False,1.0,,,,,,,,,,,,,,,,,,,,,,,,,,,,,,,,,,,,,,,,,,,,,,,,,,,,,,,
,,,,,,,,,,,,,figure6_panel_c_cgp_vs_rdkit2d_source,1189.0,0.58,0.22,True,False,1.0,,,,,,,,,,,,,,,,,,,,,,,,,,,,,,,,,,,,,,,,,,,,,,,,,,,,,,,
,,,,,,,,,,,,,figure6_panel_c_cgp_vs_rdkit2d_source,1191.0,0.3,0.24,True,False,1.0,,,,,,,,,,,,,,,,,,,,,,,,,,,,,,,,,,,,,,,,,,,,,,,,,,,,,,,
,,,,,,,,,,,,,figure6_panel_c_cgp_vs_rdkit2d_source,1196.0,0.44,0.24,True,False,1.0,,,,,,,,,,,,,,,,,,,,,,,,,,,,,,,,,,,,,,,,,,,,,,,,,,,,,,,
,,,,,,,,,,,,,figure6_panel_c_cgp_vs_rdkit2d_source,1210.0,0.0,0.04,False,False,1.0,,,,,,,,,,,,,,,,,,,,,,,,,,,,,,,,,,,,,,,,,,,,,,,,,,,,,,,
,,,,,,,,,,,,,figure6_panel_c_cgp_vs_rdkit2d_source,1214.0,0.46,0.2,True,False,1.0,,,,,,,,,,,,,,,,,,,,,,,,,,,,,,,,,,,,,,,,,,,,,,,,,,,,,,,
,,,,,,,,,,,,,figure6_panel_c_cgp_vs_rdkit2d_source,1220.0,0.4,0.28,True,False,1.0,,,,,,,,,,,,,,,,,,,,,,,,,,,,,,,,,,,,,,,,,,,,,,,,,,,,,,,
,,,,,,,,,,,,,figure6_panel_c_cgp_vs_rdkit2d_source,1226.0,0.48,0.1,True,False,1.0,,,,,,,,,,,,,,,,,,,,,,,,,,,,,,,,,,,,,,,,,,,,,,,,,,,,,,,
,,,,,,,,,,,,,figure6_panel_c_cgp_vs_rdkit2d_source,1235.0,0.36,0.32,True,False,1.0,,,,,,,,,,,,,,,,,,,,,,,,,,,,,,,,,,,,,,,,,,,,,,,,,,,,,,,
,,,,,,,,,,,,,figure6_panel_c_cgp_vs_rdkit2d_source,1236.0,0.56,0.3,True,False,1.0,,,,,,,,,,,,,,,,,,,,,,,,,,,,,,,,,,,,,,,,,,,,,,,,,,,,,,,
,,,,,,,,,,,,,figure6_panel_c_cgp_vs_rdkit2d_source,1238.0,0.46,0.12,True,False,1.0,,,,,,,,,,,,,,,,,,,,,,,,,,,,,,,,,,,,,,,,,,,,,,,,,,,,,,,
,,,,,,,,,,,,,figure6_panel_c_cgp_vs_rdkit2d_source,1240.0,0.12,0.0,True,False,1.0,,,,,,,,,,,,,,,,,,,,,,,,,,,,,,,,,,,,,,,,,,,,,,,,,,,,,,,
,,,,,,,,,,,,,figure6_panel_c_cgp_vs_rdkit2d_source,1241.0,0.68,0.12,True,False,1.0,,,,,,,,,,,,,,,,,,,,,,,,,,,,,,,,,,,,,,,,,,,,,,,,,,,,,,,
,,,,,,,,,,,,,figure6_panel_c_cgp_vs_rdkit2d_source,1245.0,0.6,0.04,True,False,1.0,,,,,,,,,,,,,,,,,,,,,,,,,,,,,,,,,,,,,,,,,,,,,,,,,,,,,,,
,,,,,,,,,,,,,figure6_panel_c_cgp_vs_rdkit2d_source,1285.0,0.24,0.06,True,False,1.0,,,,,,,,,,,,,,,,,,,,,,,,,,,,,,,,,,,,,,,,,,,,,,,,,,,,,,,
,,,,,,,,,,,,,figure6_panel_c_cgp_vs_rdkit2d_source,1299.0,0.42,0.16,True,False,1.0,,,,,,,,,,,,,,,,,,,,,,,,,,,,,,,,,,,,,,,,,,,,,,,,,,,,,,,
,,,,,,,,,,,,,figure6_panel_c_cgp_vs_rdkit2d_source,1315.0,0.54,0.26,True,False,1.0,,,,,,,,,,,,,,,,,,,,,,,,,,,,,,,,,,,,,,,,,,,,,,,,,,,,,,,
,,,,,,,,,,,,,figure6_panel_c_cgp_vs_rdkit2d_source,1319.0,0.26,0.24,True,False,1.0,,,,,,,,,,,,,,,,,,,,,,,,,,,,,,,,,,,,,,,,,,,,,,,,,,,,,,,
,,,,,,,,,,,,,figure6_panel_c_cgp_vs_rdkit2d_source,1323.0,0.46,0.34,True,False,1.0,,,,,,,,,,,,,,,,,,,,,,,,,,,,,,,,,,,,,,,,,,,,,,,,,,,,,,,
,,,,,,,,,,,,,figure6_panel_c_cgp_vs_rdkit2d_source,1331.0,0.24,0.26,False,False,1.0,,,,,,,,,,,,,,,,,,,,,,,,,,,,,,,,,,,,,,,,,,,,,,,,,,,,,,,
,,,,,,,,,,,,,figure6_panel_c_cgp_vs_rdkit2d_source,1338.0,0.4,0.14,True,False,1.0,,,,,,,,,,,,,,,,,,,,,,,,,,,,,,,,,,,,,,,,,,,,,,,,,,,,,,,
,,,,,,,,,,,,,figure6_panel_c_cgp_vs_rdkit2d_source,1339.0,0.2,0.04,True,False,1.0,,,,,,,,,,,,,,,,,,,,,,,,,,,,,,,,,,,,,,,,,,,,,,,,,,,,,,,
,,,,,,,,,,,,,figure6_panel_c_cgp_vs_rdkit2d_source,1352.0,0.02,0.02,False,True,1.0,,,,,,,,,,,,,,,,,,,,,,,,,,,,,,,,,,,,,,,,,,,,,,,,,,,,,,,
,,,,,,,,,,,,,figure6_panel_c_cgp_vs_rdkit2d_source,1357.0,0.4,0.24,True,False,1.0,,,,,,,,,,,,,,,,,,,,,,,,,,,,,,,,,,,,,,,,,,,,,,,,,,,,,,,
,,,,,,,,,,,,,figure6_panel_c_cgp_vs_rdkit2d_source,1375.0,0.04,0.04,False,True,1.0,,,,,,,,,,,,,,,,,,,,,,,,,,,,,,,,,,,,,,,,,,,,,,,,,,,,,,,
,,,,,,,,,,,,,figure6_panel_c_cgp_vs_rdkit2d_source,1389.0,0.42,0.2,True,False,1.0,,,,,,,,,,,,,,,,,,,,,,,,,,,,,,,,,,,,,,,,,,,,,,,,,,,,,,,
,,,,,,,,,,,,,figure6_panel_c_cgp_vs_rdkit2d_source,1407.0,0.06,0.06,False,True,1.0,,,,,,,,,,,,,,,,,,,,,,,,,,,,,,,,,,,,,,,,,,,,,,,,,,,,,,,
,,,,,,,,,,,,,figure6_panel_c_cgp_vs_rdkit2d_source,1416.0,0.44,0.2,True,False,1.0,,,,,,,,,,,,,,,,,,,,,,,,,,,,,,,,,,,,,,,,,,,,,,,,,,,,,,,
,,,,,,,,,,,,,figure6_panel_c_cgp_vs_rdkit2d_source,1428.0,0.36,0.2,True,False,1.0,,,,,,,,,,,,,,,,,,,,,,,,,,,,,,,,,,,,,,,,,,,,,,,,,,,,,,,
,,,,,,,,,,,,,figure6_panel_c_cgp_vs_rdkit2d_source,1435.0,0.0,0.1,False,False,1.0,,,,,,,,,,,,,,,,,,,,,,,,,,,,,,,,,,,,,,,,,,,,,,,,,,,,,,,
,,,,,,,,,,,,,figure6_panel_c_cgp_vs_rdkit2d_source,1470.0,0.2,0.12,True,False,1.0,,,,,,,,,,,,,,,,,,,,,,,,,,,,,,,,,,,,,,,,,,,,,,,,,,,,,,,
,,,,,,,,,,,,,figure6_panel_c_cgp_vs_rdkit2d_source,1486.0,0.42,0.26,True,False,1.0,,,,,,,,,,,,,,,,,,,,,,,,,,,,,,,,,,,,,,,,,,,,,,,,,,,,,,,
,,,,,,,,,,,,,figure6_panel_c_cgp_vs_rdkit2d_source,1501.0,0.24,0.26,False,False,1.0,,,,,,,,,,,,,,,,,,,,,,,,,,,,,,,,,,,,,,,,,,,,,,,,,,,,,,,
,,,,,,,,,,,,,figure6_panel_c_cgp_vs_rdkit2d_source,1503.0,0.26,0.06,True,False,1.0,,,,,,,,,,,,,,,,,,,,,,,,,,,,,,,,,,,,,,,,,,,,,,,,,,,,,,,
,,,,,,,,,,,,,figure6_panel_c_cgp_vs_rdkit2d_source,1522.0,0.02,0.12,False,False,1.0,,,,,,,,,,,,,,,,,,,,,,,,,,,,,,,,,,,,,,,,,,,,,,,,,,,,,,,
,,,,,,,,,,,,,figure6_panel_c_cgp_vs_rdkit2d_source,1536.0,0.1,0.22,False,False,1.0,,,,,,,,,,,,,,,,,,,,,,,,,,,,,,,,,,,,,,,,,,,,,,,,,,,,,,,
,,,,,,,,,,,,,figure6_panel_c_cgp_vs_rdkit2d_source,1539.0,0.5,0.24,True,False,1.0,,,,,,,,,,,,,,,,,,,,,,,,,,,,,,,,,,,,,,,,,,,,,,,,,,,,,,,
,,,,,,,,,,,,,figure6_panel_c_cgp_vs_rdkit2d_source,1551.0,0.08,0.06,True,False,1.0,,,,,,,,,,,,,,,,,,,,,,,,,,,,,,,,,,,,,,,,,,,,,,,,,,,,,,,
,,,,,,,,,,,,,figure6_panel_c_cgp_vs_rdkit2d_source,1553.0,0.56,0.06,True,False,1.0,,,,,,,,,,,,,,,,,,,,,,,,,,,,,,,,,,,,,,,,,,,,,,,,,,,,,,,
,,,,,,,,,,,,,figure6_panel_c_cgp_vs_rdkit2d_source,1564.0,0.22,0.02,True,False,1.0,,,,,,,,,,,,,,,,,,,,,,,,,,,,,,,,,,,,,,,,,,,,,,,,,,,,,,,
,,,,,,,,,,,,,figure6_panel_c_cgp_vs_rdkit2d_source,1584.0,0.34,0.2,True,False,1.0,,,,,,,,,,,,,,,,,,,,,,,,,,,,,,,,,,,,,,,,,,,,,,,,,,,,,,,
,,,,,,,,,,,,,figure6_panel_c_cgp_vs_rdkit2d_source,1585.0,0.46,0.34,True,False,1.0,,,,,,,,,,,,,,,,,,,,,,,,,,,,,,,,,,,,,,,,,,,,,,,,,,,,,,,
,,,,,,,,,,,,,figure6_panel_c_cgp_vs_rdkit2d_source,1608.0,0.16,0.34,False,False,1.0,,,,,,,,,,,,,,,,,,,,,,,,,,,,,,,,,,,,,,,,,,,,,,,,,,,,,,,
,,,,,,,,,,,,,figure6_panel_c_cgp_vs_rdkit2d_source,1637.0,0.56,0.2,True,False,1.0,,,,,,,,,,,,,,,,,,,,,,,,,,,,,,,,,,,,,,,,,,,,,,,,,,,,,,,
,,,,,,,,,,,,,figure6_panel_c_cgp_vs_rdkit2d_source,1641.0,0.06,0.18,False,False,1.0,,,,,,,,,,,,,,,,,,,,,,,,,,,,,,,,,,,,,,,,,,,,,,,,,,,,,,,
,,,,,,,,,,,,,figure6_panel_c_cgp_vs_rdkit2d_source,1649.0,0.46,0.2,True,False,1.0,,,,,,,,,,,,,,,,,,,,,,,,,,,,,,,,,,,,,,,,,,,,,,,,,,,,,,,
,,,,,,,,,,,,,figure6_panel_c_cgp_vs_rdkit2d_source,1655.0,0.22,0.04,True,False,1.0,,,,,,,,,,,,,,,,,,,,,,,,,,,,,,,,,,,,,,,,,,,,,,,,,,,,,,,
,,,,,,,,,,,,,figure6_panel_c_cgp_vs_rdkit2d_source,1680.0,0.16,0.22,False,False,1.0,,,,,,,,,,,,,,,,,,,,,,,,,,,,,,,,,,,,,,,,,,,,,,,,,,,,,,,
,,,,,,,,,,,,,figure6_panel_c_cgp_vs_rdkit2d_source,1689.0,0.4,0.24,True,False,1.0,,,,,,,,,,,,,,,,,,,,,,,,,,,,,,,,,,,,,,,,,,,,,,,,,,,,,,,
,,,,,,,,,,,,,figure6_panel_c_cgp_vs_rdkit2d_source,1692.0,0.42,0.18,True,False,1.0,,,,,,,,,,,,,,,,,,,,,,,,,,,,,,,,,,,,,,,,,,,,,,,,,,,,,,,
,,,,,,,,,,,,,figure6_panel_c_cgp_vs_rdkit2d_source,1700.0,0.06,0.0,True,False,1.0,,,,,,,,,,,,,,,,,,,,,,,,,,,,,,,,,,,,,,,,,,,,,,,,,,,,,,,
,,,,,,,,,,,,,figure6_panel_c_cgp_vs_rdkit2d_source,1709.0,0.36,0.22,True,False,1.0,,,,,,,,,,,,,,,,,,,,,,,,,,,,,,,,,,,,,,,,,,,,,,,,,,,,,,,
,,,,,,,,,,,,,figure6_panel_c_cgp_vs_rdkit2d_source,1718.0,0.06,0.1,False,False,1.0,,,,,,,,,,,,,,,,,,,,,,,,,,,,,,,,,,,,,,,,,,,,,,,,,,,,,,,
,,,,,,,,,,,,,figure6_panel_c_cgp_vs_rdkit2d_source,1739.0,0.3,0.28,True,False,1.0,,,,,,,,,,,,,,,,,,,,,,,,,,,,,,,,,,,,,,,,,,,,,,,,,,,,,,,
,,,,,,,,,,,,,figure6_panel_c_cgp_vs_rdkit2d_source,1754.0,0.54,0.0,True,False,1.0,,,,,,,,,,,,,,,,,,,,,,,,,,,,,,,,,,,,,,,,,,,,,,,,,,,,,,,
,,,,,,,,,,,,,figure6_panel_c_cgp_vs_rdkit2d_source,1763.0,0.36,0.22,True,False,1.0,,,,,,,,,,,,,,,,,,,,,,,,,,,,,,,,,,,,,,,,,,,,,,,,,,,,,,,
,,,,,,,,,,,,,figure6_panel_c_cgp_vs_rdkit2d_source,1781.0,0.5,0.26,True,False,1.0,,,,,,,,,,,,,,,,,,,,,,,,,,,,,,,,,,,,,,,,,,,,,,,,,,,,,,,
,,,,,,,,,,,,,figure6_panel_c_cgp_vs_rdkit2d_source,1787.0,0.32,0.22,True,False,1.0,,,,,,,,,,,,,,,,,,,,,,,,,,,,,,,,,,,,,,,,,,,,,,,,,,,,,,,
,,,,,,,,,,,,,figure6_panel_c_cgp_vs_rdkit2d_source,1817.0,0.0,0.0,False,True,1.0,,,,,,,,,,,,,,,,,,,,,,,,,,,,,,,,,,,,,,,,,,,,,,,,,,,,,,,
,,,,,,,,,,,,,figure6_panel_c_cgp_vs_rdkit2d_source,1822.0,0.02,0.06,False,False,1.0,,,,,,,,,,,,,,,,,,,,,,,,,,,,,,,,,,,,,,,,,,,,,,,,,,,,,,,
,,,,,,,,,,,,,figure6_panel_c_cgp_vs_rdkit2d_source,1828.0,0.34,0.04,True,False,1.0,,,,,,,,,,,,,,,,,,,,,,,,,,,,,,,,,,,,,,,,,,,,,,,,,,,,,,,
,,,,,,,,,,,,,figure6_panel_c_cgp_vs_rdkit2d_source,1829.0,0.04,0.04,False,True,1.0,,,,,,,,,,,,,,,,,,,,,,,,,,,,,,,,,,,,,,,,,,,,,,,,,,,,,,,
,,,,,,,,,,,,,figure6_panel_c_cgp_vs_rdkit2d_source,1835.0,0.38,0.3,True,False,1.0,,,,,,,,,,,,,,,,,,,,,,,,,,,,,,,,,,,,,,,,,,,,,,,,,,,,,,,
CGP-Align,1856.0,,,,,,,,,,all_candidates,,figure6_panel_d_pancancer_source,,,,,,,1855.0,0.0329347012756314,0.3964478015846446,0.0665415294981958,0.0663304266397098,0.0737917596511994,0.2725938319409569,0.1115341694994694,0.0354525862068965,0.2410040456568822,0.0558159545466733,0.0638278818167116,0.2959533078102929,0.1005727058106504,0.0932650862068965,0.1931161336180882,0.05278504022149,0.0609417436242129,0.3188786396412673,0.1033971064833673,0.1473060344827586,0.1701811382919951,,,,,,,,,,,,,,,,,,,,,,,,,,,,,,,,,
RDKit2D,1856.0,,,,,,,,,,all_candidates,,figure6_panel_d_pancancer_source,,,,,,,1855.0,0.0329347012756314,0.4270905695513893,0.0693491239816984,0.0604046639562594,0.0679841358596984,0.2641560628659232,0.0982296106371835,0.0364224137931034,0.2410040456568822,0.0470000887101019,0.0555508476641599,0.2755631944403088,0.0678177440426959,0.0816810344827586,0.1931161336180882,0.0434319378930366,0.052337794295647,0.2926648986458135,0.0600283405866901,0.122790948275862,0.1701811382919951,,,,,,,,,,,,,,,,,,,,,,,,,,,,,,,,,
NYAN,1856.0,,,,,,,,,,all_candidates,,figure6_panel_d_pancancer_source,,,,,,,1855.0,0.0329347012756314,0.4312648211695123,0.0728155339805825,0.0543002630371756,0.0626817202713725,0.2469356579390908,0.0757289338884311,0.0264008620689655,0.2410040456568822,0.045766337888701,0.0544997376269992,0.2668892719788642,0.059792509771683,0.0707435344827586,0.1931161336180882,0.0432377271661526,0.0521610707195301,0.2873037951017071,0.0570916757252148,0.1130387931034482,0.1701811382919951,,,,,,,,,,,,,,,,,,,,,,,,,,,,,,,,,
Morgan,1856.0,,,,,,,,,,all_candidates,,figure6_panel_d_pancancer_source,,,,,,,1855.0,0.0329347012756314,0.4446057336420786,0.0688577004984562,0.0581181452108046,0.0661349656713974,0.2560095032848274,0.0864537091413427,0.0350215517241379,0.2410040456568822,0.0444083379117995,0.053462141721371,0.2667355032499556,0.0536167448063601,0.0791487068965517,0.1931161336180882,0.0408768288563989,0.0501661046354302,0.283186636493891,0.0451373014784406,0.1161637931034482,0.1701811382919951,,,,,,,,,,,,,,,,,,,,,,,,,,,,,,,,,
AtomPair,1856.0,,,,,,,,,,all_candidates,,figure6_panel_d_pancancer_source,,,,,,,1855.0,0.0329347012756314,0.4365025352918201,0.0713810772607223,0.0547748310100592,0.0628756097817817,0.2480520929476641,0.0764474666903072,0.027478448275862,0.2410040456568822,0.0459032192480109,0.0545094398514179,0.2674251911177668,0.0604475211559898,0.0698275862068965,0.1931161336180882,0.0436776029152202,0.0524920261400809,0.2883897632160432,0.0589768939192543,0.1136853448275862,0.1701811382919951,,,,,,,,,,,,,,,,,,,,,,,,,,,,,,,,,
Avalon,1856.0,,,,,,,,,,all_candidates,,figure6_panel_d_pancancer_source,,,,,,,1855.0,0.0329347012756314,0.4459210107223896,0.0757175770933303,0.0549847884394142,0.0630996813462933,0.2468848719552795,0.0770067029006137,0.0293103448275862,0.2410040456568822,0.0444287481543623,0.0534085848675288,0.263481618056295,0.0526314490371767,0.0701508620689655,0.1931161336180882,0.0419095141753866,0.0510867117321239,0.2825889153097308,0.0478122453063492,0.1064655172413793,0.1701811382919951,,,,,,,,,,,,,,,,,,,,,,,,,,,,,,,,,
Random,1856.0,,,,,,,,,,all_candidates,,figure6_panel_d_pancancer_source,,,,,,,1855.0,0.0329347012756314,0.4977842351579065,0.0899089922069709,0.0334109749795052,0.0434973929876473,0.1829462109299475,0.0033466007861434,0.0049030172413793,0.2410040456568822,0.0331770948848651,0.0432573930042495,0.2172569755927087,0.0010573182574507,0.0273168103448275,0.1931161336180882,0.0331340066171257,0.0431861093785459,0.2420116470311059,0.0012987766298311,0.0543103448275862,0.1701811382919951,,,,,,,,,,,,,,,,,,,,,,,,,,,,,,,,,
CGP-Align,1856.0,,,,,,,,,,low_morgan_lt_0.15,,figure6_panel_d_pancancer_source,,,,,,,1604.157327586207,0.0321966285025406,0.4083288159114305,0.0722270380364594,0.0541639464678894,0.0621510101945235,0.2445994751053397,0.079220037643446,0.0200969827586206,0.227878924157342,0.0507002533579927,0.0588866442777147,0.2849362877734636,0.0890797504447755,0.0778556034482758,0.1835909809136024,0.048366113609112,0.0567225135588581,0.3117922114549735,0.0922272578370551,0.135614224137931,0.1615413198862947,,,,,,,,,,,,,,,,,,,,,,,,,,,,,,,,,
RDKit2D,1856.0,,,,,,,,,,low_morgan_lt_0.15,,figure6_panel_d_pancancer_source,,,,,,,1604.157327586207,0.0321966285025406,0.4472147238767257,0.079941688277884,0.0396602177979787,0.0485081448047701,0.2092334381949011,0.0353283403927965,0.0101293103448275,0.227878924157342,0.0384717343471083,0.0477615061384654,0.2460085184097696,0.0350749471341338,0.0461206896551724,0.1835909809136024,0.0381515922615993,0.0474640548755482,0.27338630208739,0.0381832500339675,0.090301724137931,0.1615413198862947,,,,,,,,,,,,,,,,,,,,,,,,,,,,,,,,,
NYAN,1856.0,,,,,,,,,,low_morgan_lt_0.15,,figure6_panel_d_pancancer_source,,,,,,,1604.157327586207,0.0321966285025406,0.4465785191120663,0.0808975966204083,0.041589534994013,0.050637461269009,0.2127009568764006,0.0357940007203561,0.0128771551724137,0.227878924157342,0.0396348796816772,0.0488341056595277,0.2488490728949045,0.0375555794646936,0.0516702586206896,0.1835909809136024,0.0388470759712532,0.0480737688358882,0.2751532292337875,0.0391926496696149,0.0927801724137931,0.1615413198862947,,,,,,,,,,,,,,,,,,,,,,,,,,,,,,,,,
Morgan,1856.0,,,,,,,,,,low_morgan_lt_0.15,,figure6_panel_d_pancancer_source,,,,,,,1604.157327586207,0.0321966285025406,0.4725009526602595,0.0813747095119332,0.0357915826425746,0.0454909074883784,0.1950661610631153,0.0141728884272808,0.0074353448275862,0.227878924157342,0.0352135395147947,0.0449479753742644,0.2325792166832585,0.0162322167531419,0.0391163793103448,0.1835909809136024,0.0351500873761911,0.0449227785656135,0.2602937569528213,0.0190544221390807,0.0786099137931034,0.1615413198862947,,,,,,,,,,,,,,,,,,,,,,,,,,,,,,,,,
AtomPair,1856.0,,,,,,,,,,low_morgan_lt_0.15,,figure6_panel_d_pancancer_source,,,,,,,1604.157327586207,0.0321966285025406,0.454673561904293,0.0802133397729652,0.040077987436191,0.0489702913493499,0.2058385520945537,0.0307323407728731,0.010290948275862,0.227878924157342,0.0397934427495783,0.0489171113879918,0.2470376837914952,0.0385219863084142,0.0488685344827586,0.1835909809136024,0.0392230496635411,0.0484531715059554,0.2748089615925461,0.0411963998713974,0.0939116379310344,0.1615413198862947,,,,,,,,,,,,,,,,,,,,,,,,,,,,,,,,,
Avalon,1856.0,,,,,,,,,,low_morgan_lt_0.15,,figure6_panel_d_pancancer_source,,,,,,,1604.157327586207,0.0321966285025406,0.4617963302871301,0.0816405632466244,0.0384918641815997,0.0478426384900072,0.2028497634925642,0.0238409758736397,0.0100754310344827,0.227878924157342,0.0376029169597975,0.0471374957863118,0.2404057847004763,0.0263924895608496,0.0420797413793103,0.1835909809136024,0.0376135601606622,0.0471170694188295,0.2685613776370509,0.0309516752177188,0.0863685344827586,0.1615413198862947,,,,,,,,,,,,,,,,,,,,,,,,,,,,,,,,,
Random,1856.0,,,,,,,,,,low_morgan_lt_0.15,,figure6_panel_d_pancancer_source,,,,,,,1604.157327586207,0.0321966285025406,0.4997258141957414,0.0918672990533326,0.0326512225079096,0.0426231527617947,0.1854833129694746,0.0011760927307162,0.0067349137931034,0.227878924157342,0.0321697270456497,0.0422269084737032,0.2210784624454499,-0.000480797734006,0.0319504310344827,0.1835909809136024,0.0322854313695454,0.0423401770194977,0.2478038171660174,0.0004171228504368,0.0610991379310344,0.1615413198862947,,,,,,,,,,,,,,,,,,,,,,,,,,,,,,,,,
CGP-Align,1856.0,,,,,,,,,,low_morgan_lt_0.20,,figure6_panel_d_pancancer_source,,,,,,,1797.719827586207,0.0326049701660708,0.4055426767119869,0.070786176309698,0.0557595250116628,0.0637839238308199,0.2449537651679703,0.0805913207862959,0.01875,0.2340920058926086,0.0522365087141563,0.0603607271797616,0.282759453303845,0.0899610316448393,0.0748922413793103,0.1889669139103578,0.0501144605096911,0.0583813717419358,0.3089184905543105,0.0946328857428895,0.1301724137931034,0.1670218144034052,,,,,,,,,,,,,,,,,,,,,,,,,,,,,,,,,
RDKit2D,1856.0,,,,,,,,,,low_morgan_lt_0.20,,figure6_panel_d_pancancer_source,,,,,,,1797.719827586207,0.0326049701660708,0.4415956985156898,0.077071434476043,0.0421312969233499,0.0509168992960296,0.2136606756946524,0.0411834302885275,0.0115840517241379,0.2340920058926086,0.0406306342544966,0.0496362545578047,0.2480744159120409,0.0426133518626171,0.0494073275862069,0.1889669139103578,0.0396955588571086,0.0489056069785466,0.2725586025003594,0.0423067954707967,0.0908405172413793,0.1670218144034052,,,,,,,,,,,,,,,,,,,,,,,,,,,,,,,,,
NYAN,1856.0,,,,,,,,,,low_morgan_lt_0.20,,figure6_panel_d_pancancer_source,,,,,,,1797.719827586207,0.0326049701660708,0.4422837063181587,0.0782264818890115,0.0436383464939283,0.0525477733011134,0.2141809704974876,0.0414466081505535,0.0132543103448275,0.2340920058926086,0.0414734425555719,0.0505138723922093,0.2490395985043714,0.0429438495807494,0.0513469827586206,0.1889669139103578,0.040359732323401,0.0494595364309281,0.2736806375048978,0.0441190151235773,0.0914331896551724,0.1670218144034052,,,,,,,,,,,,,,,,,,,,,,,,,,,,,,,,,
Morgan,1856.0,,,,,,,,,,low_morgan_lt_0.20,,figure6_panel_d_pancancer_source,,,,,,,1797.719827586207,0.0326049701660708,0.4636777619827707,0.0774056297956628,0.0388377911935662,0.0482854405995655,0.2014175533093124,0.0247116999417879,0.010614224137931,0.2340920058926086,0.0370686799176171,0.046734075928089,0.2353241539250419,0.0229974188000252,0.0420797413793103,0.1889669139103578,0.036788021355232,0.0463980295535424,0.2607810179270445,0.0255724555671655,0.0794181034482758,0.1670218144034052,,,,,,,,,,,,,,,,,,,,,,,,,,,,,,,,,
AtomPair,1856.0,,,,,,,,,,low_morgan_lt_0.20,,figure6_panel_d_pancancer_source,,,,,,,1797.719827586207,0.0326049701660708,0.4491523744684325,0.0781152638581824,0.0426133441580648,0.0515382765770752,0.211249695528096,0.0378727766351598,0.0112607758620689,0.2340920058926086,0.0413457323239525,0.0502912542698412,0.2474763743560886,0.0426799209077286,0.0472521551724137,0.1889669139103578,0.0406084507256654,0.0496968708297988,0.2733580873689111,0.0450248837389829,0.0887931034482758,0.1670218144034052,,,,,,,,,,,,,,,,,,,,,,,,,,,,,,,,,
Avalon,1856.0,,,,,,,,,,low_morgan_lt_0.20,,figure6_panel_d_pancancer_source,,,,,,,1797.719827586207,0.0326049701660708,0.4583471676278797,0.0810348750243787,0.0397327843968232,0.0489212957472357,0.2019588143127939,0.0267869043533149,0.0105064655172413,0.2340920058926086,0.0391523639236244,0.0484537260749619,0.2395272167823364,0.031230439452905,0.0436422413793103,0.1889669139103578,0.0387262056261353,0.0481516900213329,0.2656339574692253,0.0334432046886495,0.0807112068965517,0.1670218144034052,,,,,,,,,,,,,,,,,,,,,,,,,,,,,,,,,
Random,1856.0,,,,,,,,,,low_morgan_lt_0.20,,figure6_panel_d_pancancer_source,,,,,,,1797.719827586207,0.0326049701660708,0.4999425712173029,0.0917614732061894,0.0320206503619453,0.0422450503644681,0.1820839623215825,-0.0015076355984026,0.0052801724137931,0.2340920058926086,0.0323527406389683,0.0425579144313206,0.217563763315217,-0.0009460555893877,0.0277478448275862,0.1889669139103578,0.0324458828527933,0.0425737600723337,0.2423998130048192,-0.0008380461042235,0.0539870689655172,0.1670218144034052,,,,,,,,,,,,,,,,,,,,,,,,,,,,,,,,,
CGP-Align,1856.0,,,,,,,,,,low_morgan_lt_0.25,,figure6_panel_d_pancancer_source,,,,,,,1839.28125,0.0327565655843649,0.4028554743539711,0.0699081015039439,0.0576272560486781,0.0655675084850707,0.2483144689117311,0.0851801692681515,0.0211745689655172,0.2365727712026925,0.0531331753947372,0.0612321391844333,0.2839573752090638,0.0916512095391693,0.0774245689655172,0.1906644053564503,0.0509777690800827,0.0592178338616611,0.3098857571947427,0.0966656099138015,0.1325431034482758,0.1685071678441379,,,,,,,,,,,,,,,,,,,,,,,,,,,,,,,,,
RDKit2D,1856.0,,,,,,,,,,low_morgan_lt_0.25,,figure6_panel_d_pancancer_source,,,,,,,1839.28125,0.0327565655843649,0.4371289293762271,0.0752504894934079,0.0457285182380449,0.054152279198565,0.221877765003219,0.0531612833570198,0.0143318965517241,0.2365727712026925,0.04236677579447,0.0512192976637775,0.2530963550769133,0.0490505586456736,0.0557650862068965,0.1906644053564503,0.0408686678991597,0.0499750295772867,0.2763464452890675,0.0475940117073303,0.0980603448275862,0.1685071678441379,,,,,,,,,,,,,,,,,,,,,,,,,,,,,,,,,
NYAN,1856.0,,,,,,,,,,low_morgan_lt_0.25,,figure6_panel_d_pancancer_source,,,,,,,1839.28125,0.0327565655843649,0.4395594766579074,0.0779585874424737,0.0451282339311392,0.0538936809812238,0.2170932701890058,0.0458980040359724,0.0141163793103448,0.2365727712026925,0.0423917913827384,0.0513262780813203,0.250778473820466,0.0461275251312079,0.0522629310344827,0.1906644053564503,0.0411813050001346,0.050233222032284,0.2753861167636819,0.0474785318861338,0.0948275862068965,0.1685071678441379,,,,,,,,,,,,,,,,,,,,,,,,,,,,,,,,,
Morgan,1856.0,,,,,,,,,,low_morgan_lt_0.25,,figure6_panel_d_pancancer_source,,,,,,,1839.28125,0.0327565655843649,0.4565979655667962,0.0739084391679581,0.0425140468697195,0.0514619002233024,0.2093472975125474,0.0357976451579294,0.0135237068965517,0.2365727712026925,0.0393763953293304,0.0488203139935114,0.2419411962434396,0.0325003960820042,0.0530711206896551,0.1906644053564503,0.038110178237063,0.0476224135373903,0.2653806241261546,0.0317304276035204,0.0897090517241379,0.1685071678441379,,,,,,,,,,,,,,,,,,,,,,,,,,,,,,,,,
AtomPair,1856.0,,,,,,,,,,low_morgan_lt_0.25,,figure6_panel_d_pancancer_source,,,,,,,1839.28125,0.0327565655843649,0.4454232299963511,0.0771908282877937,0.0441028604606067,0.0526702446403021,0.2136220429794413,0.0427222708421851,0.0112607758620689,0.2365727712026925,0.0421692103285932,0.0510554814079996,0.2489552774248438,0.0450436143759075,0.0495150862068965,0.1906644053564503,0.0414048764118148,0.0504034273827761,0.2746688213990143,0.0481249801032649,0.0915948275862068,0.1685071678441379,,,,,,,,,,,,,,,,,,,,,,,,,,,,,,,,,
Avalon,1856.0,,,,,,,,,,low_morgan_lt_0.25,,figure6_panel_d_pancancer_source,,,,,,,1839.28125,0.0327565655843649,0.4548043149685322,0.0795975411537476,0.0425906374937148,0.0514729340323856,0.210530125653172,0.037182257976196,0.0129310344827586,0.2365727712026925,0.0403078739262202,0.049556069846383,0.2439056467608808,0.0356646663674318,0.0492995689655172,0.1906644053564503,0.0396065110683023,0.0489465770463387,0.2685786485472904,0.0369525398732582,0.0856681034482758,0.1685071678441379,,,,,,,,,,,,,,,,,,,,,,,,,,,,,,,,,
Random,1856.0,,,,,,,,,,low_morgan_lt_0.25,,figure6_panel_d_pancancer_source,,,,,,,1839.28125,0.0327565655843649,0.5010499624003422,0.0889898791623809,0.032144647109522,0.0424502957521251,0.1806431859079975,-0.0021030395846997,0.0053340517241379,0.2365727712026925,0.0327409258968367,0.0428658459463245,0.2164516871289352,-0.000647358666843,0.0275862068965517,0.1906644053564503,0.0327915998243106,0.0428677968114241,0.2414706545270573,-0.0001389232312417,0.0560344827586206,0.1685071678441379,,,,,,,,,,,,,,,,,,,,,,,,,,,,,,,,,
CGP-Align,1856.0,,,,,,,,,,low_morgan_lt_0.30,,figure6_panel_d_pancancer_source,,,,,,,1849.0366379310344,0.0328277766010536,0.4008063055201339,0.0690649579224101,0.0592059378045028,0.0671081359568968,0.2523449718214008,0.0894745656479891,0.0235991379310344,0.238129631714526,0.0537339381243553,0.0618386570315941,0.2859175948422935,0.0930138235203199,0.0810344827586206,0.1916194313622465,0.0515502185748706,0.0597679363772678,0.3116794210149736,0.0985033228477418,0.1365301724137931,0.1691959297298133,,,,,,,,,,,,,,,,,,,,,,,,,,,,,,,,,
RDKit2D,1856.0,,,,,,,,,,low_morgan_lt_0.30,,figure6_panel_d_pancancer_source,,,,,,,1849.0366379310344,0.0328277766010536,0.4337627887807051,0.0729027288466489,0.0494441490159274,0.0575807497273683,0.2307180362551448,0.0641819026101965,0.0209590517241379,0.238129631714526,0.0439042002956275,0.0526260439773341,0.2587075003973157,0.0551136175852455,0.0640625,0.1916194313622465,0.0417446787896773,0.0507657111906159,0.2804934167878574,0.0518131053805285,0.1068965517241379,0.1691959297298133,,,,,,,,,,,,,,,,,,,,,,,,,,,,,,,,,
NYAN,1856.0,,,,,,,,,,low_morgan_lt_0.30,,figure6_panel_d_pancancer_source,,,,,,,1849.0366379310344,0.0328277766010536,0.4369377059948062,0.0762577751334658,0.0469298772713353,0.0556560269823902,0.2225862755880554,0.0518661038565593,0.0165948275862069,0.238129631714526,0.0433150386421989,0.0521670482723197,0.2539807912919446,0.0499222119761829,0.0570581896551724,0.1916194313622465,0.0418113543488032,0.0508085113338492,0.2778149724230023,0.0503341523448947,0.1003232758620689,0.1691959297298133,,,,,,,,,,,,,,,,,,,,,,,,,,,,,,,,,
Morgan,1856.0,,,,,,,,,,low_morgan_lt_0.30,,figure6_panel_d_pancancer_source,,,,,,,1849.0366379310344,0.0328277766010536,0.4519383551500297,0.0719591346616483,0.0462564470931114,0.0551293722438894,0.2189500117184933,0.0459424362647396,0.0202586206896551,0.238129631714526,0.040904425442144,0.0502022989203673,0.2480784109395791,0.0384278305820867,0.0620150862068965,0.1916194313622465,0.0391043611781431,0.0485172711021204,0.2702625554726546,0.036471145645334,0.0995689655172413,0.1691959297298133,,,,,,,,,,,,,,,,,,,,,,,,,,,,,,,,,
AtomPair,1856.0,,,,,,,,,,low_morgan_lt_0.30,,figure6_panel_d_pancancer_source,,,,,,,1849.0366379310344,0.0328277766010536,0.4424312378372831,0.0749322049108615,0.0459308768799761,0.0543738514589283,0.2194723225347653,0.0489916267111243,0.0142241379310344,0.238129631714526,0.0431959450969305,0.0519804601089931,0.2525499913098877,0.0490677464981059,0.0552801724137931,0.1916194313622465,0.0421112513948329,0.0510264797129836,0.2774097225116689,0.0513625026631919,0.0977370689655172,0.1691959297298133,,,,,,,,,,,,,,,,,,,,,,,,,,,,,,,,,
Avalon,1856.0,,,,,,,,,,low_morgan_lt_0.30,,figure6_panel_d_pancancer_source,,,,,,,1849.0366379310344,0.0328277766010536,0.4518765665789244,0.0785692823910445,0.0455059564610487,0.0541070080750661,0.217424832450748,0.0472963427600957,0.016540948275862,0.238129631714526,0.0414204143713785,0.0506092731567057,0.2477487086562125,0.0399369371902115,0.0555495689655172,0.1916194313622465,0.0403083725294767,0.0495953275447956,0.2713935365967094,0.0400469563106253,0.0919181034482758,0.1691959297298133,,,,,,,,,,,,,,,,,,,,,,,,,,,,,,,,,
Random,1856.0,,,,,,,,,,low_morgan_lt_0.30,,figure6_panel_d_pancancer_source,,,,,,,1849.0366379310344,0.0328277766010536,0.5010180790113266,0.0917052621760688,0.0334616903126747,0.0433753709514382,0.1837159156960409,0.0022431261721545,0.0055495689655172,0.238129631714526,0.0327128052794912,0.0428266182812948,0.216909335781763,-0.0008074225616639,0.027478448275862,0.1916194313622465,0.0326830385406296,0.0427586147297151,0.2411705414953795,-0.0010516875322227,0.0533405172413793,0.1691959297298133,,,,,,,,,,,,,,,,,,,,,,,,,,,,,,,,,
CGP-Align,,,,,,,,,,,,,figure6_panel_e_gene_mechanism_summary_source,,,,,,,,,,,,,,,,,,,,,,,,,,,,,1451.0,0.3909413611617768,21.0,20.30117160578911,0.2701734346894432,34.457105072866334,0.8993797381116472,2.2184700206753964,0.2129565816678153,,,,,,,,,,,,,,,,,,,,,,,,
RDKit2D,,,,,,,,,,,,,figure6_panel_e_gene_mechanism_summary_source,,,,,,,,,,,,,,,,,,,,,,,,,,,,,632.0,0.3877795130203041,19.0,17.962025316455698,0.2383583359027596,30.3100398886491,0.7737341772151899,1.835443037974684,0.2246835443037974,,,,,,,,,,,,,,,,,,,,,,,,
NYAN,,,,,,,,,,,,,figure6_panel_e_gene_mechanism_summary_source,,,,,,,,,,,,,,,,,,,,,,,,,,,,,621.0,0.3902246750495284,18.0,16.648953301127214,0.2183120227037372,27.59728700789757,0.7632850241545893,1.7214170692431563,0.2318840579710145,,,,,,,,,,,,,,,,,,,,,,,,
Morgan,,,,,,,,,,,,,figure6_panel_e_gene_mechanism_summary_source,,,,,,,,,,,,,,,,,,,,,,,,,,,,,454.0,0.3853705507674406,17.0,16.04185022026432,0.2119279093396004,26.809288749646843,0.7224669603524229,1.5991189427312775,0.2180616740088105,,,,,,,,,,,,,,,,,,,,,,,,
AtomPair,,,,,,,,,,,,,figure6_panel_e_gene_mechanism_summary_source,,,,,,,,,,,,,,,,,,,,,,,,,,,,,635.0,0.3814062752592282,19.0,17.404724409448818,0.2307172718363821,29.330338687080243,0.752755905511811,1.7133858267716535,0.2078740157480315,,,,,,,,,,,,,,,,,,,,,,,,
Avalon,,,,,,,,,,,,,figure6_panel_e_gene_mechanism_summary_source,,,,,,,,,,,,,,,,,,,,,,,,,,,,,557.0,0.3853582935658562,15.0,14.894075403949731,0.1958956970940864,24.673240689887155,0.696588868940754,1.4991023339317773,0.2531418312387791,,,,,,,,,,,,,,,,,,,,,,,,
Random,,,,,,,,,,,,,figure6_panel_e_gene_mechanism_summary_source,,,,,,,,,,,,,,,,,,,,,,,,,,,,,344.0,0.3794255529552005,6.0,9.30232558139535,0.1152458116183744,13.840698492222822,0.5319767441860465,1.0290697674418603,0.188953488372093,,,,,,,,,,,,,,,,,,,,,,,,
CGP-Align,,,,,,,,,,,,,figure6_panel_f_mechanism_cases_source,1226.0,,,,,,,,,,,,,,,,,,,,,,,,,,,,,,,,,,,,,681.0,1.0,0.9149529337882996,0.488023579120636,50.0,39.0,0.639344262295082,3.1406836684539944e-84,83.5029758037999,9.0,4.0,Nuclear receptor/xenobiotic:4; Cell cycle/mitosis:2; MAPK/RTK:2; PI3K/AKT/mTOR:1,BIIB021,R547,HSP inhibitor,CDK inhibitor,"CDK1, CDK2, CDK4, CDK7",HSP90AA1,,,CHN2;TRRAP;RUNX3;WRN;AFF3;DDX56;CDC25A;PI4KA;REV3L;FARP2;MAP3K2;RUNX2;CISH;SOCS2;POLQ;PIK3R3;ARHGEF26;MED14;BMPR2;AFF1,0.1170212775468826,QULDDKSCVCJTPV-UHFFFAOYSA-N,JRNJNYBQQYBCLE-UHFFFAOYSA-N
CGP-Align,,,,,,,,,,,,,figure6_panel_f_mechanism_cases_source,698.0,,,,,,,,,,,,,,,,,,,,,,,,,,,,,,,,,,,,,232.0,1.0,0.9301108121871948,0.3436382412910461,50.0,37.0,0.5873015873015873,1.0417436633733311e-77,76.9822391325509,5.0,5.0,Cell cycle/mitosis:1; Lipid/transport state:1; MAPK/RTK:1; Nuclear receptor/xenobiotic:1,TG-101209,foretinib,JAK inhibitor,VEGFR inhibitor,"FLT1, FLT4, KDR, MET","JAK2, JAK3",,,CHN2;RUNX3;SYT11;REV3L;MED14;TAGAP;RUNX2;MDM2;POLQ;RUNX1;SOCS6;SOCS2;SYT12;WRN;PI4KA;SOCS3;KMT2C;STAG1;NSD1;AFF3,0.1008403375744819,JVDOKQYTTYUYDV-UHFFFAOYSA-N,CXQHYVUVSFXTMY-UHFFFAOYSA-N
CGP-Align,,,,,,,,,,,,,figure6_panel_f_mechanism_cases_source,436.0,,,,,,,,,,,,,,,,,,,,,,,,,,,,,,,,,,,,,1401.0,1.0,0.9178300499916076,0.3406980037689209,50.0,37.0,0.5873015873015873,1.0417436633733311e-77,76.9822391325509,5.0,3.0,Cell cycle/mitosis:2; PI3K/AKT/mTOR:2; DNA damage/repair:1,CYC116,PI-103,Aurora kinase inhibitor,"mTOR inhibitor, PI3K inhibitor","AURKA, AURKB, KDR","MTOR, PIK3CA, PIK3CB, PIK3CD, PIK3CG, PRKDC",MTOR,MTOR,AFF1;REV3L;AFF3;RUNX3;SOCS3;RUNX2;CHN2;MED14;RUNX1;CISH;PI4KA;WRN;CDC25A;POLQ;DDX56;WWTR1;VGLL4;MED15;EP300;ZFP36,0.1764705926179886,GPSZYOIFQZPWEJ-UHFFFAOYSA-N,TUVCWJQQGGETHL-UHFFFAOYSA-N
CGP-Align,,,,,,,,,,,,,figure6_panel_f_mechanism_cases_source,1238.0,,,,,,,,,,,,,,,,,,,,,,,,,,,,,,,,,,,,,387.0,1.0,0.913250744342804,0.5678496956825256,50.0,35.0,0.5384615384615384,1.712975643552738e-71,70.76624881213422,3.0,2.0,Cell cycle/mitosis:2; Epigenetic/chromatin:1,barasertib-HQPA,tozasertib,Aurora kinase inhibitor,"Aurora kinase inhibitor, Bcr-Abl kinase inhibitor, FLT3 inhibitor, JAK inhibitor","AURKA, AURKB, AURKC, LCK",AURKB,,,PI4KA;WRN;CHN2;REV3L;SYT11;HS1BP3;SOCS6;SOCS2;MDM2;AFF3;FBXO5;RUNX2;SYT4;RUNX3;NSD1;MED14;POLQ;GRB7;TRIP10;TRRAP,0.1551724076271057,QYZOGCMHVIGURT-UHFFFAOYSA-N,GCIKSSRWRFVXBI-UHFFFAOYSA-N
CGP-Align,,,,,,,,,,,,,figure6_panel_f_mechanism_cases_source,816.0,,,,,,,,,,,,,,,,,,,,,,,,,,,,,,,,,,,,,673.0,1.0,0.8766198754310608,0.3525229096412658,50.0,34.0,0.5151515151515151,1.7276785145474666e-68,67.76253706761372,6.0,4.0,Cell cycle/mitosis:3; DNA damage/repair:1; Epigenetic/chromatin:1; Nuclear receptor/xenobiotic:1,crystal-violet,CUDC-907,other antibiotic,PI3K inhibitor,"HDAC2, PIK3R1",,,,DDX56;CHN2;PRPF8;REV3L;ARHGEF26;TRRAP;NFKBIE;MDM2;TFDP2;MED14;CCNA1;E2F5;SOCS6;CDC25A;FBXO5;BRCA2;MED13;TFDP1;UBTF;POLQ,0.0930232554674148,LGLFFNDHMLKUMI-UHFFFAOYSA-N,JOWXJLIFIIOYMS-UHFFFAOYSA-N
CGP-Align,,,,,,,,,,,,,figure6_panel_f_mechanism_cases_source,1236.0,,,,,,,,,,,,,,,,,,,,,,,,,,,,,,,,,,,,,1323.0,1.0,0.8956054449081421,0.3690782785415649,50.0,33.0,0.4925373134328358,1.4992566019752978e-65,64.82412403007055,8.0,5.0,Nuclear receptor/xenobiotic:3; Cell cycle/mitosis:2; DNA damage/repair:1; MAPK/RTK:1,CCT129202,PHA-848125,Aurora kinase inhibitor,"CDK inhibitor, growth factor receptor inhibitor","AURKA, AURKB, AURKC","CDK2, CDK4, CDK7, NTRK1",,,CHN2;SYT11;REV3L;WRN;TAGAP;POLQ;PIK3R3;DDX56;MED14;MDM2;SYT4;RACGAP1;ARHGEF16;PI4KA;ARHGEF26;CDC25A;FBXO5;BRCA2;RUNX3;SYT12,0.1775700896978378,QYKHWEFPFAGNEV-UHFFFAOYSA-N,RXZMYLDMFYNEIM-UHFFFAOYSA-N
CGP-Align,,,,,,,,,,,,,figure6_panel_f_mechanism_cases_source,273.0,,,,,,,,,,,,,,,,,,,,,,,,,,,,,,,,,,,,,387.0,1.0,0.9073762893676758,0.5797893404960632,50.0,32.0,0.4705882352941176,1.1262266741723024e-62,61.9483741908037,3.0,2.0,Cell cycle/mitosis:2; Epigenetic/chromatin:1,BX-912,tozasertib,pyruvate dehydrogenase kinase inhibitor,"Aurora kinase inhibitor, Bcr-Abl kinase inhibitor, FLT3 inhibitor, JAK inhibitor","CDK2, CHEK1, GSK3B, KDR, PDK1, PDPK1","AURKA, AURKB, AURKC, LCK",PDPK1,,WRN;PI4KA;REV3L;SOCS2;CHN2;SYT11;RUNX3;RUNX2;CISH;MED14;AFF3;CDC25A;MDM2;SOCS6;POLQ;TRRAP;DDX56;GRB7;RUNX1;USP24,0.1923076957464218,DMMILYKXNCVKOJ-UHFFFAOYSA-N,GCIKSSRWRFVXBI-UHFFFAOYSA-N
CGP-Align,,,,,,,,,,,,,figure6_panel_f_mechanism_cases_source,1047.0,,,,,,,,,,,,,,,,,,,,,,,,,,,,,,,,,,,,,1707.0,1.0,0.9017611742019652,0.3642686009407043,50.0,32.0,0.4705882352941176,1.1262266741723024e-62,61.9483741908037,8.0,5.0,Cell cycle/mitosis:3; Nuclear receptor/xenobiotic:2; Lipid/transport state:1; MAPK/RTK:1,TAK-632,RAF265,RAF inhibitor,"RAF inhibitor, VEGFR inhibitor",BRAF,BRAF,,,TAGAP;SOCS3;CHN2;DDX56;VGLL4;ARHGEF16;POLQ;RUNX3;REV3L;ARHGEF25;PDPK1;RUNX2;CDCA3;WRN;TRRAP;MED14;CSNK1D;MKNK1;PLK1;AURKB,0.1724137961864471,OJFKUJDRGJSAQB-UHFFFAOYSA-N,YABJJWZLRMPFSI-UHFFFAOYSA-N
CGP-Align,,,,,,,,,,,,,figure6_panel_f_mechanism_cases_source,450.0,,,,,,,,,,,,,,,,,,,,,,,,,,,,,,,,,,,,,187.0,1.0,0.8934470415115356,0.3414232134819031,50.0,32.0,0.4705882352941176,1.1262266741723024e-62,61.9483741908037,9.0,5.0,Cell cycle/mitosis:4; DNA damage/repair:2; Microtubule:1; Nuclear receptor/xenobiotic:1,torin-2,GSK2126458,mTOR inhibitor,"mTOR inhibitor, PI3K inhibitor","MTOR, PIK3CA, PIK3CB, PIK3CD, PIK3CG",MTOR,MTOR,,CHN2;CDC25A;TAGAP;REV3L;PRPF8;CISH;POLQ;CDC42EP3;CDC25C;CSNK1D;AFF3;DDX56;CTNNB1;E2F4;PIK3R3;WWTR1;SOCS3;RACGAP1;PHACTR1;PPP1R3A,0.183673471212387,GUXXEUUYCAYESJ-UHFFFAOYSA-N,CGBJSGAELGCMKE-UHFFFAOYSA-N
CGP-Align,,,,,,,,,,,,,figure6_panel_f_mechanism_cases_source,350.0,,,,,,,,,,,,,,,,,,,,,,,,,,,,,,,,,,,,,1805.0,1.0,0.893276035785675,0.4334345757961273,50.0,31.0,0.4492753623188406,7.362056947957032e-60,59.133000827464215,8.0,5.0,Nuclear receptor/xenobiotic:3; Cell cycle/mitosis:2; DNA damage/repair:1; Epigenetic/chromatin:1,regorafenib,AZ-628,"FGFR inhibitor, KIT inhibitor, PDGFR tyrosine kinase receptor inhibitor, RAF inhibitor, RET tyrosine kinase inhibitor, VEGFR inhibitor",RAF inhibitor,"ABL1, BRAF, DDR2, EPHA2, FGFR1, FGFR2, FLT1, FLT4, FRK, KDR, KIT, MAPK11, NTRK1, PDGFRA, PDGFRB, RAF1, RET, TEK","BRAF, RAF1",,,CHN2;MYBBP1A;SLC2A11;EIF2AK1;CDCA3;CDC25A;DDX56;POLQ;PSKH1;CSNK1D;GATA1;MKNK1;DYRK2;REV3L;E2F4;ARHGEF16;RIN1;GLUL;TRRAP;ARHGEF25,0.1899999976158142,FNHKPVJBJVTLMP-UHFFFAOYSA-N,ZGBGPEDJXCYQPH-UHFFFAOYSA-N
CGP-Align,,,,,,,,,,,,,figure6_panel_f_mechanism_cases_source,350.0,,,,,,,,,,,,,,,,,,,,,,,,,,,,,,,,,,,,,1805.0,1.0,0.893276035785675,0.4334345757961273,50.0,31.0,0.4492753623188406,7.362056947957032e-60,59.133000827464215,8.0,5.0,Nuclear receptor/xenobiotic:3; Cell cycle/mitosis:2; DNA damage/repair:1; Epigenetic/chromatin:1,AZ-628,regorafenib,RAF inhibitor,"FGFR inhibitor, KIT inhibitor, PDGFR tyrosine kinase receptor inhibitor, RAF inhibitor, RET tyrosine kinase inhibitor, VEGFR inhibitor","ABL1, BRAF, DDR2, EPHA2, FGFR1, FGFR2, FLT1, FLT4, FRK, KDR, KIT, MAPK11, NTRK1, PDGFRA, PDGFRB, RAF1, RET, TEK","BRAF, RAF1",,,CHN2;MYBBP1A;SLC2A11;EIF2AK1;CDCA3;CDC25A;DDX56;POLQ;PSKH1;CSNK1D;GATA1;MKNK1;DYRK2;REV3L;E2F4;ARHGEF16;RIN1;GLUL;TRRAP;ARHGEF25,0.1899999976158142,ZGBGPEDJXCYQPH-UHFFFAOYSA-N,FNHKPVJBJVTLMP-UHFFFAOYSA-N
CGP-Align,,,,,,,,,,,,,figure6_panel_f_mechanism_cases_source,1112.0,,,,,,,,,,,,,,,,,,,,,,,,,,,,,,,,,,,,,1238.0,1.0,0.8798980712890625,0.498100996017456,50.0,30.0,0.4285714285714285,4.2070915821666967e-57,56.37601803393101,2.0,2.0,Nuclear receptor/xenobiotic:1; Proteostasis:1,dovitinib,barasertib-HQPA,"EGFR inhibitor, FGFR inhibitor, FLT3 inhibitor, PDGFR tyrosine kinase receptor inhibitor, VEGFR inhibitor",Aurora kinase inhibitor,"CSF1R, EGFR, FGFR1, FGFR2, FGFR3, FLT1, FLT3, FLT4, INSR, KDR, KIT, PDGFRA, PDGFRB",AURKB,,,PI4KA;FBXO5;RUNX2;HS1BP3;CHN2;WRN;RUNX3;SOCS6;AFF3;SYT11;SYT4;TRIP10;RUNX1;REV3L;MDM2;CRKL;MED14;TNFRSF14;CD40;SGK1,0.1228070184588432,PIQCTGMSNWUMAF-UHFFFAOYSA-N,QYZOGCMHVIGURT-UHFFFAOYSA-N
CGP-Align,,,,,,,,,,,,,figure6_panel_f_mechanism_cases_source,385.0,,,,,,,,,,,,,,,,,,,,,,,,,,,,,,,,,,,,,1828.0,1.0,0.9378374814987184,0.4910835325717926,50.0,30.0,0.4285714285714285,4.2070915821666967e-57,56.37601803393101,5.0,3.0,MAPK/RTK:2; Nuclear receptor/xenobiotic:2; DNA damage/repair:1,NSC-697923,stattic,ubiquitin-conjugating enzyme inhibitor,,UBE2N,,,,NCKIPSD;CTNNB1;CELF6;IFNA6;AMD1;IFNA2;IFNA1;CARD9;MDM2;IFNA5;TNPO1;CNKSR1;KCTD6;IFNA13;IFNA8;IFNA14;MAP3K11;FANCC;ARAF;MYD88,0.183673471212387,GAUHIPWCDXOLCZ-UHFFFAOYSA-N,ZRRGOUHITGRLBA-UHFFFAOYSA-N
CGP-Align,,,,,,,,,,,,,figure6_panel_f_mechanism_cases_source,385.0,,,,,,,,,,,,,,,,,,,,,,,,,,,,,,,,,,,,,1828.0,1.0,0.9378374814987184,0.4910835325717926,50.0,30.0,0.4285714285714285,4.2070915821666967e-57,56.37601803393101,5.0,3.0,MAPK/RTK:2; Nuclear receptor/xenobiotic:2; DNA damage/repair:1,stattic,NSC-697923,,ubiquitin-conjugating enzyme inhibitor,UBE2N,,,,NCKIPSD;CTNNB1;CELF6;IFNA6;AMD1;IFNA2;IFNA1;CARD9;MDM2;IFNA5;TNPO1;CNKSR1;KCTD6;IFNA13;IFNA8;IFNA14;MAP3K11;FANCC;ARAF;MYD88,0.183673471212387,ZRRGOUHITGRLBA-UHFFFAOYSA-N,GAUHIPWCDXOLCZ-UHFFFAOYSA-N
CGP-Align,,,,,,,,,,,,,figure6_panel_f_mechanism_cases_source,33.0,,,,,,,,,,,,,,,,,,,,,,,,,,,,,,,,,,,,,1186.0,1.0,0.895605206489563,0.397073358297348,50.0,30.0,0.4285714285714285,4.2070915821666967e-57,56.37601803393101,8.0,6.0,Cell cycle/mitosis:3; Epigenetic/chromatin:1; MAPK/RTK:1; Microtubule:1,torin-1,LY2801653,mTOR inhibitor,MET inhibitor,MTOR,MET,MTOR,,CHN2;CDC25A;TAGAP;REV3L;POLQ;DDX56;PRPF8;SYT11;RUNX3;CSNK1D;CISH;SOCS3;MED14;STAG1;CHD6;EHMT1;AFF3;CDK17;SOCS6;E2F4,0.1735537201166153,AKCRNFFTGXBONI-UHFFFAOYSA-N,QHADVLVFMKEIIP-UHFFFAOYSA-N
CGP-Align,,,,,,,,,,,,,figure6_panel_f_mechanism_cases_source,1428.0,,,,,,,,,,,,,,,,,,,,,,,,,,,,,,,,,,,,,580.0,1.0,0.8095092177391052,0.5240882039070129,50.0,29.0,0.4084507042253521,2.1100714677989926e-54,53.67570283496529,3.0,3.0,Cell cycle/mitosis:1; Lipid/transport state:1; Nuclear receptor/xenobiotic:1,SC-144,broxaldine,P glycoprotein inhibitor,,,,,,ABCC8;THPO;IFNL1;GPRC6A;IFNA1;IFNA6;FRMD6;IFNA2;IFNA13;IFNL3;CCNA1;GTF2H5;EPO;ARAP3;TNFAIP8L2;IFNL2;XPO1;IL3;MYD88;IFNA5,0.1111111119389534,UEADAWQSJOWXBK-UHFFFAOYSA-N,IJTPLVAAROHGGB-UHFFFAOYSA-N
CGP-Align,,,,,,,,,,,,,figure6_panel_f_mechanism_cases_source,83.0,,,,,,,,,,,,,,,,,,,,,,,,,,,,,,,,,,,,,1189.0,1.0,0.8183527588844299,0.4978319406509399,50.0,29.0,0.4084507042253521,2.1100714677989926e-54,53.67570283496529,6.0,3.0,Cell cycle/mitosis:3; Nuclear receptor/xenobiotic:2; PI3K/AKT/mTOR:1,genz-644282,NMS-1286937,topoisomerase inhibitor,PLK inhibitor,TOP1,"FLT3, PLK1, PLK2, PLK3",,,CHN2;DDX56;TRRAP;WRN;MED14;CISH;PI4KA;SOCS2;REV3L;MDM2;AFF3;ARHGEF26;CCNT1;SYT4;CDC25A;POLQ;HS1BP3;RACGAP1;MTOR;ARHGEF16,0.1071428582072258,BAORCAMWLWRZQG-UHFFFAOYSA-N,QHLVBNKYJGBCQJ-UHFFFAOYSA-N
CGP-Align,,,,,,,,,,,,,figure6_panel_f_mechanism_cases_source,1269.0,,,,,,,,,,,,,,,,,,,,,,,,,,,,,,,,,,,,,641.0,1.0,0.8496540784835815,0.4846793413162231,50.0,29.0,0.4084507042253521,2.1100714677989926e-54,53.67570283496529,7.0,5.0,Nuclear receptor/xenobiotic:2; PI3K/AKT/mTOR:2; Cell cycle/mitosis:1; Microtubule:1,voxtalisib,PIK-93,"mTOR inhibitor, PI3K inhibitor",PI3K inhibitor,"PI4KB, PIK3C3, PIK3CG","MTOR, PIK3CA",MTOR,MTOR,RUNX3;AFF3;CHN2;PIK3R3;REV3L;MED14;AFF1;RUNX1;RUNX2;WWTR1;MTOR;SOCS3;TAF1;PSMD7;CAND1;VGLL4;CCNT1;RPA1;MED13;ZFP36,0.1428571492433548,RGHYDLZMTYDBDT-UHFFFAOYSA-N,JFVNFXCESCXMBC-UHFFFAOYSA-N
CGP-Align,,,,,,,,,,,,,figure6_panel_f_mechanism_cases_source,1285.0,,,,,,,,,,,,,,,,,,,,,,,,,,,,,,,,,,,,,1854.0,1.0,0.8593038320541382,0.402028352022171,50.0,27.0,0.3698630136986301,3.636436345798233e-49,48.43932401015787,1.0,1.0,DNA damage/repair:1,cetrimonium,NH125,,eukaryotic translation elongation factor 2 inhibitor,,,,,CHN2;MAT1A;SRC;EEF1A1;NF2;FRMD6;RDX;EZR;VGLL4;MSN;RACGAP1;E2F5;MYBL2;BRCA2;BLK;RNF19A;MDM2;E2F4;PPP1R3C;MAT2A,0.190476194024086,RLGQACBPNDBWTB-UHFFFAOYSA-N,ZZXUNAFAKNKXFW-UHFFFAOYSA-N
CGP-Align,,,,,,,,,,,,,figure6_panel_f_mechanism_cases_source,1285.0,,,,,,,,,,,,,,,,,,,,,,,,,,,,,,,,,,,,,1854.0,1.0,0.8593038320541382,0.402028352022171,50.0,27.0,0.3698630136986301,3.636436345798233e-49,48.43932401015787,1.0,1.0,DNA damage/repair:1,NH125,cetrimonium,eukaryotic translation elongation factor 2 inhibitor,,,,,,CHN2;MAT1A;SRC;EEF1A1;NF2;FRMD6;RDX;EZR;VGLL4;MSN;RACGAP1;E2F5;MYBL2;BRCA2;BLK;RNF19A;MDM2;E2F4;PPP1R3C;MAT2A,0.190476194024086,ZZXUNAFAKNKXFW-UHFFFAOYSA-N,RLGQACBPNDBWTB-UHFFFAOYSA-N
CGP-Align,,,,,,,,,,,,,figure6_panel_f_mechanism_cases_source,1754.0,,,,,,,,,,,,,,,,,,,,,,,,,,,,,,,,,,,,,195.0,1.0,0.7685510516166687,0.5614307522773743,50.0,26.0,0.3513513513513513,1.256351603930026e-46,45.90088880146085,10.0,5.0,Proteostasis:3; Cell cycle/mitosis:2; DNA damage/repair:2; Nuclear receptor/xenobiotic:2,parbendazole,VU0238429,tubulin polymerization inhibitor,acetylcholine receptor allosteric modulator,CHRM5,TUBB,,,KIF11;MDM2;BTK;RASGRF1;TNPO1;PSMB6;ARAP3;WEE1;PLEK;CDC42EP3;PRPF8;ITK;GRB7;HMMR;ATRIP;ARHGEF26;SIK3;GTF2I;MAD2L2;TRRAP,0.1617647111415863,YRWLZFXJFBZBEY-UHFFFAOYSA-N,CKLGZXFOLMHCMC-UHFFFAOYSA-N
CGP-Align,,,,,,,,,,,,,figure6_panel_f_mechanism_cases_source,195.0,,,,,,,,,,,,,,,,,,,,,,,,,,,,,,,,,,,,,1060.0,1.0,0.7908244729042053,0.5061086416244507,50.0,26.0,0.3513513513513513,1.256351603930026e-46,45.90088880146085,9.0,5.0,Cell cycle/mitosis:2; DNA damage/repair:2; Nuclear receptor/xenobiotic:2; Proteostasis:2,VU0238429,mebendazole,acetylcholine receptor allosteric modulator,tubulin polymerization inhibitor,CHRM5,"TUBA1A, TUBB, TUBB4B",,,KIF11;MDM2;WEE1;RASGRF1;BTK;ARAP3;PSMB6;PRPF8;TNPO1;MED1;CHN2;MAD2L2;HMMR;RACGAP1;ATAD2;PSMC6;ITK;ARHGEF26;CDC42EP3;GTF2I,0.1142857149243354,CKLGZXFOLMHCMC-UHFFFAOYSA-N,OPXLLQIJSORQAM-UHFFFAOYSA-N
CGP-Align,,,,,,,,,,,,,figure6_panel_f_mechanism_cases_source,195.0,,,,,,,,,,,,,,,,,,,,,,,,,,,,,,,,,,,,,1060.0,1.0,0.7908244729042053,0.5061086416244507,50.0,26.0,0.3513513513513513,1.256351603930026e-46,45.90088880146085,9.0,5.0,Cell cycle/mitosis:2; DNA damage/repair:2; Nuclear receptor/xenobiotic:2; Proteostasis:2,mebendazole,VU0238429,tubulin polymerization inhibitor,acetylcholine receptor allosteric modulator,CHRM5,"TUBA1A, TUBB, TUBB4B",,,KIF11;MDM2;WEE1;RASGRF1;BTK;ARAP3;PSMB6;PRPF8;TNPO1;MED1;CHN2;MAD2L2;HMMR;RACGAP1;ATAD2;PSMC6;ITK;ARHGEF26;CDC42EP3;GTF2I,0.1142857149243354,OPXLLQIJSORQAM-UHFFFAOYSA-N,CKLGZXFOLMHCMC-UHFFFAOYSA-N
CGP-Align,,,,,,,,,,,,,figure6_panel_f_mechanism_cases_source,794.0,,,,,,,,,,,,,,,,,,,,,,,,,,,,,,,,,,,,,1241.0,1.0,0.7838197946548462,0.4477426707744598,50.0,26.0,0.3513513513513513,1.256351603930026e-46,45.90088880146085,8.0,6.0,MAPK/RTK:2; Proteostasis:2; Cell cycle/mitosis:1; DNA damage/repair:1,nocodazole,BNC105,tubulin polymerization inhibitor,tubulin polymerization inhibitor,HPGDS,,,,KIF11;MDM2;BTK;WEE1;TNPO1;PRPF8;RACGAP1;MED1;RASGRF1;ITK;ARAP3;MAP3K2;MED14;CSK;AFF3;CHN2;BMX;GRB7;ELAC1;MAD2L2,0.1739130467176437,KYRVNWMVYQXFEU-UHFFFAOYSA-N,RADMJHVVIZTENA-UHFFFAOYSA-N
CGP-Align,,,,,,,,,,,,,figure6_panel_f_mechanism_cases_source,794.0,,,,,,,,,,,,,,,,,,,,,,,,,,,,,,,,,,,,,1241.0,1.0,0.7838197946548462,0.4477426707744598,50.0,26.0,0.3513513513513513,1.256351603930026e-46,45.90088880146085,8.0,6.0,MAPK/RTK:2; Proteostasis:2; Cell cycle/mitosis:1; DNA damage/repair:1,BNC105,nocodazole,tubulin polymerization inhibitor,tubulin polymerization inhibitor,HPGDS,,,,KIF11;MDM2;BTK;WEE1;TNPO1;PRPF8;RACGAP1;MED1;RASGRF1;ITK;ARAP3;MAP3K2;MED14;CSK;AFF3;CHN2;BMX;GRB7;ELAC1;MAD2L2,0.1739130467176437,RADMJHVVIZTENA-UHFFFAOYSA-N,KYRVNWMVYQXFEU-UHFFFAOYSA-N
CGP-Align,,,,,,,,,,,,,figure6_panel_f_mechanism_cases_source,514.0,,,,,,,,,,,,,,,,,,,,,,,,,,,,,,,,,,,,,1119.0,1.0,0.7758414149284363,0.3723987638950348,50.0,26.0,0.3513513513513513,1.256351603930026e-46,45.90088880146085,6.0,3.0,Cell cycle/mitosis:3; DNA damage/repair:2; Nuclear receptor/xenobiotic:1,mocetinostat,CUDC-101,HDAC inhibitor,EGFR inhibitor,"HDAC1, HDAC11, HDAC2, HDAC3","EGFR, ERBB2",,,CHN2;REV3L;CDC25A;POLQ;SOCS6;WRN;BRCA2;ARHGEF26;CCNA1;SYT11;UBTF;TAGAP;FBXO5;CDC42EP3;CISH;WEE1;SGK3;RACGAP1;PI4KA;MED13,0.0943396240472793,HRNLUBSXIHFDHP-UHFFFAOYSA-N,PLIVFNIUGLLCEK-UHFFFAOYSA-N
CGP-Align,,,,,,,,,,,,,figure6_panel_f_mechanism_cases_source,562.0,,,,,,,,,,,,,,,,,,,,,,,,,,,,,,,,,,,,,1300.0,1.0,0.841325581073761,0.6553443670272827,50.0,25.0,0.3333333333333333,3.851724614109988e-44,43.414344771092615,4.0,4.0,Cell cycle/mitosis:1; DNA damage/repair:1; Microtubule:1; Nuclear receptor/xenobiotic:1,D-64131,JK-184,microtubule inhibitor,hedgehog pathway inhibitor,TUBB,,,,MDM2;MAD2L2;KIF11;PTTG1;CHN2;SH3BP4;PRPF8;WEE1;SNAPC4;MED1;EIF2S2;TAX1BP3;RTN4;RASGRF1;GTF2I;HDLBP;CYP2B6;LSP1;PUM1;LBH,0.1621621549129486,ICMIJSRDISNKOC-UHFFFAOYSA-N,ROYXIPOUVGDTAO-UHFFFAOYSA-N
CGP-Align,,,,,,,,,,,,,figure6_panel_f_mechanism_cases_source,562.0,,,,,,,,,,,,,,,,,,,,,,,,,,,,,,,,,,,,,1300.0,1.0,0.841325581073761,0.6553443670272827,50.0,25.0,0.3333333333333333,3.851724614109988e-44,43.414344771092615,4.0,4.0,Cell cycle/mitosis:1; DNA damage/repair:1; Microtubule:1; Nuclear receptor/xenobiotic:1,JK-184,D-64131,hedgehog pathway inhibitor,microtubule inhibitor,TUBB,,,,MDM2;MAD2L2;KIF11;PTTG1;CHN2;SH3BP4;PRPF8;WEE1;SNAPC4;MED1;EIF2S2;TAX1BP3;RTN4;RASGRF1;GTF2I;HDLBP;CYP2B6;LSP1;PUM1;LBH,0.1621621549129486,ROYXIPOUVGDTAO-UHFFFAOYSA-N,ICMIJSRDISNKOC-UHFFFAOYSA-N
CGP-Align,,,,,,,,,,,,,figure6_panel_f_mechanism_cases_source,942.0,,,,,,,,,,,,,,,,,,,,,,,,,,,,,,,,,,,,,1092.0,1.0,0.848807156085968,0.3431143462657928,50.0,25.0,0.3333333333333333,3.851724614109988e-44,43.414344771092615,5.0,3.0,Nuclear receptor/xenobiotic:3; Cell cycle/mitosis:1; Proteostasis:1,M-344,JNJ-26481585,HDAC inhibitor,HDAC inhibitor,,"HDAC1, HDAC10, HDAC11, HDAC2, HDAC3, HDAC4, HDAC5, HDAC6, HDAC7, HDAC8, HDAC9, MDM2",MDM2,MDM2,SOCS6;ARHGEF26;FBXO5;PRPF8;EPHA4;TRRAP;HOXA2;PSMB6;NGEF;BLK;CHN2;MDM2;ARAP3;CSK;FARP2;SRC;CCNA1;LYN;PRDM2;REV3L,0.1500000059604644,MXWDSZWTBOCWBK-UHFFFAOYSA-N,PAWIYAYFNXQGAP-UHFFFAOYSA-N
CGP-Align,,,,,,,,,,,,,figure6_panel_f_mechanism_cases_source,1787.0,,,,,,,,,,,,,,,,,,,,,,,,,,,,,,,,,,,,,1437.0,1.0,0.8561190962791443,0.3943718373775482,50.0,24.0,0.3157894736842105,1.0496823698947559e-41,40.978942096997415,3.0,2.0,Nuclear receptor/xenobiotic:2; Lipid/transport state:1,dasatinib,vandetanib,"Bcr-Abl kinase inhibitor, ephrin inhibitor, KIT inhibitor, PDGFR tyrosine kinase receptor inhibitor, src inhibitor, tyrosine kinase inhibitor","EGFR inhibitor, RET tyrosine kinase inhibitor, VEGFR inhibitor","EGFR, EPHA1, EPHA10, EPHA2, EPHA3, EPHA4, EPHA5, EPHA6, EPHA7, EPHA8, EPHB1, EPHB2, EPHB3, EPHB4, EPHB6, ERBB2, ERBB3, ERBB4, FLT1, FLT4, KDR, PTK6, RET, SRC, TEK, VEGFA","ABL1, ABL2, BLK, EPHA2, FGR, FRK, FYN, HCK, KIT, LCK, LYN, PDGFRB, SRC, SRMS, STAT5B, YES1",EPHA4,EPHA4,CHN2;RUNX3;TAGAP;RUNX1;RUNX2;SYT11;AFF1;SYT12;MED14;STARD8;STARD13;AFF3;MDM2;REV3L;RD3;SLC2A11;SOCS6;ASAP3;NSD1;DEF6,0.1327433586120605,ZBNZXTGUTAYRHI-UHFFFAOYSA-N,UHTHHESEBZOYNR-UHFFFAOYSA-N
CGP-Align,,,,,,,,,,,,,figure6_panel_f_mechanism_cases_source,806.0,,,,,,,,,,,,,,,,,,,,,,,,,,,,,,,,,,,,,816.0,1.0,0.7272903919219971,0.4717710316181183,50.0,23.0,0.2987012987012987,2.5463133512683163e-39,38.59408815278256,5.0,3.0,Cell cycle/mitosis:2; Nuclear receptor/xenobiotic:2; Microtubule:1,CD-437,crystal-violet,retinoid receptor agonist,other antibiotic,RARG,,,,CHN2;PRPF8;ARHGEF26;DDX56;TFDP2;MDM2;NGEF;TFDP1;ARHGEF16;TRRAP;REV3L;MED14;CCNA1;SGK3;HOXA2;KIF11;RACGAP1;CCNA2;E2F4;POLQ,0.1000000014901161,LDGIHZJOIQSHPB-UHFFFAOYSA-N,LGLFFNDHMLKUMI-UHFFFAOYSA-N
CGP-Align,,,,,,,,,,,,,figure6_panel_f_mechanism_cases_source,534.0,,,,,,,,,,,,,,,,,,,,,,,,,,,,,,,,,,,,,1238.0,1.0,0.807223379611969,0.3748982846736908,50.0,22.0,0.282051282051282,5.50373248182237e-37,36.25934268387355,2.0,2.0,Cell cycle/mitosis:1; Epigenetic/chromatin:1,PHA-793887,barasertib-HQPA,CDK inhibitor,Aurora kinase inhibitor,"CDK1, CDK2, CDK4, CDK5, CDK7, CDK9",AURKB,,,PI4KA;HS1BP3;NCF4;WRN;SYT4;CD40;USP24;PSTPIP1;TNFRSF14;GRB7;SGK3;CHN2;SGK1;CRKL;CCNA1;TRIP10;SNX16;KDM5A;TRRAP;RFC1,0.0884955748915672,HUXYBQXJVXOMKX-UHFFFAOYSA-N,QYZOGCMHVIGURT-UHFFFAOYSA-N
CGP-Align,,,,,,,,,,,,,figure6_panel_f_mechanism_cases_source,1694.0,,,,,,,,,,,,,,,,,,,,,,,,,,,,,,,,,,,,,1210.0,1.0,0.8105785250663757,0.358294665813446,50.0,21.0,0.2658227848101265,1.0606796405142755e-34,33.97441576724446,4.0,3.0,DNA damage/repair:2; Cell cycle/mitosis:1; Microtubule:1,terbutaline,tipiracil,adrenergic receptor agonist,thymidine phosphorylase inhibitor,TYMP,ADRB2,,,POLQ;KSR2;PPP1R3A;GAB1;RAD52;CHN2;EIF5;PHACTR1;AXIN2;E2F4;SRA1;TOP2A;EGLN2;MSH3;REV3L;WASL;KHDRBS1;CDKN2A;WWTR1;MDM2,0.0344827584922313,XWTYSIMOBUGWOL-UHFFFAOYSA-N,QQHMKNYGKVVGCZ-UHFFFAOYSA-N
CGP-Align,,,,,,,,,,,,,figure6_panel_f_mechanism_cases_source,543.0,,,,,,,,,,,,,,,,,,,,,,,,,,,,,,,,,,,,,1241.0,1.0,0.727379560470581,0.4584642946720123,50.0,18.0,0.2195121951219512,3.819985189669634e-28,27.417938320872903,4.0,4.0,Cell cycle/mitosis:1; DNA damage/repair:1; Microtubule:1; Nuclear receptor/xenobiotic:1,albendazole,BNC105,tubulin polymerization inhibitor,tubulin polymerization inhibitor,"TUBA1A, TUBB, TUBB4B",,,,KIF11;MDM2;TNPO1;WEE1;BTK;MED1;RACGAP1;MED14;ARAP3;MAD2L2;IRAK4;ELAC1;BMX;BUD31;GRB7;RDX;MSN;TRIM27,0.1641791015863418,HXHWSAZORRCQMX-UHFFFAOYSA-N,RADMJHVVIZTENA-UHFFFAOYSA-N
CGP-Align,,,,,,,,,,,,,figure6_panel_f_mechanism_cases_source,1245.0,,,,,,,,,,,,,,,,,,,,,,,,,,,,,,,,,,,,,1241.0,1.0,0.7093281745910645,0.4423142671585083,50.0,17.0,0.2048192771084337,4.650693465164187e-26,25.33248228460693,3.0,3.0,Cell cycle/mitosis:1; DNA damage/repair:1; Microtubule:1,oxibendazole,BNC105,tubulin polymerization inhibitor,tubulin polymerization inhibitor,,"TUBB, TUBB4B",,,KIF11;MDM2;BTK;TNPO1;MED1;MED14;PHF13;WEE1;IRAK4;RACGAP1;CSK;PRPF8;BMX;MAD2L2;BUD31;AFF3;MSN,0.1515151560306549,RAOCRURYZCVHMG-UHFFFAOYSA-N,RADMJHVVIZTENA-UHFFFAOYSA-N
CGP-Align,,,,,,,,,,,,,figure6_panel_f_mechanism_cases_source,1282.0,,,,,,,,,,,,,,,,,,,,,,,,,,,,,,,,,,,,,945.0,1.0,0.8355039954185486,0.4391600787639618,50.0,15.0,0.1764705882352941,4.846287989994583e-22,21.31459078154205,1.0,1.0,Nuclear receptor/xenobiotic:1,niclosamide,tyrphostin-A9,"DNA replication inhibitor, STAT inhibitor","protein tyrosine kinase inhibitor, tyrosine kinase inhibitor",,STAT3,,,ZBTB20;REV3L;TLX3;PPARGC1A;ID3;NFIA;ETV5;MIXL1;TYMS;WWTR1;ID1;KLF12;HES1;MYOD1;NKX2-5,0.0819672122597694,RJMUSRYZPJIFPJ-UHFFFAOYSA-N,MZOPWQKISXCCTP-UHFFFAOYSA-N
CGP-Align,,,,,,,,,,,,,figure6_panel_f_mechanism_cases_source,1128.0,,,,,,,,,,,,,,,,,,,,,,,,,,,,,,,,,,,,,1169.0,1.0,0.7612420916557312,0.3893680870532989,50.0,15.0,0.1764705882352941,4.846287989994583e-22,21.31459078154205,2.0,2.0,Cell cycle/mitosis:1; MAPK/RTK:1,TW-37,gossypol,BCL inhibitor,"BCL inhibitor, MCL1 inhibitor","BCL2, BCL2L1, MCL1",BCL2,,,REV3L;THPO;CCNA1;SRC;BLK;SGK3;CHN2;NANOG;NCKIPSD;MAPKAPK2;MED13;ISYNA1;PRPF8;USP10;PPP1R3C,0.1558441519737243,PQAPVTKIEGUPRN-UHFFFAOYSA-N,QBKSWRVVCFFDOT-UHFFFAOYSA-N
CGP-Align,,,,,,,,,,,,,figure6_panel_f_mechanism_cases_source,1641.0,,,,,,,,,,,,,,,,,,,,,,,,,,,,,,,,,,,,,555.0,1.0,0.653432309627533,0.4574241638183594,50.0,14.0,0.1627906976744186,4.131649942757383e-20,19.383876481530194,7.0,4.0,Nuclear receptor/xenobiotic:3; MAPK/RTK:2; Cell cycle/mitosis:1; Epigenetic/chromatin:1,pentamidine,EVP4593,anti-pneumocystis agent,NFkB pathway inhibitor,,TRDMT1,,,AAAS;MAP2K2;YBX1;AURKA;MFN1;APBB3;MAP2K5;RPS6KB1;SMARCA1;STARD10;PPARGC1A;PCNA;FDFT1;TLK1,0.1475409865379333,XDRYMKDFEDOLFX-UHFFFAOYSA-N,IBAKVEUZKHOWNG-UHFFFAOYSA-N
CGP-Align,,,,,,,,,,,,,figure6_panel_f_mechanism_cases_source,1394.0,,,,,,,,,,,,,,,,,,,,,,,,,,,,,,,,,,,,,1241.0,1.0,0.6995350122451782,0.4376116991043091,50.0,13.0,0.1494252873563218,3.112505483083019e-18,17.506889874829348,4.0,4.0,Cell cycle/mitosis:1; DNA damage/repair:1; Microtubule:1; Nuclear receptor/xenobiotic:1,methiazole,BNC105,anthelmintic agent,tubulin polymerization inhibitor,,,,,KIF11;MDM2;TNPO1;BTK;WEE1;RACGAP1;MED1;ARAP3;MED14;IRAK4;MAD2L2;BMX;BUD31,0.1515151560306549,SXJIZQPZESTWLD-UHFFFAOYSA-N,RADMJHVVIZTENA-UHFFFAOYSA-N
CGP-Align,,,,,,,,,,,,,figure6_panel_f_mechanism_cases_source,1839.0,,,,,,,,,,,,,,,,,,,,,,,,,,,,,,,,,,,,,555.0,1.0,0.6145532131195068,0.345996081829071,50.0,9.0,0.0989010989010989,2.668054406809387e-11,10.573805318557522,0.0,0.0,,octenidine,EVP4593,membrane integrity inhibitor,NFkB pathway inhibitor,,,,,RASL11A;YBX1;AAAS;SOX17;MYBL2;FERMT3;ZNF367;LRAT;SENP3,0.1044776141643524,ZVXNYZWXUADSRV-UHFFFAOYSA-N,IBAKVEUZKHOWNG-UHFFFAOYSA-N
