method,pair_a,pair_b,mechanism_category,shared_gene_count,pair_shared_genes
AtomPair,273,387,Cell cycle/mitosis,2,32
AtomPair,273,387,Epigenetic/chromatin,1,32
AtomPair,688,717,Cell cycle/mitosis,3,13
AtomPair,688,717,Nuclear receptor/xenobiotic,1,13
AtomPair,187,1637,Nuclear receptor/xenobiotic,2,13
AtomPair,1128,1169,Cell cycle/mitosis,1,15
AtomPair,1128,1169,MAPK/RTK,1,15
AtomPair,116,1486,Cell cycle/mitosis,2,35
AtomPair,116,1486,Nuclear receptor/xenobiotic,2,35
AtomPair,116,1486,DNA damage/repair,1,35
AtomPair,116,1486,MAPK/RTK,1,35
AtomPair,116,1486,PI3K/AKT/mTOR,1,35
AtomPair,358,481,Microtubule,1,27
AtomPair,358,481,PI3K/AKT/mTOR,1,27
AtomPair,529,1299,Cell cycle/mitosis,1,17
AtomPair,33,1110,Epigenetic/chromatin,1,18
AtomPair,1011,1235,PI3K/AKT/mTOR,2,21
AtomPair,1011,1235,Cell cycle/mitosis,1,21
AtomPair,1011,1235,Microtubule,1,21
AtomPair,191,1564,Cell cycle/mitosis,1,15
AtomPair,958,1585,Cell cycle/mitosis,2,32
AtomPair,958,1585,MAPK/RTK,2,32
AtomPair,958,1585,Nuclear receptor/xenobiotic,1,32
AtomPair,281,385,MAPK/RTK,1,16
AtomPair,281,385,Nuclear receptor/xenobiotic,1,16
AtomPair,1420,1781,Cell cycle/mitosis,1,24
AtomPair,7,1282,Cell cycle/mitosis,1,21
AtomPair,7,1282,Lipid/transport state,1,21
AtomPair,7,1282,Nuclear receptor/xenobiotic,1,21
AtomPair,51,1238,Cell cycle/mitosis,1,31
AtomPair,51,1238,MAPK/RTK,1,31
AtomPair,187,1186,Cell cycle/mitosis,3,25
AtomPair,187,1186,MAPK/RTK,1,25
AtomPair,187,1186,Microtubule,1,25
AtomPair,187,1186,Nuclear receptor/xenobiotic,1,25
AtomPair,187,1186,PI3K/AKT/mTOR,1,25
AtomPair,227,1189,Cell cycle/mitosis,2,29
AtomPair,227,1189,PI3K/AKT/mTOR,2,29
AtomPair,1161,1224,Cell cycle/mitosis,1,3
AtomPair,314,514,Cell cycle/mitosis,1,6
AtomPair,314,514,Microtubule,1,6
AtomPair,841,1081,Nuclear receptor/xenobiotic,4,29
AtomPair,841,1081,Cell cycle/mitosis,2,29
AtomPair,841,1081,DNA damage/repair,1,29
AtomPair,379,1220,Cell cycle/mitosis,1,23
AtomPair,379,1220,DNA damage/repair,1,23
AtomPair,379,1220,MAPK/RTK,1,23
AtomPair,379,1220,Nuclear receptor/xenobiotic,1,23
AtomPair,787,976,Cell cycle/mitosis,3,35
AtomPair,787,976,PI3K/AKT/mTOR,2,35
AtomPair,787,976,Nuclear receptor/xenobiotic,1,35
AtomPair,681,1112,Proteostasis,1,21
AtomPair,1175,1524,Cell cycle/mitosis,1,24
AtomPair,1175,1524,DNA damage/repair,1,24
AtomPair,1175,1524,Lipid/transport state,1,24
AtomPair,1175,1524,MAPK/RTK,1,24
AtomPair,1175,1524,PI3K/AKT/mTOR,1,24
AtomPair,841,1080,Cell cycle/mitosis,2,24
AtomPair,841,1080,Nuclear receptor/xenobiotic,2,24
AtomPair,841,1080,MAPK/RTK,1,24
AtomPair,528,1238,Cell cycle/mitosis,2,27
AtomPair,1598,1835,Cell cycle/mitosis,1,7
AtomPair,1598,1835,Lipid/transport state,1,7
AtomPair,698,1220,Cell cycle/mitosis,1,32
AtomPair,698,1220,Lipid/transport state,1,32
AtomPair,698,1220,PI3K/AKT/mTOR,1,32
AtomPair,336,513,Cell cycle/mitosis,2,21
AtomPair,385,1828,MAPK/RTK,2,30
AtomPair,385,1828,Nuclear receptor/xenobiotic,2,30
AtomPair,385,1828,DNA damage/repair,1,30
AtomPair,387,1080,Nuclear receptor/xenobiotic,2,30
AtomPair,387,1080,Cell cycle/mitosis,1,30
AtomPair,387,1080,DNA damage/repair,1,30
AtomPair,387,1080,MAPK/RTK,1,30
AtomPair,350,1047,Nuclear receptor/xenobiotic,3,26
AtomPair,350,1047,Cell cycle/mitosis,1,26
AtomPair,350,1047,Lipid/transport state,1,26
AtomPair,350,1047,MAPK/RTK,1,26
AtomPair,1285,1854,DNA damage/repair,1,27
AtomPair,861,1330,Cell cycle/mitosis,1,17
AtomPair,861,1330,Epigenetic/chromatin,1,17
AtomPair,861,1330,Microtubule,1,17
AtomPair,1189,1238,Cell cycle/mitosis,2,29
AtomPair,83,1338,Cell cycle/mitosis,3,13
AtomPair,273,841,Cell cycle/mitosis,3,30
AtomPair,273,841,PI3K/AKT/mTOR,1,30
AtomPair,320,1649,Cell cycle/mitosis,2,11
AtomPair,570,1503,Cell cycle/mitosis,2,24
AtomPair,1585,1649,Cell cycle/mitosis,3,24
AtomPair,1431,1596,Nuclear receptor/xenobiotic,2,24
AtomPair,1431,1596,Cell cycle/mitosis,1,24
AtomPair,1431,1596,Lipid/transport state,1,24
AtomPair,178,514,DNA damage/repair,1,13
AtomPair,120,1110,Epigenetic/chromatin,1,21
AtomPair,1220,1267,Lipid/transport state,1,23
AtomPair,1220,1267,PI3K/AKT/mTOR,1,23
AtomPair,479,571,Nuclear receptor/xenobiotic,5,37
AtomPair,479,571,Cell cycle/mitosis,2,37
AtomPair,479,571,PI3K/AKT/mTOR,1,37
AtomPair,713,1220,Microtubule,1,20
AtomPair,713,1220,Nuclear receptor/xenobiotic,1,20
AtomPair,93,556,MAPK/RTK,2,13
AtomPair,93,556,Cell cycle/mitosis,1,13
AtomPair,93,556,Microtubule,1,13
AtomPair,93,556,Nuclear receptor/xenobiotic,1,13
AtomPair,449,1649,Cell cycle/mitosis,1,12
AtomPair,449,1649,MAPK/RTK,1,12
AtomPair,461,886,MAPK/RTK,2,30
AtomPair,461,886,Epigenetic/chromatin,1,30
AtomPair,461,886,Lipid/transport state,1,30
AtomPair,461,886,Nuclear receptor/xenobiotic,1,30
AtomPair,1277,1486,Cell cycle/mitosis,2,20
AtomPair,1277,1486,MAPK/RTK,1,20
AtomPair,1137,1754,DNA damage/repair,1,5
AtomPair,35,232,Nuclear receptor/xenobiotic,4,34
AtomPair,35,232,Cell cycle/mitosis,1,34
AtomPair,481,1011,Cell cycle/mitosis,2,27
AtomPair,481,1011,PI3K/AKT/mTOR,2,27
AtomPair,481,1011,Microtubule,1,27
AtomPair,227,1401,Cell cycle/mitosis,2,36
AtomPair,227,1401,DNA damage/repair,2,36
AtomPair,227,1401,PI3K/AKT/mTOR,2,36
AtomPair,1486,1781,Nuclear receptor/xenobiotic,1,26
AtomPair,273,396,Cell cycle/mitosis,1,29
AtomPair,273,396,PI3K/AKT/mTOR,1,29
AtomPair,1080,1763,Cell cycle/mitosis,2,30
AtomPair,1080,1763,Lipid/transport state,1,30
AtomPair,1080,1763,PI3K/AKT/mTOR,1,30
AtomPair,1074,1339,Cell cycle/mitosis,1,10
AtomPair,87,100,Nuclear receptor/xenobiotic,1,19
AtomPair,881,1269,PI3K/AKT/mTOR,2,24
AtomPair,881,1269,Cell cycle/mitosis,1,24
AtomPair,881,1269,Nuclear receptor/xenobiotic,1,24
AtomPair,219,1052,PI3K/AKT/mTOR,1,11
AtomPair,387,396,Cell cycle/mitosis,1,32
AtomPair,387,396,MAPK/RTK,1,32
AtomPair,83,529,Cell cycle/mitosis,2,24
AtomPair,83,529,Microtubule,1,24
AtomPair,83,529,Nuclear receptor/xenobiotic,1,24
AtomPair,83,529,PI3K/AKT/mTOR,1,24
AtomPair,31,1787,Nuclear receptor/xenobiotic,3,25
AtomPair,31,1787,MAPK/RTK,1,25
AtomPair,556,1680,MAPK/RTK,1,12
AtomPair,1323,1489,Cell cycle/mitosis,2,30
AtomPair,1323,1489,Nuclear receptor/xenobiotic,2,30
AtomPair,1323,1489,DNA damage/repair,1,30
AtomPair,1323,1489,MAPK/RTK,1,30
AtomPair,83,1069,Cell cycle/mitosis,1,7
AtomPair,387,1238,Cell cycle/mitosis,2,35
AtomPair,387,1238,Epigenetic/chromatin,1,35
AtomPair,1060,1428,Nuclear receptor/xenobiotic,1,3
AtomPair,1382,1763,Cell cycle/mitosis,2,25
AtomPair,608,1073,Cell cycle/mitosis,1,33
AtomPair,608,1073,MAPK/RTK,1,33
AtomPair,33,232,Cell cycle/mitosis,2,29
AtomPair,33,232,MAPK/RTK,1,29
AtomPair,33,232,PI3K/AKT/mTOR,1,29
AtomPair,36,1571,Microtubule,1,3
AtomPair,1226,1730,Cell cycle/mitosis,1,20
AtomPair,1226,1730,PI3K/AKT/mTOR,1,20
AtomPair,1214,1787,Nuclear receptor/xenobiotic,3,25
AtomPair,205,1104,Proteostasis,1,1
AtomPair,33,116,Cell cycle/mitosis,2,26
AtomPair,33,116,MAPK/RTK,1,26
AtomPair,33,116,Nuclear receptor/xenobiotic,1,26
AtomPair,33,116,PI3K/AKT/mTOR,1,26
AtomPair,529,1315,MAPK/RTK,1,7
AtomPair,1112,1649,Nuclear receptor/xenobiotic,1,25
AtomPair,1112,1649,Proteostasis,1,25
AtomPair,436,841,Cell cycle/mitosis,2,23
AtomPair,436,841,DNA damage/repair,1,23
AtomPair,436,841,PI3K/AKT/mTOR,1,23
AtomPair,1214,1238,MAPK/RTK,1,23
AtomPair,116,120,MAPK/RTK,2,31
AtomPair,116,120,Cell cycle/mitosis,1,31
AtomPair,116,120,Nuclear receptor/xenobiotic,1,31
AtomPair,273,1080,Cell cycle/mitosis,1,27
AtomPair,273,1080,PI3K/AKT/mTOR,1,27
AtomPair,1299,1338,Cell cycle/mitosis,1,19
AtomPair,1420,1787,Lipid/transport state,1,21
AtomPair,1420,1787,Nuclear receptor/xenobiotic,1,21
AtomPair,1420,1787,PI3K/AKT/mTOR,1,21
AtomPair,1382,1486,Cell cycle/mitosis,3,23
AtomPair,1382,1486,DNA damage/repair,1,23
AtomPair,33,1189,Cell cycle/mitosis,2,25
AtomPair,33,1189,PI3K/AKT/mTOR,2,25
AtomPair,33,1189,Nuclear receptor/xenobiotic,1,25
AtomPair,820,1805,Cell cycle/mitosis,1,8
AtomPair,87,844,Nuclear receptor/xenobiotic,2,26
AtomPair,87,844,Epigenetic/chromatin,1,26
AtomPair,87,844,PI3K/AKT/mTOR,1,26
AtomPair,87,608,Epigenetic/chromatin,1,20
AtomPair,87,608,MAPK/RTK,1,20
AtomPair,1080,1382,Cell cycle/mitosis,2,26
AtomPair,1080,1382,DNA damage/repair,1,26
AtomPair,1235,1389,Cell cycle/mitosis,1,11
AtomPair,1235,1389,Microtubule,1,11
AtomPair,1235,1389,PI3K/AKT/mTOR,1,11
AtomPair,1119,1382,Cell cycle/mitosis,3,23
AtomPair,1119,1382,DNA damage/repair,1,23
AtomPair,300,1846,Cell cycle/mitosis,1,25
AtomPair,300,1846,Epigenetic/chromatin,1,25
AtomPair,300,1846,Lipid/transport state,1,25
AtomPair,1079,1585,Nuclear receptor/xenobiotic,3,34
AtomPair,1079,1585,Cell cycle/mitosis,1,34
AtomPair,1079,1585,Epigenetic/chromatin,1,34
AtomPair,1079,1585,MAPK/RTK,1,34
AtomPair,1079,1585,PI3K/AKT/mTOR,1,34
AtomPair,1220,1323,Cell cycle/mitosis,2,32
AtomPair,1220,1323,DNA damage/repair,1,32
AtomPair,1220,1323,MAPK/RTK,1,32
AtomPair,1220,1323,PI3K/AKT/mTOR,1,32
AtomPair,571,1649,Cell cycle/mitosis,2,26
AtomPair,528,1835,Cell cycle/mitosis,1,23
AtomPair,528,1835,Lipid/transport state,1,23
AtomPair,300,1341,Cell cycle/mitosis,1,27
AtomPair,300,1341,Lipid/transport state,1,27
AtomPair,546,898,MAPK/RTK,1,10
AtomPair,546,898,Nuclear receptor/xenobiotic,1,10
AtomPair,543,1137,DNA damage/repair,1,6
AtomPair,120,309,MAPK/RTK,2,30
AtomPair,120,309,Cell cycle/mitosis,1,30
AtomPair,120,309,Epigenetic/chromatin,1,30
AtomPair,120,309,Nuclear receptor/xenobiotic,1,30
AtomPair,51,120,Cell cycle/mitosis,1,31
AtomPair,51,120,MAPK/RTK,1,31
AtomPair,529,1338,Cell cycle/mitosis,1,19
AtomPair,309,841,Cell cycle/mitosis,3,30
AtomPair,309,841,MAPK/RTK,1,30
AtomPair,309,841,Nuclear receptor/xenobiotic,1,30
AtomPair,1428,1692,Cell cycle/mitosis,1,1
AtomPair,1011,1401,Cell cycle/mitosis,2,29
AtomPair,1011,1401,PI3K/AKT/mTOR,2,29
AtomPair,1011,1401,Microtubule,1,29
AtomPair,33,449,Cell cycle/mitosis,1,20
AtomPair,33,449,Microtubule,1,20
AtomPair,33,449,Nuclear receptor/xenobiotic,1,20
AtomPair,33,449,PI3K/AKT/mTOR,1,20
AtomPair,1323,1649,Cell cycle/mitosis,3,25
AtomPair,1189,1382,Cell cycle/mitosis,3,26
AtomPair,1137,1245,Cell cycle/mitosis,1,6
AtomPair,1137,1245,DNA damage/repair,1,6
AtomPair,309,1763,Cell cycle/mitosis,1,31
AtomPair,309,1763,Epigenetic/chromatin,1,31
AtomPair,309,1763,MAPK/RTK,1,31
AtomPair,309,1763,Nuclear receptor/xenobiotic,1,31
AtomPair,13,586,Cell cycle/mitosis,2,24
AtomPair,13,586,PI3K/AKT/mTOR,1,24
AtomPair,303,1697,Cell cycle/mitosis,2,31
AtomPair,303,1697,MAPK/RTK,1,31
AtomPair,303,1697,PI3K/AKT/mTOR,1,31
AtomPair,105,1238,Cell cycle/mitosis,1,27
AtomPair,698,1649,Cell cycle/mitosis,1,28
AtomPair,698,1649,MAPK/RTK,1,28
AtomPair,1486,1585,Cell cycle/mitosis,3,33
AtomPair,1486,1585,Nuclear receptor/xenobiotic,2,33
AtomPair,1486,1585,MAPK/RTK,1,33
AtomPair,1486,1585,PI3K/AKT/mTOR,1,33
AtomPair,934,1341,Cell cycle/mitosis,1,29
AtomPair,934,1341,Lipid/transport state,1,29
AtomPair,934,1341,PI3K/AKT/mTOR,1,29
AtomPair,1079,1220,Cell cycle/mitosis,1,34
AtomPair,1079,1220,Epigenetic/chromatin,1,34
AtomPair,1079,1220,MAPK/RTK,1,34
AtomPair,1079,1220,Nuclear receptor/xenobiotic,1,34
AtomPair,1079,1220,PI3K/AKT/mTOR,1,34
AtomPair,673,1189,Cell cycle/mitosis,3,30
AtomPair,673,1189,Nuclear receptor/xenobiotic,1,30
AtomPair,673,1189,PI3K/AKT/mTOR,1,30
AtomPair,460,632,Lipid/transport state,3,14
AtomPair,460,632,Cell cycle/mitosis,1,14
AtomPair,314,613,MAPK/RTK,1,4
AtomPair,105,1763,Cell cycle/mitosis,1,28
AtomPair,105,1763,PI3K/AKT/mTOR,1,28
AtomPair,83,958,Cell cycle/mitosis,2,24
AtomPair,83,958,DNA damage/repair,1,24
AtomPair,83,958,Nuclear receptor/xenobiotic,1,24
AtomPair,205,1338,Cell cycle/mitosis,1,8
AtomPair,672,1220,Cell cycle/mitosis,1,37
AtomPair,672,1220,DNA damage/repair,1,37
AtomPair,672,1220,Epigenetic/chromatin,1,37
AtomPair,672,1220,Lipid/transport state,1,37
AtomPair,672,1220,Nuclear receptor/xenobiotic,1,37
AtomPair,672,1220,PI3K/AKT/mTOR,1,37
AtomPair,120,1189,Cell cycle/mitosis,1,26
AtomPair,120,1189,Nuclear receptor/xenobiotic,1,26
AtomPair,841,1763,Cell cycle/mitosis,2,22
AtomPair,461,1079,MAPK/RTK,2,39
AtomPair,461,1079,Cell cycle/mitosis,1,39
AtomPair,461,1079,Epigenetic/chromatin,1,39
AtomPair,461,1079,Nuclear receptor/xenobiotic,1,39
AtomPair,461,1079,PI3K/AKT/mTOR,1,39
AtomPair,35,387,Nuclear receptor/xenobiotic,2,27
AtomPair,1389,1763,Cell cycle/mitosis,2,31
AtomPair,1389,1763,Epigenetic/chromatin,1,31
AtomPair,1389,1763,Lipid/transport state,1,31
AtomPair,1389,1763,MAPK/RTK,1,31
AtomPair,1389,1763,Nuclear receptor/xenobiotic,1,31
AtomPair,1389,1763,PI3K/AKT/mTOR,1,31
AtomPair,794,1637,Cell cycle/mitosis,1,12
AtomPair,794,1637,Nuclear receptor/xenobiotic,1,12
AtomPair,436,1382,Cell cycle/mitosis,2,25
AtomPair,436,1382,DNA damage/repair,1,25
AtomPair,314,1719,Cell cycle/mitosis,1,8
AtomPair,314,1719,Nuclear receptor/xenobiotic,1,8
AtomPair,273,1719,Cell cycle/mitosis,3,20
AtomPair,1323,1585,Cell cycle/mitosis,3,33
AtomPair,1323,1585,Nuclear receptor/xenobiotic,2,33
AtomPair,1323,1585,MAPK/RTK,1,33
AtomPair,1323,1585,PI3K/AKT/mTOR,1,33
AtomPair,555,1702,Cell cycle/mitosis,2,5
AtomPair,688,806,Cell cycle/mitosis,2,22
AtomPair,688,806,Nuclear receptor/xenobiotic,2,22
AtomPair,688,806,MAPK/RTK,1,22
AtomPair,942,1092,Nuclear receptor/xenobiotic,3,25
AtomPair,942,1092,Cell cycle/mitosis,1,25
AtomPair,942,1092,Proteostasis,1,25
AtomPair,865,1119,Nuclear receptor/xenobiotic,2,19
AtomPair,232,1004,Cell cycle/mitosis,2,17
AtomPair,232,1004,MAPK/RTK,1,17
AtomPair,232,1004,Nuclear receptor/xenobiotic,1,17
AtomPair,232,1004,PI3K/AKT/mTOR,1,17
AtomPair,33,1238,Cell cycle/mitosis,1,16
AtomPair,0,1235,PI3K/AKT/mTOR,2,19
AtomPair,525,1527,Cell cycle/mitosis,1,27
AtomPair,525,1527,Lipid/transport state,1,27
AtomPair,105,387,Nuclear receptor/xenobiotic,2,34
AtomPair,105,387,Cell cycle/mitosis,1,34
AtomPair,105,387,DNA damage/repair,1,34
AtomPair,105,387,MAPK/RTK,1,34
AtomPair,1043,1709,Nuclear receptor/xenobiotic,1,12
AtomPair,33,1043,PI3K/AKT/mTOR,1,21
AtomPair,396,1238,Cell cycle/mitosis,1,30
AtomPair,1226,1389,Cell cycle/mitosis,2,27
AtomPair,1226,1389,Nuclear receptor/xenobiotic,2,27
AtomPair,1226,1389,MAPK/RTK,1,27
AtomPair,1226,1389,PI3K/AKT/mTOR,1,27
AtomPair,481,586,Cell cycle/mitosis,2,22
AtomPair,481,586,PI3K/AKT/mTOR,1,22
AtomPair,35,1236,Nuclear receptor/xenobiotic,5,30
AtomPair,35,1236,Cell cycle/mitosis,1,30
AtomPair,273,320,Cell cycle/mitosis,2,11
AtomPair,273,320,PI3K/AKT/mTOR,1,11
AtomPair,1011,1269,PI3K/AKT/mTOR,2,23
AtomPair,1011,1269,Cell cycle/mitosis,1,23
AtomPair,1011,1269,Microtubule,1,23
AtomPair,1486,1649,Cell cycle/mitosis,3,25
AtomPair,51,1220,Cell cycle/mitosis,1,33
AtomPair,51,1220,Lipid/transport state,1,33
AtomPair,1196,1214,Nuclear receptor/xenobiotic,1,18
AtomPair,1161,1571,Cell cycle/mitosis,1,19
AtomPair,1161,1571,Microtubule,1,19
AtomPair,1161,1571,PI3K/AKT/mTOR,1,19
AtomPair,1004,1214,Epigenetic/chromatin,1,10
AtomPair,1004,1214,Nuclear receptor/xenobiotic,1,10
AtomPair,85,436,Cell cycle/mitosis,1,16
AtomPair,85,436,Lipid/transport state,1,16
AtomPair,226,908,Nuclear receptor/xenobiotic,2,15
AtomPair,534,1585,Cell cycle/mitosis,1,7
AtomPair,1236,1649,Cell cycle/mitosis,1,21
AtomPair,1236,1649,MAPK/RTK,1,21
AtomPair,1597,1763,Cell cycle/mitosis,1,12
AtomPair,1597,1763,Epigenetic/chromatin,1,12
AtomPair,1597,1763,PI3K/AKT/mTOR,1,12
AtomPair,529,1241,MAPK/RTK,2,11
AtomPair,529,1241,Nuclear receptor/xenobiotic,1,11
AtomPair,387,1486,Cell cycle/mitosis,2,34
AtomPair,387,1486,Nuclear receptor/xenobiotic,2,34
AtomPair,387,1486,DNA damage/repair,1,34
AtomPair,387,1486,MAPK/RTK,1,34
AtomPair,1081,1486,Nuclear receptor/xenobiotic,3,20
AtomPair,1081,1486,Cell cycle/mitosis,2,20
AtomPair,841,1835,Nuclear receptor/xenobiotic,1,15
AtomPair,1186,1220,Cell cycle/mitosis,3,35
AtomPair,1186,1220,Epigenetic/chromatin,1,35
AtomPair,1186,1220,Lipid/transport state,1,35
AtomPair,1186,1220,MAPK/RTK,1,35
AtomPair,1186,1220,Microtubule,1,35
AtomPair,1186,1220,Nuclear receptor/xenobiotic,1,35
AtomPair,1186,1220,PI3K/AKT/mTOR,1,35
AtomPair,528,1110,DNA damage/repair,1,21
AtomPair,309,1196,Cell cycle/mitosis,2,25
AtomPair,309,1196,MAPK/RTK,1,25
AtomPair,571,1110,DNA damage/repair,1,18
AtomPair,1220,1236,Cell cycle/mitosis,3,31
AtomPair,1220,1236,DNA damage/repair,1,31
AtomPair,1220,1236,MAPK/RTK,1,31
AtomPair,1220,1236,Nuclear receptor/xenobiotic,1,31
AtomPair,1220,1236,PI3K/AKT/mTOR,1,31
AtomPair,195,685,Nuclear receptor/xenobiotic,1,7
AtomPair,1069,1338,Cell cycle/mitosis,3,12
AtomPair,178,314,DNA damage/repair,1,1
AtomPair,1175,1596,Cell cycle/mitosis,1,24
AtomPair,1175,1596,Lipid/transport state,1,24
AtomPair,1175,1596,MAPK/RTK,1,24
AtomPair,1175,1596,PI3K/AKT/mTOR,1,24
AtomPair,673,865,Nuclear receptor/xenobiotic,2,20
AtomPair,33,1214,Epigenetic/chromatin,1,21
AtomPair,33,1214,Nuclear receptor/xenobiotic,1,21
AtomPair,294,1559,Cell cycle/mitosis,1,5
AtomPair,1080,1119,Nuclear receptor/xenobiotic,4,31
AtomPair,1080,1119,Cell cycle/mitosis,1,31
AtomPair,1080,1119,DNA damage/repair,1,31
AtomPair,178,334,DNA damage/repair,1,7
AtomPair,698,1489,Cell cycle/mitosis,1,25
AtomPair,320,1238,Cell cycle/mitosis,2,10
AtomPair,841,1486,Cell cycle/mitosis,3,29
AtomPair,841,1486,Nuclear receptor/xenobiotic,2,29
AtomPair,841,1486,MAPK/RTK,1,29
AtomPair,841,1486,PI3K/AKT/mTOR,1,29
AtomPair,1238,1486,Cell cycle/mitosis,3,28
AtomPair,1236,1323,Nuclear receptor/xenobiotic,3,33
AtomPair,1236,1323,Cell cycle/mitosis,2,33
AtomPair,1236,1323,DNA damage/repair,1,33
AtomPair,1236,1323,MAPK/RTK,1,33
AtomPair,1236,1323,PI3K/AKT/mTOR,1,33
AtomPair,1220,1489,Cell cycle/mitosis,1,26
AtomPair,1220,1489,DNA damage/repair,1,26
AtomPair,1220,1489,MAPK/RTK,1,26
AtomPair,99,1047,Cell cycle/mitosis,2,21
AtomPair,99,1047,MAPK/RTK,1,21
AtomPair,99,1047,PI3K/AKT/mTOR,1,21
AtomPair,0,636,DNA damage/repair,2,31
AtomPair,0,636,PI3K/AKT/mTOR,2,31
AtomPair,1220,1649,Cell cycle/mitosis,1,22
AtomPair,1110,1489,DNA damage/repair,1,21
AtomPair,110,350,Nuclear receptor/xenobiotic,2,16
AtomPair,110,350,Cell cycle/mitosis,1,16
AtomPair,110,350,DNA damage/repair,1,16
AtomPair,110,350,Epigenetic/chromatin,1,16
AtomPair,13,358,PI3K/AKT/mTOR,1,28
AtomPair,514,1539,Cell cycle/mitosis,2,19
AtomPair,514,1539,DNA damage/repair,1,19
AtomPair,314,1236,Cell cycle/mitosis,1,5
AtomPair,314,1236,Nuclear receptor/xenobiotic,1,5
AtomPair,273,436,PI3K/AKT/mTOR,2,27
AtomPair,273,436,Cell cycle/mitosis,1,27
AtomPair,762,1420,Cell cycle/mitosis,1,30
AtomPair,762,1420,MAPK/RTK,1,30
AtomPair,762,1420,PI3K/AKT/mTOR,1,30
AtomPair,205,1637,Nuclear receptor/xenobiotic,1,10
AtomPair,698,1238,Cell cycle/mitosis,1,31
AtomPair,698,1238,Epigenetic/chromatin,1,31
AtomPair,698,1238,MAPK/RTK,1,31
AtomPair,33,51,Cell cycle/mitosis,1,27
AtomPair,303,976,Cell cycle/mitosis,3,31
AtomPair,303,976,MAPK/RTK,1,31
AtomPair,303,976,Nuclear receptor/xenobiotic,1,31
AtomPair,303,976,PI3K/AKT/mTOR,1,31
AtomPair,1079,1781,Epigenetic/chromatin,1,30
AtomPair,1079,1781,Nuclear receptor/xenobiotic,1,30
AtomPair,672,1835,Lipid/transport state,1,22
AtomPair,94,1235,Cell cycle/mitosis,1,17
AtomPair,94,1235,Nuclear receptor/xenobiotic,1,17
AtomPair,94,1235,PI3K/AKT/mTOR,1,17
AtomPair,636,762,PI3K/AKT/mTOR,2,31
AtomPair,636,762,Cell cycle/mitosis,1,31
AtomPair,636,762,DNA damage/repair,1,31
AtomPair,246,1617,Cell cycle/mitosis,2,13
AtomPair,33,571,Cell cycle/mitosis,2,26
AtomPair,33,571,Nuclear receptor/xenobiotic,1,26
AtomPair,33,571,PI3K/AKT/mTOR,1,26
AtomPair,116,336,DNA damage/repair,2,25
AtomPair,116,336,Cell cycle/mitosis,1,25
AtomPair,116,336,PI3K/AKT/mTOR,1,25
AtomPair,387,436,Cell cycle/mitosis,1,23
AtomPair,387,436,DNA damage/repair,1,23
AtomPair,681,1081,Nuclear receptor/xenobiotic,3,24
AtomPair,681,1081,Cell cycle/mitosis,2,24
AtomPair,1112,1835,Nuclear receptor/xenobiotic,1,18
AtomPair,309,1389,MAPK/RTK,2,27
AtomPair,309,1389,Nuclear receptor/xenobiotic,2,27
AtomPair,309,1389,Cell cycle/mitosis,1,27
AtomPair,309,1389,Epigenetic/chromatin,1,27
AtomPair,227,1382,Cell cycle/mitosis,2,21
AtomPair,227,1382,DNA damage/repair,1,21
AtomPair,571,1238,Cell cycle/mitosis,1,29
AtomPair,1079,1787,Nuclear receptor/xenobiotic,3,26
AtomPair,1079,1787,MAPK/RTK,1,26
AtomPair,1079,1787,PI3K/AKT/mTOR,1,26
AtomPair,571,1277,Cell cycle/mitosis,1,18
AtomPair,571,1277,Lipid/transport state,1,18
AtomPair,1210,1328,DNA damage/repair,1,6
AtomPair,1585,1763,Cell cycle/mitosis,2,30
AtomPair,1585,1763,Epigenetic/chromatin,1,30
AtomPair,1585,1763,PI3K/AKT/mTOR,1,30
AtomPair,461,1437,Lipid/transport state,1,32
AtomPair,461,1437,MAPK/RTK,1,32
AtomPair,794,1300,Cell cycle/mitosis,1,12
AtomPair,794,1300,DNA damage/repair,1,12
AtomPair,794,1300,Microtubule,1,12
AtomPair,99,439,Cell cycle/mitosis,3,28
AtomPair,99,439,MAPK/RTK,3,28
AtomPair,99,439,Microtubule,1,28
AtomPair,99,439,PI3K/AKT/mTOR,1,28
AtomPair,350,1805,Nuclear receptor/xenobiotic,3,31
AtomPair,350,1805,Cell cycle/mitosis,2,31
AtomPair,350,1805,DNA damage/repair,1,31
AtomPair,350,1805,Epigenetic/chromatin,1,31
AtomPair,350,1805,Lipid/transport state,1,31
AtomPair,1382,1835,Cell cycle/mitosis,1,17
AtomPair,13,1011,Cell cycle/mitosis,2,31
AtomPair,13,1011,PI3K/AKT/mTOR,2,31
AtomPair,13,1011,DNA damage/repair,1,31
AtomPair,334,1186,Cell cycle/mitosis,4,15
AtomPair,334,1186,Nuclear receptor/xenobiotic,2,15
AtomPair,227,841,Cell cycle/mitosis,2,26
AtomPair,227,841,DNA damage/repair,1,26
AtomPair,227,841,PI3K/AKT/mTOR,1,26
AtomPair,1076,1435,Nuclear receptor/xenobiotic,2,8
AtomPair,976,1056,Cell cycle/mitosis,3,30
AtomPair,976,1056,Nuclear receptor/xenobiotic,2,30
AtomPair,580,1692,Cell cycle/mitosis,1,1
AtomPair,762,1073,Cell cycle/mitosis,2,35
AtomPair,762,1073,MAPK/RTK,1,35
AtomPair,762,1073,PI3K/AKT/mTOR,1,35
AtomPair,273,1119,Cell cycle/mitosis,2,31
AtomPair,273,1119,PI3K/AKT/mTOR,1,31
AtomPair,1220,1486,Cell cycle/mitosis,3,32
AtomPair,1220,1486,DNA damage/repair,1,32
AtomPair,1220,1486,MAPK/RTK,1,32
AtomPair,1220,1486,Nuclear receptor/xenobiotic,1,32
AtomPair,1220,1486,PI3K/AKT/mTOR,1,32
AtomPair,232,1196,Cell cycle/mitosis,1,26
AtomPair,232,1196,MAPK/RTK,1,26
AtomPair,232,1196,PI3K/AKT/mTOR,1,26
AtomPair,83,543,DNA damage/repair,1,8
AtomPair,205,1226,MAPK/RTK,2,16
AtomPair,205,1226,Nuclear receptor/xenobiotic,2,16
AtomPair,27,571,Cell cycle/mitosis,1,23
AtomPair,681,1338,Cell cycle/mitosis,2,18
AtomPair,1214,1649,MAPK/RTK,1,21
AtomPair,387,1236,Nuclear receptor/xenobiotic,2,27
AtomPair,387,1236,Cell cycle/mitosis,1,27
AtomPair,387,1236,DNA damage/repair,1,27
AtomPair,387,1236,MAPK/RTK,1,27
AtomPair,1060,1470,DNA damage/repair,3,10
AtomPair,1060,1470,Cell cycle/mitosis,1,10
AtomPair,218,1318,Lipid/transport state,1,15
AtomPair,218,1318,Nuclear receptor/xenobiotic,1,15
AtomPair,120,1486,Cell cycle/mitosis,1,29
AtomPair,120,1486,MAPK/RTK,1,29
AtomPair,120,1486,Nuclear receptor/xenobiotic,1,29
AtomPair,217,1052,Cell cycle/mitosis,1,12
AtomPair,320,387,Cell cycle/mitosis,2,12
AtomPair,320,387,MAPK/RTK,1,12
AtomPair,320,387,Nuclear receptor/xenobiotic,1,12
AtomPair,816,1460,Cell cycle/mitosis,1,11
AtomPair,0,481,PI3K/AKT/mTOR,2,27
AtomPair,0,481,Cell cycle/mitosis,1,27
AtomPair,116,1238,Cell cycle/mitosis,1,31
AtomPair,116,1238,MAPK/RTK,1,31
AtomPair,396,1043,Lipid/transport state,1,21
AtomPair,396,1043,Nuclear receptor/xenobiotic,1,21
AtomPair,396,1043,PI3K/AKT/mTOR,1,21
AtomPair,1226,1235,Cell cycle/mitosis,1,20
AtomPair,1226,1235,Nuclear receptor/xenobiotic,1,20
AtomPair,1226,1235,PI3K/AKT/mTOR,1,20
AtomPair,1236,1382,Cell cycle/mitosis,3,24
AtomPair,1236,1382,DNA damage/repair,1,24
AtomPair,187,514,Cell cycle/mitosis,4,21
AtomPair,187,514,DNA damage/repair,2,21
AtomPair,187,514,Nuclear receptor/xenobiotic,1,21
AtomPair,449,1043,Lipid/transport state,1,16
AtomPair,449,1043,PI3K/AKT/mTOR,1,16
AtomPair,33,1186,Cell cycle/mitosis,3,30
AtomPair,33,1186,Epigenetic/chromatin,1,30
AtomPair,33,1186,MAPK/RTK,1,30
AtomPair,33,1186,Microtubule,1,30
AtomPair,33,1186,Nuclear receptor/xenobiotic,1,30
AtomPair,33,1186,PI3K/AKT/mTOR,1,30
AtomPair,105,1719,Nuclear receptor/xenobiotic,2,16
AtomPair,105,1719,Cell cycle/mitosis,1,16
AtomPair,105,1719,MAPK/RTK,1,16
AtomPair,389,1081,Nuclear receptor/xenobiotic,4,18
AtomPair,555,1557,Cell cycle/mitosis,1,2
AtomPair,156,232,Nuclear receptor/xenobiotic,1,16
AtomPair,105,246,Cell cycle/mitosis,1,28
AtomPair,105,246,Nuclear receptor/xenobiotic,1,28
AtomPair,334,1598,Nuclear receptor/xenobiotic,1,5
AtomPair,1060,1338,Cell cycle/mitosis,1,7
AtomPair,273,1617,Cell cycle/mitosis,1,10
AtomPair,1236,1716,Cell cycle/mitosis,1,24
AtomPair,1236,1716,DNA damage/repair,1,24
AtomPair,1236,1716,PI3K/AKT/mTOR,1,24
AtomPair,570,1585,Cell cycle/mitosis,2,19
AtomPair,283,836,Cell cycle/mitosis,3,25
AtomPair,283,836,DNA damage/repair,1,25
AtomPair,283,836,Lipid/transport state,1,25
AtomPair,283,836,Microtubule,1,25
AtomPair,283,836,PI3K/AKT/mTOR,1,25
AtomPair,94,300,Cell cycle/mitosis,1,21
AtomPair,94,300,Lipid/transport state,1,21
AtomPair,613,1186,Cell cycle/mitosis,3,14
AtomPair,613,1186,Lipid/transport state,1,14
AtomPair,120,232,MAPK/RTK,2,28
AtomPair,120,232,Cell cycle/mitosis,1,28
AtomPair,592,1539,Cell cycle/mitosis,1,15
AtomPair,592,1539,DNA damage/repair,1,15
AtomPair,592,1539,Nuclear receptor/xenobiotic,1,15
AtomPair,681,1389,Cell cycle/mitosis,2,20
AtomPair,681,1389,MAPK/RTK,1,20
AtomPair,681,1389,Nuclear receptor/xenobiotic,1,20
AtomPair,681,1389,PI3K/AKT/mTOR,1,20
AtomPair,116,309,MAPK/RTK,2,33
AtomPair,116,309,Cell cycle/mitosis,1,33
AtomPair,116,309,Nuclear receptor/xenobiotic,1,33
AtomPair,1110,1220,DNA damage/repair,1,19
AtomPair,1110,1220,Epigenetic/chromatin,1,19
AtomPair,99,1805,Cell cycle/mitosis,2,13
AtomPair,99,1805,DNA damage/repair,1,13
AtomPair,387,528,Cell cycle/mitosis,1,31
AtomPair,387,528,DNA damage/repair,1,31
AtomPair,387,528,MAPK/RTK,1,31
AtomPair,387,528,Nuclear receptor/xenobiotic,1,31
AtomPair,51,1501,MAPK/RTK,1,10
AtomPair,246,436,Cell cycle/mitosis,2,23
AtomPair,200,820,Cell cycle/mitosis,2,24
AtomPair,200,820,MAPK/RTK,2,24
AtomPair,200,820,Nuclear receptor/xenobiotic,2,24
AtomPair,200,820,PI3K/AKT/mTOR,1,24
AtomPair,529,1637,Nuclear receptor/xenobiotic,1,21
AtomPair,1073,1787,Lipid/transport state,1,19
AtomPair,1073,1787,MAPK/RTK,1,19
AtomPair,1073,1787,PI3K/AKT/mTOR,1,19
AtomPair,681,1189,Cell cycle/mitosis,3,36
AtomPair,681,1189,Nuclear receptor/xenobiotic,2,36
AtomPair,681,1189,PI3K/AKT/mTOR,2,36
AtomPair,300,1420,Cell cycle/mitosis,1,30
AtomPair,300,1420,Lipid/transport state,1,30
AtomPair,300,1420,MAPK/RTK,1,30
AtomPair,1649,1719,Cell cycle/mitosis,2,15
AtomPair,570,673,Cell cycle/mitosis,2,19
AtomPair,534,1323,Cell cycle/mitosis,1,14
AtomPair,534,1323,Nuclear receptor/xenobiotic,1,14
AtomPair,227,1011,Cell cycle/mitosis,2,27
AtomPair,227,1011,PI3K/AKT/mTOR,2,27
AtomPair,227,1011,DNA damage/repair,1,27
AtomPair,174,528,MAPK/RTK,1,5
AtomPair,195,562,Cell cycle/mitosis,1,12
AtomPair,195,562,DNA damage/repair,1,12
AtomPair,195,562,Microtubule,1,12
AtomPair,334,1470,Cell cycle/mitosis,2,7
AtomPair,334,1470,DNA damage/repair,1,7
AtomPair,334,1470,Nuclear receptor/xenobiotic,1,7
AtomPair,273,1649,Cell cycle/mitosis,2,30
AtomPair,273,1649,MAPK/RTK,1,30
AtomPair,1503,1763,Cell cycle/mitosis,2,24
AtomPair,1503,1763,PI3K/AKT/mTOR,1,24
AtomPair,217,976,Cell cycle/mitosis,1,21
AtomPair,217,976,MAPK/RTK,1,21
AtomPair,217,976,Nuclear receptor/xenobiotic,1,21
AtomPair,672,1110,DNA damage/repair,1,24
AtomPair,672,1110,Epigenetic/chromatin,1,24
AtomPair,27,1236,Cell cycle/mitosis,1,21
AtomPair,27,1236,MAPK/RTK,1,21
AtomPair,120,1214,Epigenetic/chromatin,1,27
AtomPair,120,1214,MAPK/RTK,1,27
AtomPair,120,1214,Nuclear receptor/xenobiotic,1,27
AtomPair,794,1226,MAPK/RTK,2,13
AtomPair,794,1226,Nuclear receptor/xenobiotic,1,13
AtomPair,1238,1719,Cell cycle/mitosis,2,14
AtomPair,571,1220,Cell cycle/mitosis,1,32
AtomPair,571,1220,DNA damage/repair,1,32
AtomPair,571,1220,Lipid/transport state,1,32
AtomPair,571,1220,Nuclear receptor/xenobiotic,1,32
AtomPair,571,1220,PI3K/AKT/mTOR,1,32
AtomPair,83,1235,Cell cycle/mitosis,1,20
AtomPair,83,1235,DNA damage/repair,1,20
AtomPair,83,1235,PI3K/AKT/mTOR,1,20
AtomPair,302,1214,Cell cycle/mitosis,1,26
AtomPair,672,1489,Cell cycle/mitosis,1,25
AtomPair,672,1489,DNA damage/repair,1,25
AtomPair,320,1043,Nuclear receptor/xenobiotic,1,5
AtomPair,320,1043,PI3K/AKT/mTOR,1,5
AtomPair,402,1627,DNA damage/repair,2,14
AtomPair,402,1627,Nuclear receptor/xenobiotic,1,14
AtomPair,580,1637,Cell cycle/mitosis,1,3
AtomPair,794,1428,Cell cycle/mitosis,1,5
AtomPair,794,1428,Nuclear receptor/xenobiotic,1,5
AtomPair,794,1428,Proteostasis,1,5
AtomPair,685,1186,Cell cycle/mitosis,6,33
AtomPair,685,1186,Nuclear receptor/xenobiotic,3,33
AtomPair,685,1186,PI3K/AKT/mTOR,1,33
AtomPair,1486,1739,Cell cycle/mitosis,1,21
AtomPair,1486,1739,PI3K/AKT/mTOR,1,21
AtomPair,713,1186,Nuclear receptor/xenobiotic,3,19
AtomPair,713,1186,Microtubule,1,19
AtomPair,85,178,Epigenetic/chromatin,1,18
AtomPair,85,178,Lipid/transport state,1,18
AtomPair,85,178,Nuclear receptor/xenobiotic,1,18
AtomPair,1323,1382,Cell cycle/mitosis,3,26
AtomPair,1323,1382,DNA damage/repair,1,26
AtomPair,1069,1352,Cell cycle/mitosis,1,2
AtomPair,958,1169,Cell cycle/mitosis,1,13
AtomPair,958,1169,DNA damage/repair,1,13
AtomPair,303,672,Cell cycle/mitosis,1,34
AtomPair,303,672,Epigenetic/chromatin,1,34
AtomPair,303,672,MAPK/RTK,1,34
AtomPair,303,672,Nuclear receptor/xenobiotic,1,34
AtomPair,303,672,PI3K/AKT/mTOR,1,34
AtomPair,178,592,DNA damage/repair,1,14
AtomPair,479,1220,Cell cycle/mitosis,3,30
AtomPair,479,1220,MAPK/RTK,1,30
AtomPair,479,1220,Nuclear receptor/xenobiotic,1,30
AtomPair,479,1220,PI3K/AKT/mTOR,1,30
AtomPair,387,1763,Cell cycle/mitosis,1,25
AtomPair,841,1238,Cell cycle/mitosis,2,28
AtomPair,1238,1382,Cell cycle/mitosis,1,19
AtomPair,1486,1709,Cell cycle/mitosis,1,17
AtomPair,1486,1709,Nuclear receptor/xenobiotic,1,17
AtomPair,528,1220,Cell cycle/mitosis,3,39
AtomPair,528,1220,DNA damage/repair,1,39
AtomPair,528,1220,Lipid/transport state,1,39
AtomPair,528,1220,MAPK/RTK,1,39
AtomPair,528,1220,Nuclear receptor/xenobiotic,1,39
AtomPair,528,1220,PI3K/AKT/mTOR,1,39
AtomPair,336,436,Cell cycle/mitosis,1,35
AtomPair,336,436,DNA damage/repair,1,35
AtomPair,336,436,PI3K/AKT/mTOR,1,35
AtomPair,200,265,Nuclear receptor/xenobiotic,4,29
AtomPair,200,265,Cell cycle/mitosis,2,29
AtomPair,200,265,MAPK/RTK,1,29
AtomPair,200,265,PI3K/AKT/mTOR,1,29
AtomPair,534,681,Cell cycle/mitosis,1,10
AtomPair,534,681,Nuclear receptor/xenobiotic,1,10
AtomPair,105,1236,Cell cycle/mitosis,2,31
AtomPair,105,1236,Nuclear receptor/xenobiotic,2,31
AtomPair,105,1236,DNA damage/repair,1,31
AtomPair,105,1236,MAPK/RTK,1,31
AtomPair,105,1236,PI3K/AKT/mTOR,1,31
AtomPair,841,1235,Cell cycle/mitosis,1,18
AtomPair,841,1235,Nuclear receptor/xenobiotic,1,18
AtomPair,841,1235,PI3K/AKT/mTOR,1,18
AtomPair,1060,1104,Proteostasis,1,1
AtomPair,283,1716,Cell cycle/mitosis,1,28
AtomPair,283,1716,DNA damage/repair,1,28
AtomPair,283,1716,PI3K/AKT/mTOR,1,28
AtomPair,534,698,Epigenetic/chromatin,1,10
AtomPair,1080,1585,Cell cycle/mitosis,2,33
AtomPair,1080,1585,Nuclear receptor/xenobiotic,2,33
AtomPair,1080,1585,MAPK/RTK,1,33
AtomPair,1080,1585,PI3K/AKT/mTOR,1,33
AtomPair,278,1245,Cell cycle/mitosis,1,7
AtomPair,278,1245,DNA damage/repair,1,7
AtomPair,1238,1763,Cell cycle/mitosis,1,28
AtomPair,1238,1763,MAPK/RTK,1,28
AtomPair,1238,1763,Proteostasis,1,28
AtomPair,1043,1739,Lipid/transport state,1,20
AtomPair,1073,1079,MAPK/RTK,2,31
AtomPair,1073,1079,Cell cycle/mitosis,1,31
AtomPair,1073,1079,PI3K/AKT/mTOR,1,31
AtomPair,580,794,Cell cycle/mitosis,1,4
AtomPair,580,794,Nuclear receptor/xenobiotic,1,4
AtomPair,10,1474,Cell cycle/mitosis,1,6
AtomPair,10,1474,Microtubule,1,6
AtomPair,671,1754,Apoptosis,1,4
AtomPair,671,1754,MAPK/RTK,1,4
AtomPair,806,958,Nuclear receptor/xenobiotic,2,18
AtomPair,806,958,MAPK/RTK,1,18
AtomPair,806,958,Microtubule,1,18
AtomPair,227,1119,DNA damage/repair,2,27
AtomPair,227,1119,Cell cycle/mitosis,1,27
AtomPair,227,1119,PI3K/AKT/mTOR,1,27
AtomPair,794,1692,Cell cycle/mitosis,2,17
AtomPair,794,1692,DNA damage/repair,2,17
AtomPair,794,1692,MAPK/RTK,2,17
AtomPair,794,1692,Nuclear receptor/xenobiotic,2,17
AtomPair,51,283,Cell cycle/mitosis,2,27
AtomPair,51,283,Lipid/transport state,1,27
AtomPair,1060,1300,Cell cycle/mitosis,1,14
AtomPair,1060,1300,DNA damage/repair,1,14
AtomPair,1060,1300,Microtubule,1,14
AtomPair,449,1220,Cell cycle/mitosis,2,21
AtomPair,449,1220,Lipid/transport state,1,21
AtomPair,449,1220,Microtubule,1,21
AtomPair,449,1220,PI3K/AKT/mTOR,1,21
AtomPair,1338,1382,Cell cycle/mitosis,4,17
AtomPair,389,1787,Nuclear receptor/xenobiotic,5,26
AtomPair,1382,1649,Cell cycle/mitosis,2,17
AtomPair,1080,1189,Cell cycle/mitosis,2,32
AtomPair,1080,1189,Nuclear receptor/xenobiotic,2,32
AtomPair,1080,1189,PI3K/AKT/mTOR,1,32
AtomPair,83,1730,Cell cycle/mitosis,1,13
AtomPair,1382,1585,Cell cycle/mitosis,3,25
AtomPair,35,571,Nuclear receptor/xenobiotic,4,29
AtomPair,120,1561,MAPK/RTK,1,8
AtomPair,120,1561,Microtubule,1,8
AtomPair,83,1178,Cell cycle/mitosis,1,13
AtomPair,83,1178,DNA damage/repair,1,13
AtomPair,613,812,Cell cycle/mitosis,2,13
AtomPair,613,812,Lipid/transport state,1,13
AtomPair,613,812,MAPK/RTK,1,13
AtomPair,586,1235,Cell cycle/mitosis,1,16
AtomPair,586,1235,Nuclear receptor/xenobiotic,1,16
AtomPair,586,1235,PI3K/AKT/mTOR,1,16
AtomPair,421,1468,Cell cycle/mitosis,1,15
AtomPair,421,1468,Lipid/transport state,1,15
AtomPair,421,1468,MAPK/RTK,1,15
AtomPair,436,1119,Cell cycle/mitosis,1,22
AtomPair,436,1119,DNA damage/repair,1,22
AtomPair,436,1119,PI3K/AKT/mTOR,1,22
AtomPair,283,1835,Lipid/transport state,1,17
AtomPair,283,1835,Microtubule,1,17
AtomPair,1214,1585,Epigenetic/chromatin,1,21
AtomPair,1214,1585,Nuclear receptor/xenobiotic,1,21
AtomPair,187,450,Cell cycle/mitosis,4,32
AtomPair,187,450,DNA damage/repair,2,32
AtomPair,187,450,Microtubule,1,32
AtomPair,187,450,Nuclear receptor/xenobiotic,1,32
AtomPair,187,450,PI3K/AKT/mTOR,1,32
AtomPair,334,571,Nuclear receptor/xenobiotic,5,15
AtomPair,334,571,Cell cycle/mitosis,1,15
AtomPair,334,571,DNA damage/repair,1,15
AtomPair,881,1692,Cell cycle/mitosis,1,17
AtomPair,881,1692,MAPK/RTK,1,17
AtomPair,881,1692,Nuclear receptor/xenobiotic,1,17
AtomPair,881,1692,PI3K/AKT/mTOR,1,17
AtomPair,200,1805,Nuclear receptor/xenobiotic,2,13
AtomPair,200,1805,Cell cycle/mitosis,1,13
AtomPair,1394,1637,Nuclear receptor/xenobiotic,1,6
AtomPair,688,1719,Cell cycle/mitosis,2,16
AtomPair,688,1719,MAPK/RTK,1,16
AtomPair,688,1719,Nuclear receptor/xenobiotic,1,16
AtomPair,33,673,Cell cycle/mitosis,1,24
AtomPair,33,673,Epigenetic/chromatin,1,24
AtomPair,33,673,Nuclear receptor/xenobiotic,1,24
AtomPair,33,673,PI3K/AKT/mTOR,1,24
AtomPair,571,1489,Nuclear receptor/xenobiotic,3,26
AtomPair,571,1489,Cell cycle/mitosis,1,26
AtomPair,571,1489,DNA damage/repair,1,26
AtomPair,528,1649,Cell cycle/mitosis,2,24
AtomPair,1590,1754,Nuclear receptor/xenobiotic,1,2
AtomPair,83,1226,Cell cycle/mitosis,2,24
AtomPair,83,1226,Nuclear receptor/xenobiotic,2,24
AtomPair,698,1236,Cell cycle/mitosis,1,30
AtomPair,698,1236,MAPK/RTK,1,30
AtomPair,698,1236,Nuclear receptor/xenobiotic,1,30
AtomPair,698,1236,PI3K/AKT/mTOR,1,30
AtomPair,265,1805,Nuclear receptor/xenobiotic,3,18
AtomPair,265,1805,Cell cycle/mitosis,2,18
AtomPair,265,1805,Lipid/transport state,1,18
AtomPair,688,1523,Cell cycle/mitosis,2,12
AtomPair,688,1523,Nuclear receptor/xenobiotic,2,12
AtomPair,35,1220,Cell cycle/mitosis,1,26
AtomPair,35,1220,Nuclear receptor/xenobiotic,1,26
AtomPair,976,1052,Cell cycle/mitosis,1,13
AtomPair,976,1052,PI3K/AKT/mTOR,1,13
AtomPair,309,1486,Cell cycle/mitosis,2,32
AtomPair,309,1486,Nuclear receptor/xenobiotic,2,32
AtomPair,309,1486,MAPK/RTK,1,32
AtomPair,529,1585,Cell cycle/mitosis,2,29
AtomPair,529,1585,MAPK/RTK,2,29
AtomPair,529,1585,Nuclear receptor/xenobiotic,2,29
AtomPair,367,1420,Lipid/transport state,1,22
AtomPair,367,1420,MAPK/RTK,1,22
AtomPair,367,1420,Nuclear receptor/xenobiotic,1,22
AtomPair,562,635,Microtubule,1,3
AtomPair,958,1076,DNA damage/repair,1,6
AtomPair,1484,1581,Epigenetic/chromatin,1,13
AtomPair,105,1597,Nuclear receptor/xenobiotic,2,14
AtomPair,105,1597,Cell cycle/mitosis,1,14
AtomPair,105,1597,PI3K/AKT/mTOR,1,14
AtomPair,278,543,DNA damage/repair,1,6
AtomPair,379,586,Nuclear receptor/xenobiotic,2,22
AtomPair,379,586,Cell cycle/mitosis,1,22
AtomPair,379,586,MAPK/RTK,1,22
AtomPair,219,976,PI3K/AKT/mTOR,1,15
AtomPair,82,1052,PI3K/AKT/mTOR,1,9
AtomPair,227,1196,Cell cycle/mitosis,2,31
AtomPair,227,1196,PI3K/AKT/mTOR,2,31
AtomPair,227,1196,DNA damage/repair,1,31
AtomPair,958,1787,MAPK/RTK,2,23
AtomPair,958,1787,Nuclear receptor/xenobiotic,1,23
AtomPair,1080,1238,Cell cycle/mitosis,1,23
AtomPair,120,681,Cell cycle/mitosis,1,25
AtomPair,120,681,MAPK/RTK,1,25
AtomPair,120,681,Nuclear receptor/xenobiotic,1,25
AtomPair,0,1401,PI3K/AKT/mTOR,2,31
AtomPair,0,1401,Cell cycle/mitosis,1,31
AtomPair,0,1401,DNA damage/repair,1,31
AtomPair,387,1719,Cell cycle/mitosis,2,20
AtomPair,387,1719,Nuclear receptor/xenobiotic,2,20
AtomPair,387,1719,MAPK/RTK,1,20
AtomPair,449,1835,Lipid/transport state,1,10
AtomPair,449,1835,Microtubule,1,10
AtomPair,534,1080,Nuclear receptor/xenobiotic,1,6
AtomPair,570,1112,Nuclear receptor/xenobiotic,1,23
AtomPair,570,1112,Proteostasis,1,23
AtomPair,529,1486,Nuclear receptor/xenobiotic,3,32
AtomPair,529,1486,Cell cycle/mitosis,2,32
AtomPair,529,1486,MAPK/RTK,1,32
AtomPair,529,1486,PI3K/AKT/mTOR,1,32
AtomPair,1339,1553,Nuclear receptor/xenobiotic,1,8
AtomPair,1220,1539,Cell cycle/mitosis,3,38
AtomPair,1220,1539,DNA damage/repair,1,38
AtomPair,1220,1539,Nuclear receptor/xenobiotic,1,38
AtomPair,1220,1539,PI3K/AKT/mTOR,1,38
AtomPair,1169,1709,Cell cycle/mitosis,1,16
AtomPair,1445,1763,Cell cycle/mitosis,1,10
AtomPair,1445,1763,PI3K/AKT/mTOR,1,10
AtomPair,1110,1585,Epigenetic/chromatin,1,17
AtomPair,1382,1719,Cell cycle/mitosis,1,11
AtomPair,470,1300,Cell cycle/mitosis,1,14
AtomPair,470,1300,DNA damage/repair,1,14
AtomPair,470,1300,Microtubule,1,14
AtomPair,1236,1585,Nuclear receptor/xenobiotic,2,30
AtomPair,1236,1585,Cell cycle/mitosis,1,30
AtomPair,1236,1585,MAPK/RTK,1,30
AtomPair,1236,1585,PI3K/AKT/mTOR,1,30
AtomPair,958,1241,MAPK/RTK,2,18
AtomPair,958,1241,DNA damage/repair,1,18
AtomPair,958,1241,Microtubule,1,18
AtomPair,958,1241,Nuclear receptor/xenobiotic,1,18
AtomPair,1226,1692,Nuclear receptor/xenobiotic,3,23
AtomPair,1226,1692,MAPK/RTK,2,23
AtomPair,1226,1692,Cell cycle/mitosis,1,23
AtomPair,1226,1692,PI3K/AKT/mTOR,1,23
AtomPair,1119,1178,DNA damage/repair,1,7
AtomPair,273,1236,Cell cycle/mitosis,2,25
AtomPair,273,1236,MAPK/RTK,1,25
AtomPair,273,1236,PI3K/AKT/mTOR,1,25
AtomPair,580,1428,Cell cycle/mitosis,1,29
AtomPair,580,1428,Lipid/transport state,1,29
AtomPair,580,1428,Nuclear receptor/xenobiotic,1,29
AtomPair,300,1437,Lipid/transport state,1,25
AtomPair,300,1437,MAPK/RTK,1,25
AtomPair,120,1501,MAPK/RTK,1,12
AtomPair,120,1501,Microtubule,1,12
AtomPair,273,1382,Cell cycle/mitosis,1,21
AtomPair,555,1641,Nuclear receptor/xenobiotic,3,14
AtomPair,555,1641,MAPK/RTK,2,14
AtomPair,555,1641,Cell cycle/mitosis,1,14
AtomPair,555,1641,Epigenetic/chromatin,1,14
AtomPair,1043,1763,Lipid/transport state,1,21
AtomPair,1043,1763,Nuclear receptor/xenobiotic,1,21
AtomPair,1043,1763,PI3K/AKT/mTOR,1,21
AtomPair,436,958,Cell cycle/mitosis,2,24
AtomPair,436,958,DNA damage/repair,1,24
AtomPair,35,1186,Nuclear receptor/xenobiotic,3,26
AtomPair,35,1186,Cell cycle/mitosis,1,26
AtomPair,1047,1707,Cell cycle/mitosis,3,32
AtomPair,1047,1707,Nuclear receptor/xenobiotic,2,32
AtomPair,1047,1707,Lipid/transport state,1,32
AtomPair,1047,1707,MAPK/RTK,1,32
AtomPair,1047,1707,PI3K/AKT/mTOR,1,32
AtomPair,636,1011,PI3K/AKT/mTOR,2,26
AtomPair,636,1011,Cell cycle/mitosis,1,26
AtomPair,636,1011,DNA damage/repair,1,26
AtomPair,449,586,Cell cycle/mitosis,3,20
AtomPair,449,586,PI3K/AKT/mTOR,1,20
AtomPair,314,592,Nuclear receptor/xenobiotic,1,1
AtomPair,528,812,Nuclear receptor/xenobiotic,2,24
AtomPair,528,812,Cell cycle/mitosis,1,24
AtomPair,528,812,Lipid/transport state,1,24
AtomPair,528,812,MAPK/RTK,1,24
AtomPair,0,608,Cell cycle/mitosis,2,32
AtomPair,450,454,Cell cycle/mitosis,2,23
AtomPair,450,454,PI3K/AKT/mTOR,2,23
AtomPair,1060,1692,DNA damage/repair,2,14
AtomPair,1060,1692,Nuclear receptor/xenobiotic,2,14
AtomPair,1060,1692,Cell cycle/mitosis,1,14
AtomPair,1060,1692,MAPK/RTK,1,14
AtomPair,1431,1468,Cell cycle/mitosis,1,24
AtomPair,1431,1468,Lipid/transport state,1,24
AtomPair,1431,1468,Nuclear receptor/xenobiotic,1,24
AtomPair,246,571,Cell cycle/mitosis,2,32
AtomPair,246,571,Nuclear receptor/xenobiotic,2,32
AtomPair,221,599,Cell cycle/mitosis,2,15
AtomPair,221,599,Lipid/transport state,1,15
AtomPair,221,599,Proteostasis,1,15
AtomPair,389,1011,Nuclear receptor/xenobiotic,1,22
AtomPair,1060,1226,MAPK/RTK,1,13
AtomPair,1060,1226,Nuclear receptor/xenobiotic,1,13
AtomPair,1503,1739,Cell cycle/mitosis,1,21
AtomPair,1389,1486,Cell cycle/mitosis,4,26
AtomPair,1389,1486,MAPK/RTK,1,26
AtomPair,1389,1486,Nuclear receptor/xenobiotic,1,26
AtomPair,1389,1486,PI3K/AKT/mTOR,1,26
AtomPair,35,314,DNA damage/repair,1,3
AtomPair,35,314,Nuclear receptor/xenobiotic,1,3
AtomPair,1189,1236,Nuclear receptor/xenobiotic,2,31
AtomPair,1189,1236,Cell cycle/mitosis,1,31
AtomPair,1189,1236,PI3K/AKT/mTOR,1,31
AtomPair,1435,1522,Proteostasis,1,2
AtomPair,1112,1489,Proteostasis,1,20
AtomPair,672,1420,Cell cycle/mitosis,1,32
AtomPair,672,1420,Lipid/transport state,1,32
AtomPair,672,1420,MAPK/RTK,1,32
AtomPair,672,1420,PI3K/AKT/mTOR,1,32
AtomPair,320,1835,Nuclear receptor/xenobiotic,1,5
AtomPair,436,1649,Cell cycle/mitosis,2,19
AtomPair,685,1220,Cell cycle/mitosis,2,23
AtomPair,685,1220,Nuclear receptor/xenobiotic,1,23
AtomPair,685,1220,PI3K/AKT/mTOR,1,23
AtomPair,120,1186,Cell cycle/mitosis,1,30
AtomPair,120,1186,Epigenetic/chromatin,1,30
AtomPair,120,1186,MAPK/RTK,1,30
AtomPair,120,1186,Microtubule,1,30
AtomPair,120,1186,Nuclear receptor/xenobiotic,1,30
AtomPair,1238,1649,Cell cycle/mitosis,2,38
AtomPair,1238,1649,MAPK/RTK,1,38
AtomPair,1238,1649,Nuclear receptor/xenobiotic,1,38
AtomPair,1238,1649,Proteostasis,1,38
AtomPair,232,1739,Cell cycle/mitosis,1,23
AtomPair,232,1739,Lipid/transport state,1,23
AtomPair,116,673,DNA damage/repair,2,27
AtomPair,116,673,Cell cycle/mitosis,1,27
AtomPair,116,673,Nuclear receptor/xenobiotic,1,27
AtomPair,120,389,MAPK/RTK,1,27
AtomPair,120,389,Nuclear receptor/xenobiotic,1,27
AtomPair,1238,1389,Cell cycle/mitosis,2,21
AtomPair,1238,1389,MAPK/RTK,1,21
AtomPair,449,555,Cell cycle/mitosis,1,5
AtomPair,273,1323,Cell cycle/mitosis,2,29
AtomPair,273,1323,PI3K/AKT/mTOR,1,29
AtomPair,83,1763,Cell cycle/mitosis,2,19
AtomPair,1043,1220,Lipid/transport state,1,22
AtomPair,1043,1220,PI3K/AKT/mTOR,1,22
AtomPair,340,1047,Cell cycle/mitosis,1,15
AtomPair,340,1047,Nuclear receptor/xenobiotic,1,15
AtomPair,340,1047,PI3K/AKT/mTOR,1,15
AtomPair,226,358,Cell cycle/mitosis,1,15
AtomPair,100,1647,Cell cycle/mitosis,2,28
AtomPair,0,227,DNA damage/repair,2,35
AtomPair,0,227,PI3K/AKT/mTOR,2,35
AtomPair,0,227,Cell cycle/mitosis,1,35
AtomPair,334,1539,Cell cycle/mitosis,3,15
AtomPair,334,1539,Nuclear receptor/xenobiotic,2,15
AtomPair,334,1539,DNA damage/repair,1,15
AtomPair,958,1763,Cell cycle/mitosis,2,27
AtomPair,33,358,Epigenetic/chromatin,1,30
AtomPair,33,358,Microtubule,1,30
AtomPair,33,358,PI3K/AKT/mTOR,1,30
AtomPair,436,1245,Cell cycle/mitosis,1,5
AtomPair,1080,1597,Nuclear receptor/xenobiotic,3,15
AtomPair,1080,1597,Cell cycle/mitosis,1,15
AtomPair,1080,1597,PI3K/AKT/mTOR,1,15
AtomPair,232,1649,Cell cycle/mitosis,1,22
AtomPair,232,1649,MAPK/RTK,1,22
AtomPair,1189,1503,Cell cycle/mitosis,3,29
AtomPair,1189,1503,PI3K/AKT/mTOR,1,29
AtomPair,1445,1649,Cell cycle/mitosis,1,7
AtomPair,794,1338,Cell cycle/mitosis,2,8
AtomPair,546,1828,MAPK/RTK,1,21
AtomPair,546,1828,Nuclear receptor/xenobiotic,1,21
AtomPair,534,1112,Nuclear receptor/xenobiotic,1,14
AtomPair,143,1328,Proteostasis,3,18
AtomPair,143,1328,Lipid/transport state,1,18
AtomPair,367,1670,Lipid/transport state,1,22
AtomPair,367,1670,MAPK/RTK,1,22
AtomPair,367,1670,Nuclear receptor/xenobiotic,1,22
AtomPair,51,841,Cell cycle/mitosis,1,24
AtomPair,87,1073,MAPK/RTK,2,20
AtomPair,87,1073,Nuclear receptor/xenobiotic,1,20
AtomPair,87,1073,PI3K/AKT/mTOR,1,20
AtomPair,571,1382,Cell cycle/mitosis,2,24
AtomPair,571,1382,DNA damage/repair,1,24
AtomPair,0,94,Cell cycle/mitosis,2,35
AtomPair,0,94,DNA damage/repair,1,35
AtomPair,0,94,Lipid/transport state,1,35
AtomPair,0,94,PI3K/AKT/mTOR,1,35
AtomPair,355,1134,DNA damage/repair,1,4
AtomPair,1220,1716,Cell cycle/mitosis,1,31
AtomPair,1220,1716,DNA damage/repair,1,31
AtomPair,1220,1716,PI3K/AKT/mTOR,1,31
AtomPair,120,1043,Nuclear receptor/xenobiotic,1,22
AtomPair,83,681,Cell cycle/mitosis,3,24
AtomPair,83,681,Nuclear receptor/xenobiotic,2,24
AtomPair,83,681,PI3K/AKT/mTOR,1,24
AtomPair,1080,1236,Nuclear receptor/xenobiotic,3,32
AtomPair,1080,1236,Cell cycle/mitosis,1,32
AtomPair,1080,1236,DNA damage/repair,1,32
AtomPair,1080,1236,MAPK/RTK,1,32
AtomPair,1080,1236,PI3K/AKT/mTOR,1,32
AtomPair,200,1047,Nuclear receptor/xenobiotic,3,26
AtomPair,200,1047,Cell cycle/mitosis,2,26
AtomPair,200,1047,PI3K/AKT/mTOR,1,26
AtomPair,387,1214,Nuclear receptor/xenobiotic,2,25
AtomPair,1214,1277,Epigenetic/chromatin,1,19
AtomPair,1214,1277,MAPK/RTK,1,19
AtomPair,1110,1323,DNA damage/repair,1,14
AtomPair,1110,1598,Lipid/transport state,1,5
AtomPair,227,681,Cell cycle/mitosis,2,29
AtomPair,227,681,PI3K/AKT/mTOR,2,29
AtomPair,227,681,DNA damage/repair,1,29
AtomPair,1220,1739,Cell cycle/mitosis,1,24
AtomPair,1220,1739,Lipid/transport state,1,24
Avalon,762,1073,Cell cycle/mitosis,2,35
Avalon,762,1073,MAPK/RTK,1,35
Avalon,762,1073,PI3K/AKT/mTOR,1,35
Avalon,1112,1299,Proteostasis,1,19
Avalon,273,1080,Cell cycle/mitosis,1,27
Avalon,273,1080,PI3K/AKT/mTOR,1,27
Avalon,449,1069,Cell cycle/mitosis,1,4
Avalon,688,1709,Cell cycle/mitosis,1,24
Avalon,688,1709,Nuclear receptor/xenobiotic,1,24
Avalon,688,1709,Proteostasis,1,24
Avalon,396,1220,Cell cycle/mitosis,1,37
Avalon,396,1220,Epigenetic/chromatin,1,37
Avalon,396,1220,Lipid/transport state,1,37
Avalon,396,1220,MAPK/RTK,1,37
Avalon,396,1220,PI3K/AKT/mTOR,1,37
Avalon,528,584,Cell cycle/mitosis,1,21
Avalon,528,584,Lipid/transport state,1,21
Avalon,528,584,PI3K/AKT/mTOR,1,21
Avalon,1112,1489,Proteostasis,1,20
Avalon,479,571,Nuclear receptor/xenobiotic,5,37
Avalon,479,571,Cell cycle/mitosis,2,37
Avalon,479,571,PI3K/AKT/mTOR,1,37
Avalon,534,1323,Cell cycle/mitosis,1,14
Avalon,534,1323,Nuclear receptor/xenobiotic,1,14
Avalon,460,632,Lipid/transport state,3,14
Avalon,460,632,Cell cycle/mitosis,1,14
Avalon,51,514,Cell cycle/mitosis,1,18
Avalon,51,514,MAPK/RTK,1,18
Avalon,841,1235,Cell cycle/mitosis,1,18
Avalon,841,1235,Nuclear receptor/xenobiotic,1,18
Avalon,841,1235,PI3K/AKT/mTOR,1,18
Avalon,436,1692,Cell cycle/mitosis,1,15
Avalon,436,1692,DNA damage/repair,1,15
Avalon,436,1692,PI3K/AKT/mTOR,1,15
Avalon,187,1637,Nuclear receptor/xenobiotic,2,13
Avalon,1128,1169,Cell cycle/mitosis,1,15
Avalon,1128,1169,MAPK/RTK,1,15
Avalon,816,1839,Nuclear receptor/xenobiotic,1,6
Avalon,841,1220,Cell cycle/mitosis,1,23
Avalon,841,1220,MAPK/RTK,1,23
Avalon,787,976,Cell cycle/mitosis,3,35
Avalon,787,976,PI3K/AKT/mTOR,2,35
Avalon,787,976,Nuclear receptor/xenobiotic,1,35
Avalon,1214,1539,Nuclear receptor/xenobiotic,1,23
Avalon,171,1211,DNA damage/repair,1,23
Avalon,105,584,Cell cycle/mitosis,1,20
Avalon,105,584,PI3K/AKT/mTOR,1,20
Avalon,673,1235,DNA damage/repair,1,15
Avalon,673,1235,Nuclear receptor/xenobiotic,1,15
Avalon,673,1235,PI3K/AKT/mTOR,1,15
Avalon,1011,1220,Cell cycle/mitosis,2,32
Avalon,1011,1220,Lipid/transport state,1,32
Avalon,1011,1220,MAPK/RTK,1,32
Avalon,1011,1220,Microtubule,1,32
Avalon,1011,1220,PI3K/AKT/mTOR,1,32
Avalon,424,1080,DNA damage/repair,1,1
Avalon,191,1564,Cell cycle/mitosis,1,15
Avalon,1069,1854,DNA damage/repair,1,9
Avalon,1401,1585,Cell cycle/mitosis,2,25
Avalon,1401,1585,PI3K/AKT/mTOR,1,25
Avalon,1186,1220,Cell cycle/mitosis,3,35
Avalon,1186,1220,Epigenetic/chromatin,1,35
Avalon,1186,1220,Lipid/transport state,1,35
Avalon,1186,1220,MAPK/RTK,1,35
Avalon,1186,1220,Microtubule,1,35
Avalon,1186,1220,Nuclear receptor/xenobiotic,1,35
Avalon,1186,1220,PI3K/AKT/mTOR,1,35
Avalon,1425,1707,Cell cycle/mitosis,1,7
Avalon,320,613,Cell cycle/mitosis,1,2
Avalon,1235,1236,PI3K/AKT/mTOR,1,12
Avalon,1527,1697,Cell cycle/mitosis,3,38
Avalon,1527,1697,Lipid/transport state,1,38
Avalon,1527,1697,PI3K/AKT/mTOR,1,38
Avalon,1186,1338,Cell cycle/mitosis,2,17
Avalon,1186,1338,Microtubule,1,17
Avalon,934,1437,Lipid/transport state,1,27
Avalon,314,1719,Cell cycle/mitosis,1,8
Avalon,314,1719,Nuclear receptor/xenobiotic,1,8
Avalon,387,528,Cell cycle/mitosis,1,31
Avalon,387,528,DNA damage/repair,1,31
Avalon,387,528,MAPK/RTK,1,31
Avalon,387,528,Nuclear receptor/xenobiotic,1,31
Avalon,881,1220,Cell cycle/mitosis,1,29
Avalon,881,1220,Lipid/transport state,1,29
Avalon,881,1220,MAPK/RTK,1,29
Avalon,881,1220,PI3K/AKT/mTOR,1,29
Avalon,1080,1137,Cell cycle/mitosis,1,10
Avalon,851,1054,Cell cycle/mitosis,1,33
Avalon,851,1054,Lipid/transport state,1,33
Avalon,851,1054,PI3K/AKT/mTOR,1,33
Avalon,525,1437,Lipid/transport state,1,28
Avalon,1137,1300,DNA damage/repair,1,3
Avalon,841,1081,Nuclear receptor/xenobiotic,4,29
Avalon,841,1081,Cell cycle/mitosis,2,29
Avalon,841,1081,DNA damage/repair,1,29
Avalon,171,1054,Cell cycle/mitosis,1,31
Avalon,171,1054,Lipid/transport state,1,31
Avalon,171,1054,PI3K/AKT/mTOR,1,31
Avalon,881,1269,PI3K/AKT/mTOR,2,24
Avalon,881,1269,Cell cycle/mitosis,1,24
Avalon,881,1269,Nuclear receptor/xenobiotic,1,24
Avalon,592,1185,Cell cycle/mitosis,1,12
Avalon,592,1185,Nuclear receptor/xenobiotic,1,12
Avalon,1598,1835,Cell cycle/mitosis,1,7
Avalon,1598,1835,Lipid/transport state,1,7
Avalon,320,1043,Nuclear receptor/xenobiotic,1,5
Avalon,320,1043,PI3K/AKT/mTOR,1,5
Avalon,303,672,Cell cycle/mitosis,1,34
Avalon,303,672,Epigenetic/chromatin,1,34
Avalon,303,672,MAPK/RTK,1,34
Avalon,303,672,Nuclear receptor/xenobiotic,1,34
Avalon,303,672,PI3K/AKT/mTOR,1,34
Avalon,613,1238,Cell cycle/mitosis,2,5
Avalon,87,844,Nuclear receptor/xenobiotic,2,26
Avalon,87,844,Epigenetic/chromatin,1,26
Avalon,87,844,PI3K/AKT/mTOR,1,26
Avalon,841,1186,Cell cycle/mitosis,2,19
Avalon,841,1186,MAPK/RTK,1,19
Avalon,529,1739,Cell cycle/mitosis,1,24
Avalon,529,1739,PI3K/AKT/mTOR,1,24
Avalon,688,717,Cell cycle/mitosis,3,13
Avalon,688,717,Nuclear receptor/xenobiotic,1,13
Avalon,367,608,MAPK/RTK,1,22
Avalon,13,836,Cell cycle/mitosis,4,27
Avalon,13,836,DNA damage/repair,1,27
Avalon,13,836,PI3K/AKT/mTOR,1,27
Avalon,355,1713,DNA damage/repair,1,2
Avalon,314,1692,Cell cycle/mitosis,1,8
Avalon,314,1692,Microtubule,1,8
Avalon,314,1692,Nuclear receptor/xenobiotic,1,8
Avalon,178,571,DNA damage/repair,1,16
Avalon,178,571,Lipid/transport state,1,16
Avalon,334,1081,Nuclear receptor/xenobiotic,4,15
Avalon,334,1081,Cell cycle/mitosis,2,15
Avalon,303,1468,Cell cycle/mitosis,1,23
Avalon,303,1468,Epigenetic/chromatin,1,23
Avalon,303,1468,MAPK/RTK,1,23
Avalon,226,908,Nuclear receptor/xenobiotic,2,15
Avalon,1382,1719,Cell cycle/mitosis,1,11
Avalon,1226,1389,Cell cycle/mitosis,2,27
Avalon,1226,1389,Nuclear receptor/xenobiotic,2,27
Avalon,1226,1389,MAPK/RTK,1,27
Avalon,1226,1389,PI3K/AKT/mTOR,1,27
Avalon,398,1073,Cell cycle/mitosis,1,25
Avalon,398,1073,Lipid/transport state,1,25
Avalon,398,1073,PI3K/AKT/mTOR,1,25
Avalon,1597,1627,DNA damage/repair,1,6
Avalon,934,1420,Cell cycle/mitosis,1,30
Avalon,934,1420,Lipid/transport state,1,30
Avalon,934,1420,PI3K/AKT/mTOR,1,30
Avalon,1011,1269,PI3K/AKT/mTOR,2,23
Avalon,1011,1269,Cell cycle/mitosis,1,23
Avalon,1011,1269,Microtubule,1,23
Avalon,273,584,Cell cycle/mitosis,1,20
Avalon,273,584,PI3K/AKT/mTOR,1,20
Avalon,570,1460,Cell cycle/mitosis,1,9
Avalon,273,1214,MAPK/RTK,1,22
Avalon,1080,1763,Cell cycle/mitosis,2,30
Avalon,1080,1763,Lipid/transport state,1,30
Avalon,1080,1763,PI3K/AKT/mTOR,1,30
Avalon,387,436,Cell cycle/mitosis,1,23
Avalon,387,436,DNA damage/repair,1,23
Avalon,195,570,Nuclear receptor/xenobiotic,1,11
Avalon,389,1235,Nuclear receptor/xenobiotic,1,13
Avalon,841,1236,Nuclear receptor/xenobiotic,2,21
Avalon,841,1236,Cell cycle/mitosis,1,21
Avalon,841,1236,MAPK/RTK,1,21
Avalon,274,1054,Lipid/transport state,1,24
Avalon,274,1054,PI3K/AKT/mTOR,1,24
Avalon,50,1539,Cell cycle/mitosis,2,14
Avalon,50,1539,DNA damage/repair,1,14
Avalon,1394,1767,Proteostasis,1,1
Avalon,529,1186,Cell cycle/mitosis,2,21
Avalon,529,1186,MAPK/RTK,1,21
Avalon,529,1186,Nuclear receptor/xenobiotic,1,21
Avalon,314,1080,Nuclear receptor/xenobiotic,1,1
Avalon,841,1238,Cell cycle/mitosis,2,28
Avalon,314,334,Cell cycle/mitosis,1,5
Avalon,314,334,Nuclear receptor/xenobiotic,1,5
Avalon,278,529,Cell cycle/mitosis,2,17
Avalon,278,529,Nuclear receptor/xenobiotic,2,17
Avalon,278,529,Microtubule,1,17
Avalon,303,976,Cell cycle/mitosis,3,31
Avalon,303,976,MAPK/RTK,1,31
Avalon,303,976,Nuclear receptor/xenobiotic,1,31
Avalon,303,976,PI3K/AKT/mTOR,1,31
Avalon,570,1503,Cell cycle/mitosis,2,24
Avalon,35,387,Nuclear receptor/xenobiotic,2,27
Avalon,1210,1328,DNA damage/repair,1,6
Avalon,385,1828,MAPK/RTK,2,30
Avalon,385,1828,Nuclear receptor/xenobiotic,2,30
Avalon,385,1828,DNA damage/repair,1,30
Avalon,1186,1238,Cell cycle/mitosis,2,21
Avalon,358,881,Lipid/transport state,1,30
Avalon,358,881,PI3K/AKT/mTOR,1,30
Avalon,543,1767,Proteostasis,1,1
Avalon,178,562,Nuclear receptor/xenobiotic,1,8
Avalon,303,787,Cell cycle/mitosis,3,34
Avalon,303,787,MAPK/RTK,1,34
Avalon,303,787,Nuclear receptor/xenobiotic,1,34
Avalon,303,787,PI3K/AKT/mTOR,1,34
Avalon,1470,1835,DNA damage/repair,1,7
Avalon,1470,1835,Microtubule,1,7
Avalon,1011,1196,Cell cycle/mitosis,2,32
Avalon,1011,1196,PI3K/AKT/mTOR,2,32
Avalon,1011,1196,MAPK/RTK,1,32
Avalon,1468,1598,Lipid/transport state,1,5
Avalon,35,571,Nuclear receptor/xenobiotic,4,29
Avalon,87,1341,MAPK/RTK,1,19
Avalon,87,1341,PI3K/AKT/mTOR,1,19
Avalon,273,387,Cell cycle/mitosis,2,32
Avalon,273,387,Epigenetic/chromatin,1,32
Avalon,7,1282,Cell cycle/mitosis,1,21
Avalon,7,1282,Lipid/transport state,1,21
Avalon,7,1282,Nuclear receptor/xenobiotic,1,21
Avalon,334,794,Cell cycle/mitosis,2,13
Avalon,334,794,Nuclear receptor/xenobiotic,2,13
Avalon,334,794,DNA damage/repair,1,13
Avalon,1080,1597,Nuclear receptor/xenobiotic,3,15
Avalon,1080,1597,Cell cycle/mitosis,1,15
Avalon,1080,1597,PI3K/AKT/mTOR,1,15
Avalon,1161,1571,Cell cycle/mitosis,1,19
Avalon,1161,1571,Microtubule,1,19
Avalon,1161,1571,PI3K/AKT/mTOR,1,19
Avalon,1486,1590,Nuclear receptor/xenobiotic,1,2
Avalon,219,1175,Cell cycle/mitosis,1,13
Avalon,219,1175,PI3K/AKT/mTOR,1,13
Avalon,87,1437,Nuclear receptor/xenobiotic,2,25
Avalon,87,1437,MAPK/RTK,1,25
Avalon,525,1420,Cell cycle/mitosis,1,28
Avalon,525,1420,Lipid/transport state,1,28
Avalon,389,514,MAPK/RTK,1,18
Avalon,389,514,Nuclear receptor/xenobiotic,1,18
Avalon,232,309,MAPK/RTK,2,31
Avalon,232,309,Nuclear receptor/xenobiotic,2,31
Avalon,232,309,Cell cycle/mitosis,1,31
Avalon,764,1069,Nuclear receptor/xenobiotic,1,5
Avalon,881,1196,Cell cycle/mitosis,2,30
Avalon,881,1196,PI3K/AKT/mTOR,2,30
Avalon,881,1196,MAPK/RTK,1,30
Avalon,387,1719,Cell cycle/mitosis,2,20
Avalon,387,1719,Nuclear receptor/xenobiotic,2,20
Avalon,387,1719,MAPK/RTK,1,20
Avalon,273,1719,Cell cycle/mitosis,3,20
Avalon,1489,1763,Cell cycle/mitosis,1,30
Avalon,1489,1763,Proteostasis,1,30
Avalon,105,298,MAPK/RTK,1,12
Avalon,513,841,Cell cycle/mitosis,3,31
Avalon,513,841,DNA damage/repair,1,31
Avalon,513,841,MAPK/RTK,1,31
Avalon,513,841,Nuclear receptor/xenobiotic,1,31
Avalon,513,841,PI3K/AKT/mTOR,1,31
Avalon,672,1835,Lipid/transport state,1,22
Avalon,1189,1382,Cell cycle/mitosis,3,26
Avalon,1323,1382,Cell cycle/mitosis,3,26
Avalon,1323,1382,DNA damage/repair,1,26
Avalon,586,1235,Cell cycle/mitosis,1,16
Avalon,586,1235,Nuclear receptor/xenobiotic,1,16
Avalon,586,1235,PI3K/AKT/mTOR,1,16
Avalon,36,355,Nuclear receptor/xenobiotic,1,3
Avalon,120,309,MAPK/RTK,2,30
Avalon,120,309,Cell cycle/mitosis,1,30
Avalon,120,309,Epigenetic/chromatin,1,30
Avalon,120,309,Nuclear receptor/xenobiotic,1,30
Avalon,33,83,Cell cycle/mitosis,3,22
Avalon,33,83,Nuclear receptor/xenobiotic,1,22
Avalon,33,83,PI3K/AKT/mTOR,1,22
Avalon,1489,1835,Nuclear receptor/xenobiotic,1,14
Avalon,613,1186,Cell cycle/mitosis,3,14
Avalon,613,1186,Lipid/transport state,1,14
Avalon,586,1011,Cell cycle/mitosis,3,30
Avalon,586,1011,MAPK/RTK,1,30
Avalon,586,1011,PI3K/AKT/mTOR,1,30
Avalon,529,1220,Cell cycle/mitosis,1,26
Avalon,529,1220,MAPK/RTK,1,26
Avalon,529,1220,Nuclear receptor/xenobiotic,1,26
Avalon,685,841,Cell cycle/mitosis,1,16
Avalon,851,1073,Cell cycle/mitosis,1,25
Avalon,851,1073,Lipid/transport state,1,25
Avalon,851,1073,PI3K/AKT/mTOR,1,25
Avalon,481,586,Cell cycle/mitosis,2,22
Avalon,481,586,PI3K/AKT/mTOR,1,22
Avalon,534,1189,Cell cycle/mitosis,1,12
Avalon,534,1189,Nuclear receptor/xenobiotic,1,12
Avalon,35,1080,Nuclear receptor/xenobiotic,3,31
Avalon,851,1781,Nuclear receptor/xenobiotic,1,25
Avalon,389,1092,Nuclear receptor/xenobiotic,2,14
Avalon,528,1835,Cell cycle/mitosis,1,23
Avalon,528,1835,Lipid/transport state,1,23
Avalon,514,1539,Cell cycle/mitosis,2,19
Avalon,514,1539,DNA damage/repair,1,19
Avalon,321,367,Cell cycle/mitosis,1,23
Avalon,321,367,MAPK/RTK,1,23
Avalon,1220,1236,Cell cycle/mitosis,3,31
Avalon,1220,1236,DNA damage/repair,1,31
Avalon,1220,1236,MAPK/RTK,1,31
Avalon,1220,1236,Nuclear receptor/xenobiotic,1,31
Avalon,1220,1236,PI3K/AKT/mTOR,1,31
Avalon,174,1445,MAPK/RTK,1,3
Avalon,1196,1401,Cell cycle/mitosis,2,31
Avalon,1196,1401,PI3K/AKT/mTOR,2,31
Avalon,1196,1401,DNA damage/repair,1,31
Avalon,314,1389,Nuclear receptor/xenobiotic,1,4
Avalon,171,1073,Cell cycle/mitosis,1,27
Avalon,171,1073,Lipid/transport state,1,27
Avalon,171,1073,PI3K/AKT/mTOR,1,27
Avalon,246,1489,Cell cycle/mitosis,2,31
Avalon,246,1489,Nuclear receptor/xenobiotic,1,31
Avalon,314,1236,Cell cycle/mitosis,1,5
Avalon,314,1236,Nuclear receptor/xenobiotic,1,5
Avalon,934,1073,Lipid/transport state,1,27
Avalon,934,1073,PI3K/AKT/mTOR,1,27
Avalon,314,794,Cell cycle/mitosis,1,1
Avalon,1080,1382,Cell cycle/mitosis,2,26
Avalon,1080,1382,DNA damage/repair,1,26
Avalon,685,1186,Cell cycle/mitosis,6,33
Avalon,685,1186,Nuclear receptor/xenobiotic,3,33
Avalon,685,1186,PI3K/AKT/mTOR,1,33
Avalon,1220,1338,Cell cycle/mitosis,1,20
Avalon,1220,1338,Microtubule,1,20
Avalon,387,1214,Nuclear receptor/xenobiotic,2,25
Avalon,1189,1428,Cell cycle/mitosis,1,2
Avalon,281,385,MAPK/RTK,1,16
Avalon,281,385,Nuclear receptor/xenobiotic,1,16
Avalon,1196,1235,PI3K/AKT/mTOR,2,20
Avalon,1196,1235,Cell cycle/mitosis,1,20
Avalon,421,1468,Cell cycle/mitosis,1,15
Avalon,421,1468,Lipid/transport state,1,15
Avalon,421,1468,MAPK/RTK,1,15
Avalon,87,1073,MAPK/RTK,2,20
Avalon,87,1073,Nuclear receptor/xenobiotic,1,20
Avalon,87,1073,PI3K/AKT/mTOR,1,20
Avalon,83,195,Cell cycle/mitosis,1,14
Avalon,83,195,DNA damage/repair,1,14
Avalon,83,195,Nuclear receptor/xenobiotic,1,14
Avalon,1719,1835,Nuclear receptor/xenobiotic,1,13
Avalon,673,1196,Cell cycle/mitosis,2,26
Avalon,673,1196,DNA damage/repair,1,26
Avalon,673,1196,Nuclear receptor/xenobiotic,1,26
Avalon,673,1196,PI3K/AKT/mTOR,1,26
Avalon,1047,1707,Cell cycle/mitosis,3,32
Avalon,1047,1707,Nuclear receptor/xenobiotic,2,32
Avalon,1047,1707,Lipid/transport state,1,32
Avalon,1047,1707,MAPK/RTK,1,32
Avalon,1047,1707,PI3K/AKT/mTOR,1,32
Avalon,87,1420,MAPK/RTK,1,22
Avalon,87,1420,Nuclear receptor/xenobiotic,1,22
Avalon,87,1420,PI3K/AKT/mTOR,1,22
Avalon,1692,1763,Cell cycle/mitosis,1,18
Avalon,1692,1763,Epigenetic/chromatin,1,18
Avalon,1692,1763,Nuclear receptor/xenobiotic,1,18
Avalon,1692,1763,PI3K/AKT/mTOR,1,18
Avalon,586,1330,Cell cycle/mitosis,1,19
Avalon,586,1330,PI3K/AKT/mTOR,1,19
Avalon,309,1235,Nuclear receptor/xenobiotic,1,14
Avalon,105,387,Nuclear receptor/xenobiotic,2,34
Avalon,105,387,Cell cycle/mitosis,1,34
Avalon,105,387,DNA damage/repair,1,34
Avalon,105,387,MAPK/RTK,1,34
Avalon,51,1501,MAPK/RTK,1,10
Avalon,387,1080,Nuclear receptor/xenobiotic,2,30
Avalon,387,1080,Cell cycle/mitosis,1,30
Avalon,387,1080,DNA damage/repair,1,30
Avalon,387,1080,MAPK/RTK,1,30
Avalon,1112,1186,Cell cycle/mitosis,1,16
Avalon,120,195,Nuclear receptor/xenobiotic,1,10
Avalon,1238,1382,Cell cycle/mitosis,1,19
Avalon,83,570,Cell cycle/mitosis,2,17
Avalon,958,1189,Cell cycle/mitosis,2,33
Avalon,958,1189,Nuclear receptor/xenobiotic,1,33
Avalon,190,912,Nuclear receptor/xenobiotic,1,28
Avalon,110,350,Nuclear receptor/xenobiotic,2,16
Avalon,110,350,Cell cycle/mitosis,1,16
Avalon,110,350,DNA damage/repair,1,16
Avalon,110,350,Epigenetic/chromatin,1,16
Avalon,1080,1692,Nuclear receptor/xenobiotic,2,22
Avalon,1080,1692,Cell cycle/mitosis,1,22
Avalon,1080,1692,DNA damage/repair,1,22
Avalon,1080,1692,MAPK/RTK,1,22
Avalon,1080,1692,PI3K/AKT/mTOR,1,22
Avalon,320,1238,Cell cycle/mitosis,2,10
Avalon,571,1238,Cell cycle/mitosis,1,29
Avalon,379,1080,Nuclear receptor/xenobiotic,3,23
Avalon,379,1080,DNA damage/repair,1,23
Avalon,379,1080,MAPK/RTK,1,23
Avalon,396,1739,Cell cycle/mitosis,1,25
Avalon,396,1739,Lipid/transport state,1,25
Avalon,592,717,Cell cycle/mitosis,2,31
Avalon,592,717,DNA damage/repair,2,31
Avalon,592,717,Nuclear receptor/xenobiotic,2,31
Avalon,592,717,Lipid/transport state,1,31
Avalon,50,105,Cell cycle/mitosis,2,17
Avalon,50,105,DNA damage/repair,1,17
Avalon,806,1169,Cell cycle/mitosis,2,13
Avalon,387,534,Nuclear receptor/xenobiotic,2,23
Avalon,387,534,Cell cycle/mitosis,1,23
Avalon,387,534,Epigenetic/chromatin,1,23
Avalon,1597,1763,Cell cycle/mitosis,1,12
Avalon,1597,1763,Epigenetic/chromatin,1,12
Avalon,1597,1763,PI3K/AKT/mTOR,1,12
Avalon,1080,1189,Cell cycle/mitosis,2,32
Avalon,1080,1189,Nuclear receptor/xenobiotic,2,32
Avalon,1080,1189,PI3K/AKT/mTOR,1,32
Avalon,33,1043,PI3K/AKT/mTOR,1,21
Avalon,586,881,Cell cycle/mitosis,2,30
Avalon,586,881,MAPK/RTK,1,30
Avalon,586,881,Nuclear receptor/xenobiotic,1,30
Avalon,586,881,PI3K/AKT/mTOR,1,30
Avalon,336,878,Cell cycle/mitosis,2,18
Avalon,336,878,Microtubule,1,18
Avalon,1189,1238,Cell cycle/mitosis,2,29
Avalon,227,514,DNA damage/repair,3,18
Avalon,227,514,Cell cycle/mitosis,1,18
Avalon,673,841,Cell cycle/mitosis,3,23
Avalon,673,841,Nuclear receptor/xenobiotic,1,23
Avalon,673,841,PI3K/AKT/mTOR,1,23
Avalon,1214,1277,Epigenetic/chromatin,1,19
Avalon,1214,1277,MAPK/RTK,1,19
Avalon,1420,1781,Cell cycle/mitosis,1,24
Avalon,116,1382,Cell cycle/mitosis,2,25
Avalon,116,1382,DNA damage/repair,1,25
Avalon,387,1238,Cell cycle/mitosis,2,35
Avalon,387,1238,Epigenetic/chromatin,1,35
Avalon,50,1486,Cell cycle/mitosis,1,15
Avalon,50,1486,DNA damage/repair,1,15
Avalon,50,1486,Nuclear receptor/xenobiotic,1,15
Avalon,389,1186,Nuclear receptor/xenobiotic,3,28
Avalon,389,1186,Cell cycle/mitosis,2,28
Avalon,633,1213,Nuclear receptor/xenobiotic,3,14
Avalon,633,1213,MAPK/RTK,2,14
Avalon,671,958,MAPK/RTK,1,1
Avalon,1186,1189,Cell cycle/mitosis,2,26
Avalon,1186,1189,Nuclear receptor/xenobiotic,1,26
Avalon,1186,1189,PI3K/AKT/mTOR,1,26
Avalon,227,1110,DNA damage/repair,1,17
Avalon,525,1073,Lipid/transport state,1,25
Avalon,529,841,Nuclear receptor/xenobiotic,3,33
Avalon,529,841,Cell cycle/mitosis,2,33
Avalon,529,841,MAPK/RTK,2,33
Avalon,529,841,PI3K/AKT/mTOR,1,33
Avalon,436,1719,Cell cycle/mitosis,1,8
Avalon,1081,1739,Cell cycle/mitosis,1,16
Avalon,1486,1781,Nuclear receptor/xenobiotic,1,26
Avalon,336,436,Cell cycle/mitosis,1,35
Avalon,336,436,DNA damage/repair,1,35
Avalon,336,436,PI3K/AKT/mTOR,1,35
Avalon,379,1598,Nuclear receptor/xenobiotic,1,1
Avalon,389,1011,Nuclear receptor/xenobiotic,1,22
Avalon,762,1420,Cell cycle/mitosis,1,30
Avalon,762,1420,MAPK/RTK,1,30
Avalon,762,1420,PI3K/AKT/mTOR,1,30
Avalon,116,1226,Cell cycle/mitosis,2,31
Avalon,116,1226,Nuclear receptor/xenobiotic,2,31
Avalon,116,1226,MAPK/RTK,1,31
Avalon,116,1226,PI3K/AKT/mTOR,1,31
Avalon,436,1489,Cell cycle/mitosis,1,18
Avalon,436,1489,DNA damage/repair,1,18
Avalon,794,1428,Cell cycle/mitosis,1,5
Avalon,794,1428,Nuclear receptor/xenobiotic,1,5
Avalon,794,1428,Proteostasis,1,5
Avalon,358,481,Microtubule,1,27
Avalon,358,481,PI3K/AKT/mTOR,1,27
Avalon,389,841,Nuclear receptor/xenobiotic,3,23
Avalon,389,841,Cell cycle/mitosis,1,23
Avalon,389,1299,MAPK/RTK,1,20
Avalon,613,1043,Lipid/transport state,1,13
Avalon,1080,1238,Cell cycle/mitosis,1,23
Avalon,636,1269,PI3K/AKT/mTOR,2,25
Avalon,636,1269,Cell cycle/mitosis,1,25
Avalon,636,1269,Proteostasis,1,25
Avalon,1081,1189,Cell cycle/mitosis,2,24
Avalon,1081,1189,Nuclear receptor/xenobiotic,2,24
Avalon,436,514,DNA damage/repair,2,16
Avalon,436,514,Cell cycle/mitosis,1,16
Avalon,841,1189,Cell cycle/mitosis,4,30
Avalon,841,1189,MAPK/RTK,1,30
Avalon,841,1189,Nuclear receptor/xenobiotic,1,30
Avalon,841,1189,PI3K/AKT/mTOR,1,30
Avalon,1186,1196,Cell cycle/mitosis,3,29
Avalon,1186,1196,MAPK/RTK,1,29
Avalon,1186,1196,Nuclear receptor/xenobiotic,1,29
Avalon,1186,1196,PI3K/AKT/mTOR,1,29
Avalon,817,881,Cell cycle/mitosis,2,34
Avalon,817,881,Lipid/transport state,1,34
Avalon,817,881,PI3K/AKT/mTOR,1,34
Avalon,461,1437,Lipid/transport state,1,32
Avalon,461,1437,MAPK/RTK,1,32
Avalon,1080,1539,Cell cycle/mitosis,2,36
Avalon,1080,1539,Nuclear receptor/xenobiotic,2,36
Avalon,1080,1539,DNA damage/repair,1,36
Avalon,1080,1539,PI3K/AKT/mTOR,1,36
Avalon,1226,1235,Cell cycle/mitosis,1,20
Avalon,1226,1235,Nuclear receptor/xenobiotic,1,20
Avalon,1226,1235,PI3K/AKT/mTOR,1,20
Avalon,436,1763,Cell cycle/mitosis,2,26
Avalon,436,1763,Lipid/transport state,1,26
Avalon,436,1763,PI3K/AKT/mTOR,1,26
Avalon,334,1428,Cell cycle/mitosis,1,2
Avalon,50,681,Cell cycle/mitosis,1,13
Avalon,50,681,DNA damage/repair,1,13
Avalon,50,681,Nuclear receptor/xenobiotic,1,13
Avalon,232,1585,Cell cycle/mitosis,1,26
Avalon,232,1585,MAPK/RTK,1,26
Avalon,232,1585,Nuclear receptor/xenobiotic,1,26
Avalon,232,1585,PI3K/AKT/mTOR,1,26
Avalon,1220,1489,Cell cycle/mitosis,1,26
Avalon,1220,1489,DNA damage/repair,1,26
Avalon,1220,1489,MAPK/RTK,1,26
Avalon,309,1196,Cell cycle/mitosis,2,25
Avalon,309,1196,MAPK/RTK,1,25
Avalon,314,1597,Nuclear receptor/xenobiotic,1,2
Avalon,1428,1719,Cell cycle/mitosis,1,2
Avalon,613,1119,Cell cycle/mitosis,1,5
Avalon,94,1451,Cell cycle/mitosis,3,15
Avalon,94,1451,PI3K/AKT/mTOR,1,15
Avalon,976,1079,Cell cycle/mitosis,1,28
Avalon,976,1079,MAPK/RTK,1,28
Avalon,976,1079,Nuclear receptor/xenobiotic,1,28
Avalon,976,1079,PI3K/AKT/mTOR,1,28
Avalon,881,1235,PI3K/AKT/mTOR,2,18
Avalon,881,1235,Cell cycle/mitosis,1,18
Avalon,881,1235,Nuclear receptor/xenobiotic,1,18
Avalon,1081,1186,Cell cycle/mitosis,1,13
Avalon,1081,1186,Nuclear receptor/xenobiotic,1,13
Avalon,881,1716,Cell cycle/mitosis,2,35
Avalon,881,1716,PI3K/AKT/mTOR,2,35
Avalon,31,976,Cell cycle/mitosis,1,25
Avalon,31,976,MAPK/RTK,1,25
Avalon,31,976,Nuclear receptor/xenobiotic,1,25
Avalon,320,688,Cell cycle/mitosis,2,13
Avalon,320,688,Nuclear receptor/xenobiotic,2,13
Avalon,320,688,MAPK/RTK,1,13
Avalon,367,525,Lipid/transport state,1,28
Avalon,514,1486,Cell cycle/mitosis,2,19
Avalon,514,1486,DNA damage/repair,1,19
Avalon,514,1486,Nuclear receptor/xenobiotic,1,19
Avalon,1080,1590,Nuclear receptor/xenobiotic,1,2
Avalon,794,1080,DNA damage/repair,1,14
Avalon,794,1080,MAPK/RTK,1,14
Avalon,794,1080,Nuclear receptor/xenobiotic,1,14
Avalon,1428,1649,Cell cycle/mitosis,1,3
Avalon,0,450,Cell cycle/mitosis,2,23
Avalon,0,450,PI3K/AKT/mTOR,2,23
Avalon,0,450,DNA damage/repair,1,23
Avalon,205,514,DNA damage/repair,2,11
Avalon,205,514,Cell cycle/mitosis,1,11
Avalon,205,514,Nuclear receptor/xenobiotic,1,11
Avalon,300,398,Lipid/transport state,1,24
Avalon,685,794,Nuclear receptor/xenobiotic,1,9
Avalon,314,1382,Cell cycle/mitosis,1,2
Avalon,1011,1235,PI3K/AKT/mTOR,2,21
Avalon,1011,1235,Cell cycle/mitosis,1,21
Avalon,1011,1235,Microtubule,1,21
Avalon,681,1210,DNA damage/repair,1,7
Avalon,681,1210,Nuclear receptor/xenobiotic,1,7
Avalon,613,1189,Cell cycle/mitosis,1,5
Avalon,1389,1763,Cell cycle/mitosis,2,31
Avalon,1389,1763,Epigenetic/chromatin,1,31
Avalon,1389,1763,Lipid/transport state,1,31
Avalon,1389,1763,MAPK/RTK,1,31
Avalon,1389,1763,Nuclear receptor/xenobiotic,1,31
Avalon,1389,1763,PI3K/AKT/mTOR,1,31
Avalon,392,1835,DNA damage/repair,1,7
Avalon,392,1835,Microtubule,1,7
Avalon,385,1584,DNA damage/repair,1,4
Avalon,1054,1079,Cell cycle/mitosis,1,27
Avalon,1054,1079,PI3K/AKT/mTOR,1,27
Avalon,309,1092,Cell cycle/mitosis,1,17
Avalon,309,1092,Nuclear receptor/xenobiotic,1,17
Avalon,227,528,Cell cycle/mitosis,2,35
Avalon,227,528,PI3K/AKT/mTOR,2,35
Avalon,227,528,DNA damage/repair,1,35
Avalon,592,1460,Cell cycle/mitosis,1,11
Avalon,300,1647,Cell cycle/mitosis,1,27
Avalon,300,1647,Lipid/transport state,1,27
Avalon,300,1647,MAPK/RTK,1,27
Avalon,334,1719,Nuclear receptor/xenobiotic,4,14
Avalon,334,1719,Cell cycle/mitosis,2,14
Avalon,1585,1637,Cell cycle/mitosis,1,19
Avalon,1585,1637,Nuclear receptor/xenobiotic,1,19
Avalon,1178,1300,DNA damage/repair,1,5
Avalon,1382,1597,Cell cycle/mitosis,1,9
Avalon,460,560,Lipid/transport state,1,2
Avalon,1137,1754,DNA damage/repair,1,5
Avalon,470,1080,Cell cycle/mitosis,1,15
Avalon,470,1080,DNA damage/repair,1,15
Avalon,470,1080,Nuclear receptor/xenobiotic,1,15
Avalon,1489,1716,Cell cycle/mitosis,1,22
Avalon,1489,1716,DNA damage/repair,1,22
Avalon,673,865,Nuclear receptor/xenobiotic,2,20
Avalon,1119,1637,Nuclear receptor/xenobiotic,2,25
Avalon,1119,1637,Cell cycle/mitosis,1,25
Avalon,436,528,Cell cycle/mitosis,2,38
Avalon,436,528,PI3K/AKT/mTOR,2,38
Avalon,436,528,DNA damage/repair,1,38
Avalon,436,528,Lipid/transport state,1,38
Avalon,1410,1470,MAPK/RTK,1,2
Avalon,881,1692,Cell cycle/mitosis,1,17
Avalon,881,1692,MAPK/RTK,1,17
Avalon,881,1692,Nuclear receptor/xenobiotic,1,17
Avalon,881,1692,PI3K/AKT/mTOR,1,17
Avalon,7,190,Lipid/transport state,1,23
Avalon,7,190,Nuclear receptor/xenobiotic,1,23
Avalon,592,942,Cell cycle/mitosis,2,20
Avalon,592,942,DNA damage/repair,1,20
Avalon,592,942,Nuclear receptor/xenobiotic,1,20
Avalon,334,1238,Cell cycle/mitosis,2,10
Avalon,358,1451,Epigenetic/chromatin,1,20
Avalon,358,1451,PI3K/AKT/mTOR,1,20
Avalon,1001,1300,DNA damage/repair,1,6
Avalon,528,1598,Lipid/transport state,1,5
Avalon,528,1598,Nuclear receptor/xenobiotic,1,5
Avalon,300,851,Lipid/transport state,1,27
Avalon,1060,1080,DNA damage/repair,1,14
Avalon,1060,1080,Nuclear receptor/xenobiotic,1,14
Avalon,470,514,DNA damage/repair,2,9
Avalon,470,514,Nuclear receptor/xenobiotic,1,9
Avalon,334,1186,Cell cycle/mitosis,4,15
Avalon,334,1186,Nuclear receptor/xenobiotic,2,15
Avalon,534,1080,Nuclear receptor/xenobiotic,1,6
Avalon,116,227,Cell cycle/mitosis,2,34
Avalon,116,227,DNA damage/repair,2,34
Avalon,116,227,PI3K/AKT/mTOR,1,34
Avalon,1214,1835,Cell cycle/mitosis,1,20
Avalon,1110,1323,DNA damage/repair,1,14
Avalon,556,1186,Cell cycle/mitosis,1,8
Avalon,556,1186,MAPK/RTK,1,8
Avalon,556,1186,Microtubule,1,8
Avalon,387,1692,Cell cycle/mitosis,2,20
Avalon,387,1692,DNA damage/repair,1,20
Avalon,387,1692,MAPK/RTK,1,20
Avalon,387,1692,Nuclear receptor/xenobiotic,1,20
Avalon,273,436,PI3K/AKT/mTOR,2,27
Avalon,273,436,Cell cycle/mitosis,1,27
Avalon,454,1196,Cell cycle/mitosis,2,31
Avalon,454,1196,PI3K/AKT/mTOR,2,31
Avalon,454,1196,MAPK/RTK,1,31
Avalon,636,1011,PI3K/AKT/mTOR,2,26
Avalon,636,1011,Cell cycle/mitosis,1,26
Avalon,636,1011,DNA damage/repair,1,26
Avalon,421,1598,Lipid/transport state,1,3
Avalon,841,1080,Cell cycle/mitosis,2,24
Avalon,841,1080,Nuclear receptor/xenobiotic,2,24
Avalon,841,1080,MAPK/RTK,1,24
Avalon,794,841,MAPK/RTK,2,18
Avalon,794,841,Cell cycle/mitosis,1,18
Avalon,794,841,Nuclear receptor/xenobiotic,1,18
Avalon,794,841,PI3K/AKT/mTOR,1,18
Avalon,190,945,Nuclear receptor/xenobiotic,1,20
Avalon,685,1220,Cell cycle/mitosis,2,23
Avalon,685,1220,Nuclear receptor/xenobiotic,1,23
Avalon,685,1220,PI3K/AKT/mTOR,1,23
Avalon,1067,1536,PI3K/AKT/mTOR,1,13
Avalon,387,1486,Cell cycle/mitosis,2,34
Avalon,387,1486,Nuclear receptor/xenobiotic,2,34
Avalon,387,1486,DNA damage/repair,1,34
Avalon,387,1486,MAPK/RTK,1,34
Avalon,613,1692,Cell cycle/mitosis,1,7
Avalon,1080,1323,Cell cycle/mitosis,2,35
Avalon,1080,1323,Nuclear receptor/xenobiotic,2,35
Avalon,1080,1323,DNA damage/repair,1,35
Avalon,1080,1323,MAPK/RTK,1,35
Avalon,1080,1323,PI3K/AKT/mTOR,1,35
Avalon,713,1470,Microtubule,1,7
Avalon,389,1407,Cell cycle/mitosis,1,4
Avalon,51,1226,Cell cycle/mitosis,1,26
Avalon,529,613,Cell cycle/mitosis,2,7
Avalon,50,528,Cell cycle/mitosis,1,13
Avalon,50,528,DNA damage/repair,1,13
Avalon,934,1341,Cell cycle/mitosis,1,29
Avalon,934,1341,Lipid/transport state,1,29
Avalon,934,1341,PI3K/AKT/mTOR,1,29
Avalon,841,1763,Cell cycle/mitosis,2,22
Avalon,77,1571,Cell cycle/mitosis,1,7
Avalon,861,1220,Cell cycle/mitosis,1,10
Avalon,861,1220,Epigenetic/chromatin,1,10
Avalon,861,1220,Microtubule,1,10
Avalon,436,1226,Cell cycle/mitosis,2,24
Avalon,436,1226,PI3K/AKT/mTOR,1,24
Avalon,300,1730,Lipid/transport state,1,20
Avalon,273,841,Cell cycle/mitosis,3,30
Avalon,273,841,PI3K/AKT/mTOR,1,30
Avalon,673,1828,DNA damage/repair,1,10
Avalon,50,273,Cell cycle/mitosis,1,12
Avalon,1220,1739,Cell cycle/mitosis,1,24
Avalon,1220,1739,Lipid/transport state,1,24
Avalon,1277,1486,Cell cycle/mitosis,2,20
Avalon,1277,1486,MAPK/RTK,1,20
Avalon,958,1186,Cell cycle/mitosis,2,24
Avalon,958,1186,MAPK/RTK,1,24
Avalon,685,1112,Cell cycle/mitosis,1,15
Avalon,171,300,Lipid/transport state,1,24
Avalon,1060,1137,DNA damage/repair,1,6
Avalon,613,1835,Lipid/transport state,1,11
Avalon,1214,1787,Nuclear receptor/xenobiotic,3,25
Avalon,436,672,Cell cycle/mitosis,1,32
Avalon,436,672,DNA damage/repair,1,32
Avalon,436,672,Lipid/transport state,1,32
Avalon,436,672,PI3K/AKT/mTOR,1,32
Avalon,232,1004,Cell cycle/mitosis,2,17
Avalon,232,1004,MAPK/RTK,1,17
Avalon,232,1004,Nuclear receptor/xenobiotic,1,17
Avalon,232,1004,PI3K/AKT/mTOR,1,17
Avalon,385,794,DNA damage/repair,1,7
Avalon,1238,1486,Cell cycle/mitosis,3,28
Avalon,841,1739,Cell cycle/mitosis,1,20
Avalon,841,1739,PI3K/AKT/mTOR,1,20
Avalon,529,1189,Cell cycle/mitosis,2,30
Avalon,529,1189,Nuclear receptor/xenobiotic,1,30
Avalon,529,1189,PI3K/AKT/mTOR,1,30
Avalon,120,470,Nuclear receptor/xenobiotic,1,14
Avalon,1073,1846,Cell cycle/mitosis,1,25
Avalon,1073,1846,Lipid/transport state,1,25
Avalon,1073,1846,PI3K/AKT/mTOR,1,25
Avalon,120,232,MAPK/RTK,2,28
Avalon,120,232,Cell cycle/mitosis,1,28
Avalon,205,1080,Nuclear receptor/xenobiotic,2,18
Avalon,205,1080,Cell cycle/mitosis,1,18
Avalon,205,1080,DNA damage/repair,1,18
Avalon,205,1080,MAPK/RTK,1,18
Avalon,1186,1739,Cell cycle/mitosis,1,23
Avalon,1186,1739,Lipid/transport state,1,23
Avalon,1236,1692,Cell cycle/mitosis,2,28
Avalon,1236,1692,Nuclear receptor/xenobiotic,2,28
Avalon,1236,1692,DNA damage/repair,1,28
Avalon,1236,1692,MAPK/RTK,1,28
Avalon,1236,1692,PI3K/AKT/mTOR,1,28
Avalon,529,1382,Cell cycle/mitosis,2,21
Avalon,51,613,Cell cycle/mitosis,2,13
Avalon,51,613,Lipid/transport state,1,13
Avalon,1220,1238,Cell cycle/mitosis,2,27
Avalon,1112,1407,Cell cycle/mitosis,1,2
Avalon,1236,1649,Cell cycle/mitosis,1,21
Avalon,1236,1649,MAPK/RTK,1,21
Avalon,171,367,Nuclear receptor/xenobiotic,2,26
Avalon,171,367,Lipid/transport state,1,26
Avalon,436,1539,Cell cycle/mitosis,2,35
Avalon,436,1539,PI3K/AKT/mTOR,2,35
Avalon,436,1539,DNA damage/repair,1,35
Avalon,1236,1716,Cell cycle/mitosis,1,24
Avalon,1236,1716,DNA damage/repair,1,24
Avalon,1236,1716,PI3K/AKT/mTOR,1,24
Avalon,273,1597,Cell cycle/mitosis,2,11
Avalon,273,1597,PI3K/AKT/mTOR,1,11
Avalon,525,1341,Cell cycle/mitosis,1,31
Avalon,525,1341,DNA damage/repair,1,31
Avalon,525,1341,Lipid/transport state,1,31
Avalon,613,1719,Cell cycle/mitosis,1,4
Avalon,33,232,Cell cycle/mitosis,2,29
Avalon,33,232,MAPK/RTK,1,29
Avalon,33,232,PI3K/AKT/mTOR,1,29
Avalon,219,1052,PI3K/AKT/mTOR,1,11
Avalon,421,1102,Cell cycle/mitosis,1,21
Avalon,421,1102,DNA damage/repair,1,21
Avalon,421,1102,Lipid/transport state,1,21
Avalon,421,1102,MAPK/RTK,1,21
Avalon,421,1102,PI3K/AKT/mTOR,1,21
Avalon,31,1787,Nuclear receptor/xenobiotic,3,25
Avalon,31,1787,MAPK/RTK,1,25
Avalon,273,449,Cell cycle/mitosis,2,16
Avalon,273,449,MAPK/RTK,1,16
Avalon,273,449,PI3K/AKT/mTOR,1,16
Avalon,817,1011,Cell cycle/mitosis,2,31
Avalon,817,1011,Lipid/transport state,1,31
Avalon,817,1011,PI3K/AKT/mTOR,1,31
Avalon,436,787,Cell cycle/mitosis,2,37
Avalon,436,787,PI3K/AKT/mTOR,2,37
Avalon,436,787,DNA damage/repair,1,37
Avalon,246,283,Cell cycle/mitosis,1,23
Avalon,402,1627,DNA damage/repair,2,14
Avalon,402,1627,Nuclear receptor/xenobiotic,1,14
Avalon,300,1437,Lipid/transport state,1,25
Avalon,300,1437,MAPK/RTK,1,25
Avalon,350,1047,Nuclear receptor/xenobiotic,3,26
Avalon,350,1047,Cell cycle/mitosis,1,26
Avalon,350,1047,Lipid/transport state,1,26
Avalon,350,1047,MAPK/RTK,1,26
Avalon,309,841,Cell cycle/mitosis,3,30
Avalon,309,841,MAPK/RTK,1,30
Avalon,309,841,Nuclear receptor/xenobiotic,1,30
Avalon,50,698,Cell cycle/mitosis,1,13
Avalon,534,841,Cell cycle/mitosis,2,20
Avalon,534,841,Nuclear receptor/xenobiotic,2,20
Avalon,580,1637,Cell cycle/mitosis,1,3
Avalon,300,1420,Cell cycle/mitosis,1,30
Avalon,300,1420,Lipid/transport state,1,30
Avalon,300,1420,MAPK/RTK,1,30
Avalon,1110,1220,DNA damage/repair,1,19
Avalon,1110,1220,Epigenetic/chromatin,1,19
Avalon,1067,1389,Epigenetic/chromatin,1,5
Avalon,1067,1389,MAPK/RTK,1,5
Avalon,436,1004,Cell cycle/mitosis,2,13
Avalon,436,1004,PI3K/AKT/mTOR,1,13
Avalon,385,1178,Cell cycle/mitosis,1,31
Avalon,385,1178,MAPK/RTK,1,31
Avalon,385,1178,Nuclear receptor/xenobiotic,1,31
Avalon,11,1805,Cell cycle/mitosis,2,20
Avalon,11,1805,Nuclear receptor/xenobiotic,2,20
Avalon,11,1805,Lipid/transport state,1,20
Avalon,105,1763,Cell cycle/mitosis,1,28
Avalon,105,1763,PI3K/AKT/mTOR,1,28
Avalon,1189,1226,Cell cycle/mitosis,2,36
Avalon,1189,1226,Nuclear receptor/xenobiotic,2,36
Avalon,1189,1226,PI3K/AKT/mTOR,1,36
Avalon,1043,1763,Lipid/transport state,1,21
Avalon,1043,1763,Nuclear receptor/xenobiotic,1,21
Avalon,1043,1763,PI3K/AKT/mTOR,1,21
Avalon,1119,1539,Cell cycle/mitosis,3,33
Avalon,1119,1539,Nuclear receptor/xenobiotic,2,33
Avalon,1119,1539,DNA damage/repair,1,33
Avalon,1119,1539,PI3K/AKT/mTOR,1,33
Avalon,178,1220,DNA damage/repair,1,18
Avalon,178,1220,Epigenetic/chromatin,1,18
Avalon,178,1220,Lipid/transport state,1,18
Avalon,436,1716,Cell cycle/mitosis,2,41
Avalon,436,1716,PI3K/AKT/mTOR,2,41
Avalon,436,1716,DNA damage/repair,1,41
Avalon,436,635,DNA damage/repair,1,9
Avalon,156,671,Nuclear receptor/xenobiotic,1,2
Avalon,232,1074,Cell cycle/mitosis,1,9
Avalon,273,976,Cell cycle/mitosis,2,27
Avalon,273,976,PI3K/AKT/mTOR,2,27
Avalon,636,881,PI3K/AKT/mTOR,2,26
Avalon,636,881,Cell cycle/mitosis,1,26
Avalon,794,1236,Nuclear receptor/xenobiotic,2,17
Avalon,794,1236,Cell cycle/mitosis,1,17
Avalon,794,1236,DNA damage/repair,1,17
Avalon,794,1236,MAPK/RTK,1,17
Avalon,514,543,DNA damage/repair,1,5
Avalon,861,1238,Cell cycle/mitosis,1,8
Avalon,1137,1394,DNA damage/repair,1,5
Avalon,387,479,Nuclear receptor/xenobiotic,2,28
Avalon,387,479,Cell cycle/mitosis,1,28
Avalon,387,479,MAPK/RTK,1,28
Avalon,1181,1585,Cell cycle/mitosis,1,9
CGP-Align,562,1300,Cell cycle/mitosis,1,25
CGP-Align,562,1300,DNA damage/repair,1,25
CGP-Align,562,1300,Microtubule,1,25
CGP-Align,562,1300,Nuclear receptor/xenobiotic,1,25
CGP-Align,273,387,Cell cycle/mitosis,2,32
CGP-Align,273,387,Epigenetic/chromatin,1,32
CGP-Align,387,1238,Cell cycle/mitosis,2,35
CGP-Align,387,1238,Epigenetic/chromatin,1,35
CGP-Align,195,1754,Proteostasis,3,26
CGP-Align,195,1754,Cell cycle/mitosis,2,26
CGP-Align,195,1754,DNA damage/repair,2,26
CGP-Align,195,1754,Nuclear receptor/xenobiotic,2,26
CGP-Align,195,1754,Microtubule,1,26
CGP-Align,580,1428,Cell cycle/mitosis,1,29
CGP-Align,580,1428,Lipid/transport state,1,29
CGP-Align,580,1428,Nuclear receptor/xenobiotic,1,29
CGP-Align,195,1060,Cell cycle/mitosis,2,26
CGP-Align,195,1060,DNA damage/repair,2,26
CGP-Align,195,1060,Nuclear receptor/xenobiotic,2,26
CGP-Align,195,1060,Proteostasis,2,26
CGP-Align,195,1060,Microtubule,1,26
CGP-Align,1112,1238,Nuclear receptor/xenobiotic,1,30
CGP-Align,1112,1238,Proteostasis,1,30
CGP-Align,83,1189,Cell cycle/mitosis,3,29
CGP-Align,83,1189,Nuclear receptor/xenobiotic,2,29
CGP-Align,83,1189,PI3K/AKT/mTOR,1,29
CGP-Align,385,1828,MAPK/RTK,2,30
CGP-Align,385,1828,Nuclear receptor/xenobiotic,2,30
CGP-Align,385,1828,DNA damage/repair,1,30
CGP-Align,681,1226,Nuclear receptor/xenobiotic,4,39
CGP-Align,681,1226,Cell cycle/mitosis,2,39
CGP-Align,681,1226,MAPK/RTK,2,39
CGP-Align,681,1226,PI3K/AKT/mTOR,1,39
CGP-Align,641,1269,Nuclear receptor/xenobiotic,2,29
CGP-Align,641,1269,PI3K/AKT/mTOR,2,29
CGP-Align,641,1269,Cell cycle/mitosis,1,29
CGP-Align,641,1269,Microtubule,1,29
CGP-Align,641,1269,Proteostasis,1,29
CGP-Align,806,816,Cell cycle/mitosis,2,23
CGP-Align,806,816,Nuclear receptor/xenobiotic,2,23
CGP-Align,806,816,Microtubule,1,23
CGP-Align,543,1241,Cell cycle/mitosis,1,18
CGP-Align,543,1241,DNA damage/repair,1,18
CGP-Align,543,1241,Microtubule,1,18
CGP-Align,543,1241,Nuclear receptor/xenobiotic,1,18
CGP-Align,555,1641,Nuclear receptor/xenobiotic,3,14
CGP-Align,555,1641,MAPK/RTK,2,14
CGP-Align,555,1641,Cell cycle/mitosis,1,14
CGP-Align,555,1641,Epigenetic/chromatin,1,14
CGP-Align,794,1241,MAPK/RTK,2,26
CGP-Align,794,1241,Proteostasis,2,26
CGP-Align,794,1241,Cell cycle/mitosis,1,26
CGP-Align,794,1241,DNA damage/repair,1,26
CGP-Align,794,1241,Microtubule,1,26
CGP-Align,794,1241,Nuclear receptor/xenobiotic,1,26
CGP-Align,1241,1245,Cell cycle/mitosis,1,17
CGP-Align,1241,1245,DNA damage/repair,1,17
CGP-Align,1241,1245,Microtubule,1,17
CGP-Align,945,1282,Nuclear receptor/xenobiotic,1,15
CGP-Align,1241,1394,Cell cycle/mitosis,1,13
CGP-Align,1241,1394,DNA damage/repair,1,13
CGP-Align,1241,1394,Microtubule,1,13
CGP-Align,1241,1394,Nuclear receptor/xenobiotic,1,13
CGP-Align,350,1805,Nuclear receptor/xenobiotic,3,31
CGP-Align,350,1805,Cell cycle/mitosis,2,31
CGP-Align,350,1805,DNA damage/repair,1,31
CGP-Align,350,1805,Epigenetic/chromatin,1,31
CGP-Align,350,1805,Lipid/transport state,1,31
CGP-Align,1285,1854,DNA damage/repair,1,27
CGP-Align,33,1186,Cell cycle/mitosis,3,30
CGP-Align,33,1186,Epigenetic/chromatin,1,30
CGP-Align,33,1186,MAPK/RTK,1,30
CGP-Align,33,1186,Microtubule,1,30
CGP-Align,33,1186,Nuclear receptor/xenobiotic,1,30
CGP-Align,33,1186,PI3K/AKT/mTOR,1,30
CGP-Align,1437,1787,Nuclear receptor/xenobiotic,2,24
CGP-Align,1437,1787,Lipid/transport state,1,24
CGP-Align,1128,1169,Cell cycle/mitosis,1,15
CGP-Align,1128,1169,MAPK/RTK,1,15
CGP-Align,534,1238,Cell cycle/mitosis,1,22
CGP-Align,534,1238,Epigenetic/chromatin,1,22
CGP-Align,514,1119,Cell cycle/mitosis,3,26
CGP-Align,514,1119,DNA damage/repair,2,26
CGP-Align,514,1119,Nuclear receptor/xenobiotic,1,26
CGP-Align,1236,1323,Nuclear receptor/xenobiotic,3,33
CGP-Align,1236,1323,Cell cycle/mitosis,2,33
CGP-Align,1236,1323,DNA damage/repair,1,33
CGP-Align,1236,1323,MAPK/RTK,1,33
CGP-Align,1236,1323,PI3K/AKT/mTOR,1,33
CGP-Align,1047,1707,Cell cycle/mitosis,3,32
CGP-Align,1047,1707,Nuclear receptor/xenobiotic,2,32
CGP-Align,1047,1707,Lipid/transport state,1,32
CGP-Align,1047,1707,MAPK/RTK,1,32
CGP-Align,1047,1707,PI3K/AKT/mTOR,1,32
CGP-Align,1210,1694,DNA damage/repair,2,21
CGP-Align,1210,1694,Cell cycle/mitosis,1,21
CGP-Align,1210,1694,Microtubule,1,21
CGP-Align,673,816,Cell cycle/mitosis,3,34
CGP-Align,673,816,DNA damage/repair,1,34
CGP-Align,673,816,Epigenetic/chromatin,1,34
CGP-Align,673,816,Nuclear receptor/xenobiotic,1,34
CGP-Align,232,698,Cell cycle/mitosis,1,37
CGP-Align,232,698,Lipid/transport state,1,37
CGP-Align,232,698,MAPK/RTK,1,37
CGP-Align,232,698,Nuclear receptor/xenobiotic,1,37
CGP-Align,232,698,PI3K/AKT/mTOR,1,37
CGP-Align,942,1092,Nuclear receptor/xenobiotic,3,25
CGP-Align,942,1092,Cell cycle/mitosis,1,25
CGP-Align,942,1092,Proteostasis,1,25
CGP-Align,187,450,Cell cycle/mitosis,4,32
CGP-Align,187,450,DNA damage/repair,2,32
CGP-Align,187,450,Microtubule,1,32
CGP-Align,187,450,Nuclear receptor/xenobiotic,1,32
CGP-Align,187,450,PI3K/AKT/mTOR,1,32
CGP-Align,436,1401,Cell cycle/mitosis,2,37
CGP-Align,436,1401,PI3K/AKT/mTOR,2,37
CGP-Align,436,1401,DNA damage/repair,1,37
CGP-Align,7,945,Nuclear receptor/xenobiotic,2,27
CGP-Align,7,945,DNA damage/repair,1,27
CGP-Align,7,945,MAPK/RTK,1,27
CGP-Align,205,942,Nuclear receptor/xenobiotic,2,21
CGP-Align,205,942,Cell cycle/mitosis,1,21
CGP-Align,205,942,DNA damage/repair,1,21
CGP-Align,205,942,Proteostasis,1,21
CGP-Align,449,1186,Cell cycle/mitosis,3,22
CGP-Align,449,1186,Lipid/transport state,1,22
CGP-Align,449,1186,Microtubule,1,22
CGP-Align,449,1186,PI3K/AKT/mTOR,1,22
CGP-Align,641,1458,Nuclear receptor/xenobiotic,2,30
CGP-Align,641,1458,PI3K/AKT/mTOR,2,30
CGP-Align,641,1458,Cell cycle/mitosis,1,30
CGP-Align,641,1458,Microtubule,1,30
CGP-Align,592,717,Cell cycle/mitosis,2,31
CGP-Align,592,717,DNA damage/repair,2,31
CGP-Align,592,717,Nuclear receptor/xenobiotic,2,31
CGP-Align,592,717,Lipid/transport state,1,31
CGP-Align,94,1647,Cell cycle/mitosis,3,34
CGP-Align,94,1647,Lipid/transport state,1,34
CGP-Align,94,1647,PI3K/AKT/mTOR,1,34
CGP-Align,528,812,Nuclear receptor/xenobiotic,2,24
CGP-Align,528,812,Cell cycle/mitosis,1,24
CGP-Align,528,812,Lipid/transport state,1,24
CGP-Align,528,812,MAPK/RTK,1,24
CGP-Align,636,762,PI3K/AKT/mTOR,2,31
CGP-Align,636,762,Cell cycle/mitosis,1,31
CGP-Align,636,762,DNA damage/repair,1,31
CGP-Align,461,1437,Lipid/transport state,1,32
CGP-Align,461,1437,MAPK/RTK,1,32
CGP-Align,385,1178,Cell cycle/mitosis,1,31
CGP-Align,385,1178,MAPK/RTK,1,31
CGP-Align,385,1178,Nuclear receptor/xenobiotic,1,31
CGP-Align,11,820,Cell cycle/mitosis,2,21
CGP-Align,11,820,Nuclear receptor/xenobiotic,2,21
CGP-Align,11,820,PI3K/AKT/mTOR,2,21
CGP-Align,195,470,Cell cycle/mitosis,1,17
CGP-Align,195,470,DNA damage/repair,1,17
CGP-Align,195,470,Microtubule,1,17
CGP-Align,195,470,Nuclear receptor/xenobiotic,1,17
CGP-Align,1241,1300,Cell cycle/mitosis,1,15
CGP-Align,1241,1300,DNA damage/repair,1,15
CGP-Align,1241,1300,Microtubule,1,15
CGP-Align,195,562,Cell cycle/mitosis,1,12
CGP-Align,195,562,DNA damage/repair,1,12
CGP-Align,195,562,Microtubule,1,12
CGP-Align,51,232,Cell cycle/mitosis,1,36
CGP-Align,51,232,Lipid/transport state,1,36
CGP-Align,51,232,MAPK/RTK,1,36
CGP-Align,7,1282,Cell cycle/mitosis,1,21
CGP-Align,7,1282,Lipid/transport state,1,21
CGP-Align,7,1282,Nuclear receptor/xenobiotic,1,21
CGP-Align,195,794,Proteostasis,3,26
CGP-Align,195,794,Cell cycle/mitosis,2,26
CGP-Align,195,794,Nuclear receptor/xenobiotic,2,26
CGP-Align,195,794,DNA damage/repair,1,26
CGP-Align,195,794,Microtubule,1,26
CGP-Align,232,1486,Nuclear receptor/xenobiotic,4,37
CGP-Align,232,1486,Cell cycle/mitosis,3,37
CGP-Align,232,1486,MAPK/RTK,1,37
CGP-Align,232,1486,PI3K/AKT/mTOR,1,37
CGP-Align,195,543,DNA damage/repair,2,18
CGP-Align,195,543,Cell cycle/mitosis,1,18
CGP-Align,195,543,Microtubule,1,18
CGP-Align,195,543,Nuclear receptor/xenobiotic,1,18
CGP-Align,1241,1754,Nuclear receptor/xenobiotic,2,23
CGP-Align,1241,1754,Proteostasis,2,23
CGP-Align,1241,1754,Cell cycle/mitosis,1,23
CGP-Align,1241,1754,DNA damage/repair,1,23
CGP-Align,1241,1754,MAPK/RTK,1,23
CGP-Align,1241,1754,Microtubule,1,23
CGP-Align,195,1394,Nuclear receptor/xenobiotic,2,16
CGP-Align,195,1394,Cell cycle/mitosis,1,16
CGP-Align,195,1394,DNA damage/repair,1,16
CGP-Align,195,1394,Microtubule,1,16
CGP-Align,195,1394,Proteostasis,1,16
CGP-Align,195,1245,Cell cycle/mitosis,1,13
CGP-Align,195,1245,DNA damage/repair,1,13
CGP-Align,195,1245,Microtubule,1,13
CGP-Align,0,636,DNA damage/repair,2,31
CGP-Align,0,636,PI3K/AKT/mTOR,2,31
CGP-Align,688,717,Cell cycle/mitosis,3,13
CGP-Align,688,717,Nuclear receptor/xenobiotic,1,13
CGP-Align,195,1241,Nuclear receptor/xenobiotic,2,21
CGP-Align,195,1241,Proteostasis,2,21
CGP-Align,195,1241,Cell cycle/mitosis,1,21
CGP-Align,195,1241,DNA damage/repair,1,21
CGP-Align,195,1241,Microtubule,1,21
CGP-Align,7,190,Lipid/transport state,1,23
CGP-Align,7,190,Nuclear receptor/xenobiotic,1,23
CGP-Align,1181,1460,Cell cycle/mitosis,1,20
CGP-Align,190,945,Nuclear receptor/xenobiotic,1,20
CGP-Align,1069,1181,DNA damage/repair,1,18
CGP-Align,685,1236,Nuclear receptor/xenobiotic,3,26
CGP-Align,685,1236,Cell cycle/mitosis,2,26
CGP-Align,685,1236,PI3K/AKT/mTOR,1,26
CGP-Align,1637,1719,Nuclear receptor/xenobiotic,2,21
CGP-Align,1637,1719,Cell cycle/mitosis,1,21
CGP-Align,546,1828,MAPK/RTK,1,21
CGP-Align,546,1828,Nuclear receptor/xenobiotic,1,21
CGP-Align,529,841,Nuclear receptor/xenobiotic,3,33
CGP-Align,529,841,Cell cycle/mitosis,2,33
CGP-Align,529,841,MAPK/RTK,2,33
CGP-Align,529,841,PI3K/AKT/mTOR,1,33
CGP-Align,1060,1241,Cell cycle/mitosis,1,21
CGP-Align,1060,1241,DNA damage/repair,1,21
CGP-Align,1060,1241,MAPK/RTK,1,21
CGP-Align,1060,1241,Microtubule,1,21
CGP-Align,1060,1241,Nuclear receptor/xenobiotic,1,21
CGP-Align,1060,1241,Proteostasis,1,21
CGP-Align,36,1161,Cell cycle/mitosis,1,8
CGP-Align,36,1161,Microtubule,1,8
CGP-Align,1269,1401,PI3K/AKT/mTOR,2,28
CGP-Align,1269,1401,Cell cycle/mitosis,1,28
CGP-Align,1269,1401,DNA damage/repair,1,28
CGP-Align,1269,1401,Microtubule,1,28
CGP-Align,387,1637,Cell cycle/mitosis,1,26
CGP-Align,387,1637,Nuclear receptor/xenobiotic,1,26
CGP-Align,586,1451,Cell cycle/mitosis,3,14
CGP-Align,586,1451,PI3K/AKT/mTOR,1,14
CGP-Align,673,865,Nuclear receptor/xenobiotic,2,20
CGP-Align,688,1523,Cell cycle/mitosis,2,12
CGP-Align,688,1523,Nuclear receptor/xenobiotic,2,12
CGP-Align,436,1716,Cell cycle/mitosis,2,41
CGP-Align,436,1716,PI3K/AKT/mTOR,2,41
CGP-Align,436,1716,DNA damage/repair,1,41
CGP-Align,633,1213,Nuclear receptor/xenobiotic,3,14
CGP-Align,633,1213,MAPK/RTK,2,14
CGP-Align,105,387,Nuclear receptor/xenobiotic,2,34
CGP-Align,105,387,Cell cycle/mitosis,1,34
CGP-Align,105,387,DNA damage/repair,1,34
CGP-Align,105,387,MAPK/RTK,1,34
CGP-Align,190,912,Nuclear receptor/xenobiotic,1,28
CGP-Align,309,570,Cell cycle/mitosis,2,25
CGP-Align,1079,1585,Nuclear receptor/xenobiotic,3,34
CGP-Align,1079,1585,Cell cycle/mitosis,1,34
CGP-Align,1079,1585,Epigenetic/chromatin,1,34
CGP-Align,1079,1585,MAPK/RTK,1,34
CGP-Align,1079,1585,PI3K/AKT/mTOR,1,34
CGP-Align,635,1226,MAPK/RTK,2,15
CGP-Align,635,1226,Nuclear receptor/xenobiotic,2,15
CGP-Align,787,976,Cell cycle/mitosis,3,35
CGP-Align,787,976,PI3K/AKT/mTOR,2,35
CGP-Align,787,976,Nuclear receptor/xenobiotic,1,35
CGP-Align,1079,1787,Nuclear receptor/xenobiotic,3,26
CGP-Align,1079,1787,MAPK/RTK,1,26
CGP-Align,1079,1787,PI3K/AKT/mTOR,1,26
CGP-Align,151,1764,Nuclear receptor/xenobiotic,2,16
CGP-Align,151,1764,PI3K/AKT/mTOR,1,16
CGP-Align,534,841,Cell cycle/mitosis,2,20
CGP-Align,534,841,Nuclear receptor/xenobiotic,2,20
CGP-Align,461,1079,MAPK/RTK,2,39
CGP-Align,461,1079,Cell cycle/mitosis,1,39
CGP-Align,461,1079,Epigenetic/chromatin,1,39
CGP-Align,461,1079,Nuclear receptor/xenobiotic,1,39
CGP-Align,461,1079,PI3K/AKT/mTOR,1,39
CGP-Align,816,1092,Cell cycle/mitosis,1,22
CGP-Align,816,1092,Nuclear receptor/xenobiotic,1,22
CGP-Align,1161,1571,Cell cycle/mitosis,1,19
CGP-Align,1161,1571,Microtubule,1,19
CGP-Align,1161,1571,PI3K/AKT/mTOR,1,19
CGP-Align,1389,1763,Cell cycle/mitosis,2,31
CGP-Align,1389,1763,Epigenetic/chromatin,1,31
CGP-Align,1389,1763,Lipid/transport state,1,31
CGP-Align,1389,1763,MAPK/RTK,1,31
CGP-Align,1389,1763,Nuclear receptor/xenobiotic,1,31
CGP-Align,1389,1763,PI3K/AKT/mTOR,1,31
CGP-Align,336,436,Cell cycle/mitosis,1,35
CGP-Align,336,436,DNA damage/repair,1,35
CGP-Align,336,436,PI3K/AKT/mTOR,1,35
CGP-Align,1382,1539,Cell cycle/mitosis,5,28
CGP-Align,1382,1539,DNA damage/repair,1,28
CGP-Align,303,557,Cell cycle/mitosis,1,37
CGP-Align,303,557,MAPK/RTK,1,37
CGP-Align,303,557,Nuclear receptor/xenobiotic,1,37
CGP-Align,303,557,PI3K/AKT/mTOR,1,37
CGP-Align,273,571,Cell cycle/mitosis,1,30
CGP-Align,273,571,PI3K/AKT/mTOR,1,30
CGP-Align,0,481,PI3K/AKT/mTOR,2,27
CGP-Align,0,481,Cell cycle/mitosis,1,27
CGP-Align,74,878,Cell cycle/mitosis,1,26
CGP-Align,74,878,MAPK/RTK,1,26
CGP-Align,74,878,Nuclear receptor/xenobiotic,1,26
CGP-Align,281,385,MAPK/RTK,1,16
CGP-Align,281,385,Nuclear receptor/xenobiotic,1,16
CGP-Align,1178,1828,MAPK/RTK,1,27
CGP-Align,1178,1828,Nuclear receptor/xenobiotic,1,27
CGP-Align,246,1489,Cell cycle/mitosis,2,31
CGP-Align,246,1489,Nuclear receptor/xenobiotic,1,31
CGP-Align,762,1527,Cell cycle/mitosis,2,36
CGP-Align,762,1527,PI3K/AKT/mTOR,1,36
CGP-Align,1080,1539,Cell cycle/mitosis,2,36
CGP-Align,1080,1539,Nuclear receptor/xenobiotic,2,36
CGP-Align,1080,1539,DNA damage/repair,1,36
CGP-Align,1080,1539,PI3K/AKT/mTOR,1,36
CGP-Align,806,1119,Nuclear receptor/xenobiotic,4,24
CGP-Align,806,1119,Cell cycle/mitosis,3,24
CGP-Align,461,886,MAPK/RTK,2,30
CGP-Align,461,886,Epigenetic/chromatin,1,30
CGP-Align,461,886,Lipid/transport state,1,30
CGP-Align,461,886,Nuclear receptor/xenobiotic,1,30
CGP-Align,1339,1428,Cell cycle/mitosis,1,13
CGP-Align,1339,1428,Lipid/transport state,1,13
CGP-Align,1339,1428,Nuclear receptor/xenobiotic,1,13
CGP-Align,1339,1428,Proteostasis,1,13
CGP-Align,195,1300,Cell cycle/mitosis,1,13
CGP-Align,195,1300,DNA damage/repair,1,13
CGP-Align,195,1300,Microtubule,1,13
CGP-Align,1112,1649,Nuclear receptor/xenobiotic,1,25
CGP-Align,1112,1649,Proteostasis,1,25
CGP-Align,1181,1339,Cell cycle/mitosis,1,15
CGP-Align,1181,1339,DNA damage/repair,1,15
CGP-Align,1181,1339,Lipid/transport state,1,15
CGP-Align,1181,1339,Nuclear receptor/xenobiotic,1,15
CGP-Align,1460,1649,Cell cycle/mitosis,1,11
CGP-Align,1637,1649,Cell cycle/mitosis,1,23
CGP-Align,120,1214,Epigenetic/chromatin,1,27
CGP-Align,120,1214,MAPK/RTK,1,27
CGP-Align,120,1214,Nuclear receptor/xenobiotic,1,27
CGP-Align,314,1835,Cell cycle/mitosis,1,4
CGP-Align,806,942,Nuclear receptor/xenobiotic,3,25
CGP-Align,806,942,Cell cycle/mitosis,2,25
CGP-Align,387,1719,Cell cycle/mitosis,2,20
CGP-Align,387,1719,Nuclear receptor/xenobiotic,2,20
CGP-Align,387,1719,MAPK/RTK,1,20
CGP-Align,681,841,Cell cycle/mitosis,3,31
CGP-Align,681,841,MAPK/RTK,2,31
CGP-Align,681,841,Nuclear receptor/xenobiotic,2,31
CGP-Align,681,841,PI3K/AKT/mTOR,1,31
CGP-Align,387,534,Nuclear receptor/xenobiotic,2,23
CGP-Align,387,534,Cell cycle/mitosis,1,23
CGP-Align,387,534,Epigenetic/chromatin,1,23
CGP-Align,673,942,Cell cycle/mitosis,2,27
CGP-Align,673,942,Nuclear receptor/xenobiotic,2,27
CGP-Align,673,942,DNA damage/repair,1,27
CGP-Align,470,1241,Cell cycle/mitosis,1,14
CGP-Align,470,1241,DNA damage/repair,1,14
CGP-Align,470,1241,Microtubule,1,14
CGP-Align,83,116,Cell cycle/mitosis,2,28
CGP-Align,83,116,DNA damage/repair,1,28
CGP-Align,83,116,Microtubule,1,28
CGP-Align,83,116,Nuclear receptor/xenobiotic,1,28
CGP-Align,232,1080,Nuclear receptor/xenobiotic,3,36
CGP-Align,232,1080,Cell cycle/mitosis,1,36
CGP-Align,232,1080,Lipid/transport state,1,36
CGP-Align,232,1080,MAPK/RTK,1,36
CGP-Align,232,1080,PI3K/AKT/mTOR,1,36
CGP-Align,816,1854,DNA damage/repair,1,12
CGP-Align,958,1189,Cell cycle/mitosis,2,33
CGP-Align,958,1189,Nuclear receptor/xenobiotic,1,33
CGP-Align,116,1486,Cell cycle/mitosis,2,35
CGP-Align,116,1486,Nuclear receptor/xenobiotic,2,35
CGP-Align,116,1486,DNA damage/repair,1,35
CGP-Align,116,1486,MAPK/RTK,1,35
CGP-Align,116,1486,PI3K/AKT/mTOR,1,35
CGP-Align,397,1047,Cell cycle/mitosis,3,26
CGP-Align,397,1047,Nuclear receptor/xenobiotic,2,26
CGP-Align,397,1047,MAPK/RTK,1,26
CGP-Align,387,1486,Cell cycle/mitosis,2,34
CGP-Align,387,1486,Nuclear receptor/xenobiotic,2,34
CGP-Align,387,1486,DNA damage/repair,1,34
CGP-Align,387,1486,MAPK/RTK,1,34
CGP-Align,205,1553,Nuclear receptor/xenobiotic,2,20
CGP-Align,205,1553,Cell cycle/mitosis,1,20
CGP-Align,205,1553,DNA damage/repair,1,20
CGP-Align,205,1553,Proteostasis,1,20
CGP-Align,546,1842,MAPK/RTK,1,19
CGP-Align,546,1842,Proteostasis,1,19
CGP-Align,227,1401,Cell cycle/mitosis,2,36
CGP-Align,227,1401,DNA damage/repair,2,36
CGP-Align,227,1401,PI3K/AKT/mTOR,2,36
CGP-Align,195,1315,Microtubule,1,6
CGP-Align,816,1119,Cell cycle/mitosis,3,31
CGP-Align,816,1119,Nuclear receptor/xenobiotic,2,31
CGP-Align,816,1119,DNA damage/repair,1,31
CGP-Align,912,945,Nuclear receptor/xenobiotic,1,27
CGP-Align,1196,1486,Cell cycle/mitosis,2,35
CGP-Align,1196,1486,PI3K/AKT/mTOR,2,35
CGP-Align,1196,1486,DNA damage/repair,1,35
CGP-Align,1196,1486,MAPK/RTK,1,35
CGP-Align,1196,1486,Nuclear receptor/xenobiotic,1,35
CGP-Align,87,1670,Nuclear receptor/xenobiotic,2,27
CGP-Align,87,1670,Epigenetic/chromatin,1,27
CGP-Align,87,1670,MAPK/RTK,1,27
CGP-Align,1001,1828,Nuclear receptor/xenobiotic,1,24
CGP-Align,816,865,Nuclear receptor/xenobiotic,1,17
CGP-Align,479,571,Nuclear receptor/xenobiotic,5,37
CGP-Align,479,571,Cell cycle/mitosis,2,37
CGP-Align,479,571,PI3K/AKT/mTOR,1,37
CGP-Align,976,1269,PI3K/AKT/mTOR,2,26
CGP-Align,976,1269,Cell cycle/mitosis,1,26
CGP-Align,976,1269,DNA damage/repair,1,26
CGP-Align,976,1269,Proteostasis,1,26
CGP-Align,436,976,Cell cycle/mitosis,2,35
CGP-Align,436,976,PI3K/AKT/mTOR,2,35
CGP-Align,92,449,Cell cycle/mitosis,1,22
CGP-Align,92,449,Microtubule,1,22
CGP-Align,92,449,PI3K/AKT/mTOR,1,22
CGP-Align,592,816,Cell cycle/mitosis,2,22
CGP-Align,592,816,Nuclear receptor/xenobiotic,2,22
CGP-Align,592,816,DNA damage/repair,1,22
CGP-Align,273,1323,Cell cycle/mitosis,2,29
CGP-Align,273,1323,PI3K/AKT/mTOR,1,29
CGP-Align,499,1060,DNA damage/repair,2,11
CGP-Align,499,1060,Microtubule,1,11
CGP-Align,580,1339,Nuclear receptor/xenobiotic,2,10
CGP-Align,580,1339,Cell cycle/mitosis,1,10
CGP-Align,580,1339,Lipid/transport state,1,10
CGP-Align,1300,1394,Cell cycle/mitosis,1,9
CGP-Align,1300,1394,DNA damage/repair,1,9
CGP-Align,1300,1394,Microtubule,1,9
CGP-Align,195,205,Cell cycle/mitosis,2,21
CGP-Align,195,205,Proteostasis,2,21
CGP-Align,195,205,DNA damage/repair,1,21
CGP-Align,195,205,Microtubule,1,21
CGP-Align,195,205,Nuclear receptor/xenobiotic,1,21
CGP-Align,681,1081,Nuclear receptor/xenobiotic,3,24
CGP-Align,681,1081,Cell cycle/mitosis,2,24
CGP-Align,83,794,Cell cycle/mitosis,2,21
CGP-Align,83,794,DNA damage/repair,1,21
CGP-Align,83,794,Nuclear receptor/xenobiotic,1,21
CGP-Align,83,794,PI3K/AKT/mTOR,1,21
CGP-Align,470,1300,Cell cycle/mitosis,1,14
CGP-Align,470,1300,DNA damage/repair,1,14
CGP-Align,470,1300,Microtubule,1,14
CGP-Align,1596,1697,Cell cycle/mitosis,2,31
CGP-Align,1596,1697,Lipid/transport state,1,31
CGP-Align,1596,1697,PI3K/AKT/mTOR,1,31
CGP-Align,1189,1637,Cell cycle/mitosis,1,26
CGP-Align,1189,1637,Nuclear receptor/xenobiotic,1,26
CGP-Align,470,942,DNA damage/repair,1,15
CGP-Align,470,942,Nuclear receptor/xenobiotic,1,15
CGP-Align,816,1709,Cell cycle/mitosis,1,21
CGP-Align,816,1709,Nuclear receptor/xenobiotic,1,21
CGP-Align,200,1047,Nuclear receptor/xenobiotic,3,26
CGP-Align,200,1047,Cell cycle/mitosis,2,26
CGP-Align,200,1047,PI3K/AKT/mTOR,1,26
CGP-Align,51,309,Cell cycle/mitosis,1,35
CGP-Align,51,309,MAPK/RTK,1,35
CGP-Align,0,1401,PI3K/AKT/mTOR,2,31
CGP-Align,0,1401,Cell cycle/mitosis,1,31
CGP-Align,0,1401,DNA damage/repair,1,31
CGP-Align,514,673,Cell cycle/mitosis,2,27
CGP-Align,514,673,DNA damage/repair,2,27
CGP-Align,514,673,Nuclear receptor/xenobiotic,1,27
CGP-Align,187,1196,Cell cycle/mitosis,2,29
CGP-Align,187,1196,DNA damage/repair,1,29
CGP-Align,187,1196,MAPK/RTK,1,29
CGP-Align,187,1196,Nuclear receptor/xenobiotic,1,29
CGP-Align,187,1196,PI3K/AKT/mTOR,1,29
CGP-Align,861,1330,Cell cycle/mitosis,1,17
CGP-Align,861,1330,Epigenetic/chromatin,1,17
CGP-Align,861,1330,Microtubule,1,17
CGP-Align,94,249,Nuclear receptor/xenobiotic,2,28
CGP-Align,94,249,Lipid/transport state,1,28
CGP-Align,94,249,MAPK/RTK,1,28
CGP-Align,94,249,PI3K/AKT/mTOR,1,28
CGP-Align,1011,1269,PI3K/AKT/mTOR,2,23
CGP-Align,1011,1269,Cell cycle/mitosis,1,23
CGP-Align,1011,1269,Microtubule,1,23
CGP-Align,50,1627,DNA damage/repair,2,20
CGP-Align,1649,1719,Cell cycle/mitosis,2,15
CGP-Align,534,1081,Nuclear receptor/xenobiotic,2,24
CGP-Align,534,1081,Cell cycle/mitosis,1,24
CGP-Align,0,881,PI3K/AKT/mTOR,2,31
CGP-Align,0,881,Cell cycle/mitosis,1,31
CGP-Align,0,881,Lipid/transport state,1,31
CGP-Align,636,641,PI3K/AKT/mTOR,2,27
CGP-Align,636,641,Cell cycle/mitosis,1,27
CGP-Align,636,641,Proteostasis,1,27
CGP-Align,1209,1542,Nuclear receptor/xenobiotic,4,7
CGP-Align,1226,1503,Cell cycle/mitosis,2,31
CGP-Align,1226,1503,MAPK/RTK,2,31
CGP-Align,1226,1503,Nuclear receptor/xenobiotic,1,31
CGP-Align,1226,1503,PI3K/AKT/mTOR,1,31
CGP-Align,171,1211,DNA damage/repair,1,23
CGP-Align,1110,1854,DNA damage/repair,1,21
CGP-Align,1110,1854,Epigenetic/chromatin,1,21
CGP-Align,1110,1854,Nuclear receptor/xenobiotic,1,21
CGP-Align,1079,1236,Nuclear receptor/xenobiotic,3,30
CGP-Align,1079,1236,MAPK/RTK,2,30
CGP-Align,1079,1236,Cell cycle/mitosis,1,30
CGP-Align,1079,1236,PI3K/AKT/mTOR,1,30
CGP-Align,35,387,Nuclear receptor/xenobiotic,2,27
CGP-Align,94,1073,Cell cycle/mitosis,2,32
CGP-Align,94,1073,Lipid/transport state,1,32
CGP-Align,94,1073,MAPK/RTK,1,32
CGP-Align,94,1073,PI3K/AKT/mTOR,1,32
CGP-Align,31,1787,Nuclear receptor/xenobiotic,3,25
CGP-Align,31,1787,MAPK/RTK,1,25
CGP-Align,685,1835,Cell cycle/mitosis,3,21
CGP-Align,685,1835,Nuclear receptor/xenobiotic,1,21
CGP-Align,116,685,Nuclear receptor/xenobiotic,2,23
CGP-Align,116,685,Microtubule,1,23
CGP-Align,116,685,PI3K/AKT/mTOR,1,23
CGP-Align,94,398,Cell cycle/mitosis,1,26
CGP-Align,94,398,DNA damage/repair,1,26
CGP-Align,94,398,Lipid/transport state,1,26
CGP-Align,94,398,Nuclear receptor/xenobiotic,1,26
CGP-Align,94,398,PI3K/AKT/mTOR,1,26
CGP-Align,309,1189,Cell cycle/mitosis,3,34
CGP-Align,0,1235,PI3K/AKT/mTOR,2,19
CGP-Align,227,528,Cell cycle/mitosis,2,35
CGP-Align,227,528,PI3K/AKT/mTOR,2,35
CGP-Align,227,528,DNA damage/repair,1,35
CGP-Align,529,1315,MAPK/RTK,1,7
CGP-Align,436,787,Cell cycle/mitosis,2,37
CGP-Align,436,787,PI3K/AKT/mTOR,2,37
CGP-Align,436,787,DNA damage/repair,1,37
CGP-Align,450,1220,Cell cycle/mitosis,2,25
CGP-Align,450,1220,DNA damage/repair,1,25
CGP-Align,450,1220,Microtubule,1,25
CGP-Align,450,1220,PI3K/AKT/mTOR,1,25
CGP-Align,1460,1637,Cell cycle/mitosis,1,13
CGP-Align,1060,1300,Cell cycle/mitosis,1,14
CGP-Align,1060,1300,DNA damage/repair,1,14
CGP-Align,1060,1300,Microtubule,1,14
CGP-Align,1181,1428,Cell cycle/mitosis,1,18
CGP-Align,1181,1428,Lipid/transport state,1,18
CGP-Align,1181,1428,Nuclear receptor/xenobiotic,1,18
CGP-Align,1236,1486,Nuclear receptor/xenobiotic,4,33
CGP-Align,1236,1486,Cell cycle/mitosis,3,33
CGP-Align,1236,1486,DNA damage/repair,1,33
CGP-Align,1236,1486,MAPK/RTK,1,33
CGP-Align,1236,1486,PI3K/AKT/mTOR,1,33
CGP-Align,99,439,Cell cycle/mitosis,3,28
CGP-Align,99,439,MAPK/RTK,3,28
CGP-Align,99,439,Microtubule,1,28
CGP-Align,99,439,PI3K/AKT/mTOR,1,28
CGP-Align,51,120,Cell cycle/mitosis,1,31
CGP-Align,51,120,MAPK/RTK,1,31
CGP-Align,592,942,Cell cycle/mitosis,2,20
CGP-Align,592,942,DNA damage/repair,1,20
CGP-Align,592,942,Nuclear receptor/xenobiotic,1,20
CGP-Align,794,958,DNA damage/repair,2,21
CGP-Align,794,958,MAPK/RTK,2,21
CGP-Align,794,958,Microtubule,1,21
CGP-Align,806,1394,Nuclear receptor/xenobiotic,4,11
CGP-Align,806,1394,Lipid/transport state,1,11
CGP-Align,806,1394,Microtubule,1,11
CGP-Align,385,546,MAPK/RTK,1,16
CGP-Align,385,546,Nuclear receptor/xenobiotic,1,16
CGP-Align,77,555,Cell cycle/mitosis,1,12
CGP-Align,77,555,Proteostasis,1,12
CGP-Align,1238,1649,Cell cycle/mitosis,2,38
CGP-Align,1238,1649,MAPK/RTK,1,38
CGP-Align,1238,1649,Nuclear receptor/xenobiotic,1,38
CGP-Align,1238,1649,Proteostasis,1,38
CGP-Align,528,1382,Cell cycle/mitosis,3,27
CGP-Align,528,1382,DNA damage/repair,1,27
CGP-Align,685,1186,Cell cycle/mitosis,6,33
CGP-Align,685,1186,Nuclear receptor/xenobiotic,3,33
CGP-Align,685,1186,PI3K/AKT/mTOR,1,33
CGP-Align,1299,1649,Cell cycle/mitosis,1,27
CGP-Align,1299,1649,MAPK/RTK,1,27
CGP-Align,1299,1649,Proteostasis,1,27
CGP-Align,51,302,Cell cycle/mitosis,1,33
CGP-Align,51,302,Lipid/transport state,1,33
CGP-Align,0,94,Cell cycle/mitosis,2,35
CGP-Align,0,94,DNA damage/repair,1,35
CGP-Align,0,94,Lipid/transport state,1,35
CGP-Align,0,94,PI3K/AKT/mTOR,1,35
CGP-Align,688,1754,Nuclear receptor/xenobiotic,2,17
CGP-Align,688,1754,Cell cycle/mitosis,1,17
CGP-Align,688,1754,MAPK/RTK,1,17
CGP-Align,688,1754,Proteostasis,1,17
CGP-Align,1119,1709,Cell cycle/mitosis,1,23
CGP-Align,1119,1709,Nuclear receptor/xenobiotic,1,23
CGP-Align,592,1185,Cell cycle/mitosis,1,12
CGP-Align,592,1185,Nuclear receptor/xenobiotic,1,12
CGP-Align,794,1553,Cell cycle/mitosis,1,18
CGP-Align,794,1553,DNA damage/repair,1,18
CGP-Align,794,1553,Nuclear receptor/xenobiotic,1,18
CGP-Align,794,1553,PI3K/AKT/mTOR,1,18
CGP-Align,794,1553,Proteostasis,1,18
CGP-Align,592,865,Nuclear receptor/xenobiotic,1,17
CGP-Align,1641,1839,Nuclear receptor/xenobiotic,1,11
CGP-Align,436,1539,Cell cycle/mitosis,2,35
CGP-Align,436,1539,PI3K/AKT/mTOR,2,35
CGP-Align,436,1539,DNA damage/repair,1,35
CGP-Align,33,449,Cell cycle/mitosis,1,20
CGP-Align,33,449,Microtubule,1,20
CGP-Align,33,449,Nuclear receptor/xenobiotic,1,20
CGP-Align,33,449,PI3K/AKT/mTOR,1,20
CGP-Align,688,1709,Cell cycle/mitosis,1,24
CGP-Align,688,1709,Nuclear receptor/xenobiotic,1,24
CGP-Align,688,1709,Proteostasis,1,24
CGP-Align,1079,1781,Epigenetic/chromatin,1,30
CGP-Align,1079,1781,Nuclear receptor/xenobiotic,1,30
CGP-Align,934,1670,Lipid/transport state,1,25
CGP-Align,470,1692,DNA damage/repair,2,11
CGP-Align,470,1692,Nuclear receptor/xenobiotic,2,11
CGP-Align,1080,1585,Cell cycle/mitosis,2,33
CGP-Align,1080,1585,Nuclear receptor/xenobiotic,2,33
CGP-Align,1080,1585,MAPK/RTK,1,33
CGP-Align,1080,1585,PI3K/AKT/mTOR,1,33
CGP-Align,717,1119,Cell cycle/mitosis,3,21
CGP-Align,717,1119,Nuclear receptor/xenobiotic,2,21
CGP-Align,717,1119,DNA damage/repair,1,21
CGP-Align,105,227,Cell cycle/mitosis,2,34
CGP-Align,105,227,DNA damage/repair,1,34
CGP-Align,105,227,PI3K/AKT/mTOR,1,34
CGP-Align,334,1707,Cell cycle/mitosis,3,16
CGP-Align,334,1707,Nuclear receptor/xenobiotic,3,16
CGP-Align,334,1707,DNA damage/repair,1,16
CGP-Align,200,265,Nuclear receptor/xenobiotic,4,29
CGP-Align,200,265,Cell cycle/mitosis,2,29
CGP-Align,200,265,MAPK/RTK,1,29
CGP-Align,200,265,PI3K/AKT/mTOR,1,29
CGP-Align,33,1585,Cell cycle/mitosis,2,29
CGP-Align,33,1585,Epigenetic/chromatin,1,29
CGP-Align,33,1585,MAPK/RTK,1,29
CGP-Align,33,1585,Nuclear receptor/xenobiotic,1,29
CGP-Align,33,1585,PI3K/AKT/mTOR,1,29
CGP-Align,99,421,Cell cycle/mitosis,2,28
CGP-Align,99,421,MAPK/RTK,2,28
CGP-Align,99,421,DNA damage/repair,1,28
CGP-Align,99,421,PI3K/AKT/mTOR,1,28
CGP-Align,1527,1697,Cell cycle/mitosis,3,38
CGP-Align,1527,1697,Lipid/transport state,1,38
CGP-Align,1527,1697,PI3K/AKT/mTOR,1,38
CGP-Align,33,1196,Cell cycle/mitosis,3,29
CGP-Align,33,1196,PI3K/AKT/mTOR,2,29
CGP-Align,33,1196,MAPK/RTK,1,29
CGP-Align,33,1196,Nuclear receptor/xenobiotic,1,29
CGP-Align,1238,1637,Cell cycle/mitosis,1,25
CGP-Align,1220,1835,Cell cycle/mitosis,1,23
CGP-Align,1220,1835,Lipid/transport state,1,23
CGP-Align,1220,1835,Microtubule,1,23
CGP-Align,470,958,DNA damage/repair,2,18
CGP-Align,470,958,Cell cycle/mitosis,1,18
CGP-Align,470,958,Microtubule,1,18
CGP-Align,314,685,Cell cycle/mitosis,1,5
CGP-Align,314,685,Microtubule,1,5
CGP-Align,227,1486,Cell cycle/mitosis,2,33
CGP-Align,227,1486,PI3K/AKT/mTOR,2,33
CGP-Align,227,1486,DNA damage/repair,1,33
CGP-Align,1067,1536,PI3K/AKT/mTOR,1,13
CGP-Align,35,1236,Nuclear receptor/xenobiotic,5,30
CGP-Align,35,1236,Cell cycle/mitosis,1,30
CGP-Align,232,529,Nuclear receptor/xenobiotic,3,29
CGP-Align,232,529,Cell cycle/mitosis,1,29
CGP-Align,232,529,MAPK/RTK,1,29
CGP-Align,1080,1186,Cell cycle/mitosis,2,31
CGP-Align,1080,1186,Nuclear receptor/xenobiotic,2,31
CGP-Align,1080,1186,Lipid/transport state,1,31
CGP-Align,1080,1186,MAPK/RTK,1,31
CGP-Align,1080,1186,PI3K/AKT/mTOR,1,31
CGP-Align,570,1299,Cell cycle/mitosis,1,23
CGP-Align,570,1299,Epigenetic/chromatin,1,23
CGP-Align,570,1299,Proteostasis,1,23
CGP-Align,543,1553,DNA damage/repair,1,12
CGP-Align,1236,1692,Cell cycle/mitosis,2,28
CGP-Align,1236,1692,Nuclear receptor/xenobiotic,2,28
CGP-Align,1236,1692,DNA damage/repair,1,28
CGP-Align,1236,1692,MAPK/RTK,1,28
CGP-Align,1236,1692,PI3K/AKT/mTOR,1,28
CGP-Align,389,673,Nuclear receptor/xenobiotic,2,26
CGP-Align,389,673,Cell cycle/mitosis,1,26
CGP-Align,1323,1585,Cell cycle/mitosis,3,33
CGP-Align,1323,1585,Nuclear receptor/xenobiotic,2,33
CGP-Align,1323,1585,MAPK/RTK,1,33
CGP-Align,1323,1585,PI3K/AKT/mTOR,1,33
CGP-Align,273,841,Cell cycle/mitosis,3,30
CGP-Align,273,841,PI3K/AKT/mTOR,1,30
CGP-Align,171,367,Nuclear receptor/xenobiotic,2,26
CGP-Align,171,367,Lipid/transport state,1,26
CGP-Align,881,1269,PI3K/AKT/mTOR,2,24
CGP-Align,881,1269,Cell cycle/mitosis,1,24
CGP-Align,881,1269,Nuclear receptor/xenobiotic,1,24
CGP-Align,191,1564,Cell cycle/mitosis,1,15
CGP-Align,35,685,Nuclear receptor/xenobiotic,3,26
CGP-Align,35,685,Cell cycle/mitosis,1,26
CGP-Align,1011,1401,Cell cycle/mitosis,2,29
CGP-Align,1011,1401,PI3K/AKT/mTOR,2,29
CGP-Align,1011,1401,Microtubule,1,29
CGP-Align,816,1110,DNA damage/repair,1,20
CGP-Align,816,1110,Epigenetic/chromatin,1,20
CGP-Align,794,1076,DNA damage/repair,1,8
CGP-Align,35,116,Nuclear receptor/xenobiotic,2,28
CGP-Align,249,1527,Lipid/transport state,1,28
CGP-Align,249,1527,MAPK/RTK,1,28
CGP-Align,249,1527,Nuclear receptor/xenobiotic,1,28
CGP-Align,249,1527,PI3K/AKT/mTOR,1,28
CGP-Align,396,1739,Cell cycle/mitosis,1,25
CGP-Align,396,1739,Lipid/transport state,1,25
CGP-Align,379,387,Nuclear receptor/xenobiotic,2,27
CGP-Align,379,387,DNA damage/repair,1,27
CGP-Align,379,387,MAPK/RTK,1,27
CGP-Align,865,1119,Nuclear receptor/xenobiotic,2,19
CGP-Align,302,1214,Cell cycle/mitosis,1,26
CGP-Align,1245,1553,DNA damage/repair,1,16
CGP-Align,1245,1553,Nuclear receptor/xenobiotic,1,16
CGP-Align,0,1333,Cell cycle/mitosis,1,29
CGP-Align,0,1333,Lipid/transport state,1,29
CGP-Align,0,1333,PI3K/AKT/mTOR,1,29
CGP-Align,1060,1553,Cell cycle/mitosis,1,17
CGP-Align,1060,1553,DNA damage/repair,1,17
CGP-Align,1060,1553,Nuclear receptor/xenobiotic,1,17
CGP-Align,1060,1553,Proteostasis,1,17
CGP-Align,309,1763,Cell cycle/mitosis,1,31
CGP-Align,309,1763,Epigenetic/chromatin,1,31
CGP-Align,309,1763,MAPK/RTK,1,31
CGP-Align,309,1763,Nuclear receptor/xenobiotic,1,31
CGP-Align,816,965,DNA damage/repair,1,17
CGP-Align,235,820,Cell cycle/mitosis,2,19
CGP-Align,235,820,Nuclear receptor/xenobiotic,1,19
CGP-Align,235,820,PI3K/AKT/mTOR,1,19
CGP-Align,613,1236,Cell cycle/mitosis,2,8
CGP-Align,314,1236,Cell cycle/mitosis,1,5
CGP-Align,314,1236,Nuclear receptor/xenobiotic,1,5
CGP-Align,470,806,Nuclear receptor/xenobiotic,2,12
CGP-Align,470,806,Microtubule,1,12
CGP-Align,546,1001,Nuclear receptor/xenobiotic,1,18
CGP-Align,580,1181,Cell cycle/mitosis,1,16
CGP-Align,580,1181,Lipid/transport state,1,16
CGP-Align,580,1181,Nuclear receptor/xenobiotic,1,16
CGP-Align,685,1189,Cell cycle/mitosis,1,26
CGP-Align,685,1189,Nuclear receptor/xenobiotic,1,26
CGP-Align,685,1189,PI3K/AKT/mTOR,1,26
CGP-Align,205,1241,MAPK/RTK,2,20
CGP-Align,205,1241,Cell cycle/mitosis,1,20
CGP-Align,205,1241,DNA damage/repair,1,20
CGP-Align,205,1241,Microtubule,1,20
CGP-Align,205,1241,Nuclear receptor/xenobiotic,1,20
CGP-Align,205,1241,Proteostasis,1,20
CGP-Align,543,942,Nuclear receptor/xenobiotic,1,8
CGP-Align,806,1709,Nuclear receptor/xenobiotic,3,22
CGP-Align,806,1709,Cell cycle/mitosis,1,22
CGP-Align,1175,1596,Cell cycle/mitosis,1,24
CGP-Align,1175,1596,Lipid/transport state,1,24
CGP-Align,1175,1596,MAPK/RTK,1,24
CGP-Align,1175,1596,PI3K/AKT/mTOR,1,24
CGP-Align,1486,1585,Cell cycle/mitosis,3,33
CGP-Align,1486,1585,Nuclear receptor/xenobiotic,2,33
CGP-Align,1486,1585,MAPK/RTK,1,33
CGP-Align,1486,1585,PI3K/AKT/mTOR,1,33
CGP-Align,688,1060,Cell cycle/mitosis,1,19
CGP-Align,688,1060,Nuclear receptor/xenobiotic,1,19
CGP-Align,688,1060,Proteostasis,1,19
CGP-Align,309,1637,Nuclear receptor/xenobiotic,2,27
CGP-Align,309,1637,Cell cycle/mitosis,1,27
CGP-Align,232,273,Cell cycle/mitosis,2,28
CGP-Align,232,273,MAPK/RTK,1,28
CGP-Align,232,273,PI3K/AKT/mTOR,1,28
CGP-Align,841,1081,Nuclear receptor/xenobiotic,4,29
CGP-Align,841,1081,Cell cycle/mitosis,2,29
CGP-Align,841,1081,DNA damage/repair,1,29
CGP-Align,1220,1323,Cell cycle/mitosis,2,32
CGP-Align,1220,1323,DNA damage/repair,1,32
CGP-Align,1220,1323,MAPK/RTK,1,32
CGP-Align,1220,1323,PI3K/AKT/mTOR,1,32
CGP-Align,455,1267,Lipid/transport state,1,28
CGP-Align,455,1267,PI3K/AKT/mTOR,1,28
CGP-Align,1220,1692,Cell cycle/mitosis,1,21
CGP-Align,1220,1692,DNA damage/repair,1,21
CGP-Align,1220,1692,Epigenetic/chromatin,1,21
CGP-Align,1220,1692,MAPK/RTK,1,21
CGP-Align,1220,1692,Microtubule,1,21
CGP-Align,1220,1692,PI3K/AKT/mTOR,1,21
CGP-Align,534,570,Cell cycle/mitosis,1,19
CGP-Align,534,570,Epigenetic/chromatin,1,19
CGP-Align,534,570,Nuclear receptor/xenobiotic,1,19
CGP-Align,178,514,DNA damage/repair,1,13
CGP-Align,976,1056,Cell cycle/mitosis,3,30
CGP-Align,976,1056,Nuclear receptor/xenobiotic,2,30
CGP-Align,94,762,Cell cycle/mitosis,2,32
CGP-Align,94,762,PI3K/AKT/mTOR,1,32
CGP-Align,713,1214,Nuclear receptor/xenobiotic,3,24
CGP-Align,481,1716,Cell cycle/mitosis,2,32
CGP-Align,481,1716,PI3K/AKT/mTOR,2,32
CGP-Align,1238,1299,Cell cycle/mitosis,1,27
CGP-Align,1238,1299,Epigenetic/chromatin,1,27
CGP-Align,1238,1299,MAPK/RTK,1,27
CGP-Align,1238,1299,Proteostasis,1,27
CGP-Align,672,1763,Cell cycle/mitosis,1,33
CGP-Align,672,1763,Epigenetic/chromatin,1,33
CGP-Align,672,1763,Lipid/transport state,1,33
CGP-Align,672,1763,MAPK/RTK,1,33
CGP-Align,672,1763,PI3K/AKT/mTOR,1,33
CGP-Align,1220,1236,Cell cycle/mitosis,3,31
CGP-Align,1220,1236,DNA damage/repair,1,31
CGP-Align,1220,1236,MAPK/RTK,1,31
CGP-Align,1220,1236,Nuclear receptor/xenobiotic,1,31
CGP-Align,1220,1236,PI3K/AKT/mTOR,1,31
CGP-Align,543,1300,Cell cycle/mitosis,1,12
CGP-Align,543,1300,DNA damage/repair,1,12
CGP-Align,543,1300,Microtubule,1,12
CGP-Align,1220,1763,Cell cycle/mitosis,1,34
CGP-Align,1220,1763,Epigenetic/chromatin,1,34
CGP-Align,1220,1763,Lipid/transport state,1,34
CGP-Align,1220,1763,PI3K/AKT/mTOR,1,34
CGP-Align,116,1637,Nuclear receptor/xenobiotic,2,26
CGP-Align,1067,1501,Cell cycle/mitosis,1,14
CGP-Align,1067,1501,Lipid/transport state,1,14
CGP-Align,1067,1501,MAPK/RTK,1,14
CGP-Align,120,309,MAPK/RTK,2,30
CGP-Align,120,309,Cell cycle/mitosis,1,30
CGP-Align,120,309,Epigenetic/chromatin,1,30
CGP-Align,120,309,Nuclear receptor/xenobiotic,1,30
CGP-Align,460,1460,Cell cycle/mitosis,1,20
CGP-Align,94,481,Cell cycle/mitosis,2,26
CGP-Align,94,481,PI3K/AKT/mTOR,1,26
CGP-Align,205,806,Nuclear receptor/xenobiotic,3,15
CGP-Align,205,806,Cell cycle/mitosis,1,15
CGP-Align,205,806,MAPK/RTK,1,15
CGP-Align,205,806,Microtubule,1,15
CGP-Align,881,1401,Cell cycle/mitosis,2,30
CGP-Align,881,1401,PI3K/AKT/mTOR,2,30
CGP-Align,1128,1181,Cell cycle/mitosis,1,7
CGP-Align,309,958,Cell cycle/mitosis,1,33
CGP-Align,309,958,MAPK/RTK,1,33
CGP-Align,309,958,Nuclear receptor/xenobiotic,1,33
CGP-Align,309,673,Cell cycle/mitosis,3,30
CGP-Align,309,673,Epigenetic/chromatin,1,30
CGP-Align,309,673,Nuclear receptor/xenobiotic,1,30
CGP-Align,816,1553,Nuclear receptor/xenobiotic,1,15
CGP-Align,1214,1709,Nuclear receptor/xenobiotic,2,22
CGP-Align,50,1169,Cell cycle/mitosis,3,17
CGP-Align,50,1169,DNA damage/repair,2,17
CGP-Align,514,1338,Cell cycle/mitosis,5,18
CGP-Align,514,1338,DNA damage/repair,1,18
CGP-Align,514,1338,MAPK/RTK,1,18
CGP-Align,514,1338,Nuclear receptor/xenobiotic,1,18
CGP-Align,534,1112,Nuclear receptor/xenobiotic,1,14
CGP-Align,171,1073,Cell cycle/mitosis,1,27
CGP-Align,171,1073,Lipid/transport state,1,27
CGP-Align,171,1073,PI3K/AKT/mTOR,1,27
CGP-Align,387,528,Cell cycle/mitosis,1,31
CGP-Align,387,528,DNA damage/repair,1,31
CGP-Align,387,528,MAPK/RTK,1,31
CGP-Align,387,528,Nuclear receptor/xenobiotic,1,31
CGP-Align,1079,1220,Cell cycle/mitosis,1,34
CGP-Align,1079,1220,Epigenetic/chromatin,1,34
CGP-Align,1079,1220,MAPK/RTK,1,34
CGP-Align,1079,1220,Nuclear receptor/xenobiotic,1,34
CGP-Align,1079,1220,PI3K/AKT/mTOR,1,34
CGP-Align,529,571,Nuclear receptor/xenobiotic,4,33
CGP-Align,529,571,Cell cycle/mitosis,2,33
CGP-Align,387,571,Nuclear receptor/xenobiotic,2,33
CGP-Align,387,571,Cell cycle/mitosis,1,33
CGP-Align,387,571,DNA damage/repair,1,33
CGP-Align,227,273,PI3K/AKT/mTOR,2,31
CGP-Align,227,273,Cell cycle/mitosis,1,31
CGP-Align,673,806,Cell cycle/mitosis,2,21
CGP-Align,673,806,Nuclear receptor/xenobiotic,2,21
CGP-Align,672,1420,Cell cycle/mitosis,1,32
CGP-Align,672,1420,Lipid/transport state,1,32
CGP-Align,672,1420,MAPK/RTK,1,32
CGP-Align,672,1420,PI3K/AKT/mTOR,1,32
CGP-Align,557,672,Cell cycle/mitosis,1,38
CGP-Align,557,672,DNA damage/repair,1,38
CGP-Align,557,672,PI3K/AKT/mTOR,1,38
CGP-Align,762,1333,PI3K/AKT/mTOR,1,26
CGP-Align,93,556,MAPK/RTK,2,13
CGP-Align,93,556,Cell cycle/mitosis,1,13
CGP-Align,93,556,Microtubule,1,13
CGP-Align,93,556,Nuclear receptor/xenobiotic,1,13
CGP-Align,116,1315,MAPK/RTK,1,6
CGP-Align,116,1315,Microtubule,1,6
CGP-Align,94,636,Cell cycle/mitosis,1,25
CGP-Align,94,636,DNA damage/repair,1,25
CGP-Align,94,636,PI3K/AKT/mTOR,1,25
CGP-Align,817,1269,Cell cycle/mitosis,1,24
CGP-Align,817,1269,DNA damage/repair,1,24
CGP-Align,817,1269,PI3K/AKT/mTOR,1,24
CGP-Align,87,844,Nuclear receptor/xenobiotic,2,26
CGP-Align,87,844,Epigenetic/chromatin,1,26
CGP-Align,87,844,PI3K/AKT/mTOR,1,26
CGP-Align,398,1073,Cell cycle/mitosis,1,25
CGP-Align,398,1073,Lipid/transport state,1,25
CGP-Align,398,1073,PI3K/AKT/mTOR,1,25
CGP-Align,1047,1701,Cell cycle/mitosis,3,23
CGP-Align,1047,1701,Nuclear receptor/xenobiotic,2,23
CGP-Align,1047,1701,PI3K/AKT/mTOR,1,23
CGP-Align,1428,1460,Cell cycle/mitosis,1,20
CGP-Align,794,1189,Cell cycle/mitosis,1,17
CGP-Align,794,1189,Nuclear receptor/xenobiotic,1,17
CGP-Align,794,1189,PI3K/AKT/mTOR,1,17
CGP-Align,1437,1527,Lipid/transport state,1,26
CGP-Align,85,396,Cell cycle/mitosis,1,28
CGP-Align,85,396,Epigenetic/chromatin,1,28
CGP-Align,85,396,Lipid/transport state,1,28
CGP-Align,1076,1081,Nuclear receptor/xenobiotic,1,9
CGP-Align,1119,1539,Cell cycle/mitosis,3,33
CGP-Align,1119,1539,Nuclear receptor/xenobiotic,2,33
CGP-Align,1119,1539,DNA damage/repair,1,33
CGP-Align,1119,1539,PI3K/AKT/mTOR,1,33
CGP-Align,806,1754,Nuclear receptor/xenobiotic,4,13
CGP-Align,806,1754,Cell cycle/mitosis,1,13
CGP-Align,806,1754,MAPK/RTK,1,13
CGP-Align,806,1754,Microtubule,1,13
CGP-Align,273,534,Cell cycle/mitosis,2,17
CGP-Align,273,534,Epigenetic/chromatin,1,17
CGP-Align,35,232,Nuclear receptor/xenobiotic,4,34
CGP-Align,35,232,Cell cycle/mitosis,1,34
CGP-Align,806,1060,Nuclear receptor/xenobiotic,3,13
CGP-Align,806,1060,Cell cycle/mitosis,1,13
CGP-Align,806,1060,Microtubule,1,13
CGP-Align,1110,1489,DNA damage/repair,1,21
CGP-Align,294,1585,Cell cycle/mitosis,2,28
CGP-Align,294,1585,MAPK/RTK,1,28
CGP-Align,294,1585,Nuclear receptor/xenobiotic,1,28
CGP-Align,1220,1338,Cell cycle/mitosis,1,20
CGP-Align,1220,1338,Microtubule,1,20
CGP-Align,303,1052,Cell cycle/mitosis,1,20
CGP-Align,303,1052,Epigenetic/chromatin,1,20
CGP-Align,303,1052,PI3K/AKT/mTOR,1,20
CGP-Align,314,514,Cell cycle/mitosis,1,6
CGP-Align,314,514,Microtubule,1,6
CGP-Align,1074,1128,Cell cycle/mitosis,1,10
CGP-Align,389,806,Nuclear receptor/xenobiotic,5,22
CGP-Align,389,806,Cell cycle/mitosis,1,22
CGP-Align,205,688,Nuclear receptor/xenobiotic,2,23
CGP-Align,205,688,Cell cycle/mitosis,1,23
CGP-Align,205,688,MAPK/RTK,1,23
CGP-Align,205,688,Proteostasis,1,23
CGP-Align,794,1315,MAPK/RTK,1,8
CGP-Align,794,1315,Microtubule,1,8
CGP-Align,232,1323,Cell cycle/mitosis,2,31
CGP-Align,232,1323,MAPK/RTK,1,31
CGP-Align,232,1323,Nuclear receptor/xenobiotic,1,31
CGP-Align,232,1323,PI3K/AKT/mTOR,1,31
CGP-Align,1489,1763,Cell cycle/mitosis,1,30
CGP-Align,1489,1763,Proteostasis,1,30
CGP-Align,105,976,Cell cycle/mitosis,2,34
CGP-Align,105,976,MAPK/RTK,1,34
CGP-Align,105,976,PI3K/AKT/mTOR,1,34
CGP-Align,94,851,Nuclear receptor/xenobiotic,2,28
CGP-Align,94,851,Cell cycle/mitosis,1,28
CGP-Align,94,851,DNA damage/repair,1,28
CGP-Align,94,851,Lipid/transport state,1,28
CGP-Align,94,851,PI3K/AKT/mTOR,1,28
CGP-Align,1267,1420,Cell cycle/mitosis,1,29
CGP-Align,1267,1420,Lipid/transport state,1,29
CGP-Align,1267,1420,PI3K/AKT/mTOR,1,29
CGP-Align,33,586,Cell cycle/mitosis,3,27
CGP-Align,33,586,MAPK/RTK,1,27
CGP-Align,33,586,Nuclear receptor/xenobiotic,1,27
CGP-Align,33,586,PI3K/AKT/mTOR,1,27
CGP-Align,672,1236,Cell cycle/mitosis,1,30
CGP-Align,672,1236,DNA damage/repair,1,30
CGP-Align,672,1236,MAPK/RTK,1,30
CGP-Align,672,1236,Nuclear receptor/xenobiotic,1,30
CGP-Align,672,1236,PI3K/AKT/mTOR,1,30
CGP-Align,449,586,Cell cycle/mitosis,3,20
CGP-Align,449,586,PI3K/AKT/mTOR,1,20
CGP-Align,528,586,Cell cycle/mitosis,4,31
CGP-Align,528,586,MAPK/RTK,1,31
CGP-Align,528,586,Nuclear receptor/xenobiotic,1,31
CGP-Align,528,586,PI3K/AKT/mTOR,1,31
CGP-Align,1401,1486,Cell cycle/mitosis,2,33
CGP-Align,1401,1486,PI3K/AKT/mTOR,2,33
CGP-Align,1401,1486,DNA damage/repair,1,33
CGP-Align,1516,1854,DNA damage/repair,1,9
CGP-Align,562,1692,DNA damage/repair,1,6
CGP-Align,816,1489,Cell cycle/mitosis,2,27
CGP-Align,816,1489,DNA damage/repair,1,27
CGP-Align,816,1489,Nuclear receptor/xenobiotic,1,27
CGP-Align,562,685,Cell cycle/mitosis,1,6
CGP-Align,592,1553,Nuclear receptor/xenobiotic,1,13
CGP-Align,543,806,Microtubule,1,5
CGP-Align,543,806,Nuclear receptor/xenobiotic,1,5
CGP-Align,195,942,Nuclear receptor/xenobiotic,2,14
CGP-Align,195,942,Cell cycle/mitosis,1,14
CGP-Align,195,942,Proteostasis,1,14
CGP-Align,470,1189,Nuclear receptor/xenobiotic,1,13
CGP-Align,608,1073,Cell cycle/mitosis,1,33
CGP-Align,608,1073,MAPK/RTK,1,33
CGP-Align,51,227,Cell cycle/mitosis,1,31
CGP-Align,794,942,Cell cycle/mitosis,2,21
CGP-Align,794,942,Nuclear receptor/xenobiotic,2,21
CGP-Align,794,942,DNA damage/repair,1,21
CGP-Align,794,942,Proteostasis,1,21
CGP-Align,1080,1382,Cell cycle/mitosis,2,26
CGP-Align,1080,1382,DNA damage/repair,1,26
CGP-Align,534,1460,Cell cycle/mitosis,2,15
CGP-Align,334,806,Nuclear receptor/xenobiotic,6,21
CGP-Align,334,806,Cell cycle/mitosis,3,21
CGP-Align,309,1389,MAPK/RTK,2,27
CGP-Align,309,1389,Nuclear receptor/xenobiotic,2,27
CGP-Align,309,1389,Cell cycle/mitosis,1,27
CGP-Align,309,1389,Epigenetic/chromatin,1,27
CGP-Align,232,681,Nuclear receptor/xenobiotic,3,30
CGP-Align,232,681,Cell cycle/mitosis,1,30
CGP-Align,232,681,MAPK/RTK,1,30
CGP-Align,232,681,PI3K/AKT/mTOR,1,30
CGP-Align,976,1011,Cell cycle/mitosis,3,34
CGP-Align,976,1011,PI3K/AKT/mTOR,2,34
CGP-Align,976,1011,MAPK/RTK,1,34
CGP-Align,1425,1560,Nuclear receptor/xenobiotic,1,6
CGP-Align,120,389,MAPK/RTK,1,27
CGP-Align,120,389,Nuclear receptor/xenobiotic,1,27
CGP-Align,320,1004,Cell cycle/mitosis,3,18
CGP-Align,320,1004,MAPK/RTK,2,18
CGP-Align,320,1004,Nuclear receptor/xenobiotic,2,18
CGP-Align,320,1004,PI3K/AKT/mTOR,1,18
CGP-Align,283,449,Cell cycle/mitosis,2,22
CGP-Align,283,449,Lipid/transport state,1,22
CGP-Align,283,449,Microtubule,1,22
CGP-Align,283,449,PI3K/AKT/mTOR,1,22
CGP-Align,570,1709,Cell cycle/mitosis,1,18
CGP-Align,570,1709,Nuclear receptor/xenobiotic,1,18
CGP-Align,942,1470,Cell cycle/mitosis,1,11
CGP-Align,942,1470,DNA damage/repair,1,11
CGP-Align,942,1470,Nuclear receptor/xenobiotic,1,11
CGP-Align,94,1235,Cell cycle/mitosis,1,17
CGP-Align,94,1235,Nuclear receptor/xenobiotic,1,17
CGP-Align,94,1235,PI3K/AKT/mTOR,1,17
CGP-Align,1394,1553,DNA damage/repair,1,12
CGP-Align,1394,1553,Nuclear receptor/xenobiotic,1,12
CGP-Align,205,1692,Nuclear receptor/xenobiotic,3,17
CGP-Align,205,1692,DNA damage/repair,2,17
CGP-Align,205,1692,MAPK/RTK,2,17
CGP-Align,205,1692,Cell cycle/mitosis,1,17
CGP-Align,514,1300,DNA damage/repair,1,9
CGP-Align,396,1043,Lipid/transport state,1,21
CGP-Align,396,1043,Nuclear receptor/xenobiotic,1,21
CGP-Align,396,1043,PI3K/AKT/mTOR,1,21
CGP-Align,1080,1323,Cell cycle/mitosis,2,35
CGP-Align,1080,1323,Nuclear receptor/xenobiotic,2,35
CGP-Align,1080,1323,DNA damage/repair,1,35
CGP-Align,1080,1323,MAPK/RTK,1,35
CGP-Align,1080,1323,PI3K/AKT/mTOR,1,35
CGP-Align,688,816,Cell cycle/mitosis,2,20
CGP-Align,688,816,Nuclear receptor/xenobiotic,1,20
CGP-Align,543,1410,MAPK/RTK,1,3
CGP-Align,205,1300,Cell cycle/mitosis,1,12
CGP-Align,205,1300,DNA damage/repair,1,12
CGP-Align,205,1300,Microtubule,1,12
CGP-Align,794,806,Nuclear receptor/xenobiotic,3,17
CGP-Align,794,806,Cell cycle/mitosis,2,17
CGP-Align,794,806,MAPK/RTK,1,17
CGP-Align,794,806,Microtubule,1,17
CGP-Align,51,958,Cell cycle/mitosis,2,31
CGP-Align,592,1119,Cell cycle/mitosis,2,21
CGP-Align,592,1119,Nuclear receptor/xenobiotic,2,21
CGP-Align,592,1119,DNA damage/repair,1,21
CGP-Align,1081,1189,Cell cycle/mitosis,2,24
CGP-Align,1081,1189,Nuclear receptor/xenobiotic,2,24
CGP-Align,1189,1238,Cell cycle/mitosis,2,29
CGP-Align,105,1043,PI3K/AKT/mTOR,1,21
CGP-Align,481,1011,Cell cycle/mitosis,2,27
CGP-Align,481,1011,PI3K/AKT/mTOR,2,27
CGP-Align,481,1011,Microtubule,1,27
CGP-Align,387,1214,Nuclear receptor/xenobiotic,2,25
CGP-Align,1501,1709,Nuclear receptor/xenobiotic,1,18
CGP-Align,1011,1235,PI3K/AKT/mTOR,2,21
CGP-Align,1011,1235,Cell cycle/mitosis,1,21
CGP-Align,1011,1235,Microtubule,1,21
CGP-Align,51,673,Cell cycle/mitosis,1,27
CGP-Align,450,1389,Cell cycle/mitosis,3,23
CGP-Align,450,1389,Microtubule,1,23
CGP-Align,450,1389,PI3K/AKT/mTOR,1,23
CGP-Align,83,1486,Cell cycle/mitosis,3,25
CGP-Align,83,1486,Nuclear receptor/xenobiotic,2,25
CGP-Align,83,1486,PI3K/AKT/mTOR,1,25
CGP-Align,816,1169,Cell cycle/mitosis,2,22
CGP-Align,816,1169,DNA damage/repair,1,22
CGP-Align,816,1169,Epigenetic/chromatin,1,22
CGP-Align,816,1169,Nuclear receptor/xenobiotic,1,22
CGP-Align,51,1119,Cell cycle/mitosis,1,31
CGP-Align,1186,1585,Cell cycle/mitosis,2,29
CGP-Align,1186,1585,Epigenetic/chromatin,1,29
CGP-Align,1186,1585,MAPK/RTK,1,29
CGP-Align,1186,1585,Nuclear receptor/xenobiotic,1,29
CGP-Align,1186,1585,PI3K/AKT/mTOR,1,29
CGP-Align,436,881,Cell cycle/mitosis,2,36
CGP-Align,436,881,PI3K/AKT/mTOR,2,36
CGP-Align,436,881,Lipid/transport state,1,36
CGP-Align,1181,1828,DNA damage/repair,1,16
CGP-Align,396,1220,Cell cycle/mitosis,1,37
CGP-Align,396,1220,Epigenetic/chromatin,1,37
CGP-Align,396,1220,Lipid/transport state,1,37
CGP-Align,396,1220,MAPK/RTK,1,37
CGP-Align,396,1220,PI3K/AKT/mTOR,1,37
CGP-Align,529,1486,Nuclear receptor/xenobiotic,3,32
CGP-Align,529,1486,Cell cycle/mitosis,2,32
CGP-Align,529,1486,MAPK/RTK,1,32
CGP-Align,529,1486,PI3K/AKT/mTOR,1,32
CGP-Align,1095,1527,Cell cycle/mitosis,2,17
CGP-Align,1095,1527,Lipid/transport state,1,17
CGP-Align,1095,1527,MAPK/RTK,1,17
CGP-Align,1095,1527,PI3K/AKT/mTOR,1,17
CGP-Align,156,1236,Nuclear receptor/xenobiotic,1,17
CGP-Align,385,1259,DNA damage/repair,1,6
CGP-Align,958,1245,Cell cycle/mitosis,1,16
CGP-Align,958,1245,DNA damage/repair,1,16
CGP-Align,958,1245,Microtubule,1,16
CGP-Align,958,1754,DNA damage/repair,2,15
CGP-Align,958,1754,MAPK/RTK,1,15
CGP-Align,958,1754,Microtubule,1,15
CGP-Align,958,1754,Nuclear receptor/xenobiotic,1,15
CGP-Align,460,632,Lipid/transport state,3,14
CGP-Align,460,632,Cell cycle/mitosis,1,14
CGP-Align,794,1300,Cell cycle/mitosis,1,12
CGP-Align,794,1300,DNA damage/repair,1,12
CGP-Align,794,1300,Microtubule,1,12
CGP-Align,698,1236,Cell cycle/mitosis,1,30
CGP-Align,698,1236,MAPK/RTK,1,30
CGP-Align,698,1236,Nuclear receptor/xenobiotic,1,30
CGP-Align,698,1236,PI3K/AKT/mTOR,1,30
CGP-Align,1220,1382,Cell cycle/mitosis,2,29
CGP-Align,1220,1382,DNA damage/repair,1,29
CGP-Align,698,1763,Cell cycle/mitosis,1,33
CGP-Align,698,1763,Lipid/transport state,1,33
CGP-Align,698,1763,MAPK/RTK,1,33
CGP-Align,698,1763,PI3K/AKT/mTOR,1,33
CGP-Align,958,1112,Cell cycle/mitosis,1,22
CGP-Align,334,1236,Nuclear receptor/xenobiotic,4,16
CGP-Align,334,1236,Cell cycle/mitosis,2,16
CGP-Align,334,1236,DNA damage/repair,1,16
CGP-Align,1189,1245,Cell cycle/mitosis,1,11
CGP-Align,309,514,Cell cycle/mitosis,2,20
CGP-Align,309,514,MAPK/RTK,1,20
CGP-Align,120,1092,Nuclear receptor/xenobiotic,1,11
CGP-Align,685,713,Nuclear receptor/xenobiotic,3,25
CGP-Align,685,713,Microtubule,1,25
CGP-Align,387,794,Nuclear receptor/xenobiotic,2,20
CGP-Align,387,794,Cell cycle/mitosis,1,20
CGP-Align,387,794,DNA damage/repair,1,20
CGP-Align,387,794,MAPK/RTK,1,20
CGP-Align,1060,1119,DNA damage/repair,2,16
CGP-Align,1060,1119,Cell cycle/mitosis,1,16
CGP-Align,1060,1119,Nuclear receptor/xenobiotic,1,16
CGP-Align,816,1128,Cell cycle/mitosis,1,9
CGP-Align,1189,1719,Cell cycle/mitosis,2,17
CGP-Align,1189,1719,Nuclear receptor/xenobiotic,2,17
CGP-Align,1189,1719,MAPK/RTK,1,17
CGP-Align,636,1011,PI3K/AKT/mTOR,2,26
CGP-Align,636,1011,Cell cycle/mitosis,1,26
CGP-Align,636,1011,DNA damage/repair,1,26
CGP-Align,83,543,DNA damage/repair,1,8
CGP-Align,300,1670,Epigenetic/chromatin,1,21
CGP-Align,300,1670,Lipid/transport state,1,21
CGP-Align,300,1670,MAPK/RTK,1,21
CGP-Align,205,958,DNA damage/repair,2,23
CGP-Align,205,958,MAPK/RTK,2,23
CGP-Align,205,958,Cell cycle/mitosis,1,23
CGP-Align,205,958,Microtubule,1,23
CGP-Align,205,958,Nuclear receptor/xenobiotic,1,23
CGP-Align,844,1787,Nuclear receptor/xenobiotic,2,22
CGP-Align,844,1787,Lipid/transport state,1,22
CGP-Align,844,1787,PI3K/AKT/mTOR,1,22
CGP-Align,1186,1196,Cell cycle/mitosis,3,29
CGP-Align,1186,1196,MAPK/RTK,1,29
CGP-Align,1186,1196,Nuclear receptor/xenobiotic,1,29
CGP-Align,1186,1196,PI3K/AKT/mTOR,1,29
CGP-Align,1080,1692,Nuclear receptor/xenobiotic,2,22
CGP-Align,1080,1692,Cell cycle/mitosis,1,22
CGP-Align,1080,1692,DNA damage/repair,1,22
CGP-Align,1080,1692,MAPK/RTK,1,22
CGP-Align,1080,1692,PI3K/AKT/mTOR,1,22
CGP-Align,314,812,Nuclear receptor/xenobiotic,2,8
CGP-Align,314,812,MAPK/RTK,1,8
CGP-Align,227,1323,Cell cycle/mitosis,2,30
CGP-Align,227,1323,DNA damage/repair,2,30
CGP-Align,227,1323,PI3K/AKT/mTOR,1,30
CGP-Align,556,1680,MAPK/RTK,1,12
CGP-Align,681,1503,Cell cycle/mitosis,3,29
CGP-Align,681,1503,MAPK/RTK,2,29
CGP-Align,681,1503,Nuclear receptor/xenobiotic,1,29
CGP-Align,681,1503,PI3K/AKT/mTOR,1,29
CGP-Align,1220,1539,Cell cycle/mitosis,3,38
CGP-Align,1220,1539,DNA damage/repair,1,38
CGP-Align,1220,1539,Nuclear receptor/xenobiotic,1,38
CGP-Align,1220,1539,PI3K/AKT/mTOR,1,38
CGP-Align,470,688,Nuclear receptor/xenobiotic,1,16
CGP-Align,1486,1584,DNA damage/repair,1,22
CGP-Align,1486,1584,MAPK/RTK,1,22
CGP-Align,1486,1584,PI3K/AKT/mTOR,1,22
CGP-Align,1323,1489,Cell cycle/mitosis,2,30
CGP-Align,1323,1489,Nuclear receptor/xenobiotic,2,30
CGP-Align,1323,1489,DNA damage/repair,1,30
CGP-Align,1323,1489,MAPK/RTK,1,30
CGP-Align,314,613,MAPK/RTK,1,4
CGP-Align,580,1128,Cell cycle/mitosis,1,4
CGP-Align,235,1047,Cell cycle/mitosis,3,29
CGP-Align,235,1047,Nuclear receptor/xenobiotic,2,29
CGP-Align,235,1047,Lipid/transport state,1,29
CGP-Align,235,1047,MAPK/RTK,1,29
CGP-Align,235,1047,PI3K/AKT/mTOR,1,29
CGP-Align,309,1214,Epigenetic/chromatin,1,27
CGP-Align,309,1214,MAPK/RTK,1,27
CGP-Align,309,1214,Nuclear receptor/xenobiotic,1,27
CGP-Align,636,1269,PI3K/AKT/mTOR,2,25
CGP-Align,636,1269,Cell cycle/mitosis,1,25
CGP-Align,636,1269,Proteostasis,1,25
CGP-Align,1196,1235,PI3K/AKT/mTOR,2,20
CGP-Align,1196,1235,Cell cycle/mitosis,1,20
CGP-Align,529,1112,Cell cycle/mitosis,1,24
CGP-Align,309,816,Cell cycle/mitosis,3,23
CGP-Align,309,816,Epigenetic/chromatin,1,23
CGP-Align,187,514,Cell cycle/mitosis,4,21
CGP-Align,187,514,DNA damage/repair,2,21
CGP-Align,187,514,Nuclear receptor/xenobiotic,1,21
CGP-Align,1220,1486,Cell cycle/mitosis,3,32
CGP-Align,1220,1486,DNA damage/repair,1,32
CGP-Align,1220,1486,MAPK/RTK,1,32
CGP-Align,1220,1486,Nuclear receptor/xenobiotic,1,32
CGP-Align,1220,1486,PI3K/AKT/mTOR,1,32
CGP-Align,555,1713,Cell cycle/mitosis,1,8
CGP-Align,673,1214,Epigenetic/chromatin,1,19
CGP-Align,673,1214,Nuclear receptor/xenobiotic,1,19
CGP-Align,227,387,Cell cycle/mitosis,1,28
CGP-Align,227,387,DNA damage/repair,1,28
CGP-Align,1189,1460,Cell cycle/mitosis,1,9
CGP-Align,35,794,Nuclear receptor/xenobiotic,2,11
CGP-Align,116,1389,Cell cycle/mitosis,2,28
CGP-Align,116,1389,MAPK/RTK,2,28
CGP-Align,116,1389,Nuclear receptor/xenobiotic,1,28
CGP-Align,116,1389,PI3K/AKT/mTOR,1,28
CGP-Align,116,309,MAPK/RTK,2,33
CGP-Align,116,309,Cell cycle/mitosis,1,33
CGP-Align,116,309,Nuclear receptor/xenobiotic,1,33
CGP-Align,178,1214,Epigenetic/chromatin,1,16
CGP-Align,806,1553,Nuclear receptor/xenobiotic,2,12
CGP-Align,806,1553,Cell cycle/mitosis,1,12
CGP-Align,1060,1692,DNA damage/repair,2,14
CGP-Align,1060,1692,Nuclear receptor/xenobiotic,2,14
CGP-Align,1060,1692,Cell cycle/mitosis,1,14
CGP-Align,1060,1692,MAPK/RTK,1,14
CGP-Align,1323,1649,Cell cycle/mitosis,3,25
CGP-Align,529,681,Nuclear receptor/xenobiotic,3,32
CGP-Align,529,681,Cell cycle/mitosis,2,32
CGP-Align,529,681,MAPK/RTK,2,32
CGP-Align,529,681,PI3K/AKT/mTOR,1,32
CGP-Align,513,841,Cell cycle/mitosis,3,31
CGP-Align,513,841,DNA damage/repair,1,31
CGP-Align,513,841,MAPK/RTK,1,31
CGP-Align,513,841,Nuclear receptor/xenobiotic,1,31
CGP-Align,513,841,PI3K/AKT/mTOR,1,31
CGP-Align,1713,1854,DNA damage/repair,1,6
CGP-Align,1011,1697,Cell cycle/mitosis,2,30
CGP-Align,1011,1697,Lipid/transport state,1,30
CGP-Align,1011,1697,PI3K/AKT/mTOR,1,30
CGP-Align,1300,1754,Cell cycle/mitosis,1,12
CGP-Align,1300,1754,DNA damage/repair,1,12
CGP-Align,1300,1754,Microtubule,1,12
CGP-Align,514,942,Cell cycle/mitosis,3,18
CGP-Align,514,942,DNA damage/repair,1,18
CGP-Align,514,942,Nuclear receptor/xenobiotic,1,18
CGP-Align,273,436,PI3K/AKT/mTOR,2,27
CGP-Align,273,436,Cell cycle/mitosis,1,27
CGP-Align,120,1389,MAPK/RTK,2,26
CGP-Align,120,1389,Cell cycle/mitosis,1,26
CGP-Align,120,1389,Epigenetic/chromatin,1,26
CGP-Align,120,1389,Microtubule,1,26
CGP-Align,120,1389,Nuclear receptor/xenobiotic,1,26
CGP-Align,1074,1460,Cell cycle/mitosis,1,15
CGP-Align,367,525,Lipid/transport state,1,28
CGP-Align,958,1338,Cell cycle/mitosis,1,19
CGP-Align,83,673,Cell cycle/mitosis,2,32
CGP-Align,83,673,DNA damage/repair,1,32
CGP-Align,83,673,Nuclear receptor/xenobiotic,1,32
CGP-Align,83,673,PI3K/AKT/mTOR,1,32
CGP-Align,116,120,MAPK/RTK,2,31
CGP-Align,116,120,Cell cycle/mitosis,1,31
CGP-Align,116,120,Nuclear receptor/xenobiotic,1,31
CGP-Align,1235,1486,PI3K/AKT/mTOR,2,19
CGP-Align,1235,1486,Cell cycle/mitosis,1,19
CGP-Align,1235,1486,Nuclear receptor/xenobiotic,1,19
CGP-Align,105,1220,Cell cycle/mitosis,2,34
CGP-Align,105,1220,DNA damage/repair,1,34
CGP-Align,105,1220,MAPK/RTK,1,34
CGP-Align,105,1220,PI3K/AKT/mTOR,1,34
CGP-Align,303,1697,Cell cycle/mitosis,2,31
CGP-Align,303,1697,MAPK/RTK,1,31
CGP-Align,303,1697,PI3K/AKT/mTOR,1,31
CGP-Align,232,1196,Cell cycle/mitosis,1,26
CGP-Align,232,1196,MAPK/RTK,1,26
CGP-Align,232,1196,PI3K/AKT/mTOR,1,26
CGP-Align,27,1110,Epigenetic/chromatin,1,25
CGP-Align,27,1110,Nuclear receptor/xenobiotic,1,25
CGP-Align,417,908,Cell cycle/mitosis,2,29
CGP-Align,417,908,Lipid/transport state,1,29
CGP-Align,417,908,MAPK/RTK,1,29
CGP-Align,417,908,Nuclear receptor/xenobiotic,1,29
CGP-Align,417,908,PI3K/AKT/mTOR,1,29
CGP-Align,116,227,Cell cycle/mitosis,2,34
CGP-Align,116,227,DNA damage/repair,2,34
CGP-Align,116,227,PI3K/AKT/mTOR,1,34
CGP-Align,1081,1486,Nuclear receptor/xenobiotic,3,20
CGP-Align,1081,1486,Cell cycle/mitosis,2,20
CGP-Align,528,1119,Nuclear receptor/xenobiotic,2,30
CGP-Align,528,1119,Cell cycle/mitosis,1,30
CGP-Align,528,1119,DNA damage/repair,1,30
CGP-Align,528,1119,PI3K/AKT/mTOR,1,30
CGP-Align,1092,1214,Nuclear receptor/xenobiotic,2,14
CGP-Align,1527,1837,Cell cycle/mitosis,2,19
CGP-Align,1527,1837,Lipid/transport state,1,19
CGP-Align,1527,1837,MAPK/RTK,1,19
CGP-Align,1527,1837,PI3K/AKT/mTOR,1,19
CGP-Align,1186,1220,Cell cycle/mitosis,3,35
CGP-Align,1186,1220,Epigenetic/chromatin,1,35
CGP-Align,1186,1220,Lipid/transport state,1,35
CGP-Align,1186,1220,MAPK/RTK,1,35
CGP-Align,1186,1220,Microtubule,1,35
CGP-Align,1186,1220,Nuclear receptor/xenobiotic,1,35
CGP-Align,1186,1220,PI3K/AKT/mTOR,1,35
CGP-Align,1428,1719,Cell cycle/mitosis,1,2
CGP-Align,817,881,Cell cycle/mitosis,2,34
CGP-Align,817,881,Lipid/transport state,1,34
CGP-Align,817,881,PI3K/AKT/mTOR,1,34
CGP-Align,85,178,Epigenetic/chromatin,1,18
CGP-Align,85,178,Lipid/transport state,1,18
CGP-Align,85,178,Nuclear receptor/xenobiotic,1,18
CGP-Align,672,1489,Cell cycle/mitosis,1,25
CGP-Align,672,1489,DNA damage/repair,1,25
CGP-Align,1236,1267,PI3K/AKT/mTOR,1,22
CGP-Align,525,1527,Cell cycle/mitosis,1,27
CGP-Align,525,1527,Lipid/transport state,1,27
CGP-Align,436,1333,Lipid/transport state,1,31
CGP-Align,436,1333,PI3K/AKT/mTOR,1,31
CGP-Align,546,898,MAPK/RTK,1,10
CGP-Align,546,898,Nuclear receptor/xenobiotic,1,10
CGP-Align,841,1503,Cell cycle/mitosis,3,30
CGP-Align,841,1503,MAPK/RTK,2,30
CGP-Align,841,1503,Nuclear receptor/xenobiotic,1,30
CGP-Align,1119,1523,Nuclear receptor/xenobiotic,3,17
CGP-Align,1119,1523,Cell cycle/mitosis,2,17
CGP-Align,1119,1523,DNA damage/repair,1,17
CGP-Align,762,1073,Cell cycle/mitosis,2,35
CGP-Align,762,1073,MAPK/RTK,1,35
CGP-Align,762,1073,PI3K/AKT/mTOR,1,35
CGP-Align,881,1235,PI3K/AKT/mTOR,2,18
CGP-Align,881,1235,Cell cycle/mitosis,1,18
CGP-Align,881,1235,Nuclear receptor/xenobiotic,1,18
CGP-Align,120,942,Cell cycle/mitosis,1,20
CGP-Align,120,942,Nuclear receptor/xenobiotic,1,20
CGP-Align,226,358,Cell cycle/mitosis,1,15
CGP-Align,35,1637,Nuclear receptor/xenobiotic,2,23
CGP-Align,205,1189,Nuclear receptor/xenobiotic,1,15
CGP-Align,116,232,MAPK/RTK,2,31
CGP-Align,116,232,Cell cycle/mitosis,1,31
CGP-Align,116,232,Nuclear receptor/xenobiotic,1,31
CGP-Align,116,232,PI3K/AKT/mTOR,1,31
CGP-Align,1214,1299,MAPK/RTK,1,22
CGP-Align,392,1835,DNA damage/repair,1,7
CGP-Align,392,1835,Microtubule,1,7
CGP-Align,449,613,Cell cycle/mitosis,3,14
CGP-Align,449,613,Lipid/transport state,1,14
CGP-Align,449,613,Nuclear receptor/xenobiotic,1,14
CGP-Align,1060,1189,Nuclear receptor/xenobiotic,1,14
CGP-Align,187,1186,Cell cycle/mitosis,3,25
CGP-Align,187,1186,MAPK/RTK,1,25
CGP-Align,187,1186,Microtubule,1,25
CGP-Align,187,1186,Nuclear receptor/xenobiotic,1,25
CGP-Align,187,1186,PI3K/AKT/mTOR,1,25
CGP-Align,562,806,Microtubule,1,6
CGP-Align,389,470,Nuclear receptor/xenobiotic,2,14
CGP-Align,389,470,Cell cycle/mitosis,1,14
CGP-Align,1119,1854,DNA damage/repair,1,9
CGP-Align,571,1238,Cell cycle/mitosis,1,29
CGP-Align,1011,1196,Cell cycle/mitosis,2,32
CGP-Align,1011,1196,PI3K/AKT/mTOR,2,32
CGP-Align,1011,1196,MAPK/RTK,1,32
CGP-Align,1277,1338,Cell cycle/mitosis,2,16
CGP-Align,806,1128,Cell cycle/mitosis,1,9
CGP-Align,806,865,Nuclear receptor/xenobiotic,2,12
CGP-Align,120,1110,Epigenetic/chromatin,1,21
CGP-Align,450,1692,Cell cycle/mitosis,2,23
CGP-Align,450,1692,DNA damage/repair,2,23
CGP-Align,450,1692,Microtubule,1,23
CGP-Align,450,1692,Nuclear receptor/xenobiotic,1,23
CGP-Align,450,1692,PI3K/AKT/mTOR,1,23
CGP-Align,1585,1763,Cell cycle/mitosis,2,30
CGP-Align,1585,1763,Epigenetic/chromatin,1,30
CGP-Align,1585,1763,PI3K/AKT/mTOR,1,30
CGP-Align,1236,1539,Cell cycle/mitosis,4,30
CGP-Align,1236,1539,Nuclear receptor/xenobiotic,2,30
CGP-Align,1236,1539,DNA damage/repair,1,30
CGP-Align,1236,1539,PI3K/AKT/mTOR,1,30
CGP-Align,1073,1846,Cell cycle/mitosis,1,25
CGP-Align,1073,1846,Lipid/transport state,1,25
CGP-Align,1073,1846,PI3K/AKT/mTOR,1,25
CGP-Align,534,1323,Cell cycle/mitosis,1,14
CGP-Align,534,1323,Nuclear receptor/xenobiotic,1,14
CGP-Align,844,1670,Epigenetic/chromatin,1,25
CGP-Align,844,1670,Lipid/transport state,1,25
CGP-Align,1503,1585,Cell cycle/mitosis,3,26
CGP-Align,1503,1585,MAPK/RTK,2,26
CGP-Align,1503,1585,Nuclear receptor/xenobiotic,1,26
CGP-Align,1503,1585,PI3K/AKT/mTOR,1,26
CGP-Align,1128,1428,Cell cycle/mitosis,1,5
CGP-Align,1186,1389,Cell cycle/mitosis,3,30
CGP-Align,1186,1389,Epigenetic/chromatin,1,30
CGP-Align,1186,1389,Lipid/transport state,1,30
CGP-Align,1186,1389,MAPK/RTK,1,30
CGP-Align,1186,1389,Microtubule,1,30
CGP-Align,1186,1389,Nuclear receptor/xenobiotic,1,30
CGP-Align,1186,1389,PI3K/AKT/mTOR,1,30
CGP-Align,470,1470,DNA damage/repair,3,9
CGP-Align,470,1470,Cell cycle/mitosis,1,9
CGP-Align,841,1238,Cell cycle/mitosis,2,28
CGP-Align,273,1382,Cell cycle/mitosis,1,21
CGP-Align,195,1001,DNA damage/repair,1,9
CGP-Align,698,1238,Cell cycle/mitosis,1,31
CGP-Align,698,1238,Epigenetic/chromatin,1,31
CGP-Align,698,1238,MAPK/RTK,1,31
CGP-Align,195,688,Cell cycle/mitosis,1,15
CGP-Align,195,688,Nuclear receptor/xenobiotic,1,15
CGP-Align,195,688,Proteostasis,1,15
CGP-Align,806,1245,Microtubule,1,8
CGP-Align,1486,1719,Nuclear receptor/xenobiotic,3,16
CGP-Align,1486,1719,Cell cycle/mitosis,2,16
CGP-Align,1486,1719,MAPK/RTK,1,16
CGP-Align,1189,1394,Nuclear receptor/xenobiotic,2,9
CGP-Align,187,1486,Cell cycle/mitosis,2,26
CGP-Align,187,1486,Nuclear receptor/xenobiotic,2,26
CGP-Align,187,1486,DNA damage/repair,1,26
CGP-Align,187,1486,MAPK/RTK,1,26
CGP-Align,187,1486,PI3K/AKT/mTOR,1,26
CGP-Align,1323,1637,Cell cycle/mitosis,1,24
CGP-Align,1323,1637,Nuclear receptor/xenobiotic,1,24
CGP-Align,1181,1854,DNA damage/repair,1,9
CGP-Align,787,1333,Cell cycle/mitosis,1,31
CGP-Align,787,1333,PI3K/AKT/mTOR,1,31
CGP-Align,713,1112,Nuclear receptor/xenobiotic,1,18
CGP-Align,571,1401,Cell cycle/mitosis,2,32
CGP-Align,571,1401,DNA damage/repair,1,32
CGP-Align,571,1401,PI3K/AKT/mTOR,1,32
CGP-Align,806,1241,Nuclear receptor/xenobiotic,2,11
CGP-Align,806,1241,MAPK/RTK,1,11
CGP-Align,806,1241,Microtubule,1,11
CGP-Align,421,1102,Cell cycle/mitosis,1,21
CGP-Align,421,1102,DNA damage/repair,1,21
CGP-Align,421,1102,Lipid/transport state,1,21
CGP-Align,421,1102,MAPK/RTK,1,21
CGP-Align,421,1102,PI3K/AKT/mTOR,1,21
CGP-Align,387,479,Nuclear receptor/xenobiotic,2,28
CGP-Align,387,479,Cell cycle/mitosis,1,28
CGP-Align,387,479,MAPK/RTK,1,28
CGP-Align,436,528,Cell cycle/mitosis,2,38
CGP-Align,436,528,PI3K/AKT/mTOR,2,38
CGP-Align,436,528,DNA damage/repair,1,38
CGP-Align,436,528,Lipid/transport state,1,38
CGP-Align,116,1043,PI3K/AKT/mTOR,1,21
CGP-Align,1323,1692,Cell cycle/mitosis,2,21
CGP-Align,1323,1692,Nuclear receptor/xenobiotic,2,21
CGP-Align,1323,1692,DNA damage/repair,1,21
CGP-Align,1323,1692,MAPK/RTK,1,21
CGP-Align,1323,1692,PI3K/AKT/mTOR,1,21
CGP-Align,976,1837,Cell cycle/mitosis,2,23
CGP-Align,976,1837,MAPK/RTK,1,23
CGP-Align,976,1837,Nuclear receptor/xenobiotic,1,23
CGP-Align,976,1837,PI3K/AKT/mTOR,1,23
CGP-Align,205,673,DNA damage/repair,2,16
CGP-Align,205,673,Nuclear receptor/xenobiotic,2,16
CGP-Align,450,528,Cell cycle/mitosis,3,27
CGP-Align,450,528,PI3K/AKT/mTOR,2,27
CGP-Align,450,528,DNA damage/repair,1,27
CGP-Align,195,806,Nuclear receptor/xenobiotic,2,11
CGP-Align,195,806,Cell cycle/mitosis,1,11
CGP-Align,195,806,Microtubule,1,11
CGP-Align,851,1073,Cell cycle/mitosis,1,25
CGP-Align,851,1073,Lipid/transport state,1,25
CGP-Align,851,1073,PI3K/AKT/mTOR,1,25
CGP-Align,1238,1460,Cell cycle/mitosis,1,10
CGP-Align,116,794,DNA damage/repair,2,18
CGP-Align,116,794,MAPK/RTK,1,18
CGP-Align,116,794,Microtubule,1,18
CGP-Align,116,794,Nuclear receptor/xenobiotic,1,18
CGP-Align,1189,1226,Cell cycle/mitosis,2,36
CGP-Align,1189,1226,Nuclear receptor/xenobiotic,2,36
CGP-Align,1189,1226,PI3K/AKT/mTOR,1,36
CGP-Align,35,1112,Nuclear receptor/xenobiotic,1,20
CGP-Align,195,1178,DNA damage/repair,1,9
CGP-Align,841,1486,Cell cycle/mitosis,3,29
CGP-Align,841,1486,Nuclear receptor/xenobiotic,2,29
CGP-Align,841,1486,MAPK/RTK,1,29
CGP-Align,841,1486,PI3K/AKT/mTOR,1,29
CGP-Align,35,1394,Nuclear receptor/xenobiotic,3,8
CGP-Align,120,1186,Cell cycle/mitosis,1,30
CGP-Align,120,1186,Epigenetic/chromatin,1,30
CGP-Align,120,1186,MAPK/RTK,1,30
CGP-Align,120,1186,Microtubule,1,30
CGP-Align,120,1186,Nuclear receptor/xenobiotic,1,30
CGP-Align,116,958,Cell cycle/mitosis,2,38
CGP-Align,116,958,DNA damage/repair,2,38
CGP-Align,116,958,MAPK/RTK,1,38
CGP-Align,116,958,Microtubule,1,38
CGP-Align,51,1238,Cell cycle/mitosis,1,31
CGP-Align,51,1238,MAPK/RTK,1,31
CGP-Align,227,698,Cell cycle/mitosis,1,32
CGP-Align,227,698,PI3K/AKT/mTOR,1,32
CGP-Align,151,435,Nuclear receptor/xenobiotic,1,15
CGP-Align,151,435,PI3K/AKT/mTOR,1,15
CGP-Align,274,1054,Lipid/transport state,1,24
CGP-Align,274,1054,PI3K/AKT/mTOR,1,24
CGP-Align,698,1119,Cell cycle/mitosis,1,31
CGP-Align,283,627,Cell cycle/mitosis,2,18
CGP-Align,283,627,DNA damage/repair,1,18
CGP-Align,283,627,Microtubule,1,18
CGP-Align,283,627,PI3K/AKT/mTOR,1,18
CGP-Align,1220,1716,Cell cycle/mitosis,1,31
CGP-Align,1220,1716,DNA damage/repair,1,31
CGP-Align,1220,1716,PI3K/AKT/mTOR,1,31
CGP-Align,514,1854,DNA damage/repair,1,11
CGP-Align,479,1236,Nuclear receptor/xenobiotic,5,35
CGP-Align,479,1236,Cell cycle/mitosis,3,35
CGP-Align,479,1236,MAPK/RTK,1,35
CGP-Align,479,1236,PI3K/AKT/mTOR,1,35
CGP-Align,1175,1431,Cell cycle/mitosis,2,22
CGP-Align,1175,1431,DNA damage/repair,1,22
CGP-Align,1175,1431,Lipid/transport state,1,22
CGP-Align,1220,1739,Cell cycle/mitosis,1,24
CGP-Align,1220,1739,Lipid/transport state,1,24
CGP-Align,672,1110,DNA damage/repair,1,24
CGP-Align,672,1110,Epigenetic/chromatin,1,24
CGP-Align,116,1382,Cell cycle/mitosis,2,25
CGP-Align,116,1382,DNA damage/repair,1,25
CGP-Align,283,836,Cell cycle/mitosis,3,25
CGP-Align,283,836,DNA damage/repair,1,25
CGP-Align,283,836,Lipid/transport state,1,25
CGP-Align,283,836,Microtubule,1,25
CGP-Align,283,836,PI3K/AKT/mTOR,1,25
CGP-Align,1460,1719,Cell cycle/mitosis,1,11
CGP-Align,120,1709,Nuclear receptor/xenobiotic,1,16
CGP-Align,1189,1754,Nuclear receptor/xenobiotic,1,8
CGP-Align,178,1236,DNA damage/repair,1,14
CGP-Align,195,1553,Cell cycle/mitosis,1,13
CGP-Align,195,1553,DNA damage/repair,1,13
CGP-Align,195,1553,Nuclear receptor/xenobiotic,1,13
CGP-Align,195,1553,Proteostasis,1,13
CGP-Align,481,881,Cell cycle/mitosis,2,27
CGP-Align,481,881,PI3K/AKT/mTOR,2,27
CGP-Align,385,1181,DNA damage/repair,1,13
CGP-Align,314,1719,Cell cycle/mitosis,1,8
CGP-Align,314,1719,Nuclear receptor/xenobiotic,1,8
CGP-Align,934,1420,Cell cycle/mitosis,1,30
CGP-Align,934,1420,Lipid/transport state,1,30
CGP-Align,934,1420,PI3K/AKT/mTOR,1,30
CGP-Align,1119,1585,Cell cycle/mitosis,3,31
CGP-Align,1119,1585,Nuclear receptor/xenobiotic,2,31
CGP-Align,528,1236,Cell cycle/mitosis,3,29
CGP-Align,528,1236,Nuclear receptor/xenobiotic,2,29
CGP-Align,528,1236,DNA damage/repair,1,29
CGP-Align,528,1236,MAPK/RTK,1,29
CGP-Align,528,1236,PI3K/AKT/mTOR,1,29
CGP-Align,672,1220,Cell cycle/mitosis,1,37
CGP-Align,672,1220,DNA damage/repair,1,37
CGP-Align,672,1220,Epigenetic/chromatin,1,37
CGP-Align,672,1220,Lipid/transport state,1,37
CGP-Align,672,1220,Nuclear receptor/xenobiotic,1,37
CGP-Align,672,1220,PI3K/AKT/mTOR,1,37
CGP-Align,1382,1486,Cell cycle/mitosis,3,23
CGP-Align,1382,1486,DNA damage/repair,1,23
CGP-Align,688,806,Cell cycle/mitosis,2,22
CGP-Align,688,806,Nuclear receptor/xenobiotic,2,22
CGP-Align,688,806,MAPK/RTK,1,22
CGP-Align,436,479,Cell cycle/mitosis,2,28
CGP-Align,436,479,PI3K/AKT/mTOR,1,28
CGP-Align,33,1236,Cell cycle/mitosis,3,26
CGP-Align,33,1236,MAPK/RTK,1,26
CGP-Align,33,1236,Nuclear receptor/xenobiotic,1,26
CGP-Align,33,1236,PI3K/AKT/mTOR,1,26
CGP-Align,33,613,Cell cycle/mitosis,1,13
CGP-Align,33,613,Nuclear receptor/xenobiotic,1,13
CGP-Align,1119,1394,Nuclear receptor/xenobiotic,2,9
CGP-Align,1119,1394,DNA damage/repair,1,9
CGP-Align,794,1692,Cell cycle/mitosis,2,17
CGP-Align,794,1692,DNA damage/repair,2,17
CGP-Align,794,1692,MAPK/RTK,2,17
CGP-Align,794,1692,Nuclear receptor/xenobiotic,2,17
CGP-Align,881,1716,Cell cycle/mitosis,2,35
CGP-Align,881,1716,PI3K/AKT/mTOR,2,35
CGP-Align,227,1854,DNA damage/repair,1,9
CGP-Align,379,534,Nuclear receptor/xenobiotic,2,17
CGP-Align,379,534,Cell cycle/mitosis,1,17
CGP-Align,1189,1585,Cell cycle/mitosis,4,34
CGP-Align,1189,1585,Nuclear receptor/xenobiotic,1,34
CGP-Align,1189,1585,PI3K/AKT/mTOR,1,34
CGP-Align,116,1238,Cell cycle/mitosis,1,31
CGP-Align,116,1238,MAPK/RTK,1,31
CGP-Align,273,1189,Cell cycle/mitosis,2,29
CGP-Align,273,1189,PI3K/AKT/mTOR,2,29
CGP-Align,881,1486,Cell cycle/mitosis,2,31
CGP-Align,881,1486,PI3K/AKT/mTOR,2,31
CGP-Align,881,1486,MAPK/RTK,1,31
CGP-Align,881,1486,Nuclear receptor/xenobiotic,1,31
CGP-Align,83,1178,Cell cycle/mitosis,1,13
CGP-Align,83,1178,DNA damage/repair,1,13
CGP-Align,633,878,Cell cycle/mitosis,1,22
CGP-Align,633,878,Nuclear receptor/xenobiotic,1,22
CGP-Align,402,1627,DNA damage/repair,2,14
CGP-Align,402,1627,Nuclear receptor/xenobiotic,1,14
CGP-Align,246,1220,Cell cycle/mitosis,1,31
CGP-Align,246,1220,Nuclear receptor/xenobiotic,1,31
CGP-Align,1043,1236,Nuclear receptor/xenobiotic,2,22
CGP-Align,1043,1236,PI3K/AKT/mTOR,1,22
CGP-Align,816,1181,Cell cycle/mitosis,1,15
CGP-Align,816,1181,DNA damage/repair,1,15
CGP-Align,816,1181,Epigenetic/chromatin,1,15
CGP-Align,816,1181,Nuclear receptor/xenobiotic,1,15
CGP-Align,120,514,Cell cycle/mitosis,1,20
CGP-Align,120,514,MAPK/RTK,1,20
CGP-Align,120,514,Nuclear receptor/xenobiotic,1,20
CGP-Align,681,958,Cell cycle/mitosis,2,32
CGP-Align,681,958,MAPK/RTK,2,32
CGP-Align,681,958,Nuclear receptor/xenobiotic,2,32
CGP-Align,681,958,DNA damage/repair,1,32
CGP-Align,35,470,Nuclear receptor/xenobiotic,2,13
CGP-Align,232,1236,Cell cycle/mitosis,3,30
CGP-Align,232,1236,Nuclear receptor/xenobiotic,3,30
CGP-Align,232,1236,MAPK/RTK,2,30
CGP-Align,232,1236,PI3K/AKT/mTOR,1,30
CGP-Align,1649,1763,Cell cycle/mitosis,2,29
CGP-Align,1649,1763,MAPK/RTK,1,29
CGP-Align,1649,1763,Proteostasis,1,29
CGP-Align,232,389,Nuclear receptor/xenobiotic,4,32
CGP-Align,232,389,MAPK/RTK,1,32
CGP-Align,387,1119,Cell cycle/mitosis,2,33
CGP-Align,387,1119,Nuclear receptor/xenobiotic,2,33
CGP-Align,387,1119,DNA damage/repair,1,33
CGP-Align,681,1189,Cell cycle/mitosis,3,36
CGP-Align,681,1189,Nuclear receptor/xenobiotic,2,36
CGP-Align,681,1189,PI3K/AKT/mTOR,2,36
CGP-Align,534,1189,Cell cycle/mitosis,1,12
CGP-Align,534,1189,Nuclear receptor/xenobiotic,1,12
CGP-Align,105,812,MAPK/RTK,1,22
CGP-Align,105,812,Nuclear receptor/xenobiotic,1,22
CGP-Align,1189,1389,Cell cycle/mitosis,2,26
CGP-Align,1189,1389,PI3K/AKT/mTOR,1,26
CGP-Align,0,528,PI3K/AKT/mTOR,2,35
CGP-Align,0,528,Cell cycle/mitosis,1,35
CGP-Align,0,528,DNA damage/repair,1,35
CGP-Align,0,528,Lipid/transport state,1,35
CGP-Align,232,1739,Cell cycle/mitosis,1,23
CGP-Align,232,1739,Lipid/transport state,1,23
CGP-Align,227,232,Cell cycle/mitosis,1,27
CGP-Align,227,232,PI3K/AKT/mTOR,1,27
CGP-Align,806,1692,Nuclear receptor/xenobiotic,3,21
CGP-Align,806,1692,Cell cycle/mitosis,2,21
CGP-Align,806,1692,MAPK/RTK,1,21
CGP-Align,33,116,Cell cycle/mitosis,2,26
CGP-Align,33,116,MAPK/RTK,1,26
CGP-Align,33,116,Nuclear receptor/xenobiotic,1,26
CGP-Align,33,116,PI3K/AKT/mTOR,1,26
CGP-Align,116,1245,Cell cycle/mitosis,1,12
CGP-Align,116,1245,DNA damage/repair,1,12
CGP-Align,116,1245,Microtubule,1,12
CGP-Align,958,1238,Cell cycle/mitosis,1,28
CGP-Align,120,865,Nuclear receptor/xenobiotic,1,16
CGP-Align,83,205,Cell cycle/mitosis,1,18
CGP-Align,83,205,DNA damage/repair,1,18
CGP-Align,83,205,Nuclear receptor/xenobiotic,1,18
CGP-Align,35,571,Nuclear receptor/xenobiotic,4,29
CGP-Align,83,450,Cell cycle/mitosis,3,25
CGP-Align,83,450,DNA damage/repair,1,25
CGP-Align,83,450,Nuclear receptor/xenobiotic,1,25
CGP-Align,83,450,PI3K/AKT/mTOR,1,25
CGP-Align,1692,1754,Nuclear receptor/xenobiotic,3,12
CGP-Align,1692,1754,DNA damage/repair,2,12
CGP-Align,1692,1754,Cell cycle/mitosis,1,12
CGP-Align,1692,1754,MAPK/RTK,1,12
CGP-Align,592,688,Cell cycle/mitosis,2,13
CGP-Align,592,688,Nuclear receptor/xenobiotic,1,13
CGP-Align,460,1074,Cell cycle/mitosis,1,12
CGP-Align,35,205,Nuclear receptor/xenobiotic,2,13
CGP-Align,77,355,Proteostasis,1,5
CGP-Align,51,83,Cell cycle/mitosis,1,23
CGP-Align,187,1226,Nuclear receptor/xenobiotic,3,25
CGP-Align,187,1226,MAPK/RTK,2,25
CGP-Align,187,1226,Cell cycle/mitosis,1,25
CGP-Align,187,1226,PI3K/AKT/mTOR,1,25
CGP-Align,881,1196,Cell cycle/mitosis,2,30
CGP-Align,881,1196,PI3K/AKT/mTOR,2,30
CGP-Align,881,1196,MAPK/RTK,1,30
CGP-Align,580,1460,Cell cycle/mitosis,1,15
CGP-Align,35,1060,Nuclear receptor/xenobiotic,2,12
CGP-Align,571,1236,Nuclear receptor/xenobiotic,4,30
CGP-Align,571,1236,Cell cycle/mitosis,1,30
CGP-Align,571,1236,DNA damage/repair,1,30
CGP-Align,571,1236,PI3K/AKT/mTOR,1,30
CGP-Align,1238,1486,Cell cycle/mitosis,3,28
CGP-Align,232,387,Cell cycle/mitosis,1,28
CGP-Align,232,387,MAPK/RTK,1,28
CGP-Align,232,387,Nuclear receptor/xenobiotic,1,28
CGP-Align,33,1226,Cell cycle/mitosis,2,25
CGP-Align,33,1226,MAPK/RTK,1,25
CGP-Align,33,1226,Nuclear receptor/xenobiotic,1,25
CGP-Align,33,1226,PI3K/AKT/mTOR,1,25
CGP-Align,571,1382,Cell cycle/mitosis,2,24
CGP-Align,571,1382,DNA damage/repair,1,24
CGP-Align,13,1011,Cell cycle/mitosis,2,31
CGP-Align,13,1011,PI3K/AKT/mTOR,2,31
CGP-Align,13,1011,DNA damage/repair,1,31
CGP-Align,529,1226,Nuclear receptor/xenobiotic,3,33
CGP-Align,529,1226,Cell cycle/mitosis,2,33
CGP-Align,529,1226,MAPK/RTK,2,33
CGP-Align,861,1220,Cell cycle/mitosis,1,10
CGP-Align,861,1220,Epigenetic/chromatin,1,10
CGP-Align,861,1220,Microtubule,1,10
CGP-Align,334,1186,Cell cycle/mitosis,4,15
CGP-Align,334,1186,Nuclear receptor/xenobiotic,2,15
CGP-Align,389,1092,Nuclear receptor/xenobiotic,2,14
CGP-Align,94,586,Cell cycle/mitosis,3,32
CGP-Align,94,586,Nuclear receptor/xenobiotic,2,32
CGP-Align,94,586,MAPK/RTK,1,32
CGP-Align,94,586,PI3K/AKT/mTOR,1,32
CGP-Align,309,1486,Cell cycle/mitosis,2,32
CGP-Align,309,1486,Nuclear receptor/xenobiotic,2,32
CGP-Align,309,1486,MAPK/RTK,1,32
CGP-Align,54,1213,Microtubule,1,9
CGP-Align,1189,1338,Cell cycle/mitosis,2,18
CGP-Align,942,1169,Cell cycle/mitosis,3,17
CGP-Align,942,1169,DNA damage/repair,1,17
CGP-Align,942,1169,MAPK/RTK,1,17
CGP-Align,33,673,Cell cycle/mitosis,1,24
CGP-Align,33,673,Epigenetic/chromatin,1,24
CGP-Align,33,673,Nuclear receptor/xenobiotic,1,24
CGP-Align,33,673,PI3K/AKT/mTOR,1,24
CGP-Align,200,820,Cell cycle/mitosis,2,24
CGP-Align,200,820,MAPK/RTK,2,24
CGP-Align,200,820,Nuclear receptor/xenobiotic,2,24
CGP-Align,200,820,PI3K/AKT/mTOR,1,24
CGP-Align,1119,1637,Nuclear receptor/xenobiotic,2,25
CGP-Align,1119,1637,Cell cycle/mitosis,1,25
CGP-Align,460,1559,Cell cycle/mitosis,1,10
CGP-Align,812,1080,Nuclear receptor/xenobiotic,2,23
CGP-Align,812,1080,Cell cycle/mitosis,1,23
CGP-Align,812,1080,Lipid/transport state,1,23
CGP-Align,812,1080,MAPK/RTK,1,23
CGP-Align,1539,1763,Cell cycle/mitosis,2,29
CGP-Align,1539,1763,PI3K/AKT/mTOR,1,29
CGP-Align,713,1220,Microtubule,1,20
CGP-Align,713,1220,Nuclear receptor/xenobiotic,1,20
CGP-Align,1119,1719,Nuclear receptor/xenobiotic,3,20
CGP-Align,1119,1719,Cell cycle/mitosis,2,20
CGP-Align,278,1189,Cell cycle/mitosis,3,19
CGP-Align,278,1189,Nuclear receptor/xenobiotic,2,19
CGP-Align,698,1220,Cell cycle/mitosis,1,32
CGP-Align,698,1220,Lipid/transport state,1,32
CGP-Align,698,1220,PI3K/AKT/mTOR,1,32
CGP-Align,1080,1763,Cell cycle/mitosis,2,30
CGP-Align,1080,1763,Lipid/transport state,1,30
CGP-Align,1080,1763,PI3K/AKT/mTOR,1,30
CGP-Align,232,436,Cell cycle/mitosis,1,31
CGP-Align,232,436,Lipid/transport state,1,31
CGP-Align,232,436,PI3K/AKT/mTOR,1,31
CGP-Align,1043,1112,Nuclear receptor/xenobiotic,1,17
CGP-Align,762,1420,Cell cycle/mitosis,1,30
CGP-Align,762,1420,MAPK/RTK,1,30
CGP-Align,762,1420,PI3K/AKT/mTOR,1,30
CGP-Align,1128,1339,Cell cycle/mitosis,1,6
CGP-Align,334,1470,Cell cycle/mitosis,2,7
CGP-Align,334,1470,DNA damage/repair,1,7
CGP-Align,334,1470,Nuclear receptor/xenobiotic,1,7
CGP-Align,1073,1527,Cell cycle/mitosis,2,35
CGP-Align,1073,1527,Lipid/transport state,1,35
CGP-Align,1073,1527,MAPK/RTK,1,35
CGP-Align,1073,1527,Nuclear receptor/xenobiotic,1,35
CGP-Align,1073,1527,PI3K/AKT/mTOR,1,35
CGP-Align,449,1236,Cell cycle/mitosis,2,21
CGP-Align,449,1236,MAPK/RTK,1,21
CGP-Align,449,1236,PI3K/AKT/mTOR,1,21
CGP-Align,816,1339,Cell cycle/mitosis,1,14
CGP-Align,816,1339,DNA damage/repair,1,14
CGP-Align,1069,1259,DNA damage/repair,1,10
CGP-Align,1069,1259,MAPK/RTK,1,10
CGP-Align,1489,1692,Nuclear receptor/xenobiotic,3,22
CGP-Align,1489,1692,Cell cycle/mitosis,2,22
CGP-Align,1489,1692,DNA damage/repair,1,22
CGP-Align,1489,1692,MAPK/RTK,1,22
CGP-Align,1169,1181,Cell cycle/mitosis,1,12
CGP-Align,1169,1181,DNA damage/repair,1,12
CGP-Align,1169,1181,Epigenetic/chromatin,1,12
CGP-Align,1169,1181,Nuclear receptor/xenobiotic,1,12
CGP-Align,54,74,Cell cycle/mitosis,2,25
CGP-Align,54,74,MAPK/RTK,1,25
CGP-Align,470,673,DNA damage/repair,2,14
CGP-Align,470,673,Nuclear receptor/xenobiotic,1,14
CGP-Align,105,529,Cell cycle/mitosis,1,28
CGP-Align,105,529,MAPK/RTK,1,28
CGP-Align,105,529,Nuclear receptor/xenobiotic,1,28
CGP-Align,355,1445,Cell cycle/mitosis,1,5
CGP-Align,355,1445,DNA damage/repair,1,5
CGP-Align,355,1445,Proteostasis,1,5
CGP-Align,389,816,Nuclear receptor/xenobiotic,2,20
CGP-Align,389,816,Cell cycle/mitosis,1,20
CGP-Align,1486,1781,Nuclear receptor/xenobiotic,1,26
CGP-Align,534,1299,Epigenetic/chromatin,1,14
CGP-Align,528,762,Cell cycle/mitosis,2,33
CGP-Align,528,762,PI3K/AKT/mTOR,2,33
CGP-Align,976,1527,Cell cycle/mitosis,2,28
CGP-Align,976,1527,MAPK/RTK,1,28
CGP-Align,976,1527,PI3K/AKT/mTOR,1,28
CGP-Align,570,1092,Cell cycle/mitosis,1,15
CGP-Align,570,1092,Nuclear receptor/xenobiotic,1,15
CGP-Align,1425,1707,Cell cycle/mitosis,1,7
CGP-Align,1095,1437,Nuclear receptor/xenobiotic,2,20
CGP-Align,1095,1437,Lipid/transport state,1,20
CGP-Align,227,1196,Cell cycle/mitosis,2,31
CGP-Align,227,1196,PI3K/AKT/mTOR,2,31
CGP-Align,227,1196,DNA damage/repair,1,31
CGP-Align,1011,1073,Cell cycle/mitosis,2,30
CGP-Align,1011,1073,Lipid/transport state,1,30
CGP-Align,1011,1073,MAPK/RTK,1,30
CGP-Align,1011,1073,PI3K/AKT/mTOR,1,30
CGP-Align,685,1394,Nuclear receptor/xenobiotic,1,5
CGP-Align,232,1214,MAPK/RTK,1,27
CGP-Align,232,1214,Nuclear receptor/xenobiotic,1,27
CGP-Align,11,1047,Nuclear receptor/xenobiotic,2,24
CGP-Align,11,1047,Cell cycle/mitosis,1,24
CGP-Align,11,1047,Lipid/transport state,1,24
CGP-Align,11,1047,MAPK/RTK,1,24
CGP-Align,11,1047,PI3K/AKT/mTOR,1,24
CGP-Align,1112,1835,Nuclear receptor/xenobiotic,1,18
CGP-Align,367,1420,Lipid/transport state,1,22
CGP-Align,367,1420,MAPK/RTK,1,22
CGP-Align,367,1420,Nuclear receptor/xenobiotic,1,22
CGP-Align,636,881,PI3K/AKT/mTOR,2,26
CGP-Align,636,881,Cell cycle/mitosis,1,26
CGP-Align,105,1236,Cell cycle/mitosis,2,31
CGP-Align,105,1236,Nuclear receptor/xenobiotic,2,31
CGP-Align,105,1236,DNA damage/repair,1,31
CGP-Align,105,1236,MAPK/RTK,1,31
CGP-Align,105,1236,PI3K/AKT/mTOR,1,31
CGP-Align,436,529,Cell cycle/mitosis,2,26
CGP-Align,436,529,PI3K/AKT/mTOR,1,26
CGP-Align,355,1713,DNA damage/repair,1,2
CGP-Align,1074,1428,Cell cycle/mitosis,1,8
CGP-Align,613,1382,Cell cycle/mitosis,1,11
CGP-Align,613,1382,Nuclear receptor/xenobiotic,1,11
CGP-Align,898,1001,Lipid/transport state,1,12
CGP-Align,898,1001,Nuclear receptor/xenobiotic,1,12
CGP-Align,841,1189,Cell cycle/mitosis,4,30
CGP-Align,841,1189,MAPK/RTK,1,30
CGP-Align,841,1189,Nuclear receptor/xenobiotic,1,30
CGP-Align,841,1189,PI3K/AKT/mTOR,1,30
CGP-Align,51,570,Cell cycle/mitosis,1,26
CGP-Align,976,1095,Cell cycle/mitosis,2,23
CGP-Align,976,1095,MAPK/RTK,1,23
CGP-Align,976,1095,Nuclear receptor/xenobiotic,1,23
CGP-Align,976,1095,PI3K/AKT/mTOR,1,23
CGP-Align,543,1119,DNA damage/repair,1,7
CGP-Align,387,396,Cell cycle/mitosis,1,32
CGP-Align,387,396,MAPK/RTK,1,32
CGP-Align,1069,1854,DNA damage/repair,1,9
CGP-Align,283,1692,Cell cycle/mitosis,2,21
CGP-Align,283,1692,DNA damage/repair,1,21
CGP-Align,283,1692,Epigenetic/chromatin,1,21
CGP-Align,283,1692,Microtubule,1,21
CGP-Align,283,1692,PI3K/AKT/mTOR,1,21
CGP-Align,309,1739,Cell cycle/mitosis,1,25
CGP-Align,1189,1236,Nuclear receptor/xenobiotic,2,31
CGP-Align,1189,1236,Cell cycle/mitosis,1,31
CGP-Align,1189,1236,PI3K/AKT/mTOR,1,31
CGP-Align,1112,1489,Proteostasis,1,20
CGP-Align,958,1585,Cell cycle/mitosis,2,32
CGP-Align,958,1585,MAPK/RTK,2,32
CGP-Align,958,1585,Nuclear receptor/xenobiotic,1,32
CGP-Align,528,1238,Cell cycle/mitosis,2,27
CGP-Align,1437,1670,Lipid/transport state,1,24
CGP-Align,1437,1670,MAPK/RTK,1,24
CGP-Align,1437,1670,Nuclear receptor/xenobiotic,1,24
CGP-Align,570,1460,Cell cycle/mitosis,1,9
CGP-Align,570,1763,Cell cycle/mitosis,1,24
CGP-Align,570,1763,Proteostasis,1,24
CGP-Align,817,1011,Cell cycle/mitosis,2,31
CGP-Align,817,1011,Lipid/transport state,1,31
CGP-Align,817,1011,PI3K/AKT/mTOR,1,31
CGP-Align,420,499,Microtubule,1,3
CGP-Align,379,881,MAPK/RTK,1,20
CGP-Align,1043,1220,Lipid/transport state,1,22
CGP-Align,1043,1220,PI3K/AKT/mTOR,1,22
CGP-Align,232,1235,Nuclear receptor/xenobiotic,1,17
CGP-Align,232,1235,PI3K/AKT/mTOR,1,17
CGP-Align,120,816,Cell cycle/mitosis,1,22
CGP-Align,120,816,Epigenetic/chromatin,1,22
CGP-Align,120,816,Nuclear receptor/xenobiotic,1,22
CGP-Align,1081,1226,Nuclear receptor/xenobiotic,3,22
CGP-Align,1081,1226,Cell cycle/mitosis,1,22
CGP-Align,51,681,Cell cycle/mitosis,1,28
CGP-Align,33,881,Cell cycle/mitosis,2,32
CGP-Align,33,881,PI3K/AKT/mTOR,2,32
CGP-Align,33,881,MAPK/RTK,1,32
CGP-Align,13,1269,PI3K/AKT/mTOR,2,22
CGP-Align,13,1269,Cell cycle/mitosis,1,22
CGP-Align,1069,1828,DNA damage/repair,1,15
CGP-Align,1069,1828,MAPK/RTK,1,15
CGP-Align,83,1076,DNA damage/repair,1,7
CGP-Align,1095,1697,Cell cycle/mitosis,2,16
CGP-Align,1095,1697,Lipid/transport state,1,16
CGP-Align,1095,1697,PI3K/AKT/mTOR,1,16
CGP-Align,543,958,DNA damage/repair,1,11
CGP-Align,543,958,Microtubule,1,11
CGP-Align,1069,1339,DNA damage/repair,1,8
CGP-Align,1189,1220,Cell cycle/mitosis,1,30
CGP-Align,1189,1220,PI3K/AKT/mTOR,1,30
CGP-Align,681,1584,MAPK/RTK,2,22
CGP-Align,681,1584,DNA damage/repair,1,22
CGP-Align,681,1584,PI3K/AKT/mTOR,1,22
CGP-Align,0,817,Cell cycle/mitosis,1,34
CGP-Align,0,817,DNA damage/repair,1,34
CGP-Align,0,817,Lipid/transport state,1,34
CGP-Align,0,817,PI3K/AKT/mTOR,1,34
CGP-Align,685,1486,Nuclear receptor/xenobiotic,3,25
CGP-Align,685,1486,Cell cycle/mitosis,2,25
CGP-Align,685,1486,PI3K/AKT/mTOR,1,25
CGP-Align,1011,1486,Cell cycle/mitosis,3,31
CGP-Align,1011,1486,PI3K/AKT/mTOR,2,31
CGP-Align,1011,1486,MAPK/RTK,1,31
CGP-Align,1011,1486,Nuclear receptor/xenobiotic,1,31
CGP-Align,570,1238,Cell cycle/mitosis,2,33
CGP-Align,570,1238,Epigenetic/chromatin,1,33
CGP-Align,570,1238,Proteostasis,1,33
CGP-Align,787,1527,Cell cycle/mitosis,2,32
CGP-Align,787,1527,PI3K/AKT/mTOR,1,32
CGP-Align,534,681,Cell cycle/mitosis,1,10
CGP-Align,534,681,Nuclear receptor/xenobiotic,1,10
CGP-Align,958,1226,Cell cycle/mitosis,2,32
CGP-Align,958,1226,MAPK/RTK,2,32
CGP-Align,958,1226,Nuclear receptor/xenobiotic,2,32
CGP-Align,1339,1460,Cell cycle/mitosis,1,12
CGP-Align,1186,1486,Cell cycle/mitosis,3,30
CGP-Align,1186,1486,Nuclear receptor/xenobiotic,3,30
CGP-Align,1186,1486,MAPK/RTK,1,30
CGP-Align,1186,1486,PI3K/AKT/mTOR,1,30
CGP-Align,1214,1236,Nuclear receptor/xenobiotic,2,21
CGP-Align,1214,1236,MAPK/RTK,1,21
CGP-Align,1382,1763,Cell cycle/mitosis,2,25
CGP-Align,33,1389,Cell cycle/mitosis,3,24
CGP-Align,33,1389,Epigenetic/chromatin,1,24
CGP-Align,33,1389,MAPK/RTK,1,24
CGP-Align,33,1389,Microtubule,1,24
CGP-Align,33,1389,PI3K/AKT/mTOR,1,24
CGP-Align,470,1236,Nuclear receptor/xenobiotic,2,14
CGP-Align,470,1236,DNA damage/repair,1,14
CGP-Align,529,1189,Cell cycle/mitosis,2,30
CGP-Align,529,1189,Nuclear receptor/xenobiotic,1,30
CGP-Align,529,1189,PI3K/AKT/mTOR,1,30
CGP-Align,309,942,Cell cycle/mitosis,2,23
CGP-Align,309,942,Nuclear receptor/xenobiotic,1,23
CGP-Align,450,1486,Cell cycle/mitosis,3,26
CGP-Align,450,1486,PI3K/AKT/mTOR,2,26
CGP-Align,450,1486,DNA damage/repair,1,26
CGP-Align,450,1486,Nuclear receptor/xenobiotic,1,26
CGP-Align,178,698,Lipid/transport state,1,20
CGP-Align,570,1214,Nuclear receptor/xenobiotic,1,18
CGP-Align,1054,1079,Cell cycle/mitosis,1,27
CGP-Align,1054,1079,PI3K/AKT/mTOR,1,27
CGP-Align,816,1428,Cell cycle/mitosis,1,6
CGP-Align,116,1060,DNA damage/repair,2,17
CGP-Align,116,1060,Microtubule,1,17
CGP-Align,116,1060,Nuclear receptor/xenobiotic,1,17
CGP-Align,1169,1339,DNA damage/repair,2,14
CGP-Align,1169,1339,Cell cycle/mitosis,1,14
CGP-Align,1431,1596,Nuclear receptor/xenobiotic,2,24
CGP-Align,1431,1596,Cell cycle/mitosis,1,24
CGP-Align,1431,1596,Lipid/transport state,1,24
CGP-Align,965,1119,DNA damage/repair,1,12
CGP-Align,398,636,DNA damage/repair,2,22
CGP-Align,398,636,Cell cycle/mitosis,1,22
CGP-Align,398,636,PI3K/AKT/mTOR,1,22
CGP-Align,525,1341,Cell cycle/mitosis,1,31
CGP-Align,525,1341,DNA damage/repair,1,31
CGP-Align,525,1341,Lipid/transport state,1,31
CGP-Align,816,1074,Cell cycle/mitosis,2,19
CGP-Align,816,1074,Epigenetic/chromatin,2,19
CGP-Align,816,1074,Nuclear receptor/xenobiotic,1,19
CGP-Align,1394,1719,Nuclear receptor/xenobiotic,3,7
CGP-Align,232,1112,Nuclear receptor/xenobiotic,1,20
CGP-Align,1267,1333,Cell cycle/mitosis,1,33
CGP-Align,1267,1333,Lipid/transport state,1,33
CGP-Align,1267,1333,PI3K/AKT/mTOR,1,33
CGP-Align,1073,1787,Lipid/transport state,1,19
CGP-Align,1073,1787,MAPK/RTK,1,19
CGP-Align,1073,1787,PI3K/AKT/mTOR,1,19
CGP-Align,367,608,MAPK/RTK,1,22
CGP-Align,120,570,Cell cycle/mitosis,1,21
CGP-Align,350,1047,Nuclear receptor/xenobiotic,3,26
CGP-Align,350,1047,Cell cycle/mitosis,1,26
CGP-Align,350,1047,Lipid/transport state,1,26
CGP-Align,350,1047,MAPK/RTK,1,26
CGP-Align,698,812,Lipid/transport state,1,21
CGP-Align,698,812,Nuclear receptor/xenobiotic,1,21
CGP-Align,470,1226,Nuclear receptor/xenobiotic,1,11
CGP-Align,336,878,Cell cycle/mitosis,2,18
CGP-Align,336,878,Microtubule,1,18
CGP-Align,200,1707,Nuclear receptor/xenobiotic,3,29
CGP-Align,200,1707,Cell cycle/mitosis,1,29
CGP-Align,200,1707,DNA damage/repair,1,29
CGP-Align,200,1707,PI3K/AKT/mTOR,1,29
CGP-Align,673,794,DNA damage/repair,2,16
CGP-Align,673,794,Cell cycle/mitosis,1,16
CGP-Align,673,794,Nuclear receptor/xenobiotic,1,16
CGP-Align,673,794,PI3K/AKT/mTOR,1,16
CGP-Align,816,1839,Nuclear receptor/xenobiotic,1,6
CGP-Align,454,1196,Cell cycle/mitosis,2,31
CGP-Align,454,1196,PI3K/AKT/mTOR,2,31
CGP-Align,454,1196,MAPK/RTK,1,31
CGP-Align,309,1299,Cell cycle/mitosis,1,22
CGP-Align,309,1299,MAPK/RTK,1,22
CGP-Align,33,1486,Cell cycle/mitosis,3,29
CGP-Align,33,1486,PI3K/AKT/mTOR,2,29
CGP-Align,33,1486,MAPK/RTK,1,29
CGP-Align,33,1486,Nuclear receptor/xenobiotic,1,29
CGP-Align,688,1181,Cell cycle/mitosis,1,8
CGP-Align,334,1119,Cell cycle/mitosis,4,22
CGP-Align,334,1119,Nuclear receptor/xenobiotic,4,22
CGP-Align,334,1119,DNA damage/repair,1,22
CGP-Align,912,1128,Cell cycle/mitosis,1,13
CGP-Align,912,1128,Nuclear receptor/xenobiotic,1,13
CGP-Align,584,1161,Cell cycle/mitosis,2,8
CGP-Align,584,1161,PI3K/AKT/mTOR,1,8
CGP-Align,934,1341,Cell cycle/mitosis,1,29
CGP-Align,934,1341,Lipid/transport state,1,29
CGP-Align,934,1341,PI3K/AKT/mTOR,1,29
CGP-Align,1323,1338,Cell cycle/mitosis,2,21
CGP-Align,1323,1338,DNA damage/repair,1,21
CGP-Align,50,1553,Cell cycle/mitosis,1,7
CGP-Align,50,1553,Nuclear receptor/xenobiotic,1,7
CGP-Align,1428,1649,Cell cycle/mitosis,1,3
CGP-Align,99,1707,Cell cycle/mitosis,2,24
CGP-Align,99,1707,DNA damage/repair,1,24
CGP-Align,99,1707,MAPK/RTK,1,24
CGP-Align,99,1707,PI3K/AKT/mTOR,1,24
CGP-Align,94,1054,Cell cycle/mitosis,3,30
CGP-Align,94,1054,Lipid/transport state,1,30
CGP-Align,94,1054,PI3K/AKT/mTOR,1,30
CGP-Align,35,1189,Nuclear receptor/xenobiotic,2,25
CGP-Align,303,1267,PI3K/AKT/mTOR,1,24
CGP-Align,1323,1382,Cell cycle/mitosis,3,26
CGP-Align,1323,1382,DNA damage/repair,1,26
CGP-Align,534,958,Nuclear receptor/xenobiotic,1,14
CGP-Align,249,1670,Lipid/transport state,1,23
CGP-Align,249,1670,Nuclear receptor/xenobiotic,1,23
CGP-Align,641,976,Cell cycle/mitosis,2,30
CGP-Align,641,976,PI3K/AKT/mTOR,2,30
CGP-Align,641,976,MAPK/RTK,1,30
CGP-Align,641,976,Nuclear receptor/xenobiotic,1,30
CGP-Align,641,976,Proteostasis,1,30
CGP-Align,227,681,Cell cycle/mitosis,2,29
CGP-Align,227,681,PI3K/AKT/mTOR,2,29
CGP-Align,227,681,DNA damage/repair,1,29
CGP-Align,1060,1323,Nuclear receptor/xenobiotic,2,16
CGP-Align,1060,1323,DNA damage/repair,1,16
CGP-Align,94,817,Cell cycle/mitosis,2,30
CGP-Align,94,817,DNA damage/repair,1,30
CGP-Align,94,817,Lipid/transport state,1,30
CGP-Align,94,817,PI3K/AKT/mTOR,1,30
CGP-Align,13,94,Cell cycle/mitosis,2,29
CGP-Align,13,94,DNA damage/repair,1,29
CGP-Align,13,94,PI3K/AKT/mTOR,1,29
CGP-Align,976,1697,Cell cycle/mitosis,2,28
CGP-Align,976,1697,PI3K/AKT/mTOR,1,28
CGP-Align,300,1073,Cell cycle/mitosis,1,32
CGP-Align,300,1073,Lipid/transport state,1,32
CGP-Align,300,1073,MAPK/RTK,1,32
CGP-Align,87,608,Epigenetic/chromatin,1,20
CGP-Align,87,608,MAPK/RTK,1,20
CGP-Align,934,1437,Lipid/transport state,1,27
CGP-Align,389,958,Nuclear receptor/xenobiotic,2,27
CGP-Align,389,958,Cell cycle/mitosis,1,27
CGP-Align,1236,1637,Nuclear receptor/xenobiotic,2,22
CGP-Align,116,470,DNA damage/repair,2,16
CGP-Align,116,470,Microtubule,1,16
CGP-Align,116,470,Nuclear receptor/xenobiotic,1,16
CGP-Align,1220,1719,Cell cycle/mitosis,1,14
CGP-Align,1220,1719,MAPK/RTK,1,14
CGP-Align,1220,1719,Nuclear receptor/xenobiotic,1,14
CGP-Align,389,514,MAPK/RTK,1,18
CGP-Align,389,514,Nuclear receptor/xenobiotic,1,18
CGP-Align,529,1043,Nuclear receptor/xenobiotic,1,19
CGP-Align,976,1835,Cell cycle/mitosis,1,23
CGP-Align,976,1835,DNA damage/repair,1,23
CGP-Align,976,1835,Nuclear receptor/xenobiotic,1,23
CGP-Align,195,514,Cell cycle/mitosis,1,9
CGP-Align,195,514,DNA damage/repair,1,9
CGP-Align,195,514,Nuclear receptor/xenobiotic,1,9
CGP-Align,69,871,DNA damage/repair,1,9
CGP-Align,105,1238,Cell cycle/mitosis,1,27
CGP-Align,389,942,Nuclear receptor/xenobiotic,2,22
CGP-Align,35,1754,Nuclear receptor/xenobiotic,2,9
CGP-Align,232,1763,Cell cycle/mitosis,1,27
CGP-Align,232,1763,Lipid/transport state,1,27
CGP-Align,232,1763,MAPK/RTK,1,27
CGP-Align,232,1763,PI3K/AKT/mTOR,1,27
CGP-Align,232,685,Cell cycle/mitosis,2,26
CGP-Align,232,685,Nuclear receptor/xenobiotic,2,26
CGP-Align,232,685,PI3K/AKT/mTOR,1,26
CGP-Align,232,1585,Cell cycle/mitosis,1,26
CGP-Align,232,1585,MAPK/RTK,1,26
CGP-Align,232,1585,Nuclear receptor/xenobiotic,1,26
CGP-Align,232,1585,PI3K/AKT/mTOR,1,26
CGP-Align,817,1437,Lipid/transport state,1,27
CGP-Align,276,861,Epigenetic/chromatin,1,8
CGP-Align,276,861,Microtubule,1,8
CGP-Align,580,1719,Cell cycle/mitosis,1,3
CGP-Align,445,1067,Lipid/transport state,1,14
CGP-Align,445,1067,PI3K/AKT/mTOR,1,14
CGP-Align,33,309,Cell cycle/mitosis,1,24
CGP-Align,33,309,Epigenetic/chromatin,1,24
CGP-Align,33,309,MAPK/RTK,1,24
CGP-Align,389,794,Nuclear receptor/xenobiotic,2,13
CGP-Align,688,1428,Cell cycle/mitosis,1,3
CGP-Align,379,1080,Nuclear receptor/xenobiotic,3,23
CGP-Align,379,1080,DNA damage/repair,1,23
CGP-Align,379,1080,MAPK/RTK,1,23
CGP-Align,1241,1553,DNA damage/repair,1,10
CGP-Align,1241,1553,Nuclear receptor/xenobiotic,1,10
CGP-Align,1241,1553,Proteostasis,1,10
CGP-Align,303,672,Cell cycle/mitosis,1,34
CGP-Align,303,672,Epigenetic/chromatin,1,34
CGP-Align,303,672,MAPK/RTK,1,34
CGP-Align,303,672,Nuclear receptor/xenobiotic,1,34
CGP-Align,303,672,PI3K/AKT/mTOR,1,34
CGP-Align,681,1196,Cell cycle/mitosis,2,32
CGP-Align,681,1196,PI3K/AKT/mTOR,2,32
CGP-Align,681,1196,DNA damage/repair,1,32
CGP-Align,681,1196,MAPK/RTK,1,32
CGP-Align,681,1196,Nuclear receptor/xenobiotic,1,32
CGP-Align,385,1069,DNA damage/repair,1,10
CGP-Align,481,1269,PI3K/AKT/mTOR,2,21
CGP-Align,481,1269,Cell cycle/mitosis,1,21
CGP-Align,481,1269,DNA damage/repair,1,21
CGP-Align,481,1269,Microtubule,1,21
CGP-Align,387,1460,Cell cycle/mitosis,1,11
CGP-Align,794,1214,Nuclear receptor/xenobiotic,2,11
CGP-Align,13,881,Cell cycle/mitosis,2,31
CGP-Align,13,881,PI3K/AKT/mTOR,2,31
CGP-Align,314,334,Cell cycle/mitosis,1,5
CGP-Align,314,334,Nuclear receptor/xenobiotic,1,5
CGP-Align,570,1637,Cell cycle/mitosis,1,20
CGP-Align,514,1189,Cell cycle/mitosis,2,18
CGP-Align,514,1189,Nuclear receptor/xenobiotic,1,18
CGP-Align,543,1709,Nuclear receptor/xenobiotic,1,5
CGP-Align,688,1394,Nuclear receptor/xenobiotic,1,8
CGP-Align,389,1787,Nuclear receptor/xenobiotic,5,26
CGP-Align,580,816,Cell cycle/mitosis,1,3
CGP-Align,449,1080,Cell cycle/mitosis,2,21
CGP-Align,449,1080,Lipid/transport state,1,21
CGP-Align,449,1080,PI3K/AKT/mTOR,1,21
CGP-Align,358,1451,Epigenetic/chromatin,1,20
CGP-Align,358,1451,PI3K/AKT/mTOR,1,20
CGP-Align,83,1299,Cell cycle/mitosis,1,13
CGP-Align,51,1220,Cell cycle/mitosis,1,33
CGP-Align,51,1220,Lipid/transport state,1,33
CGP-Align,77,1134,Cell cycle/mitosis,1,10
CGP-Align,77,1134,Lipid/transport state,1,10
CGP-Align,479,812,Nuclear receptor/xenobiotic,3,26
CGP-Align,479,812,Cell cycle/mitosis,1,26
CGP-Align,479,812,MAPK/RTK,1,26
CGP-Align,455,1333,Lipid/transport state,1,28
CGP-Align,455,1333,PI3K/AKT/mTOR,1,28
CGP-Align,1214,1835,Cell cycle/mitosis,1,20
CGP-Align,1226,1692,Nuclear receptor/xenobiotic,3,23
CGP-Align,1226,1692,MAPK/RTK,2,23
CGP-Align,1226,1692,Cell cycle/mitosis,1,23
CGP-Align,1226,1692,PI3K/AKT/mTOR,1,23
CGP-Align,33,358,Epigenetic/chromatin,1,30
CGP-Align,33,358,Microtubule,1,30
CGP-Align,33,358,PI3K/AKT/mTOR,1,30
CGP-Align,178,592,DNA damage/repair,1,14
CGP-Align,636,851,Cell cycle/mitosis,1,24
CGP-Align,636,851,DNA damage/repair,1,24
CGP-Align,636,851,PI3K/AKT/mTOR,1,24
CGP-Align,50,1259,DNA damage/repair,1,13
CGP-Align,50,1259,Nuclear receptor/xenobiotic,1,13
CGP-Align,273,976,Cell cycle/mitosis,2,27
CGP-Align,273,976,PI3K/AKT/mTOR,2,27
CGP-Align,205,1470,DNA damage/repair,3,14
CGP-Align,205,1470,Cell cycle/mitosis,2,14
CGP-Align,205,1470,MAPK/RTK,1,14
CGP-Align,205,1470,Nuclear receptor/xenobiotic,1,14
CGP-Align,120,1226,Nuclear receptor/xenobiotic,2,25
CGP-Align,120,1226,Cell cycle/mitosis,1,25
CGP-Align,120,1226,MAPK/RTK,1,25
CGP-Align,283,881,Cell cycle/mitosis,1,27
CGP-Align,283,881,Lipid/transport state,1,27
CGP-Align,283,881,PI3K/AKT/mTOR,1,27
CGP-Align,387,1754,Nuclear receptor/xenobiotic,2,13
CGP-Align,387,1754,DNA damage/repair,1,13
CGP-Align,387,1754,MAPK/RTK,1,13
CGP-Align,83,195,Cell cycle/mitosis,1,14
CGP-Align,83,195,DNA damage/repair,1,14
CGP-Align,83,195,Nuclear receptor/xenobiotic,1,14
CGP-Align,1428,1637,Cell cycle/mitosis,1,3
CGP-Align,685,1220,Cell cycle/mitosis,2,23
CGP-Align,685,1220,Nuclear receptor/xenobiotic,1,23
CGP-Align,685,1220,PI3K/AKT/mTOR,1,23
CGP-Align,1074,1339,Cell cycle/mitosis,1,10
CGP-Align,627,836,Cell cycle/mitosis,2,16
CGP-Align,627,836,DNA damage/repair,2,16
CGP-Align,627,836,Microtubule,1,16
CGP-Align,627,836,PI3K/AKT/mTOR,1,16
CGP-Align,449,1763,Cell cycle/mitosis,1,18
CGP-Align,449,1763,Lipid/transport state,1,18
CGP-Align,449,1763,MAPK/RTK,1,18
CGP-Align,449,1763,PI3K/AKT/mTOR,1,18
CGP-Align,120,470,Nuclear receptor/xenobiotic,1,14
CGP-Align,227,1189,Cell cycle/mitosis,2,29
CGP-Align,227,1189,PI3K/AKT/mTOR,2,29
CGP-Align,300,1420,Cell cycle/mitosis,1,30
CGP-Align,300,1420,Lipid/transport state,1,30
CGP-Align,300,1420,MAPK/RTK,1,30
CGP-Align,309,806,Cell cycle/mitosis,2,18
CGP-Align,309,806,Nuclear receptor/xenobiotic,2,18
CGP-Align,309,806,MAPK/RTK,1,18
CGP-Align,1214,1719,Nuclear receptor/xenobiotic,2,12
CGP-Align,1186,1763,Cell cycle/mitosis,1,26
CGP-Align,1186,1763,Epigenetic/chromatin,1,26
CGP-Align,1186,1763,Lipid/transport state,1,26
CGP-Align,1186,1763,PI3K/AKT/mTOR,1,26
CGP-Align,35,1553,Nuclear receptor/xenobiotic,1,11
CGP-Align,387,688,Cell cycle/mitosis,2,24
CGP-Align,387,688,MAPK/RTK,1,24
CGP-Align,387,688,Nuclear receptor/xenobiotic,1,24
CGP-Align,898,1842,Cell cycle/mitosis,1,12
CGP-Align,898,1842,MAPK/RTK,1,12
CGP-Align,571,1649,Cell cycle/mitosis,2,26
CGP-Align,389,1709,Nuclear receptor/xenobiotic,2,21
CGP-Align,450,1060,DNA damage/repair,2,13
CGP-Align,450,1060,Cell cycle/mitosis,1,13
CGP-Align,450,1060,Nuclear receptor/xenobiotic,1,13
CGP-Align,764,1551,Lipid/transport state,2,24
CGP-Align,764,1551,DNA damage/repair,1,24
CGP-Align,764,1551,Nuclear receptor/xenobiotic,1,24
CGP-Align,698,1489,Cell cycle/mitosis,1,25
CGP-Align,672,1692,Cell cycle/mitosis,1,17
CGP-Align,672,1692,DNA damage/repair,1,17
CGP-Align,672,1692,Epigenetic/chromatin,1,17
CGP-Align,672,1692,PI3K/AKT/mTOR,1,17
CGP-Align,1431,1484,Cell cycle/mitosis,1,28
CGP-Align,1431,1484,Lipid/transport state,1,28
CGP-Align,1431,1484,MAPK/RTK,1,28
CGP-Align,355,1598,Nuclear receptor/xenobiotic,1,2
CGP-Align,99,1047,Cell cycle/mitosis,2,21
CGP-Align,99,1047,MAPK/RTK,1,21
CGP-Align,99,1047,PI3K/AKT/mTOR,1,21
CGP-Align,87,300,Epigenetic/chromatin,1,19
CGP-Align,87,300,MAPK/RTK,1,19
CGP-Align,436,1220,Cell cycle/mitosis,1,30
CGP-Align,436,1220,DNA damage/repair,1,30
CGP-Align,436,1220,Lipid/transport state,1,30
CGP-Align,436,1220,PI3K/AKT/mTOR,1,30
CGP-Align,851,1054,Cell cycle/mitosis,1,33
CGP-Align,851,1054,Lipid/transport state,1,33
CGP-Align,851,1054,PI3K/AKT/mTOR,1,33
CGP-Align,1080,1220,Cell cycle/mitosis,1,34
CGP-Align,1080,1220,DNA damage/repair,1,34
CGP-Align,1080,1220,Lipid/transport state,1,34
CGP-Align,1080,1220,MAPK/RTK,1,34
CGP-Align,1080,1220,Nuclear receptor/xenobiotic,1,34
CGP-Align,1080,1220,PI3K/AKT/mTOR,1,34
CGP-Align,387,1060,Nuclear receptor/xenobiotic,2,16
CGP-Align,387,1060,DNA damage/repair,1,16
CGP-Align,806,1300,Microtubule,1,12
CGP-Align,83,958,Cell cycle/mitosis,2,24
CGP-Align,83,958,DNA damage/repair,1,24
CGP-Align,83,958,Nuclear receptor/xenobiotic,1,24
CGP-Align,334,470,Nuclear receptor/xenobiotic,2,12
CGP-Align,334,470,Cell cycle/mitosis,1,12
CGP-Align,334,470,DNA damage/repair,1,12
CGP-Align,529,534,Nuclear receptor/xenobiotic,1,14
CGP-Align,1074,1181,Cell cycle/mitosis,1,14
CGP-Align,1074,1181,Epigenetic/chromatin,1,14
CGP-Align,1074,1181,Nuclear receptor/xenobiotic,1,14
CGP-Align,794,1709,Nuclear receptor/xenobiotic,3,16
CGP-Align,794,1709,Cell cycle/mitosis,1,16
CGP-Align,794,1709,Proteostasis,1,16
CGP-Align,449,1220,Cell cycle/mitosis,2,21
CGP-Align,449,1220,Lipid/transport state,1,21
CGP-Align,449,1220,Microtubule,1,21
CGP-Align,449,1220,PI3K/AKT/mTOR,1,21
CGP-Align,116,543,DNA damage/repair,1,9
CGP-Align,116,543,Microtubule,1,9
CGP-Align,94,844,Cell cycle/mitosis,2,28
CGP-Align,94,844,Lipid/transport state,1,28
CGP-Align,94,844,PI3K/AKT/mTOR,1,28
CGP-Align,1226,1486,Nuclear receptor/xenobiotic,4,30
CGP-Align,1226,1486,Cell cycle/mitosis,2,30
CGP-Align,1226,1486,MAPK/RTK,1,30
CGP-Align,1226,1486,PI3K/AKT/mTOR,1,30
CGP-Align,528,1220,Cell cycle/mitosis,3,39
CGP-Align,528,1220,DNA damage/repair,1,39
CGP-Align,528,1220,Lipid/transport state,1,39
CGP-Align,528,1220,MAPK/RTK,1,39
CGP-Align,528,1220,Nuclear receptor/xenobiotic,1,39
CGP-Align,528,1220,PI3K/AKT/mTOR,1,39
CGP-Align,227,514,DNA damage/repair,3,18
CGP-Align,227,514,Cell cycle/mitosis,1,18
CGP-Align,120,1189,Cell cycle/mitosis,1,26
CGP-Align,120,1189,Nuclear receptor/xenobiotic,1,26
CGP-Align,205,1226,MAPK/RTK,2,16
CGP-Align,205,1226,Nuclear receptor/xenobiotic,2,16
CGP-Align,528,584,Cell cycle/mitosis,1,21
CGP-Align,528,584,Lipid/transport state,1,21
CGP-Align,528,584,PI3K/AKT/mTOR,1,21
CGP-Align,309,1186,Cell cycle/mitosis,2,28
CGP-Align,309,1186,Epigenetic/chromatin,1,28
CGP-Align,309,1186,MAPK/RTK,1,28
CGP-Align,309,1186,Nuclear receptor/xenobiotic,1,28
CGP-Align,1220,1489,Cell cycle/mitosis,1,26
CGP-Align,1220,1489,DNA damage/repair,1,26
CGP-Align,1220,1489,MAPK/RTK,1,26
CGP-Align,1189,1382,Cell cycle/mitosis,3,26
CGP-Align,100,1073,Cell cycle/mitosis,2,34
CGP-Align,278,1460,Cell cycle/mitosis,2,11
CGP-Align,278,1460,Microtubule,1,11
CGP-Align,698,1692,Cell cycle/mitosis,1,17
CGP-Align,698,1692,PI3K/AKT/mTOR,1,17
CGP-Align,479,1220,Cell cycle/mitosis,3,30
CGP-Align,479,1220,MAPK/RTK,1,30
CGP-Align,479,1220,Nuclear receptor/xenobiotic,1,30
CGP-Align,479,1220,PI3K/AKT/mTOR,1,30
CGP-Align,1060,1470,DNA damage/repair,3,10
CGP-Align,1060,1470,Cell cycle/mitosis,1,10
CGP-Align,283,586,Cell cycle/mitosis,2,24
CGP-Align,283,586,PI3K/AKT/mTOR,1,24
CGP-Align,294,534,Cell cycle/mitosis,1,13
CGP-Align,232,1220,Cell cycle/mitosis,3,35
CGP-Align,232,1220,Lipid/transport state,1,35
CGP-Align,232,1220,MAPK/RTK,1,35
CGP-Align,232,1220,Nuclear receptor/xenobiotic,1,35
CGP-Align,232,1220,PI3K/AKT/mTOR,1,35
CGP-Align,273,1080,Cell cycle/mitosis,1,27
CGP-Align,273,1080,PI3K/AKT/mTOR,1,27
CGP-Align,470,1709,Nuclear receptor/xenobiotic,2,11
CGP-Align,454,1401,Cell cycle/mitosis,2,28
CGP-Align,454,1401,PI3K/AKT/mTOR,2,28
CGP-Align,334,1692,Cell cycle/mitosis,3,13
CGP-Align,334,1692,Nuclear receptor/xenobiotic,3,13
CGP-Align,334,1692,DNA damage/repair,1,13
CGP-Align,976,1596,Cell cycle/mitosis,2,31
CGP-Align,976,1596,PI3K/AKT/mTOR,2,31
CGP-Align,976,1596,MAPK/RTK,1,31
CGP-Align,976,1596,Nuclear receptor/xenobiotic,1,31
CGP-Align,1214,1585,Epigenetic/chromatin,1,21
CGP-Align,1214,1585,Nuclear receptor/xenobiotic,1,21
CGP-Align,273,1637,Cell cycle/mitosis,1,20
CGP-Align,120,1486,Cell cycle/mitosis,1,29
CGP-Align,120,1486,MAPK/RTK,1,29
CGP-Align,120,1486,Nuclear receptor/xenobiotic,1,29
CGP-Align,232,1835,Nuclear receptor/xenobiotic,2,25
CGP-Align,232,1835,Cell cycle/mitosis,1,25
CGP-Align,232,1835,Lipid/transport state,1,25
CGP-Align,320,632,Cell cycle/mitosis,2,18
CGP-Align,320,632,Nuclear receptor/xenobiotic,1,18
CGP-Align,320,632,Proteostasis,1,18
CGP-Align,283,1451,Cell cycle/mitosis,2,20
CGP-Align,283,1451,Epigenetic/chromatin,1,20
CGP-Align,283,1451,PI3K/AKT/mTOR,1,20
CGP-Align,557,1267,PI3K/AKT/mTOR,1,24
CGP-Align,1073,1079,MAPK/RTK,2,31
CGP-Align,1073,1079,Cell cycle/mitosis,1,31
CGP-Align,1073,1079,PI3K/AKT/mTOR,1,31
CGP-Align,673,1189,Cell cycle/mitosis,3,30
CGP-Align,673,1189,Nuclear receptor/xenobiotic,1,30
CGP-Align,673,1189,PI3K/AKT/mTOR,1,30
CGP-Align,528,636,PI3K/AKT/mTOR,2,28
CGP-Align,528,636,Cell cycle/mitosis,1,28
CGP-Align,528,636,DNA damage/repair,1,28
CGP-Align,1389,1585,Cell cycle/mitosis,2,25
CGP-Align,1389,1585,Epigenetic/chromatin,1,25
CGP-Align,1389,1585,MAPK/RTK,1,25
CGP-Align,1389,1585,PI3K/AKT/mTOR,1,25
CGP-Align,1214,1649,MAPK/RTK,1,21
CGP-Align,294,1763,Cell cycle/mitosis,1,24
CGP-Align,294,1763,MAPK/RTK,1,24
CGP-Align,294,1763,Nuclear receptor/xenobiotic,1,24
CGP-Align,294,1763,Proteostasis,1,24
CGP-Align,816,1214,Epigenetic/chromatin,1,15
CGP-Align,816,1214,Nuclear receptor/xenobiotic,1,15
CGP-Align,1043,1186,Lipid/transport state,1,19
CGP-Align,1043,1186,Nuclear receptor/xenobiotic,1,19
CGP-Align,1043,1186,PI3K/AKT/mTOR,1,19
CGP-Align,195,1181,Nuclear receptor/xenobiotic,1,9
CGP-Align,1394,1637,Nuclear receptor/xenobiotic,1,6
CGP-Align,514,816,Cell cycle/mitosis,2,19
CGP-Align,514,816,DNA damage/repair,1,19
CGP-Align,514,816,Nuclear receptor/xenobiotic,1,19
CGP-Align,534,1637,Cell cycle/mitosis,1,12
CGP-Align,389,1186,Nuclear receptor/xenobiotic,3,28
CGP-Align,389,1186,Cell cycle/mitosis,2,28
CGP-Align,232,1189,Cell cycle/mitosis,1,27
CGP-Align,232,1189,Nuclear receptor/xenobiotic,1,27
CGP-Align,232,1189,PI3K/AKT/mTOR,1,27
CGP-Align,470,865,Nuclear receptor/xenobiotic,1,13
CGP-Align,278,529,Cell cycle/mitosis,2,17
CGP-Align,278,529,Nuclear receptor/xenobiotic,2,17
CGP-Align,278,529,Microtubule,1,17
CGP-Align,1080,1119,Nuclear receptor/xenobiotic,4,31
CGP-Align,1080,1119,Cell cycle/mitosis,1,31
CGP-Align,1080,1119,DNA damage/repair,1,31
CGP-Align,1169,1428,Cell cycle/mitosis,1,7
CGP-Align,570,1585,Cell cycle/mitosis,2,19
CGP-Align,1074,1760,Cell cycle/mitosis,2,16
CGP-Align,1074,1760,Epigenetic/chromatin,1,16
CGP-Align,83,1196,Cell cycle/mitosis,3,27
CGP-Align,83,1196,Microtubule,1,27
CGP-Align,83,1196,Nuclear receptor/xenobiotic,1,27
CGP-Align,83,1196,PI3K/AKT/mTOR,1,27
CGP-Align,1389,1692,Cell cycle/mitosis,1,22
CGP-Align,1389,1692,Epigenetic/chromatin,1,22
CGP-Align,1389,1692,MAPK/RTK,1,22
CGP-Align,1389,1692,Microtubule,1,22
CGP-Align,1389,1692,Nuclear receptor/xenobiotic,1,22
CGP-Align,1389,1692,PI3K/AKT/mTOR,1,22
CGP-Align,586,836,Cell cycle/mitosis,3,25
CGP-Align,586,836,PI3K/AKT/mTOR,1,25
CGP-Align,314,912,Cell cycle/mitosis,1,2
CGP-Align,514,1214,MAPK/RTK,1,13
CGP-Align,514,1214,Nuclear receptor/xenobiotic,1,13
CGP-Align,1236,1585,Nuclear receptor/xenobiotic,2,30
CGP-Align,1236,1585,Cell cycle/mitosis,1,30
CGP-Align,1236,1585,MAPK/RTK,1,30
CGP-Align,1236,1585,PI3K/AKT/mTOR,1,30
CGP-Align,525,1420,Cell cycle/mitosis,1,28
CGP-Align,525,1420,Lipid/transport state,1,28
CGP-Align,51,178,Lipid/transport state,1,20
CGP-Align,33,51,Cell cycle/mitosis,1,27
CGP-Align,195,1709,Nuclear receptor/xenobiotic,2,12
CGP-Align,195,1709,Proteostasis,1,12
CGP-Align,51,1226,Cell cycle/mitosis,1,26
CGP-Align,273,1719,Cell cycle/mitosis,3,20
CGP-Align,83,389,Nuclear receptor/xenobiotic,2,20
CGP-Align,116,673,DNA damage/repair,2,27
CGP-Align,116,673,Cell cycle/mitosis,1,27
CGP-Align,116,673,Nuclear receptor/xenobiotic,1,27
CGP-Align,0,227,DNA damage/repair,2,35
CGP-Align,0,227,PI3K/AKT/mTOR,2,35
CGP-Align,0,227,Cell cycle/mitosis,1,35
CGP-Align,1697,1837,Cell cycle/mitosis,2,18
CGP-Align,1697,1837,Lipid/transport state,1,18
CGP-Align,1697,1837,PI3K/AKT/mTOR,1,18
CGP-Align,528,1110,DNA damage/repair,1,21
CGP-Align,1220,1267,Lipid/transport state,1,23
CGP-Align,1220,1267,PI3K/AKT/mTOR,1,23
CGP-Align,529,1235,Cell cycle/mitosis,1,17
CGP-Align,529,1235,Nuclear receptor/xenobiotic,1,17
CGP-Align,529,1235,PI3K/AKT/mTOR,1,17
CGP-Align,555,1516,MAPK/RTK,2,6
CGP-Align,555,1516,Cell cycle/mitosis,1,6
CGP-Align,120,1043,Nuclear receptor/xenobiotic,1,22
CGP-Align,200,397,Cell cycle/mitosis,2,16
CGP-Align,200,397,DNA damage/repair,1,16
CGP-Align,200,397,Nuclear receptor/xenobiotic,1,16
CGP-Align,396,1238,Cell cycle/mitosis,1,30
CGP-Align,580,688,Cell cycle/mitosis,1,4
CGP-Align,1236,1394,Nuclear receptor/xenobiotic,3,9
CGP-Align,314,1338,Cell cycle/mitosis,1,7
CGP-Align,529,794,MAPK/RTK,2,17
CGP-Align,529,794,Nuclear receptor/xenobiotic,1,17
CGP-Align,529,794,PI3K/AKT/mTOR,1,17
CGP-Align,529,794,Proteostasis,1,17
CGP-Align,1420,1787,Lipid/transport state,1,21
CGP-Align,1420,1787,Nuclear receptor/xenobiotic,1,21
CGP-Align,1420,1787,PI3K/AKT/mTOR,1,21
CGP-Align,1196,1401,Cell cycle/mitosis,2,31
CGP-Align,1196,1401,PI3K/AKT/mTOR,2,31
CGP-Align,1196,1401,DNA damage/repair,1,31
CGP-Align,1214,1220,Epigenetic/chromatin,1,23
CGP-Align,1214,1220,Nuclear receptor/xenobiotic,1,23
CGP-Align,608,1527,Cell cycle/mitosis,2,31
CGP-Align,608,1527,Nuclear receptor/xenobiotic,1,31
CGP-Align,116,205,DNA damage/repair,2,19
CGP-Align,116,205,MAPK/RTK,1,19
CGP-Align,116,205,Microtubule,1,19
CGP-Align,116,205,Nuclear receptor/xenobiotic,1,19
CGP-Align,309,841,Cell cycle/mitosis,3,30
CGP-Align,309,841,MAPK/RTK,1,30
CGP-Align,309,841,Nuclear receptor/xenobiotic,1,30
CGP-Align,94,1269,Cell cycle/mitosis,1,17
CGP-Align,94,1269,PI3K/AKT/mTOR,1,17
CGP-Align,50,385,DNA damage/repair,1,9
CGP-Align,571,1637,Nuclear receptor/xenobiotic,2,23
CGP-Align,1214,1553,Nuclear receptor/xenobiotic,1,11
CGP-Align,227,958,Cell cycle/mitosis,2,31
CGP-Align,227,958,DNA damage/repair,2,31
CGP-Align,958,1241,MAPK/RTK,2,18
CGP-Align,958,1241,DNA damage/repair,1,18
CGP-Align,958,1241,Microtubule,1,18
CGP-Align,958,1241,Nuclear receptor/xenobiotic,1,18
CGP-Align,1112,1637,Lipid/transport state,1,20
CGP-Align,514,865,Nuclear receptor/xenobiotic,1,11
CGP-Align,806,958,Nuclear receptor/xenobiotic,2,18
CGP-Align,806,958,MAPK/RTK,1,18
CGP-Align,806,958,Microtubule,1,18
CGP-Align,200,235,Cell cycle/mitosis,3,29
CGP-Align,200,235,Nuclear receptor/xenobiotic,3,29
CGP-Align,200,235,PI3K/AKT/mTOR,1,29
CGP-Align,460,1428,Cell cycle/mitosis,1,15
CGP-Align,460,1428,Nuclear receptor/xenobiotic,1,15
CGP-Align,273,812,Cell cycle/mitosis,1,19
CGP-Align,571,1719,Nuclear receptor/xenobiotic,4,16
CGP-Align,571,1719,Cell cycle/mitosis,1,16
CGP-Align,673,1196,Cell cycle/mitosis,2,26
CGP-Align,673,1196,DNA damage/repair,1,26
CGP-Align,673,1196,Nuclear receptor/xenobiotic,1,26
CGP-Align,673,1196,PI3K/AKT/mTOR,1,26
CGP-Align,309,1709,Cell cycle/mitosis,1,20
CGP-Align,787,1220,Cell cycle/mitosis,2,34
CGP-Align,787,1220,DNA damage/repair,1,34
CGP-Align,787,1220,Nuclear receptor/xenobiotic,1,34
CGP-Align,787,1220,PI3K/AKT/mTOR,1,34
CGP-Align,1692,1763,Cell cycle/mitosis,1,18
CGP-Align,1692,1763,Epigenetic/chromatin,1,18
CGP-Align,1692,1763,Nuclear receptor/xenobiotic,1,18
CGP-Align,1692,1763,PI3K/AKT/mTOR,1,18
CGP-Align,50,1854,DNA damage/repair,1,9
CGP-Align,571,1489,Nuclear receptor/xenobiotic,3,26
CGP-Align,571,1489,Cell cycle/mitosis,1,26
CGP-Align,571,1489,DNA damage/repair,1,26
CGP-Align,685,1119,Nuclear receptor/xenobiotic,2,25
CGP-Align,685,1119,Cell cycle/mitosis,1,25
CGP-Align,445,1536,Microtubule,1,14
CGP-Align,445,1536,Nuclear receptor/xenobiotic,1,14
CGP-Align,445,1536,PI3K/AKT/mTOR,1,14
CGP-Align,635,1241,MAPK/RTK,2,13
CGP-Align,635,1241,Microtubule,1,13
CGP-Align,635,1241,Nuclear receptor/xenobiotic,1,13
CGP-Align,635,1241,Proteostasis,1,13
CGP-Align,387,1236,Nuclear receptor/xenobiotic,2,27
CGP-Align,387,1236,Cell cycle/mitosis,1,27
CGP-Align,387,1236,DNA damage/repair,1,27
CGP-Align,387,1236,MAPK/RTK,1,27
CGP-Align,83,309,Cell cycle/mitosis,2,21
CGP-Align,314,806,Cell cycle/mitosis,2,6
CGP-Align,314,806,Nuclear receptor/xenobiotic,1,6
CGP-Align,613,1186,Cell cycle/mitosis,3,14
CGP-Align,613,1186,Lipid/transport state,1,14
CGP-Align,1043,1763,Lipid/transport state,1,21
CGP-Align,1043,1763,Nuclear receptor/xenobiotic,1,21
CGP-Align,1043,1763,PI3K/AKT/mTOR,1,21
CGP-Align,227,1382,Cell cycle/mitosis,2,21
CGP-Align,227,1382,DNA damage/repair,1,21
CGP-Align,232,1226,Nuclear receptor/xenobiotic,3,29
CGP-Align,232,1226,Cell cycle/mitosis,1,29
CGP-Align,232,1226,MAPK/RTK,1,29
CGP-Align,232,1226,PI3K/AKT/mTOR,1,29
CGP-Align,294,1119,Cell cycle/mitosis,2,27
CGP-Align,294,1119,Nuclear receptor/xenobiotic,1,27
CGP-Align,543,1692,DNA damage/repair,1,6
CGP-Align,35,1220,Cell cycle/mitosis,1,26
CGP-Align,35,1220,Nuclear receptor/xenobiotic,1,26
CGP-Align,33,1692,Cell cycle/mitosis,2,20
CGP-Align,33,1692,Epigenetic/chromatin,1,20
CGP-Align,33,1692,MAPK/RTK,1,20
CGP-Align,33,1692,Microtubule,1,20
CGP-Align,33,1692,Nuclear receptor/xenobiotic,1,20
CGP-Align,33,1692,PI3K/AKT/mTOR,1,20
CGP-Align,379,1220,Cell cycle/mitosis,1,23
CGP-Align,379,1220,DNA damage/repair,1,23
CGP-Align,379,1220,MAPK/RTK,1,23
CGP-Align,379,1220,Nuclear receptor/xenobiotic,1,23
CGP-Align,1214,1787,Nuclear receptor/xenobiotic,3,25
CGP-Align,1110,1236,DNA damage/repair,1,17
CGP-Align,116,1754,DNA damage/repair,2,13
CGP-Align,116,1754,MAPK/RTK,1,13
CGP-Align,116,1754,Microtubule,1,13
CGP-Align,116,1754,Nuclear receptor/xenobiotic,1,13
CGP-Align,636,1420,PI3K/AKT/mTOR,1,20
CGP-Align,387,1220,Cell cycle/mitosis,1,30
CGP-Align,387,1220,DNA damage/repair,1,30
CGP-Align,387,1220,MAPK/RTK,1,30
CGP-Align,387,1394,Nuclear receptor/xenobiotic,3,11
CGP-Align,195,958,DNA damage/repair,1,11
CGP-Align,195,958,Microtubule,1,11
CGP-Align,387,543,Nuclear receptor/xenobiotic,1,8
CGP-Align,33,514,Cell cycle/mitosis,2,17
CGP-Align,33,514,Nuclear receptor/xenobiotic,1,17
CGP-Align,100,1647,Cell cycle/mitosis,2,28
CGP-Align,673,1486,Cell cycle/mitosis,2,29
CGP-Align,673,1486,Nuclear receptor/xenobiotic,2,29
CGP-Align,673,1486,DNA damage/repair,1,29
CGP-Align,673,1486,PI3K/AKT/mTOR,1,29
CGP-Align,51,1401,Cell cycle/mitosis,1,30
CGP-Align,51,1401,MAPK/RTK,1,30
CGP-Align,273,529,Cell cycle/mitosis,1,26
CGP-Align,273,529,PI3K/AKT/mTOR,1,26
CGP-Align,1178,1300,DNA damage/repair,1,5
CGP-Align,1214,1539,Nuclear receptor/xenobiotic,1,23
CGP-Align,389,1226,Nuclear receptor/xenobiotic,4,24
CGP-Align,33,470,Nuclear receptor/xenobiotic,1,10
CGP-Align,1081,1584,DNA damage/repair,1,12
CGP-Align,1214,1277,Epigenetic/chromatin,1,19
CGP-Align,1214,1277,MAPK/RTK,1,19
CGP-Align,309,1092,Cell cycle/mitosis,1,17
CGP-Align,309,1092,Nuclear receptor/xenobiotic,1,17
CGP-Align,912,1185,Cell cycle/mitosis,1,3
CGP-Align,33,1338,Cell cycle/mitosis,2,17
CGP-Align,33,1338,Microtubule,1,17
CGP-Align,450,1754,DNA damage/repair,2,8
CGP-Align,450,1754,Cell cycle/mitosis,1,8
CGP-Align,450,1754,Nuclear receptor/xenobiotic,1,8
CGP-Align,713,1486,Nuclear receptor/xenobiotic,4,20
CGP-Align,613,1220,Cell cycle/mitosis,2,12
CGP-Align,613,1220,Lipid/transport state,1,12
CGP-Align,187,673,DNA damage/repair,2,21
CGP-Align,187,673,Nuclear receptor/xenobiotic,2,21
CGP-Align,187,673,Cell cycle/mitosis,1,21
CGP-Align,83,1214,Nuclear receptor/xenobiotic,1,13
CGP-Align,116,514,DNA damage/repair,2,21
CGP-Align,116,514,Cell cycle/mitosis,1,21
CGP-Align,116,514,MAPK/RTK,1,21
CGP-Align,116,514,Microtubule,1,21
CGP-Align,116,514,Nuclear receptor/xenobiotic,1,21
CGP-Align,83,1637,Cell cycle/mitosis,1,20
CGP-Align,83,1637,Nuclear receptor/xenobiotic,1,20
CGP-Align,187,1389,Cell cycle/mitosis,2,24
CGP-Align,187,1389,MAPK/RTK,1,24
CGP-Align,187,1389,Microtubule,1,24
CGP-Align,187,1389,Nuclear receptor/xenobiotic,1,24
CGP-Align,187,1389,PI3K/AKT/mTOR,1,24
CGP-Align,1043,1585,Nuclear receptor/xenobiotic,1,20
CGP-Align,1043,1585,PI3K/AKT/mTOR,1,20
CGP-Align,116,1186,Nuclear receptor/xenobiotic,2,27
CGP-Align,116,1186,Cell cycle/mitosis,1,27
CGP-Align,116,1186,MAPK/RTK,1,27
CGP-Align,116,1186,PI3K/AKT/mTOR,1,27
CGP-Align,1189,1299,Cell cycle/mitosis,1,17
CGP-Align,1128,1839,Nuclear receptor/xenobiotic,1,8
CGP-Align,860,1597,Nuclear receptor/xenobiotic,4,21
CGP-Align,860,1597,Cell cycle/mitosis,2,21
CGP-Align,860,1597,MAPK/RTK,1,21
CGP-Align,1739,1763,Cell cycle/mitosis,1,21
CGP-Align,1739,1763,Lipid/transport state,1,21
CGP-Align,195,673,DNA damage/repair,1,12
CGP-Align,195,673,Nuclear receptor/xenobiotic,1,12
CGP-Align,385,1339,DNA damage/repair,1,7
CGP-Align,385,1339,Nuclear receptor/xenobiotic,1,7
CGP-Align,787,1236,Cell cycle/mitosis,3,29
CGP-Align,787,1236,DNA damage/repair,1,29
CGP-Align,787,1236,MAPK/RTK,1,29
CGP-Align,787,1236,Nuclear receptor/xenobiotic,1,29
CGP-Align,787,1236,PI3K/AKT/mTOR,1,29
CGP-Align,1119,1236,Nuclear receptor/xenobiotic,3,31
CGP-Align,1119,1236,Cell cycle/mitosis,2,31
CGP-Align,1119,1236,DNA damage/repair,1,31
CGP-Align,1315,1637,Lipid/transport state,1,8
CGP-Align,105,534,Nuclear receptor/xenobiotic,1,11
CGP-Align,844,1527,Cell cycle/mitosis,2,29
CGP-Align,844,1527,Lipid/transport state,1,29
CGP-Align,844,1527,PI3K/AKT/mTOR,1,29
CGP-Align,528,688,Cell cycle/mitosis,1,20
CGP-Align,528,688,MAPK/RTK,1,20
CGP-Align,806,1169,Cell cycle/mitosis,2,13
CGP-Align,1112,1277,Proteostasis,1,19
CGP-Align,116,449,Cell cycle/mitosis,1,18
CGP-Align,116,449,MAPK/RTK,1,18
CGP-Align,116,449,PI3K/AKT/mTOR,1,18
CGP-Align,436,1236,Cell cycle/mitosis,1,21
CGP-Align,436,1236,DNA damage/repair,1,21
CGP-Align,436,1236,PI3K/AKT/mTOR,1,21
CGP-Align,273,1585,Cell cycle/mitosis,2,27
CGP-Align,273,1585,PI3K/AKT/mTOR,1,27
CGP-Align,470,1214,Nuclear receptor/xenobiotic,1,10
CGP-Align,1080,1236,Nuclear receptor/xenobiotic,3,32
CGP-Align,1080,1236,Cell cycle/mitosis,1,32
CGP-Align,1080,1236,DNA damage/repair,1,32
CGP-Align,1080,1236,MAPK/RTK,1,32
CGP-Align,1080,1236,PI3K/AKT/mTOR,1,32
CGP-Align,50,1470,Cell cycle/mitosis,3,15
CGP-Align,50,1470,DNA damage/repair,1,15
CGP-Align,50,1470,Microtubule,1,15
CGP-Align,50,1470,Nuclear receptor/xenobiotic,1,15
CGP-Align,195,1119,Cell cycle/mitosis,1,13
CGP-Align,195,1119,DNA damage/repair,1,13
CGP-Align,195,1119,Nuclear receptor/xenobiotic,1,13
CGP-Align,105,1637,Nuclear receptor/xenobiotic,1,20
CGP-Align,841,1226,Cell cycle/mitosis,2,31
CGP-Align,841,1226,MAPK/RTK,2,31
CGP-Align,841,1226,Nuclear receptor/xenobiotic,2,31
CGP-Align,1486,1649,Cell cycle/mitosis,3,25
CGP-Align,1119,1220,Cell cycle/mitosis,1,27
CGP-Align,1119,1220,DNA damage/repair,1,27
CGP-Align,1119,1220,Nuclear receptor/xenobiotic,1,27
CGP-Align,358,1269,Microtubule,1,23
CGP-Align,358,1269,PI3K/AKT/mTOR,1,23
CGP-Align,681,1112,Proteostasis,1,21
CGP-Align,116,713,Nuclear receptor/xenobiotic,2,19
CGP-Align,116,713,Microtubule,1,19
CGP-Align,387,529,Cell cycle/mitosis,1,28
CGP-Align,387,529,MAPK/RTK,1,28
CGP-Align,387,529,Nuclear receptor/xenobiotic,1,28
CGP-Align,641,1401,Cell cycle/mitosis,2,29
CGP-Align,641,1401,PI3K/AKT/mTOR,2,29
CGP-Align,641,1401,Microtubule,1,29
CGP-Align,178,1110,DNA damage/repair,1,18
CGP-Align,178,1110,Epigenetic/chromatin,1,18
CGP-Align,246,571,Cell cycle/mitosis,2,32
CGP-Align,246,571,Nuclear receptor/xenobiotic,2,32
CGP-Align,35,1585,Nuclear receptor/xenobiotic,2,25
CGP-Align,812,1323,MAPK/RTK,1,18
CGP-Align,812,1323,Nuclear receptor/xenobiotic,1,18
CGP-Align,1110,1763,Epigenetic/chromatin,1,22
CGP-Align,1189,1553,Nuclear receptor/xenobiotic,1,13
CGP-Align,1189,1553,PI3K/AKT/mTOR,1,13
CGP-Align,273,1220,Cell cycle/mitosis,2,28
CGP-Align,273,1220,PI3K/AKT/mTOR,1,28
CGP-Align,934,1073,Lipid/transport state,1,27
CGP-Align,934,1073,PI3K/AKT/mTOR,1,27
CGP-Align,1073,1095,Cell cycle/mitosis,2,19
CGP-Align,1073,1095,Lipid/transport state,1,19
CGP-Align,1073,1095,MAPK/RTK,1,19
CGP-Align,1073,1095,Nuclear receptor/xenobiotic,1,19
CGP-Align,1073,1095,PI3K/AKT/mTOR,1,19
CGP-Align,35,1080,Nuclear receptor/xenobiotic,3,31
CGP-Align,570,1081,Cell cycle/mitosis,2,22
CGP-Align,570,1081,DNA damage/repair,1,22
CGP-Align,227,1119,DNA damage/repair,2,27
CGP-Align,227,1119,Cell cycle/mitosis,1,27
CGP-Align,227,1119,PI3K/AKT/mTOR,1,27
CGP-Align,51,881,Cell cycle/mitosis,1,31
CGP-Align,51,881,Lipid/transport state,1,31
CGP-Align,1110,1486,DNA damage/repair,1,17
CGP-Align,1119,1181,Cell cycle/mitosis,1,12
CGP-Align,1119,1181,DNA damage/repair,1,12
CGP-Align,1300,1835,DNA damage/repair,1,9
CGP-Align,942,1189,Cell cycle/mitosis,2,22
CGP-Align,942,1189,Nuclear receptor/xenobiotic,1,22
CGP-Align,105,1719,Nuclear receptor/xenobiotic,2,16
CGP-Align,105,1719,Cell cycle/mitosis,1,16
CGP-Align,105,1719,MAPK/RTK,1,16
CGP-Align,94,1437,Lipid/transport state,1,19
CGP-Align,912,1169,Cell cycle/mitosis,1,2
CGP-Align,105,685,Cell cycle/mitosis,2,24
CGP-Align,105,685,Nuclear receptor/xenobiotic,1,24
CGP-Align,105,685,PI3K/AKT/mTOR,1,24
CGP-Align,681,1338,Cell cycle/mitosis,2,18
CGP-Align,681,1235,PI3K/AKT/mTOR,2,20
CGP-Align,681,1235,Cell cycle/mitosis,1,20
CGP-Align,681,1235,Nuclear receptor/xenobiotic,1,20
CGP-Align,1060,1214,Nuclear receptor/xenobiotic,2,11
CGP-Align,534,1486,Cell cycle/mitosis,1,10
CGP-Align,534,1486,Nuclear receptor/xenobiotic,1,10
CGP-Align,187,881,Cell cycle/mitosis,1,24
CGP-Align,187,881,MAPK/RTK,1,24
CGP-Align,187,881,Nuclear receptor/xenobiotic,1,24
CGP-Align,187,881,PI3K/AKT/mTOR,1,24
CGP-Align,116,336,DNA damage/repair,2,25
CGP-Align,116,336,Cell cycle/mitosis,1,25
CGP-Align,116,336,PI3K/AKT/mTOR,1,25
CGP-Align,586,881,Cell cycle/mitosis,2,30
CGP-Align,586,881,MAPK/RTK,1,30
CGP-Align,586,881,Nuclear receptor/xenobiotic,1,30
CGP-Align,586,881,PI3K/AKT/mTOR,1,30
CGP-Align,387,1080,Nuclear receptor/xenobiotic,2,30
CGP-Align,387,1080,Cell cycle/mitosis,1,30
CGP-Align,387,1080,DNA damage/repair,1,30
CGP-Align,387,1080,MAPK/RTK,1,30
CGP-Align,1236,1338,Cell cycle/mitosis,2,18
CGP-Align,83,942,Cell cycle/mitosis,3,19
CGP-Align,83,942,Nuclear receptor/xenobiotic,1,19
CGP-Align,580,1074,Cell cycle/mitosis,1,3
CGP-Align,571,1220,Cell cycle/mitosis,1,32
CGP-Align,571,1220,DNA damage/repair,1,32
CGP-Align,571,1220,Lipid/transport state,1,32
CGP-Align,571,1220,Nuclear receptor/xenobiotic,1,32
CGP-Align,571,1220,PI3K/AKT/mTOR,1,32
CGP-Align,200,1333,Nuclear receptor/xenobiotic,3,29
CGP-Align,200,1333,Microtubule,1,29
CGP-Align,200,1333,PI3K/AKT/mTOR,1,29
CGP-Align,51,1196,Cell cycle/mitosis,1,27
CGP-Align,33,232,Cell cycle/mitosis,2,29
CGP-Align,33,232,MAPK/RTK,1,29
CGP-Align,33,232,PI3K/AKT/mTOR,1,29
CGP-Align,226,417,Cell cycle/mitosis,2,13
CGP-Align,226,417,Nuclear receptor/xenobiotic,1,13
CGP-Align,479,1382,Cell cycle/mitosis,3,26
CGP-Align,794,1110,DNA damage/repair,1,11
CGP-Align,794,1110,Nuclear receptor/xenobiotic,1,11
CGP-Align,120,1196,Cell cycle/mitosis,1,25
CGP-Align,120,1196,MAPK/RTK,1,25
CGP-Align,120,1196,Nuclear receptor/xenobiotic,1,25
CGP-Align,235,265,Cell cycle/mitosis,2,27
CGP-Align,235,265,Nuclear receptor/xenobiotic,2,27
CGP-Align,235,265,Lipid/transport state,1,27
CGP-Align,235,265,MAPK/RTK,1,27
CGP-Align,235,265,PI3K/AKT/mTOR,1,27
CGP-Align,1420,1527,Cell cycle/mitosis,2,30
CGP-Align,1420,1527,Lipid/transport state,1,30
CGP-Align,1420,1527,PI3K/AKT/mTOR,1,30
CGP-Align,570,1189,Cell cycle/mitosis,2,22
CGP-Align,449,1382,Cell cycle/mitosis,1,20
CGP-Align,449,1382,Nuclear receptor/xenobiotic,1,20
CGP-Align,514,1539,Cell cycle/mitosis,2,19
CGP-Align,514,1539,DNA damage/repair,1,19
CGP-Align,314,713,Nuclear receptor/xenobiotic,2,8
CGP-Align,314,713,Cell cycle/mitosis,1,8
CGP-Align,314,713,Microtubule,1,8
CGP-Align,479,1119,Nuclear receptor/xenobiotic,4,28
CGP-Align,479,1119,Cell cycle/mitosis,1,28
CGP-Align,120,1501,MAPK/RTK,1,12
CGP-Align,120,1501,Microtubule,1,12
CGP-Align,51,470,Cell cycle/mitosis,1,13
CGP-Align,83,806,Cell cycle/mitosis,2,17
CGP-Align,83,806,Nuclear receptor/xenobiotic,2,17
CGP-Align,334,1585,Cell cycle/mitosis,3,15
CGP-Align,334,1585,Nuclear receptor/xenobiotic,3,15
CGP-Align,273,294,Cell cycle/mitosis,2,25
CGP-Align,273,294,MAPK/RTK,1,25
CGP-Align,389,681,Nuclear receptor/xenobiotic,4,23
CGP-Align,812,1236,Nuclear receptor/xenobiotic,3,21
CGP-Align,812,1236,Cell cycle/mitosis,1,21
CGP-Align,812,1236,MAPK/RTK,1,21
CGP-Align,35,314,DNA damage/repair,1,3
CGP-Align,35,314,Nuclear receptor/xenobiotic,1,3
CGP-Align,1175,1484,Cell cycle/mitosis,1,22
CGP-Align,1175,1484,Lipid/transport state,1,22
CGP-Align,1175,1484,MAPK/RTK,1,22
CGP-Align,1175,1484,PI3K/AKT/mTOR,1,22
CGP-Align,174,1134,MAPK/RTK,1,5
CGP-Align,570,1338,Cell cycle/mitosis,2,18
CGP-Align,570,1338,DNA damage/repair,1,18
CGP-Align,105,298,MAPK/RTK,1,12
CGP-Align,99,397,Cell cycle/mitosis,3,19
CGP-Align,99,397,DNA damage/repair,1,19
CGP-Align,99,397,MAPK/RTK,1,19
CGP-Align,51,529,Cell cycle/mitosis,2,28
CGP-Align,681,1043,PI3K/AKT/mTOR,1,16
CGP-Align,688,1214,Nuclear receptor/xenobiotic,1,18
CGP-Align,1001,1119,DNA damage/repair,1,7
CGP-Align,580,806,Cell cycle/mitosis,1,2
CGP-Align,580,806,Nuclear receptor/xenobiotic,1,2
CGP-Align,303,1112,Proteostasis,1,21
CGP-Align,1226,1235,Cell cycle/mitosis,1,20
CGP-Align,1226,1235,Nuclear receptor/xenobiotic,1,20
CGP-Align,1226,1235,PI3K/AKT/mTOR,1,20
CGP-Align,1181,1637,Cell cycle/mitosis,1,10
CGP-Align,1394,1470,Cell cycle/mitosis,1,8
CGP-Align,1394,1470,DNA damage/repair,1,8
CGP-Align,1226,1389,Cell cycle/mitosis,2,27
CGP-Align,1226,1389,Nuclear receptor/xenobiotic,2,27
CGP-Align,1226,1389,MAPK/RTK,1,27
CGP-Align,1226,1389,PI3K/AKT/mTOR,1,27
CGP-Align,265,1805,Nuclear receptor/xenobiotic,3,18
CGP-Align,265,1805,Cell cycle/mitosis,2,18
CGP-Align,265,1805,Lipid/transport state,1,18
CGP-Align,570,1739,Cell cycle/mitosis,1,17
CGP-Align,942,1214,Nuclear receptor/xenobiotic,2,19
CGP-Align,116,1226,Cell cycle/mitosis,2,31
CGP-Align,116,1226,Nuclear receptor/xenobiotic,2,31
CGP-Align,116,1226,MAPK/RTK,1,31
CGP-Align,116,1226,PI3K/AKT/mTOR,1,31
CGP-Align,309,1226,Nuclear receptor/xenobiotic,3,32
CGP-Align,309,1226,Cell cycle/mitosis,1,32
CGP-Align,309,1226,MAPK/RTK,1,32
CGP-Align,178,1300,Nuclear receptor/xenobiotic,1,7
CGP-Align,794,1486,Cell cycle/mitosis,1,16
CGP-Align,794,1486,DNA damage/repair,1,16
CGP-Align,794,1486,MAPK/RTK,1,16
CGP-Align,794,1486,Nuclear receptor/xenobiotic,1,16
CGP-Align,794,1486,PI3K/AKT/mTOR,1,16
CGP-Align,1238,1719,Cell cycle/mitosis,2,14
CGP-Align,698,1649,Cell cycle/mitosis,1,28
CGP-Align,698,1649,MAPK/RTK,1,28
CGP-Align,1119,1382,Cell cycle/mitosis,3,23
CGP-Align,1119,1382,DNA damage/repair,1,23
CGP-Align,116,1081,Cell cycle/mitosis,1,23
CGP-Align,116,1081,Microtubule,1,23
CGP-Align,116,1081,Nuclear receptor/xenobiotic,1,23
CGP-Align,1539,1692,Cell cycle/mitosis,2,17
CGP-Align,1539,1692,DNA damage/repair,1,17
CGP-Align,1539,1692,PI3K/AKT/mTOR,1,17
CGP-Align,1528,1713,Cell cycle/mitosis,1,11
CGP-Align,13,454,Cell cycle/mitosis,2,30
CGP-Align,13,454,PI3K/AKT/mTOR,2,30
CGP-Align,13,454,DNA damage/repair,1,30
CGP-Align,1394,1692,Nuclear receptor/xenobiotic,2,5
CGP-Align,1394,1692,DNA damage/repair,1,5
CGP-Align,174,555,Nuclear receptor/xenobiotic,1,8
CGP-Align,174,555,PI3K/AKT/mTOR,1,8
CGP-Align,94,1451,Cell cycle/mitosis,3,15
CGP-Align,94,1451,PI3K/AKT/mTOR,1,15
CGP-Align,529,1754,Nuclear receptor/xenobiotic,2,9
CGP-Align,529,1754,MAPK/RTK,1,9
CGP-Align,529,1754,Proteostasis,1,9
CGP-Align,83,470,DNA damage/repair,1,13
CGP-Align,83,470,Nuclear receptor/xenobiotic,1,13
CGP-Align,613,685,Cell cycle/mitosis,2,13
CGP-Align,806,1470,Cell cycle/mitosis,1,8
CGP-Align,806,1470,Nuclear receptor/xenobiotic,1,8
CGP-Align,1181,1241,Nuclear receptor/xenobiotic,1,3
CGP-Align,35,1186,Nuclear receptor/xenobiotic,3,26
CGP-Align,35,1186,Cell cycle/mitosis,1,26
CGP-Align,534,1428,Cell cycle/mitosis,1,7
CGP-Align,534,1428,Nuclear receptor/xenobiotic,1,7
CGP-Align,1074,1559,Cell cycle/mitosis,1,13
CGP-Align,878,1213,Microtubule,1,13
CGP-Align,878,1213,Nuclear receptor/xenobiotic,1,13
CGP-Align,379,1716,DNA damage/repair,1,19
CGP-Align,570,1112,Nuclear receptor/xenobiotic,1,23
CGP-Align,570,1112,Proteostasis,1,23
CGP-Align,976,1236,Cell cycle/mitosis,3,28
CGP-Align,976,1236,Nuclear receptor/xenobiotic,2,28
CGP-Align,976,1236,MAPK/RTK,1,28
CGP-Align,976,1236,PI3K/AKT/mTOR,1,28
CGP-Align,1080,1189,Cell cycle/mitosis,2,32
CGP-Align,1080,1189,Nuclear receptor/xenobiotic,2,32
CGP-Align,1080,1189,PI3K/AKT/mTOR,1,32
CGP-Align,1226,1338,Cell cycle/mitosis,1,17
CGP-Align,570,942,Cell cycle/mitosis,2,18
CGP-Align,570,942,Nuclear receptor/xenobiotic,1,18
CGP-Align,881,1835,Lipid/transport state,1,20
CGP-Align,294,1539,Cell cycle/mitosis,1,22
CGP-Align,1420,1781,Cell cycle/mitosis,1,24
CGP-Align,116,278,Cell cycle/mitosis,2,18
CGP-Align,116,278,DNA damage/repair,2,18
CGP-Align,116,278,Microtubule,1,18
CGP-Align,116,278,Nuclear receptor/xenobiotic,1,18
CGP-Align,1501,1637,Lipid/transport state,1,11
CGP-Align,321,367,Cell cycle/mitosis,1,23
CGP-Align,321,367,MAPK/RTK,1,23
CGP-Align,1277,1486,Cell cycle/mitosis,2,20
CGP-Align,1277,1486,MAPK/RTK,1,20
CGP-Align,794,1226,MAPK/RTK,2,13
CGP-Align,794,1226,Nuclear receptor/xenobiotic,1,13
CGP-Align,120,232,MAPK/RTK,2,28
CGP-Align,120,232,Cell cycle/mitosis,1,28
CGP-Align,571,1763,Cell cycle/mitosis,2,27
CGP-Align,571,1763,Lipid/transport state,1,27
CGP-Align,571,1763,PI3K/AKT/mTOR,1,27
CGP-Align,187,309,Nuclear receptor/xenobiotic,2,21
CGP-Align,187,309,Cell cycle/mitosis,1,21
CGP-Align,187,309,MAPK/RTK,1,21
CGP-Align,205,1214,Nuclear receptor/xenobiotic,1,11
CGP-Align,1181,1709,Cell cycle/mitosis,1,14
CGP-Align,1181,1709,Lipid/transport state,1,14
CGP-Align,1181,1709,Nuclear receptor/xenobiotic,1,14
CGP-Align,387,1428,Cell cycle/mitosis,1,3
CGP-Align,387,1428,Nuclear receptor/xenobiotic,1,3
CGP-Align,232,309,MAPK/RTK,2,31
CGP-Align,232,309,Nuclear receptor/xenobiotic,2,31
CGP-Align,232,309,Cell cycle/mitosis,1,31
CGP-Align,1220,1333,Lipid/transport state,1,27
CGP-Align,1220,1333,Microtubule,1,27
CGP-Align,1220,1333,PI3K/AKT/mTOR,1,27
CGP-Align,303,1596,Cell cycle/mitosis,2,32
CGP-Align,303,1596,MAPK/RTK,1,32
CGP-Align,303,1596,Microtubule,1,32
CGP-Align,303,1596,Nuclear receptor/xenobiotic,1,32
CGP-Align,303,1596,PI3K/AKT/mTOR,1,32
CGP-Align,1186,1236,Cell cycle/mitosis,4,28
CGP-Align,1186,1236,Nuclear receptor/xenobiotic,3,28
CGP-Align,1186,1236,MAPK/RTK,1,28
CGP-Align,1186,1236,PI3K/AKT/mTOR,1,28
CGP-Align,187,806,Nuclear receptor/xenobiotic,2,20
CGP-Align,187,806,Cell cycle/mitosis,1,20
CGP-Align,187,806,MAPK/RTK,1,20
CGP-Align,688,1074,Cell cycle/mitosis,2,11
CGP-Align,51,1299,Cell cycle/mitosis,1,21
CGP-Align,51,1299,MAPK/RTK,1,21
CGP-Align,534,543,Nuclear receptor/xenobiotic,1,9
CGP-Align,688,1649,Cell cycle/mitosis,2,18
CGP-Align,1585,1649,Cell cycle/mitosis,3,24
CGP-Align,816,1080,Cell cycle/mitosis,2,25
CGP-Align,816,1080,Nuclear receptor/xenobiotic,2,25
CGP-Align,816,1080,DNA damage/repair,1,25
CGP-Align,1169,1338,Cell cycle/mitosis,4,18
CGP-Align,1169,1338,DNA damage/repair,1,18
CGP-Align,35,942,Nuclear receptor/xenobiotic,1,17
CGP-Align,1241,1501,Nuclear receptor/xenobiotic,2,5
CGP-Align,178,1119,DNA damage/repair,1,13
CGP-Align,570,1754,Nuclear receptor/xenobiotic,1,7
CGP-Align,51,481,Cell cycle/mitosis,1,26
CGP-Align,51,481,MAPK/RTK,1,26
CGP-Align,195,865,Nuclear receptor/xenobiotic,1,10
CGP-Align,195,865,Proteostasis,1,10
CGP-Align,283,528,Cell cycle/mitosis,1,26
CGP-Align,283,528,DNA damage/repair,1,26
CGP-Align,283,528,Lipid/transport state,1,26
CGP-Align,283,528,PI3K/AKT/mTOR,1,26
CGP-Align,156,232,Nuclear receptor/xenobiotic,1,16
CGP-Align,1060,1226,MAPK/RTK,1,13
CGP-Align,1060,1226,Nuclear receptor/xenobiotic,1,13
CGP-Align,525,1437,Lipid/transport state,1,28
CGP-Align,83,187,Cell cycle/mitosis,2,20
CGP-Align,83,187,DNA damage/repair,1,20
CGP-Align,83,187,Nuclear receptor/xenobiotic,1,20
CGP-Align,1220,1637,Nuclear receptor/xenobiotic,1,20
CGP-Align,580,1637,Cell cycle/mitosis,1,3
CGP-Align,205,529,MAPK/RTK,2,19
CGP-Align,205,529,Nuclear receptor/xenobiotic,2,19
CGP-Align,205,529,Cell cycle/mitosis,1,19
CGP-Align,205,529,Proteostasis,1,19
CGP-Align,94,1401,Cell cycle/mitosis,2,25
CGP-Align,94,1401,DNA damage/repair,1,25
CGP-Align,94,1401,PI3K/AKT/mTOR,1,25
CGP-Align,116,681,Cell cycle/mitosis,2,34
CGP-Align,116,681,Nuclear receptor/xenobiotic,2,34
CGP-Align,116,681,DNA damage/repair,1,34
CGP-Align,116,681,MAPK/RTK,1,34
CGP-Align,116,681,PI3K/AKT/mTOR,1,34
CGP-Align,116,529,Cell cycle/mitosis,2,30
CGP-Align,116,529,MAPK/RTK,1,30
CGP-Align,116,529,Microtubule,1,30
CGP-Align,116,529,Nuclear receptor/xenobiotic,1,30
CGP-Align,35,806,Nuclear receptor/xenobiotic,4,18
CGP-Align,33,1214,Epigenetic/chromatin,1,21
CGP-Align,33,1214,Nuclear receptor/xenobiotic,1,21
CGP-Align,387,1241,MAPK/RTK,1,9
CGP-Align,387,1241,Nuclear receptor/xenobiotic,1,9
CGP-Align,1186,1382,Cell cycle/mitosis,4,26
CGP-Align,87,1420,MAPK/RTK,1,22
CGP-Align,87,1420,Nuclear receptor/xenobiotic,1,22
CGP-Align,87,1420,PI3K/AKT/mTOR,1,22
CGP-Align,51,1501,MAPK/RTK,1,10
CGP-Align,51,762,Cell cycle/mitosis,1,34
CGP-Align,51,762,MAPK/RTK,1,34
CGP-Align,436,672,Cell cycle/mitosis,1,32
CGP-Align,436,672,DNA damage/repair,1,32
CGP-Align,436,672,Lipid/transport state,1,32
CGP-Align,436,672,PI3K/AKT/mTOR,1,32
CGP-Align,449,685,Cell cycle/mitosis,2,21
CGP-Align,449,685,PI3K/AKT/mTOR,1,21
CGP-Align,688,1339,Cell cycle/mitosis,1,10
CGP-Align,688,1339,Nuclear receptor/xenobiotic,1,10
CGP-Align,865,1214,Nuclear receptor/xenobiotic,1,15
CGP-Align,555,1692,Cell cycle/mitosis,1,9
CGP-Align,555,1692,Nuclear receptor/xenobiotic,1,9
CGP-Align,273,396,Cell cycle/mitosis,1,29
CGP-Align,273,396,PI3K/AKT/mTOR,1,29
CGP-Align,461,976,Cell cycle/mitosis,1,29
CGP-Align,461,976,MAPK/RTK,1,29
CGP-Align,461,976,PI3K/AKT/mTOR,1,29
CGP-Align,881,1220,Cell cycle/mitosis,1,29
CGP-Align,881,1220,Lipid/transport state,1,29
CGP-Align,881,1220,MAPK/RTK,1,29
CGP-Align,881,1220,PI3K/AKT/mTOR,1,29
CGP-Align,529,1739,Cell cycle/mitosis,1,24
CGP-Align,529,1739,PI3K/AKT/mTOR,1,24
CGP-Align,1060,1236,Nuclear receptor/xenobiotic,2,15
CGP-Align,1060,1236,Cell cycle/mitosis,1,15
CGP-Align,1060,1236,DNA damage/repair,1,15
CGP-Align,1112,1299,Proteostasis,1,19
CGP-Align,205,1236,Nuclear receptor/xenobiotic,2,17
CGP-Align,205,1236,Cell cycle/mitosis,1,17
CGP-Align,205,1236,DNA damage/repair,1,17
CGP-Align,205,1236,MAPK/RTK,1,17
CGP-Align,942,1181,Cell cycle/mitosis,1,9
CGP-Align,942,1181,DNA damage/repair,1,9
CGP-Align,942,1181,Nuclear receptor/xenobiotic,1,9
CGP-Align,794,1236,Nuclear receptor/xenobiotic,2,17
CGP-Align,794,1236,Cell cycle/mitosis,1,17
CGP-Align,794,1236,DNA damage/repair,1,17
CGP-Align,794,1236,MAPK/RTK,1,17
CGP-Align,713,1394,Nuclear receptor/xenobiotic,3,6
CGP-Align,713,1763,Nuclear receptor/xenobiotic,1,17
CGP-Align,1226,1730,Cell cycle/mitosis,1,20
CGP-Align,1226,1730,PI3K/AKT/mTOR,1,20
CGP-Align,51,586,Cell cycle/mitosis,2,29
CGP-Align,303,1468,Cell cycle/mitosis,1,23
CGP-Align,303,1468,Epigenetic/chromatin,1,23
CGP-Align,303,1468,MAPK/RTK,1,23
CGP-Align,436,454,Cell cycle/mitosis,2,32
CGP-Align,436,454,PI3K/AKT/mTOR,2,32
CGP-Align,436,454,DNA damage/repair,1,32
CGP-Align,99,235,Cell cycle/mitosis,4,25
CGP-Align,99,235,DNA damage/repair,1,25
CGP-Align,99,235,MAPK/RTK,1,25
CGP-Align,99,235,PI3K/AKT/mTOR,1,25
CGP-Align,525,1073,Lipid/transport state,1,25
CGP-Align,336,513,Cell cycle/mitosis,2,21
CGP-Align,713,1637,Nuclear receptor/xenobiotic,3,23
CGP-Align,529,1238,Cell cycle/mitosis,1,25
CGP-Align,0,51,Cell cycle/mitosis,2,34
CGP-Align,0,51,Lipid/transport state,1,34
CGP-Align,514,1486,Cell cycle/mitosis,2,19
CGP-Align,514,1486,DNA damage/repair,1,19
CGP-Align,514,1486,Nuclear receptor/xenobiotic,1,19
CGP-Align,698,976,Cell cycle/mitosis,1,29
CGP-Align,698,976,Nuclear receptor/xenobiotic,1,29
CGP-Align,698,976,PI3K/AKT/mTOR,1,29
CGP-Align,205,1585,Nuclear receptor/xenobiotic,3,18
CGP-Align,205,1585,MAPK/RTK,2,18
CGP-Align,227,529,Cell cycle/mitosis,2,26
CGP-Align,227,529,PI3K/AKT/mTOR,1,26
CGP-Align,1382,1585,Cell cycle/mitosis,3,25
CGP-Align,33,1043,PI3K/AKT/mTOR,1,21
CGP-Align,534,571,Nuclear receptor/xenobiotic,1,13
CGP-Align,11,265,Nuclear receptor/xenobiotic,2,23
CGP-Align,11,265,Cell cycle/mitosis,1,23
CGP-Align,11,265,Lipid/transport state,1,23
CGP-Align,11,265,MAPK/RTK,1,23
CGP-Align,11,265,PI3K/AKT/mTOR,1,23
CGP-Align,27,1338,Cell cycle/mitosis,2,17
CGP-Align,1431,1468,Cell cycle/mitosis,1,24
CGP-Align,1431,1468,Lipid/transport state,1,24
CGP-Align,1431,1468,Nuclear receptor/xenobiotic,1,24
CGP-Align,0,100,Cell cycle/mitosis,1,31
CGP-Align,0,100,DNA damage/repair,1,31
CGP-Align,528,1649,Cell cycle/mitosis,2,24
CGP-Align,613,812,Cell cycle/mitosis,2,13
CGP-Align,613,812,Lipid/transport state,1,13
CGP-Align,613,812,MAPK/RTK,1,13
CGP-Align,116,562,DNA damage/repair,1,7
CGP-Align,116,562,Microtubule,1,7
CGP-Align,1060,1781,Nuclear receptor/xenobiotic,1,11
CGP-Align,688,1539,Cell cycle/mitosis,2,20
CGP-Align,83,1226,Cell cycle/mitosis,2,24
CGP-Align,83,1226,Nuclear receptor/xenobiotic,2,24
CGP-Align,608,851,Nuclear receptor/xenobiotic,1,29
CGP-Align,608,762,Cell cycle/mitosis,1,32
CGP-Align,608,762,MAPK/RTK,1,32
CGP-Align,1214,1238,MAPK/RTK,1,23
CGP-Align,309,681,Cell cycle/mitosis,2,30
CGP-Align,309,681,Nuclear receptor/xenobiotic,2,30
CGP-Align,309,681,MAPK/RTK,1,30
CGP-Align,195,570,Nuclear receptor/xenobiotic,1,11
CGP-Align,120,806,MAPK/RTK,1,14
CGP-Align,120,806,Nuclear receptor/xenobiotic,1,14
CGP-Align,200,1701,Cell cycle/mitosis,2,26
CGP-Align,200,1701,Nuclear receptor/xenobiotic,2,26
CGP-Align,200,1701,PI3K/AKT/mTOR,1,26
CGP-Align,1186,1739,Cell cycle/mitosis,1,23
CGP-Align,1186,1739,Lipid/transport state,1,23
CGP-Align,11,200,Nuclear receptor/xenobiotic,3,27
CGP-Align,11,200,Cell cycle/mitosis,2,27
CGP-Align,11,200,PI3K/AKT/mTOR,1,27
CGP-Align,309,794,Cell cycle/mitosis,1,14
CGP-Align,309,794,MAPK/RTK,1,14
CGP-Align,379,1043,Nuclear receptor/xenobiotic,1,13
CGP-Align,1333,1420,Cell cycle/mitosis,1,28
CGP-Align,1333,1420,Lipid/transport state,1,28
CGP-Align,1333,1420,PI3K/AKT/mTOR,1,28
CGP-Align,685,698,Nuclear receptor/xenobiotic,1,24
CGP-Align,685,698,PI3K/AKT/mTOR,1,24
CGP-Align,1236,1716,Cell cycle/mitosis,1,24
CGP-Align,1236,1716,DNA damage/repair,1,24
CGP-Align,1236,1716,PI3K/AKT/mTOR,1,24
CGP-Align,336,1300,DNA damage/repair,1,8
CGP-Align,1110,1323,DNA damage/repair,1,14
CGP-Align,1011,1220,Cell cycle/mitosis,2,32
CGP-Align,1011,1220,Lipid/transport state,1,32
CGP-Align,1011,1220,MAPK/RTK,1,32
CGP-Align,1011,1220,Microtubule,1,32
CGP-Align,1011,1220,PI3K/AKT/mTOR,1,32
CGP-Align,300,817,Cell cycle/mitosis,1,30
CGP-Align,300,817,Lipid/transport state,1,30
CGP-Align,820,1047,Cell cycle/mitosis,1,13
CGP-Align,820,1047,Nuclear receptor/xenobiotic,1,13
CGP-Align,820,1047,PI3K/AKT/mTOR,1,13
CGP-Align,1141,1539,Cell cycle/mitosis,2,19
CGP-Align,1141,1539,PI3K/AKT/mTOR,1,19
CGP-Align,116,1299,Cell cycle/mitosis,1,21
CGP-Align,116,1299,MAPK/RTK,1,21
CGP-Align,529,1060,MAPK/RTK,1,15
CGP-Align,529,1060,Nuclear receptor/xenobiotic,1,15
CGP-Align,529,1060,Proteostasis,1,15
CGP-Align,334,1719,Nuclear receptor/xenobiotic,4,14
CGP-Align,334,1719,Cell cycle/mitosis,2,14
CGP-Align,641,817,Cell cycle/mitosis,2,25
CGP-Align,641,817,PI3K/AKT/mTOR,1,25
CGP-Align,806,1189,Cell cycle/mitosis,2,17
CGP-Align,806,1189,Nuclear receptor/xenobiotic,2,17
CGP-Align,94,525,Cell cycle/mitosis,1,26
CGP-Align,94,525,DNA damage/repair,1,26
CGP-Align,94,525,Lipid/transport state,1,26
CGP-Align,806,1428,Cell cycle/mitosis,1,2
CGP-Align,806,1428,Nuclear receptor/xenobiotic,1,2
CGP-Align,0,608,Cell cycle/mitosis,2,32
CGP-Align,387,470,DNA damage/repair,1,13
CGP-Align,387,470,Nuclear receptor/xenobiotic,1,13
CGP-Align,300,1451,Cell cycle/mitosis,1,22
CGP-Align,300,1451,Epigenetic/chromatin,1,22
CGP-Align,33,1716,Cell cycle/mitosis,2,30
CGP-Align,33,1716,PI3K/AKT/mTOR,2,30
CGP-Align,1707,1854,DNA damage/repair,1,7
CGP-Align,816,1649,Cell cycle/mitosis,3,20
CGP-Align,1245,1389,Cell cycle/mitosis,1,7
CGP-Align,314,1394,Nuclear receptor/xenobiotic,1,1
CGP-Align,685,1080,Nuclear receptor/xenobiotic,2,26
CGP-Align,685,1080,Cell cycle/mitosis,1,26
CGP-Align,685,1080,PI3K/AKT/mTOR,1,26
CGP-Align,83,514,Cell cycle/mitosis,3,22
CGP-Align,83,514,DNA damage/repair,1,22
CGP-Align,83,514,Microtubule,1,22
CGP-Align,83,514,Nuclear receptor/xenobiotic,1,22
CGP-Align,273,1119,Cell cycle/mitosis,2,31
CGP-Align,273,1119,PI3K/AKT/mTOR,1,31
CGP-Align,195,1692,Cell cycle/mitosis,1,10
CGP-Align,195,1692,DNA damage/repair,1,10
CGP-Align,195,1692,Nuclear receptor/xenobiotic,1,10
CGP-Align,227,1238,Cell cycle/mitosis,1,27
CGP-Align,205,387,DNA damage/repair,1,17
CGP-Align,205,387,MAPK/RTK,1,17
CGP-Align,205,387,Nuclear receptor/xenobiotic,1,17
CGP-Align,303,787,Cell cycle/mitosis,3,34
CGP-Align,303,787,MAPK/RTK,1,34
CGP-Align,303,787,Nuclear receptor/xenobiotic,1,34
CGP-Align,303,787,PI3K/AKT/mTOR,1,34
CGP-Align,841,1220,Cell cycle/mitosis,1,23
CGP-Align,841,1220,MAPK/RTK,1,23
CGP-Align,1647,1670,Lipid/transport state,1,20
CGP-Align,1647,1670,MAPK/RTK,1,20
CGP-Align,232,1382,Cell cycle/mitosis,2,25
CGP-Align,592,1339,DNA damage/repair,2,17
CGP-Align,592,1339,Cell cycle/mitosis,1,17
CGP-Align,592,1339,Lipid/transport state,1,17
CGP-Align,1081,1637,Cell cycle/mitosis,1,16
CGP-Align,1081,1637,Nuclear receptor/xenobiotic,1,16
CGP-Align,83,227,Cell cycle/mitosis,2,25
CGP-Align,83,227,DNA damage/repair,1,25
CGP-Align,83,227,PI3K/AKT/mTOR,1,25
CGP-Align,806,1585,Nuclear receptor/xenobiotic,3,21
CGP-Align,806,1585,Cell cycle/mitosis,2,21
CGP-Align,806,1585,MAPK/RTK,1,21
Morgan,762,1420,Cell cycle/mitosis,1,30
Morgan,762,1420,MAPK/RTK,1,30
Morgan,762,1420,PI3K/AKT/mTOR,1,30
Morgan,387,1763,Cell cycle/mitosis,1,25
Morgan,762,1073,Cell cycle/mitosis,2,35
Morgan,762,1073,MAPK/RTK,1,35
Morgan,762,1073,PI3K/AKT/mTOR,1,35
Morgan,273,1080,Cell cycle/mitosis,1,27
Morgan,273,1080,PI3K/AKT/mTOR,1,27
Morgan,334,1220,Cell cycle/mitosis,1,11
Morgan,334,1220,DNA damage/repair,1,11
Morgan,334,1220,Nuclear receptor/xenobiotic,1,11
Morgan,841,1739,Cell cycle/mitosis,1,20
Morgan,841,1739,PI3K/AKT/mTOR,1,20
Morgan,35,1236,Nuclear receptor/xenobiotic,5,30
Morgan,35,1236,Cell cycle/mitosis,1,30
Morgan,1486,1719,Nuclear receptor/xenobiotic,3,16
Morgan,1486,1719,Cell cycle/mitosis,2,16
Morgan,1486,1719,MAPK/RTK,1,16
Morgan,861,1330,Cell cycle/mitosis,1,17
Morgan,861,1330,Epigenetic/chromatin,1,17
Morgan,861,1330,Microtubule,1,17
Morgan,673,865,Nuclear receptor/xenobiotic,2,20
Morgan,1269,1451,PI3K/AKT/mTOR,2,14
Morgan,1269,1451,Cell cycle/mitosis,1,14
Morgan,171,1054,Cell cycle/mitosis,1,31
Morgan,171,1054,Lipid/transport state,1,31
Morgan,171,1054,PI3K/AKT/mTOR,1,31
Morgan,191,1564,Cell cycle/mitosis,1,15
Morgan,13,358,PI3K/AKT/mTOR,1,28
Morgan,379,1043,Nuclear receptor/xenobiotic,1,13
Morgan,613,1692,Cell cycle/mitosis,1,7
Morgan,0,100,Cell cycle/mitosis,1,31
Morgan,0,100,DNA damage/repair,1,31
Morgan,232,334,Nuclear receptor/xenobiotic,3,9
Morgan,232,334,Cell cycle/mitosis,1,9
Morgan,205,681,MAPK/RTK,2,17
Morgan,205,681,Nuclear receptor/xenobiotic,2,17
Morgan,205,681,DNA damage/repair,1,17
Morgan,460,632,Lipid/transport state,3,14
Morgan,460,632,Cell cycle/mitosis,1,14
Morgan,314,1236,Cell cycle/mitosis,1,5
Morgan,314,1236,Nuclear receptor/xenobiotic,1,5
Morgan,820,1805,Cell cycle/mitosis,1,8
Morgan,794,1637,Cell cycle/mitosis,1,12
Morgan,794,1637,Nuclear receptor/xenobiotic,1,12
Morgan,99,439,Cell cycle/mitosis,3,28
Morgan,99,439,MAPK/RTK,3,28
Morgan,99,439,Microtubule,1,28
Morgan,99,439,PI3K/AKT/mTOR,1,28
Morgan,336,878,Cell cycle/mitosis,2,18
Morgan,336,878,Microtubule,1,18
Morgan,1285,1854,DNA damage/repair,1,27
Morgan,613,1470,Cell cycle/mitosis,1,4
Morgan,633,1213,Nuclear receptor/xenobiotic,3,14
Morgan,633,1213,MAPK/RTK,2,14
Morgan,171,1211,DNA damage/repair,1,23
Morgan,1410,1470,MAPK/RTK,1,2
Morgan,529,1315,MAPK/RTK,1,7
Morgan,116,336,DNA damage/repair,2,25
Morgan,116,336,Cell cycle/mitosis,1,25
Morgan,116,336,PI3K/AKT/mTOR,1,25
Morgan,387,534,Nuclear receptor/xenobiotic,2,23
Morgan,387,534,Cell cycle/mitosis,1,23
Morgan,387,534,Epigenetic/chromatin,1,23
Morgan,178,1043,Lipid/transport state,1,13
Morgan,1235,1389,Cell cycle/mitosis,1,11
Morgan,1235,1389,Microtubule,1,11
Morgan,1235,1389,PI3K/AKT/mTOR,1,11
Morgan,273,1719,Cell cycle/mitosis,3,20
Morgan,232,1196,Cell cycle/mitosis,1,26
Morgan,232,1196,MAPK/RTK,1,26
Morgan,232,1196,PI3K/AKT/mTOR,1,26
Morgan,396,436,Cell cycle/mitosis,1,27
Morgan,396,436,Lipid/transport state,1,27
Morgan,396,436,PI3K/AKT/mTOR,1,27
Morgan,1043,1597,Nuclear receptor/xenobiotic,1,7
Morgan,1043,1597,PI3K/AKT/mTOR,1,7
Morgan,1420,1781,Cell cycle/mitosis,1,24
Morgan,1060,1553,Cell cycle/mitosis,1,17
Morgan,1060,1553,DNA damage/repair,1,17
Morgan,1060,1553,Nuclear receptor/xenobiotic,1,17
Morgan,1060,1553,Proteostasis,1,17
Morgan,633,878,Cell cycle/mitosis,1,22
Morgan,633,878,Nuclear receptor/xenobiotic,1,22
Morgan,586,1235,Cell cycle/mitosis,1,16
Morgan,586,1235,Nuclear receptor/xenobiotic,1,16
Morgan,586,1235,PI3K/AKT/mTOR,1,16
Morgan,11,820,Cell cycle/mitosis,2,21
Morgan,11,820,Nuclear receptor/xenobiotic,2,21
Morgan,11,820,PI3K/AKT/mTOR,2,21
Morgan,1382,1719,Cell cycle/mitosis,1,11
Morgan,367,1420,Lipid/transport state,1,22
Morgan,367,1420,MAPK/RTK,1,22
Morgan,367,1420,Nuclear receptor/xenobiotic,1,22
Morgan,51,1081,Cell cycle/mitosis,1,18
Morgan,841,1754,Nuclear receptor/xenobiotic,2,10
Morgan,841,1754,MAPK/RTK,1,10
Morgan,321,367,Cell cycle/mitosis,1,23
Morgan,321,367,MAPK/RTK,1,23
Morgan,525,1437,Lipid/transport state,1,28
Morgan,1394,1637,Nuclear receptor/xenobiotic,1,6
Morgan,881,1235,PI3K/AKT/mTOR,2,18
Morgan,881,1235,Cell cycle/mitosis,1,18
Morgan,881,1235,Nuclear receptor/xenobiotic,1,18
Morgan,1076,1081,Nuclear receptor/xenobiotic,1,9
Morgan,1739,1763,Cell cycle/mitosis,1,21
Morgan,1739,1763,Lipid/transport state,1,21
Morgan,334,1598,Nuclear receptor/xenobiotic,1,5
Morgan,1425,1707,Cell cycle/mitosis,1,7
Morgan,273,1214,MAPK/RTK,1,22
Morgan,461,886,MAPK/RTK,2,30
Morgan,461,886,Epigenetic/chromatin,1,30
Morgan,461,886,Lipid/transport state,1,30
Morgan,461,886,Nuclear receptor/xenobiotic,1,30
Morgan,87,844,Nuclear receptor/xenobiotic,2,26
Morgan,87,844,Epigenetic/chromatin,1,26
Morgan,87,844,PI3K/AKT/mTOR,1,26
Morgan,1011,1235,PI3K/AKT/mTOR,2,21
Morgan,1011,1235,Cell cycle/mitosis,1,21
Morgan,1011,1235,Microtubule,1,21
Morgan,455,1267,Lipid/transport state,1,28
Morgan,455,1267,PI3K/AKT/mTOR,1,28
Morgan,534,570,Cell cycle/mitosis,1,19
Morgan,534,570,Epigenetic/chromatin,1,19
Morgan,534,570,Nuclear receptor/xenobiotic,1,19
Morgan,105,584,Cell cycle/mitosis,1,20
Morgan,105,584,PI3K/AKT/mTOR,1,20
Morgan,529,1220,Cell cycle/mitosis,1,26
Morgan,529,1220,MAPK/RTK,1,26
Morgan,529,1220,Nuclear receptor/xenobiotic,1,26
Morgan,116,1584,DNA damage/repair,1,22
Morgan,116,1584,MAPK/RTK,1,22
Morgan,116,1584,PI3K/AKT/mTOR,1,22
Morgan,673,1235,DNA damage/repair,1,15
Morgan,673,1235,Nuclear receptor/xenobiotic,1,15
Morgan,673,1235,PI3K/AKT/mTOR,1,15
Morgan,385,1828,MAPK/RTK,2,30
Morgan,385,1828,Nuclear receptor/xenobiotic,2,30
Morgan,385,1828,DNA damage/repair,1,30
Morgan,528,1119,Nuclear receptor/xenobiotic,2,30
Morgan,528,1119,Cell cycle/mitosis,1,30
Morgan,528,1119,DNA damage/repair,1,30
Morgan,528,1119,PI3K/AKT/mTOR,1,30
Morgan,762,1846,Cell cycle/mitosis,1,20
Morgan,762,1846,PI3K/AKT/mTOR,1,20
Morgan,592,717,Cell cycle/mitosis,2,31
Morgan,592,717,DNA damage/repair,2,31
Morgan,592,717,Nuclear receptor/xenobiotic,2,31
Morgan,592,717,Lipid/transport state,1,31
Morgan,1323,1489,Cell cycle/mitosis,2,30
Morgan,1323,1489,Nuclear receptor/xenobiotic,2,30
Morgan,1323,1489,DNA damage/repair,1,30
Morgan,1323,1489,MAPK/RTK,1,30
Morgan,1043,1220,Lipid/transport state,1,22
Morgan,1043,1220,PI3K/AKT/mTOR,1,22
Morgan,105,1043,PI3K/AKT/mTOR,1,21
Morgan,100,1647,Cell cycle/mitosis,2,28
Morgan,436,1716,Cell cycle/mitosis,2,41
Morgan,436,1716,PI3K/AKT/mTOR,2,41
Morgan,436,1716,DNA damage/repair,1,41
Morgan,171,367,Nuclear receptor/xenobiotic,2,26
Morgan,171,367,Lipid/transport state,1,26
Morgan,841,1081,Nuclear receptor/xenobiotic,4,29
Morgan,841,1081,Cell cycle/mitosis,2,29
Morgan,841,1081,DNA damage/repair,1,29
Morgan,94,586,Cell cycle/mitosis,3,32
Morgan,94,586,Nuclear receptor/xenobiotic,2,32
Morgan,94,586,MAPK/RTK,1,32
Morgan,94,586,PI3K/AKT/mTOR,1,32
Morgan,529,1590,Nuclear receptor/xenobiotic,1,1
Morgan,227,1401,Cell cycle/mitosis,2,36
Morgan,227,1401,DNA damage/repair,2,36
Morgan,227,1401,PI3K/AKT/mTOR,2,36
Morgan,1226,1235,Cell cycle/mitosis,1,20
Morgan,1226,1235,Nuclear receptor/xenobiotic,1,20
Morgan,1226,1235,PI3K/AKT/mTOR,1,20
Morgan,387,1080,Nuclear receptor/xenobiotic,2,30
Morgan,387,1080,Cell cycle/mitosis,1,30
Morgan,387,1080,DNA damage/repair,1,30
Morgan,387,1080,MAPK/RTK,1,30
Morgan,608,1073,Cell cycle/mitosis,1,33
Morgan,608,1073,MAPK/RTK,1,33
Morgan,13,836,Cell cycle/mitosis,4,27
Morgan,13,836,DNA damage/repair,1,27
Morgan,13,836,PI3K/AKT/mTOR,1,27
Morgan,387,470,DNA damage/repair,1,13
Morgan,387,470,Nuclear receptor/xenobiotic,1,13
Morgan,841,1835,Nuclear receptor/xenobiotic,1,15
Morgan,33,309,Cell cycle/mitosis,1,24
Morgan,33,309,Epigenetic/chromatin,1,24
Morgan,33,309,MAPK/RTK,1,24
Morgan,571,1277,Cell cycle/mitosis,1,18
Morgan,571,1277,Lipid/transport state,1,18
Morgan,479,571,Nuclear receptor/xenobiotic,5,37
Morgan,479,571,Cell cycle/mitosis,2,37
Morgan,479,571,PI3K/AKT/mTOR,1,37
Morgan,11,1805,Cell cycle/mitosis,2,20
Morgan,11,1805,Nuclear receptor/xenobiotic,2,20
Morgan,11,1805,Lipid/transport state,1,20
Morgan,232,1486,Nuclear receptor/xenobiotic,4,37
Morgan,232,1486,Cell cycle/mitosis,3,37
Morgan,232,1486,MAPK/RTK,1,37
Morgan,232,1486,PI3K/AKT/mTOR,1,37
Morgan,841,1486,Cell cycle/mitosis,3,29
Morgan,841,1486,Nuclear receptor/xenobiotic,2,29
Morgan,841,1486,MAPK/RTK,1,29
Morgan,841,1486,PI3K/AKT/mTOR,1,29
Morgan,766,1318,Proteostasis,3,11
Morgan,1585,1649,Cell cycle/mitosis,3,24
Morgan,806,1709,Nuclear receptor/xenobiotic,3,22
Morgan,806,1709,Cell cycle/mitosis,1,22
Morgan,334,1128,Cell cycle/mitosis,1,7
Morgan,608,1527,Cell cycle/mitosis,2,31
Morgan,608,1527,Nuclear receptor/xenobiotic,1,31
Morgan,232,673,Cell cycle/mitosis,1,21
Morgan,232,673,Nuclear receptor/xenobiotic,1,21
Morgan,571,1637,Nuclear receptor/xenobiotic,2,23
Morgan,31,1787,Nuclear receptor/xenobiotic,3,25
Morgan,31,1787,MAPK/RTK,1,25
Morgan,685,1119,Nuclear receptor/xenobiotic,2,25
Morgan,685,1119,Cell cycle/mitosis,1,25
Morgan,461,1437,Lipid/transport state,1,32
Morgan,461,1437,MAPK/RTK,1,32
Morgan,1137,1245,Cell cycle/mitosis,1,6
Morgan,1137,1245,DNA damage/repair,1,6
Morgan,1501,1637,Lipid/transport state,1,11
Morgan,1080,1763,Cell cycle/mitosis,2,30
Morgan,1080,1763,Lipid/transport state,1,30
Morgan,1080,1763,PI3K/AKT/mTOR,1,30
Morgan,571,1763,Cell cycle/mitosis,2,27
Morgan,571,1763,Lipid/transport state,1,27
Morgan,571,1763,PI3K/AKT/mTOR,1,27
Morgan,334,1238,Cell cycle/mitosis,2,10
Morgan,450,454,Cell cycle/mitosis,2,23
Morgan,450,454,PI3K/AKT/mTOR,2,23
Morgan,562,1692,DNA damage/repair,1,6
Morgan,156,232,Nuclear receptor/xenobiotic,1,16
Morgan,1277,1486,Cell cycle/mitosis,2,20
Morgan,1277,1486,MAPK/RTK,1,20
Morgan,367,608,MAPK/RTK,1,22
Morgan,534,1585,Cell cycle/mitosis,1,7
Morgan,1137,1754,DNA damage/repair,1,5
Morgan,584,1161,Cell cycle/mitosis,2,8
Morgan,584,1161,PI3K/AKT/mTOR,1,8
Morgan,35,571,Nuclear receptor/xenobiotic,4,29
Morgan,51,232,Cell cycle/mitosis,1,36
Morgan,51,232,Lipid/transport state,1,36
Morgan,51,232,MAPK/RTK,1,36
Morgan,481,586,Cell cycle/mitosis,2,22
Morgan,481,586,PI3K/AKT/mTOR,1,22
Morgan,1186,1338,Cell cycle/mitosis,2,17
Morgan,1186,1338,Microtubule,1,17
Morgan,350,1805,Nuclear receptor/xenobiotic,3,31
Morgan,350,1805,Cell cycle/mitosis,2,31
Morgan,350,1805,DNA damage/repair,1,31
Morgan,350,1805,Epigenetic/chromatin,1,31
Morgan,350,1805,Lipid/transport state,1,31
Morgan,314,1719,Cell cycle/mitosis,1,8
Morgan,314,1719,Nuclear receptor/xenobiotic,1,8
Morgan,787,976,Cell cycle/mitosis,3,35
Morgan,787,976,PI3K/AKT/mTOR,2,35
Morgan,787,976,Nuclear receptor/xenobiotic,1,35
Morgan,1598,1835,Cell cycle/mitosis,1,7
Morgan,1598,1835,Lipid/transport state,1,7
Morgan,235,1805,Cell cycle/mitosis,3,21
Morgan,235,1805,Nuclear receptor/xenobiotic,2,21
Morgan,235,1805,DNA damage/repair,1,21
Morgan,235,1805,Lipid/transport state,1,21
Morgan,273,1585,Cell cycle/mitosis,2,27
Morgan,273,1585,PI3K/AKT/mTOR,1,27
Morgan,398,1073,Cell cycle/mitosis,1,25
Morgan,398,1073,Lipid/transport state,1,25
Morgan,398,1073,PI3K/AKT/mTOR,1,25
Morgan,1394,1428,Nuclear receptor/xenobiotic,1,3
Morgan,232,685,Cell cycle/mitosis,2,26
Morgan,232,685,Nuclear receptor/xenobiotic,2,26
Morgan,232,685,PI3K/AKT/mTOR,1,26
Morgan,592,1185,Cell cycle/mitosis,1,12
Morgan,592,1185,Nuclear receptor/xenobiotic,1,12
Morgan,570,1503,Cell cycle/mitosis,2,24
Morgan,841,1503,Cell cycle/mitosis,3,30
Morgan,841,1503,MAPK/RTK,2,30
Morgan,841,1503,Nuclear receptor/xenobiotic,1,30
Morgan,273,387,Cell cycle/mitosis,2,32
Morgan,273,387,Epigenetic/chromatin,1,32
Morgan,436,1382,Cell cycle/mitosis,2,25
Morgan,436,1382,DNA damage/repair,1,25
Morgan,85,396,Cell cycle/mitosis,1,28
Morgan,85,396,Epigenetic/chromatin,1,28
Morgan,85,396,Lipid/transport state,1,28
Morgan,449,586,Cell cycle/mitosis,3,20
Morgan,449,586,PI3K/AKT/mTOR,1,20
Morgan,460,560,Lipid/transport state,1,2
Morgan,205,1637,Nuclear receptor/xenobiotic,1,10
Morgan,350,1047,Nuclear receptor/xenobiotic,3,26
Morgan,350,1047,Cell cycle/mitosis,1,26
Morgan,350,1047,Lipid/transport state,1,26
Morgan,350,1047,MAPK/RTK,1,26
Morgan,83,1730,Cell cycle/mitosis,1,13
Morgan,120,1315,MAPK/RTK,1,5
Morgan,187,450,Cell cycle/mitosis,4,32
Morgan,187,450,DNA damage/repair,2,32
Morgan,187,450,Microtubule,1,32
Morgan,187,450,Nuclear receptor/xenobiotic,1,32
Morgan,187,450,PI3K/AKT/mTOR,1,32
Morgan,1468,1598,Lipid/transport state,1,5
Morgan,1527,1697,Cell cycle/mitosis,3,38
Morgan,1527,1697,Lipid/transport state,1,38
Morgan,1527,1697,PI3K/AKT/mTOR,1,38
Morgan,1080,1382,Cell cycle/mitosis,2,26
Morgan,1080,1382,DNA damage/repair,1,26
Morgan,424,1080,DNA damage/repair,1,1
Morgan,1214,1277,Epigenetic/chromatin,1,19
Morgan,1214,1277,MAPK/RTK,1,19
Morgan,116,1043,PI3K/AKT/mTOR,1,21
Morgan,334,1649,Cell cycle/mitosis,2,10
Morgan,195,562,Cell cycle/mitosis,1,12
Morgan,195,562,DNA damage/repair,1,12
Morgan,195,562,Microtubule,1,12
Morgan,1382,1835,Cell cycle/mitosis,1,17
Morgan,116,1486,Cell cycle/mitosis,2,35
Morgan,116,1486,Nuclear receptor/xenobiotic,2,35
Morgan,116,1486,DNA damage/repair,1,35
Morgan,116,1486,MAPK/RTK,1,35
Morgan,116,1486,PI3K/AKT/mTOR,1,35
Morgan,358,481,Microtubule,1,27
Morgan,358,481,PI3K/AKT/mTOR,1,27
Morgan,636,1011,PI3K/AKT/mTOR,2,26
Morgan,636,1011,Cell cycle/mitosis,1,26
Morgan,636,1011,DNA damage/repair,1,26
Morgan,33,1189,Cell cycle/mitosis,2,25
Morgan,33,1189,PI3K/AKT/mTOR,2,25
Morgan,33,1189,Nuclear receptor/xenobiotic,1,25
Morgan,87,1341,MAPK/RTK,1,19
Morgan,87,1341,PI3K/AKT/mTOR,1,19
Morgan,436,976,Cell cycle/mitosis,2,35
Morgan,436,976,PI3K/AKT/mTOR,2,35
Morgan,232,1338,Cell cycle/mitosis,1,15
Morgan,283,1835,Lipid/transport state,1,17
Morgan,283,1835,Microtubule,1,17
Morgan,105,387,Nuclear receptor/xenobiotic,2,34
Morgan,105,387,Cell cycle/mitosis,1,34
Morgan,105,387,DNA damage/repair,1,34
Morgan,105,387,MAPK/RTK,1,34
Morgan,320,501,Cell cycle/mitosis,3,16
Morgan,1323,1649,Cell cycle/mitosis,3,25
Morgan,1178,1828,MAPK/RTK,1,27
Morgan,1178,1828,Nuclear receptor/xenobiotic,1,27
Morgan,886,976,MAPK/RTK,1,19
Morgan,886,976,Nuclear receptor/xenobiotic,1,19
Morgan,174,1445,MAPK/RTK,1,3
Morgan,1637,1754,Nuclear receptor/xenobiotic,1,7
Morgan,1551,1730,DNA damage/repair,1,3
Morgan,1551,1730,Lipid/transport state,1,3
Morgan,673,1486,Cell cycle/mitosis,2,29
Morgan,673,1486,Nuclear receptor/xenobiotic,2,29
Morgan,673,1486,DNA damage/repair,1,29
Morgan,673,1486,PI3K/AKT/mTOR,1,29
Morgan,1428,1692,Cell cycle/mitosis,1,1
Morgan,481,1716,Cell cycle/mitosis,2,32
Morgan,481,1716,PI3K/AKT/mTOR,2,32
Morgan,1073,1846,Cell cycle/mitosis,1,25
Morgan,1073,1846,Lipid/transport state,1,25
Morgan,1073,1846,PI3K/AKT/mTOR,1,25
Morgan,314,1119,Cell cycle/mitosis,1,3
Morgan,314,1119,Nuclear receptor/xenobiotic,1,3
Morgan,227,1486,Cell cycle/mitosis,2,33
Morgan,227,1486,PI3K/AKT/mTOR,2,33
Morgan,227,1486,DNA damage/repair,1,33
Morgan,1074,1339,Cell cycle/mitosis,1,10
Morgan,51,1238,Cell cycle/mitosis,1,31
Morgan,51,1238,MAPK/RTK,1,31
Morgan,1196,1401,Cell cycle/mitosis,2,31
Morgan,1196,1401,PI3K/AKT/mTOR,2,31
Morgan,1196,1401,DNA damage/repair,1,31
Morgan,911,1468,Nuclear receptor/xenobiotic,2,13
Morgan,911,1468,Cell cycle/mitosis,1,13
Morgan,1428,1719,Cell cycle/mitosis,1,2
Morgan,449,570,Cell cycle/mitosis,1,9
Morgan,265,1805,Nuclear receptor/xenobiotic,3,18
Morgan,265,1805,Cell cycle/mitosis,2,18
Morgan,265,1805,Lipid/transport state,1,18
Morgan,232,1220,Cell cycle/mitosis,3,35
Morgan,232,1220,Lipid/transport state,1,35
Morgan,232,1220,MAPK/RTK,1,35
Morgan,232,1220,Nuclear receptor/xenobiotic,1,35
Morgan,232,1220,PI3K/AKT/mTOR,1,35
Morgan,314,334,Cell cycle/mitosis,1,5
Morgan,314,334,Nuclear receptor/xenobiotic,1,5
Morgan,794,1709,Nuclear receptor/xenobiotic,3,16
Morgan,794,1709,Cell cycle/mitosis,1,16
Morgan,794,1709,Proteostasis,1,16
Morgan,586,1011,Cell cycle/mitosis,3,30
Morgan,586,1011,MAPK/RTK,1,30
Morgan,586,1011,PI3K/AKT/mTOR,1,30
Morgan,178,1470,DNA damage/repair,1,5
Morgan,1080,1323,Cell cycle/mitosis,2,35
Morgan,1080,1323,Nuclear receptor/xenobiotic,2,35
Morgan,1080,1323,DNA damage/repair,1,35
Morgan,1080,1323,MAPK/RTK,1,35
Morgan,1080,1323,PI3K/AKT/mTOR,1,35
Morgan,1319,1805,Cell cycle/mitosis,2,13
Morgan,1319,1805,DNA damage/repair,1,13
Morgan,1319,1805,Nuclear receptor/xenobiotic,1,13
Morgan,178,613,Lipid/transport state,1,13
Morgan,227,1382,Cell cycle/mitosis,2,21
Morgan,227,1382,DNA damage/repair,1,21
Morgan,294,1559,Cell cycle/mitosis,1,5
Morgan,387,396,Cell cycle/mitosis,1,32
Morgan,387,396,MAPK/RTK,1,32
Morgan,934,1341,Cell cycle/mitosis,1,29
Morgan,934,1341,Lipid/transport state,1,29
Morgan,934,1341,PI3K/AKT/mTOR,1,29
Morgan,281,958,Cell cycle/mitosis,1,5
Morgan,1220,1716,Cell cycle/mitosis,1,31
Morgan,1220,1716,DNA damage/repair,1,31
Morgan,1220,1716,PI3K/AKT/mTOR,1,31
Morgan,1110,1598,Lipid/transport state,1,5
Morgan,570,1739,Cell cycle/mitosis,1,17
Morgan,13,586,Cell cycle/mitosis,2,24
Morgan,13,586,PI3K/AKT/mTOR,1,24
Morgan,379,1110,DNA damage/repair,1,9
Morgan,1069,1854,DNA damage/repair,1,9
Morgan,35,116,Nuclear receptor/xenobiotic,2,28
Morgan,460,1460,Cell cycle/mitosis,1,20
Morgan,1119,1539,Cell cycle/mitosis,3,33
Morgan,1119,1539,Nuclear receptor/xenobiotic,2,33
Morgan,1119,1539,DNA damage/repair,1,33
Morgan,1119,1539,PI3K/AKT/mTOR,1,33
Morgan,0,528,PI3K/AKT/mTOR,2,35
Morgan,0,528,Cell cycle/mitosis,1,35
Morgan,0,528,DNA damage/repair,1,35
Morgan,0,528,Lipid/transport state,1,35
Morgan,227,841,Cell cycle/mitosis,2,26
Morgan,227,841,DNA damage/repair,1,26
Morgan,227,841,PI3K/AKT/mTOR,1,26
Morgan,387,528,Cell cycle/mitosis,1,31
Morgan,387,528,DNA damage/repair,1,31
Morgan,387,528,MAPK/RTK,1,31
Morgan,387,528,Nuclear receptor/xenobiotic,1,31
Morgan,528,762,Cell cycle/mitosis,2,33
Morgan,528,762,PI3K/AKT/mTOR,2,33
Morgan,94,302,Cell cycle/mitosis,1,23
Morgan,94,302,Lipid/transport state,1,23
Morgan,534,1323,Cell cycle/mitosis,1,14
Morgan,534,1323,Nuclear receptor/xenobiotic,1,14
Morgan,273,1323,Cell cycle/mitosis,2,29
Morgan,273,1323,PI3K/AKT/mTOR,1,29
Morgan,1110,1585,Epigenetic/chromatin,1,17
Morgan,1112,1763,Proteostasis,1,20
Morgan,1073,1787,Lipid/transport state,1,19
Morgan,1073,1787,MAPK/RTK,1,19
Morgan,1073,1787,PI3K/AKT/mTOR,1,19
Morgan,1060,1241,Cell cycle/mitosis,1,21
Morgan,1060,1241,DNA damage/repair,1,21
Morgan,1060,1241,MAPK/RTK,1,21
Morgan,1060,1241,Microtubule,1,21
Morgan,1060,1241,Nuclear receptor/xenobiotic,1,21
Morgan,1060,1241,Proteostasis,1,21
Morgan,110,350,Nuclear receptor/xenobiotic,2,16
Morgan,110,350,Cell cycle/mitosis,1,16
Morgan,110,350,DNA damage/repair,1,16
Morgan,110,350,Epigenetic/chromatin,1,16
Morgan,33,673,Cell cycle/mitosis,1,24
Morgan,33,673,Epigenetic/chromatin,1,24
Morgan,33,673,Nuclear receptor/xenobiotic,1,24
Morgan,33,673,PI3K/AKT/mTOR,1,24
Morgan,1401,1503,Cell cycle/mitosis,2,21
Morgan,1401,1503,PI3K/AKT/mTOR,1,21
Morgan,1080,1339,DNA damage/repair,1,10
Morgan,1080,1339,Nuclear receptor/xenobiotic,1,10
Morgan,1043,1389,Lipid/transport state,1,23
Morgan,1043,1389,Nuclear receptor/xenobiotic,1,23
Morgan,1043,1389,PI3K/AKT/mTOR,1,23
Morgan,1069,1585,Cell cycle/mitosis,1,7
Morgan,841,1080,Cell cycle/mitosis,2,24
Morgan,841,1080,Nuclear receptor/xenobiotic,2,24
Morgan,841,1080,MAPK/RTK,1,24
Morgan,1220,1238,Cell cycle/mitosis,2,27
Morgan,635,794,MAPK/RTK,2,17
Morgan,635,794,DNA damage/repair,1,17
Morgan,635,794,Microtubule,1,17
Morgan,635,794,Nuclear receptor/xenobiotic,1,17
Morgan,635,794,Proteostasis,1,17
Morgan,436,1189,Cell cycle/mitosis,2,25
Morgan,436,1189,PI3K/AKT/mTOR,2,25
Morgan,681,1637,Nuclear receptor/xenobiotic,2,22
Morgan,681,1637,Cell cycle/mitosis,1,22
Morgan,1011,1196,Cell cycle/mitosis,2,32
Morgan,1011,1196,PI3K/AKT/mTOR,2,32
Morgan,1011,1196,MAPK/RTK,1,32
Morgan,232,1382,Cell cycle/mitosis,2,25
Morgan,274,367,Lipid/transport state,1,24
Morgan,274,367,Nuclear receptor/xenobiotic,1,24
Morgan,1043,1241,Nuclear receptor/xenobiotic,1,6
Morgan,1236,1649,Cell cycle/mitosis,1,21
Morgan,1236,1649,MAPK/RTK,1,21
Morgan,1043,1189,PI3K/AKT/mTOR,1,17
Morgan,1001,1828,Nuclear receptor/xenobiotic,1,24
Morgan,105,534,Nuclear receptor/xenobiotic,1,11
Morgan,205,1241,MAPK/RTK,2,20
Morgan,205,1241,Cell cycle/mitosis,1,20
Morgan,205,1241,DNA damage/repair,1,20
Morgan,205,1241,Microtubule,1,20
Morgan,205,1241,Nuclear receptor/xenobiotic,1,20
Morgan,205,1241,Proteostasis,1,20
Morgan,303,1052,Cell cycle/mitosis,1,20
Morgan,303,1052,Epigenetic/chromatin,1,20
Morgan,303,1052,PI3K/AKT/mTOR,1,20
Morgan,1431,1596,Nuclear receptor/xenobiotic,2,24
Morgan,1431,1596,Cell cycle/mitosis,1,24
Morgan,1431,1596,Lipid/transport state,1,24
Morgan,309,841,Cell cycle/mitosis,3,30
Morgan,309,841,MAPK/RTK,1,30
Morgan,309,841,Nuclear receptor/xenobiotic,1,30
Morgan,1236,1323,Nuclear receptor/xenobiotic,3,33
Morgan,1236,1323,Cell cycle/mitosis,2,33
Morgan,1236,1323,DNA damage/repair,1,33
Morgan,1236,1323,MAPK/RTK,1,33
Morgan,1236,1323,PI3K/AKT/mTOR,1,33
Morgan,1489,1763,Cell cycle/mitosis,1,30
Morgan,1489,1763,Proteostasis,1,30
Morgan,525,1787,Lipid/transport state,1,18
Morgan,27,571,Cell cycle/mitosis,1,23
Morgan,528,1238,Cell cycle/mitosis,2,27
Morgan,33,571,Cell cycle/mitosis,2,26
Morgan,33,571,Nuclear receptor/xenobiotic,1,26
Morgan,33,571,PI3K/AKT/mTOR,1,26
Morgan,1043,1186,Lipid/transport state,1,19
Morgan,1043,1186,Nuclear receptor/xenobiotic,1,19
Morgan,1043,1186,PI3K/AKT/mTOR,1,19
Morgan,529,1754,Nuclear receptor/xenobiotic,2,9
Morgan,529,1754,MAPK/RTK,1,9
Morgan,529,1754,Proteostasis,1,9
Morgan,389,1092,Nuclear receptor/xenobiotic,2,14
Morgan,1210,1328,DNA damage/repair,1,6
Morgan,613,1043,Lipid/transport state,1,13
Morgan,529,1739,Cell cycle/mitosis,1,24
Morgan,529,1739,PI3K/AKT/mTOR,1,24
Morgan,273,1119,Cell cycle/mitosis,2,31
Morgan,273,1119,PI3K/AKT/mTOR,1,31
Morgan,190,912,Nuclear receptor/xenobiotic,1,28
Morgan,688,1181,Cell cycle/mitosis,1,8
Morgan,87,100,Nuclear receptor/xenobiotic,1,19
Morgan,50,1854,DNA damage/repair,1,9
Morgan,7,945,Nuclear receptor/xenobiotic,2,27
Morgan,7,945,DNA damage/repair,1,27
Morgan,7,945,MAPK/RTK,1,27
Morgan,94,1235,Cell cycle/mitosis,1,17
Morgan,94,1235,Nuclear receptor/xenobiotic,1,17
Morgan,94,1235,PI3K/AKT/mTOR,1,17
Morgan,379,1598,Nuclear receptor/xenobiotic,1,1
Morgan,958,1196,Cell cycle/mitosis,2,30
Morgan,958,1196,DNA damage/repair,1,30
Morgan,958,1196,MAPK/RTK,1,30
Morgan,688,717,Cell cycle/mitosis,3,13
Morgan,688,717,Nuclear receptor/xenobiotic,1,13
Morgan,303,787,Cell cycle/mitosis,3,34
Morgan,303,787,MAPK/RTK,1,34
Morgan,303,787,Nuclear receptor/xenobiotic,1,34
Morgan,303,787,PI3K/AKT/mTOR,1,34
Morgan,851,1079,Nuclear receptor/xenobiotic,2,29
Morgan,851,1079,PI3K/AKT/mTOR,1,29
Morgan,1080,1137,Cell cycle/mitosis,1,10
Morgan,673,958,DNA damage/repair,2,26
Morgan,673,958,Cell cycle/mitosis,1,26
Morgan,673,958,Nuclear receptor/xenobiotic,1,26
Morgan,1235,1486,PI3K/AKT/mTOR,2,19
Morgan,1235,1486,Cell cycle/mitosis,1,19
Morgan,1235,1486,Nuclear receptor/xenobiotic,1,19
Morgan,571,1382,Cell cycle/mitosis,2,24
Morgan,571,1382,DNA damage/repair,1,24
Morgan,1052,1697,Cell cycle/mitosis,1,16
Morgan,1052,1697,Lipid/transport state,1,16
Morgan,1052,1697,PI3K/AKT/mTOR,1,16
Morgan,673,1196,Cell cycle/mitosis,2,26
Morgan,673,1196,DNA damage/repair,1,26
Morgan,673,1196,Nuclear receptor/xenobiotic,1,26
Morgan,673,1196,PI3K/AKT/mTOR,1,26
Morgan,35,178,DNA damage/repair,1,15
Morgan,1112,1407,Cell cycle/mitosis,1,2
Morgan,794,1486,Cell cycle/mitosis,1,16
Morgan,794,1486,DNA damage/repair,1,16
Morgan,794,1486,MAPK/RTK,1,16
Morgan,794,1486,Nuclear receptor/xenobiotic,1,16
Morgan,794,1486,PI3K/AKT/mTOR,1,16
Morgan,764,1069,Nuclear receptor/xenobiotic,1,5
Morgan,436,1401,Cell cycle/mitosis,2,37
Morgan,436,1401,PI3K/AKT/mTOR,2,37
Morgan,436,1401,DNA damage/repair,1,37
Morgan,421,672,Cell cycle/mitosis,1,19
Morgan,421,672,DNA damage/repair,1,19
Morgan,421,672,Lipid/transport state,1,19
Morgan,421,672,PI3K/AKT/mTOR,1,19
Morgan,309,1763,Cell cycle/mitosis,1,31
Morgan,309,1763,Epigenetic/chromatin,1,31
Morgan,309,1763,MAPK/RTK,1,31
Morgan,309,1763,Nuclear receptor/xenobiotic,1,31
Morgan,1112,1649,Nuclear receptor/xenobiotic,1,25
Morgan,1112,1649,Proteostasis,1,25
Morgan,1081,1739,Cell cycle/mitosis,1,16
Morgan,816,1236,Nuclear receptor/xenobiotic,2,21
Morgan,816,1236,Cell cycle/mitosis,1,21
Morgan,816,1236,DNA damage/repair,1,21
Morgan,7,1282,Cell cycle/mitosis,1,21
Morgan,7,1282,Lipid/transport state,1,21
Morgan,7,1282,Nuclear receptor/xenobiotic,1,21
Morgan,1236,1585,Nuclear receptor/xenobiotic,2,30
Morgan,1236,1585,Cell cycle/mitosis,1,30
Morgan,1236,1585,MAPK/RTK,1,30
Morgan,1236,1585,PI3K/AKT/mTOR,1,30
Morgan,1079,1787,Nuclear receptor/xenobiotic,3,26
Morgan,1079,1787,MAPK/RTK,1,26
Morgan,1079,1787,PI3K/AKT/mTOR,1,26
Morgan,356,1238,MAPK/RTK,1,4
Morgan,556,1680,MAPK/RTK,1,12
Morgan,1431,1484,Cell cycle/mitosis,1,28
Morgan,1431,1484,Lipid/transport state,1,28
Morgan,1431,1484,MAPK/RTK,1,28
Morgan,546,635,Proteostasis,1,5
Morgan,608,851,Nuclear receptor/xenobiotic,1,29
Morgan,449,1528,Cell cycle/mitosis,1,2
Morgan,681,1503,Cell cycle/mitosis,3,29
Morgan,681,1503,MAPK/RTK,2,29
Morgan,681,1503,Nuclear receptor/xenobiotic,1,29
Morgan,681,1503,PI3K/AKT/mTOR,1,29
Morgan,83,1178,Cell cycle/mitosis,1,13
Morgan,83,1178,DNA damage/repair,1,13
Morgan,205,1186,Cell cycle/mitosis,2,14
Morgan,205,1186,MAPK/RTK,1,14
Morgan,205,1186,Nuclear receptor/xenobiotic,1,14
Morgan,528,1835,Cell cycle/mitosis,1,23
Morgan,528,1835,Lipid/transport state,1,23
Morgan,33,227,Cell cycle/mitosis,2,24
Morgan,33,227,PI3K/AKT/mTOR,2,24
Morgan,529,1338,Cell cycle/mitosis,1,19
Morgan,33,1110,Epigenetic/chromatin,1,18
Morgan,1382,1486,Cell cycle/mitosis,3,23
Morgan,1382,1486,DNA damage/repair,1,23
Morgan,334,1539,Cell cycle/mitosis,3,15
Morgan,334,1539,Nuclear receptor/xenobiotic,2,15
Morgan,334,1539,DNA damage/repair,1,15
Morgan,672,1420,Cell cycle/mitosis,1,32
Morgan,672,1420,Lipid/transport state,1,32
Morgan,672,1420,MAPK/RTK,1,32
Morgan,672,1420,PI3K/AKT/mTOR,1,32
Morgan,881,1220,Cell cycle/mitosis,1,29
Morgan,881,1220,Lipid/transport state,1,29
Morgan,881,1220,MAPK/RTK,1,29
Morgan,881,1220,PI3K/AKT/mTOR,1,29
Morgan,178,584,Lipid/transport state,1,11
Morgan,389,1407,Cell cycle/mitosis,1,4
Morgan,397,1047,Cell cycle/mitosis,3,26
Morgan,397,1047,Nuclear receptor/xenobiotic,2,26
Morgan,397,1047,MAPK/RTK,1,26
Morgan,178,334,DNA damage/repair,1,7
Morgan,320,1004,Cell cycle/mitosis,3,18
Morgan,320,1004,MAPK/RTK,2,18
Morgan,320,1004,Nuclear receptor/xenobiotic,2,18
Morgan,320,1004,PI3K/AKT/mTOR,1,18
Morgan,436,672,Cell cycle/mitosis,1,32
Morgan,436,672,DNA damage/repair,1,32
Morgan,436,672,Lipid/transport state,1,32
Morgan,436,672,PI3K/AKT/mTOR,1,32
Morgan,385,1178,Cell cycle/mitosis,1,31
Morgan,385,1178,MAPK/RTK,1,31
Morgan,385,1178,Nuclear receptor/xenobiotic,1,31
Morgan,1226,1389,Cell cycle/mitosis,2,27
Morgan,1226,1389,Nuclear receptor/xenobiotic,2,27
Morgan,1226,1389,MAPK/RTK,1,27
Morgan,1226,1389,PI3K/AKT/mTOR,1,27
Morgan,1043,1763,Lipid/transport state,1,21
Morgan,1043,1763,Nuclear receptor/xenobiotic,1,21
Morgan,1043,1763,PI3K/AKT/mTOR,1,21
Morgan,562,806,Microtubule,1,6
Morgan,881,1269,PI3K/AKT/mTOR,2,24
Morgan,881,1269,Cell cycle/mitosis,1,24
Morgan,881,1269,Nuclear receptor/xenobiotic,1,24
Morgan,592,865,Nuclear receptor/xenobiotic,1,17
Morgan,1401,1486,Cell cycle/mitosis,2,33
Morgan,1401,1486,PI3K/AKT/mTOR,2,33
Morgan,1401,1486,DNA damage/repair,1,33
Morgan,514,1081,Cell cycle/mitosis,2,16
Morgan,514,1081,DNA damage/repair,1,16
Morgan,514,1081,Microtubule,1,16
Morgan,514,1081,Nuclear receptor/xenobiotic,1,16
Morgan,562,635,Microtubule,1,3
Morgan,1056,1598,Lipid/transport state,1,6
Morgan,1056,1598,Nuclear receptor/xenobiotic,1,6
Morgan,1128,1169,Cell cycle/mitosis,1,15
Morgan,1128,1169,MAPK/RTK,1,15
Morgan,912,1553,Cell cycle/mitosis,1,6
Morgan,219,976,PI3K/AKT/mTOR,1,15
Morgan,227,528,Cell cycle/mitosis,2,35
Morgan,227,528,PI3K/AKT/mTOR,2,35
Morgan,227,528,DNA damage/repair,1,35
Morgan,387,1739,Cell cycle/mitosis,1,21
Morgan,1047,1707,Cell cycle/mitosis,3,32
Morgan,1047,1707,Nuclear receptor/xenobiotic,2,32
Morgan,1047,1707,Lipid/transport state,1,32
Morgan,1047,1707,MAPK/RTK,1,32
Morgan,1047,1707,PI3K/AKT/mTOR,1,32
Morgan,143,1328,Proteostasis,3,18
Morgan,143,1328,Lipid/transport state,1,18
Morgan,336,1186,Cell cycle/mitosis,2,23
Morgan,336,1186,Microtubule,1,23
Morgan,336,1186,PI3K/AKT/mTOR,1,23
Morgan,200,397,Cell cycle/mitosis,2,16
Morgan,200,397,DNA damage/repair,1,16
Morgan,200,397,Nuclear receptor/xenobiotic,1,16
Morgan,514,1186,Cell cycle/mitosis,2,19
Morgan,514,1186,Nuclear receptor/xenobiotic,1,19
Morgan,195,685,Nuclear receptor/xenobiotic,1,7
Morgan,205,1338,Cell cycle/mitosis,1,8
Morgan,232,681,Nuclear receptor/xenobiotic,3,30
Morgan,232,681,Cell cycle/mitosis,1,30
Morgan,232,681,MAPK/RTK,1,30
Morgan,232,681,PI3K/AKT/mTOR,1,30
Morgan,1226,1730,Cell cycle/mitosis,1,20
Morgan,1226,1730,PI3K/AKT/mTOR,1,20
Morgan,1161,1571,Cell cycle/mitosis,1,19
Morgan,1161,1571,Microtubule,1,19
Morgan,1161,1571,PI3K/AKT/mTOR,1,19
Morgan,762,1787,PI3K/AKT/mTOR,1,19
Morgan,1437,1846,Lipid/transport state,1,19
NYAN,387,1236,Nuclear receptor/xenobiotic,2,27
NYAN,387,1236,Cell cycle/mitosis,1,27
NYAN,387,1236,DNA damage/repair,1,27
NYAN,387,1236,MAPK/RTK,1,27
NYAN,0,300,Cell cycle/mitosis,1,25
NYAN,0,300,Lipid/transport state,1,25
NYAN,385,1828,MAPK/RTK,2,30
NYAN,385,1828,Nuclear receptor/xenobiotic,2,30
NYAN,385,1828,DNA damage/repair,1,30
NYAN,1185,1539,Cell cycle/mitosis,2,8
NYAN,1069,1299,Cell cycle/mitosis,1,12
NYAN,350,1047,Nuclear receptor/xenobiotic,3,26
NYAN,350,1047,Cell cycle/mitosis,1,26
NYAN,350,1047,Lipid/transport state,1,26
NYAN,350,1047,MAPK/RTK,1,26
NYAN,1238,1486,Cell cycle/mitosis,3,28
NYAN,1119,1539,Cell cycle/mitosis,3,33
NYAN,1119,1539,Nuclear receptor/xenobiotic,2,33
NYAN,1119,1539,DNA damage/repair,1,33
NYAN,1119,1539,PI3K/AKT/mTOR,1,33
NYAN,1285,1854,DNA damage/repair,1,27
NYAN,105,387,Nuclear receptor/xenobiotic,2,34
NYAN,105,387,Cell cycle/mitosis,1,34
NYAN,105,387,DNA damage/repair,1,34
NYAN,105,387,MAPK/RTK,1,34
NYAN,1382,1649,Cell cycle/mitosis,2,17
NYAN,1011,1235,PI3K/AKT/mTOR,2,21
NYAN,1011,1235,Cell cycle/mitosis,1,21
NYAN,1011,1235,Microtubule,1,21
NYAN,881,1269,PI3K/AKT/mTOR,2,24
NYAN,881,1269,Cell cycle/mitosis,1,24
NYAN,881,1269,Nuclear receptor/xenobiotic,1,24
NYAN,1220,1323,Cell cycle/mitosis,2,32
NYAN,1220,1323,DNA damage/repair,1,32
NYAN,1220,1323,MAPK/RTK,1,32
NYAN,1220,1323,PI3K/AKT/mTOR,1,32
NYAN,283,1451,Cell cycle/mitosis,2,20
NYAN,283,1451,Epigenetic/chromatin,1,20
NYAN,283,1451,PI3K/AKT/mTOR,1,20
NYAN,1585,1649,Cell cycle/mitosis,3,24
NYAN,580,1692,Cell cycle/mitosis,1,1
NYAN,309,1196,Cell cycle/mitosis,2,25
NYAN,309,1196,MAPK/RTK,1,25
NYAN,528,1238,Cell cycle/mitosis,2,27
NYAN,334,1707,Cell cycle/mitosis,3,16
NYAN,334,1707,Nuclear receptor/xenobiotic,3,16
NYAN,334,1707,DNA damage/repair,1,16
NYAN,1420,1781,Cell cycle/mitosis,1,24
NYAN,1596,1697,Cell cycle/mitosis,2,31
NYAN,1596,1697,Lipid/transport state,1,31
NYAN,1596,1697,PI3K/AKT/mTOR,1,31
NYAN,387,1719,Cell cycle/mitosis,2,20
NYAN,387,1719,Nuclear receptor/xenobiotic,2,20
NYAN,387,1719,MAPK/RTK,1,20
NYAN,51,1238,Cell cycle/mitosis,1,31
NYAN,51,1238,MAPK/RTK,1,31
NYAN,33,1186,Cell cycle/mitosis,3,30
NYAN,33,1186,Epigenetic/chromatin,1,30
NYAN,33,1186,MAPK/RTK,1,30
NYAN,33,1186,Microtubule,1,30
NYAN,33,1186,Nuclear receptor/xenobiotic,1,30
NYAN,33,1186,PI3K/AKT/mTOR,1,30
NYAN,1110,1489,DNA damage/repair,1,21
NYAN,227,1189,Cell cycle/mitosis,2,29
NYAN,227,1189,PI3K/AKT/mTOR,2,29
NYAN,1236,1323,Nuclear receptor/xenobiotic,3,33
NYAN,1236,1323,Cell cycle/mitosis,2,33
NYAN,1236,1323,DNA damage/repair,1,33
NYAN,1236,1323,MAPK/RTK,1,33
NYAN,1236,1323,PI3K/AKT/mTOR,1,33
NYAN,592,1185,Cell cycle/mitosis,1,12
NYAN,592,1185,Nuclear receptor/xenobiotic,1,12
NYAN,120,1196,Cell cycle/mitosis,1,25
NYAN,120,1196,MAPK/RTK,1,25
NYAN,120,1196,Nuclear receptor/xenobiotic,1,25
NYAN,283,860,Cell cycle/mitosis,1,10
NYAN,841,1080,Cell cycle/mitosis,2,24
NYAN,841,1080,Nuclear receptor/xenobiotic,2,24
NYAN,841,1080,MAPK/RTK,1,24
NYAN,232,1004,Cell cycle/mitosis,2,17
NYAN,232,1004,MAPK/RTK,1,17
NYAN,232,1004,Nuclear receptor/xenobiotic,1,17
NYAN,232,1004,PI3K/AKT/mTOR,1,17
NYAN,1389,1692,Cell cycle/mitosis,1,22
NYAN,1389,1692,Epigenetic/chromatin,1,22
NYAN,1389,1692,MAPK/RTK,1,22
NYAN,1389,1692,Microtubule,1,22
NYAN,1389,1692,Nuclear receptor/xenobiotic,1,22
NYAN,1389,1692,PI3K/AKT/mTOR,1,22
NYAN,387,1080,Nuclear receptor/xenobiotic,2,30
NYAN,387,1080,Cell cycle/mitosis,1,30
NYAN,387,1080,DNA damage/repair,1,30
NYAN,387,1080,MAPK/RTK,1,30
NYAN,613,1186,Cell cycle/mitosis,3,14
NYAN,613,1186,Lipid/transport state,1,14
NYAN,881,1235,PI3K/AKT/mTOR,2,18
NYAN,881,1235,Cell cycle/mitosis,1,18
NYAN,881,1235,Nuclear receptor/xenobiotic,1,18
NYAN,635,1394,Proteostasis,2,12
NYAN,635,1394,Cell cycle/mitosis,1,12
NYAN,635,1394,Microtubule,1,12
NYAN,635,1394,Nuclear receptor/xenobiotic,1,12
NYAN,608,1073,Cell cycle/mitosis,1,33
NYAN,608,1073,MAPK/RTK,1,33
NYAN,35,232,Nuclear receptor/xenobiotic,4,34
NYAN,35,232,Cell cycle/mitosis,1,34
NYAN,309,841,Cell cycle/mitosis,3,30
NYAN,309,841,MAPK/RTK,1,30
NYAN,309,841,Nuclear receptor/xenobiotic,1,30
NYAN,314,514,Cell cycle/mitosis,1,6
NYAN,314,514,Microtubule,1,6
NYAN,87,100,Nuclear receptor/xenobiotic,1,19
NYAN,191,1564,Cell cycle/mitosis,1,15
NYAN,636,1011,PI3K/AKT/mTOR,2,26
NYAN,636,1011,Cell cycle/mitosis,1,26
NYAN,636,1011,DNA damage/repair,1,26
NYAN,1486,1781,Nuclear receptor/xenobiotic,1,26
NYAN,178,514,DNA damage/repair,1,13
NYAN,334,479,Nuclear receptor/xenobiotic,5,12
NYAN,334,479,Cell cycle/mitosis,1,12
NYAN,865,1119,Nuclear receptor/xenobiotic,2,19
NYAN,592,717,Cell cycle/mitosis,2,31
NYAN,592,717,DNA damage/repair,2,31
NYAN,592,717,Nuclear receptor/xenobiotic,2,31
NYAN,592,717,Lipid/transport state,1,31
NYAN,534,1323,Cell cycle/mitosis,1,14
NYAN,534,1323,Nuclear receptor/xenobiotic,1,14
NYAN,1226,1692,Nuclear receptor/xenobiotic,3,23
NYAN,1226,1692,MAPK/RTK,2,23
NYAN,1226,1692,Cell cycle/mitosis,1,23
NYAN,1226,1692,PI3K/AKT/mTOR,1,23
NYAN,321,1647,MAPK/RTK,1,28
NYAN,273,387,Cell cycle/mitosis,2,32
NYAN,273,387,Epigenetic/chromatin,1,32
NYAN,387,436,Cell cycle/mitosis,1,23
NYAN,387,436,DNA damage/repair,1,23
NYAN,87,608,Epigenetic/chromatin,1,20
NYAN,87,608,MAPK/RTK,1,20
NYAN,934,1437,Lipid/transport state,1,27
NYAN,1236,1649,Cell cycle/mitosis,1,21
NYAN,1236,1649,MAPK/RTK,1,21
NYAN,314,1719,Cell cycle/mitosis,1,8
NYAN,314,1719,Nuclear receptor/xenobiotic,1,8
NYAN,187,1186,Cell cycle/mitosis,3,25
NYAN,187,1186,MAPK/RTK,1,25
NYAN,187,1186,Microtubule,1,25
NYAN,187,1186,Nuclear receptor/xenobiotic,1,25
NYAN,187,1186,PI3K/AKT/mTOR,1,25
NYAN,283,1716,Cell cycle/mitosis,1,28
NYAN,283,1716,DNA damage/repair,1,28
NYAN,283,1716,PI3K/AKT/mTOR,1,28
NYAN,976,1056,Cell cycle/mitosis,3,30
NYAN,976,1056,Nuclear receptor/xenobiotic,2,30
NYAN,449,1186,Cell cycle/mitosis,3,22
NYAN,449,1186,Lipid/transport state,1,22
NYAN,449,1186,Microtubule,1,22
NYAN,449,1186,PI3K/AKT/mTOR,1,22
NYAN,1598,1835,Cell cycle/mitosis,1,7
NYAN,1598,1835,Lipid/transport state,1,7
NYAN,1189,1382,Cell cycle/mitosis,3,26
NYAN,1236,1267,PI3K/AKT/mTOR,1,22
NYAN,556,1680,MAPK/RTK,1,12
NYAN,93,556,MAPK/RTK,2,13
NYAN,93,556,Cell cycle/mitosis,1,13
NYAN,93,556,Microtubule,1,13
NYAN,93,556,Nuclear receptor/xenobiotic,1,13
NYAN,300,762,Cell cycle/mitosis,1,25
NYAN,300,762,MAPK/RTK,1,25
NYAN,178,436,DNA damage/repair,1,19
NYAN,178,436,Lipid/transport state,1,19
NYAN,685,1189,Cell cycle/mitosis,1,26
NYAN,685,1189,Nuclear receptor/xenobiotic,1,26
NYAN,685,1189,PI3K/AKT/mTOR,1,26
NYAN,555,1641,Nuclear receptor/xenobiotic,3,14
NYAN,555,1641,MAPK/RTK,2,14
NYAN,555,1641,Cell cycle/mitosis,1,14
NYAN,555,1641,Epigenetic/chromatin,1,14
NYAN,120,1186,Cell cycle/mitosis,1,30
NYAN,120,1186,Epigenetic/chromatin,1,30
NYAN,120,1186,MAPK/RTK,1,30
NYAN,120,1186,Microtubule,1,30
NYAN,120,1186,Nuclear receptor/xenobiotic,1,30
NYAN,698,1238,Cell cycle/mitosis,1,31
NYAN,698,1238,Epigenetic/chromatin,1,31
NYAN,698,1238,MAPK/RTK,1,31
NYAN,389,841,Nuclear receptor/xenobiotic,3,23
NYAN,389,841,Cell cycle/mitosis,1,23
NYAN,110,350,Nuclear receptor/xenobiotic,2,16
NYAN,110,350,Cell cycle/mitosis,1,16
NYAN,110,350,DNA damage/repair,1,16
NYAN,110,350,Epigenetic/chromatin,1,16
NYAN,1047,1707,Cell cycle/mitosis,3,32
NYAN,1047,1707,Nuclear receptor/xenobiotic,2,32
NYAN,1047,1707,Lipid/transport state,1,32
NYAN,1047,1707,MAPK/RTK,1,32
NYAN,1047,1707,PI3K/AKT/mTOR,1,32
NYAN,1382,1585,Cell cycle/mitosis,3,25
NYAN,1079,1781,Epigenetic/chromatin,1,30
NYAN,1079,1781,Nuclear receptor/xenobiotic,1,30
NYAN,421,1102,Cell cycle/mitosis,1,21
NYAN,421,1102,DNA damage/repair,1,21
NYAN,421,1102,Lipid/transport state,1,21
NYAN,421,1102,MAPK/RTK,1,21
NYAN,421,1102,PI3K/AKT/mTOR,1,21
NYAN,1210,1328,DNA damage/repair,1,6
NYAN,92,449,Cell cycle/mitosis,1,22
NYAN,92,449,Microtubule,1,22
NYAN,92,449,PI3K/AKT/mTOR,1,22
NYAN,314,613,MAPK/RTK,1,4
NYAN,83,1069,Cell cycle/mitosis,1,7
NYAN,205,1637,Nuclear receptor/xenobiotic,1,10
NYAN,13,586,Cell cycle/mitosis,2,24
NYAN,13,586,PI3K/AKT/mTOR,1,24
NYAN,178,1300,Nuclear receptor/xenobiotic,1,7
NYAN,83,806,Cell cycle/mitosis,2,17
NYAN,83,806,Nuclear receptor/xenobiotic,2,17
NYAN,300,1420,Cell cycle/mitosis,1,30
NYAN,300,1420,Lipid/transport state,1,30
NYAN,300,1420,MAPK/RTK,1,30
NYAN,116,1486,Cell cycle/mitosis,2,35
NYAN,116,1486,Nuclear receptor/xenobiotic,2,35
NYAN,116,1486,DNA damage/repair,1,35
NYAN,116,1486,MAPK/RTK,1,35
NYAN,116,1486,PI3K/AKT/mTOR,1,35
NYAN,358,481,Microtubule,1,27
NYAN,358,481,PI3K/AKT/mTOR,1,27
NYAN,1323,1585,Cell cycle/mitosis,3,33
NYAN,1323,1585,Nuclear receptor/xenobiotic,2,33
NYAN,1323,1585,MAPK/RTK,1,33
NYAN,1323,1585,PI3K/AKT/mTOR,1,33
NYAN,681,1092,Nuclear receptor/xenobiotic,2,11
NYAN,681,1092,Cell cycle/mitosis,1,11
NYAN,387,396,Cell cycle/mitosis,1,32
NYAN,387,396,MAPK/RTK,1,32
NYAN,673,1189,Cell cycle/mitosis,3,30
NYAN,673,1189,Nuclear receptor/xenobiotic,1,30
NYAN,673,1189,PI3K/AKT/mTOR,1,30
NYAN,99,1047,Cell cycle/mitosis,2,21
NYAN,99,1047,MAPK/RTK,1,21
NYAN,99,1047,PI3K/AKT/mTOR,1,21
NYAN,543,1767,Proteostasis,1,1
NYAN,227,1382,Cell cycle/mitosis,2,21
NYAN,227,1382,DNA damage/repair,1,21
NYAN,1011,1269,PI3K/AKT/mTOR,2,23
NYAN,1011,1269,Cell cycle/mitosis,1,23
NYAN,1011,1269,Microtubule,1,23
NYAN,673,1196,Cell cycle/mitosis,2,26
NYAN,673,1196,DNA damage/repair,1,26
NYAN,673,1196,Nuclear receptor/xenobiotic,1,26
NYAN,673,1196,PI3K/AKT/mTOR,1,26
NYAN,528,1119,Nuclear receptor/xenobiotic,2,30
NYAN,528,1119,Cell cycle/mitosis,1,30
NYAN,528,1119,DNA damage/repair,1,30
NYAN,528,1119,PI3K/AKT/mTOR,1,30
NYAN,33,449,Cell cycle/mitosis,1,20
NYAN,33,449,Microtubule,1,20
NYAN,33,449,Nuclear receptor/xenobiotic,1,20
NYAN,33,449,PI3K/AKT/mTOR,1,20
NYAN,334,1539,Cell cycle/mitosis,3,15
NYAN,334,1539,Nuclear receptor/xenobiotic,2,15
NYAN,334,1539,DNA damage/repair,1,15
NYAN,673,1739,Cell cycle/mitosis,1,18
NYAN,673,1739,PI3K/AKT/mTOR,1,18
NYAN,881,1401,Cell cycle/mitosis,2,30
NYAN,881,1401,PI3K/AKT/mTOR,2,30
NYAN,99,439,Cell cycle/mitosis,3,28
NYAN,99,439,MAPK/RTK,3,28
NYAN,99,439,Microtubule,1,28
NYAN,99,439,PI3K/AKT/mTOR,1,28
NYAN,1011,1401,Cell cycle/mitosis,2,29
NYAN,1011,1401,PI3K/AKT/mTOR,2,29
NYAN,1011,1401,Microtubule,1,29
NYAN,528,1185,Cell cycle/mitosis,1,7
NYAN,481,1716,Cell cycle/mitosis,2,32
NYAN,481,1716,PI3K/AKT/mTOR,2,32
NYAN,1451,1716,Cell cycle/mitosis,2,23
NYAN,1451,1716,PI3K/AKT/mTOR,2,23
NYAN,226,908,Nuclear receptor/xenobiotic,2,15
NYAN,314,387,Nuclear receptor/xenobiotic,1,1
NYAN,232,1214,MAPK/RTK,1,27
NYAN,232,1214,Nuclear receptor/xenobiotic,1,27
NYAN,7,1282,Cell cycle/mitosis,1,21
NYAN,7,1282,Lipid/transport state,1,21
NYAN,7,1282,Nuclear receptor/xenobiotic,1,21
NYAN,1220,1649,Cell cycle/mitosis,1,22
NYAN,571,1382,Cell cycle/mitosis,2,24
NYAN,571,1382,DNA damage/repair,1,24
NYAN,389,1092,Nuclear receptor/xenobiotic,2,14
NYAN,543,635,Microtubule,1,11
NYAN,543,635,Proteostasis,1,11
NYAN,13,358,PI3K/AKT/mTOR,1,28
NYAN,83,1299,Cell cycle/mitosis,1,13
NYAN,31,1787,Nuclear receptor/xenobiotic,3,25
NYAN,31,1787,MAPK/RTK,1,25
NYAN,555,1557,Cell cycle/mitosis,1,2
NYAN,1112,1299,Proteostasis,1,19
NYAN,436,841,Cell cycle/mitosis,2,23
NYAN,436,841,DNA damage/repair,1,23
NYAN,436,841,PI3K/AKT/mTOR,1,23
NYAN,300,1437,Lipid/transport state,1,25
NYAN,300,1437,MAPK/RTK,1,25
NYAN,340,1047,Cell cycle/mitosis,1,15
NYAN,340,1047,Nuclear receptor/xenobiotic,1,15
NYAN,340,1047,PI3K/AKT/mTOR,1,15
NYAN,1235,1389,Cell cycle/mitosis,1,11
NYAN,1235,1389,Microtubule,1,11
NYAN,1235,1389,PI3K/AKT/mTOR,1,11
NYAN,571,1238,Cell cycle/mitosis,1,29
NYAN,1214,1787,Nuclear receptor/xenobiotic,3,25
NYAN,1323,1649,Cell cycle/mitosis,3,25
NYAN,1410,1470,MAPK/RTK,1,2
NYAN,273,1214,MAPK/RTK,1,22
NYAN,1394,1655,Proteostasis,1,3
NYAN,843,1060,Proteostasis,1,1
NYAN,580,1181,Cell cycle/mitosis,1,16
NYAN,580,1181,Lipid/transport state,1,16
NYAN,580,1181,Nuclear receptor/xenobiotic,1,16
NYAN,481,586,Cell cycle/mitosis,2,22
NYAN,481,586,PI3K/AKT/mTOR,1,22
NYAN,367,608,MAPK/RTK,1,22
NYAN,195,685,Nuclear receptor/xenobiotic,1,7
NYAN,1226,1315,MAPK/RTK,1,3
NYAN,528,1110,DNA damage/repair,1,21
NYAN,273,584,Cell cycle/mitosis,1,20
NYAN,273,584,PI3K/AKT/mTOR,1,20
NYAN,1323,1489,Cell cycle/mitosis,2,30
NYAN,1323,1489,Nuclear receptor/xenobiotic,2,30
NYAN,1323,1489,DNA damage/repair,1,30
NYAN,1323,1489,MAPK/RTK,1,30
NYAN,51,816,Cell cycle/mitosis,1,22
NYAN,283,358,Epigenetic/chromatin,1,26
NYAN,283,358,Lipid/transport state,1,26
NYAN,283,358,Microtubule,1,26
NYAN,283,358,PI3K/AKT/mTOR,1,26
NYAN,592,1539,Cell cycle/mitosis,1,15
NYAN,592,1539,DNA damage/repair,1,15
NYAN,592,1539,Nuclear receptor/xenobiotic,1,15
NYAN,636,881,PI3K/AKT/mTOR,2,26
NYAN,636,881,Cell cycle/mitosis,1,26
NYAN,436,1719,Cell cycle/mitosis,1,8
NYAN,1420,1787,Lipid/transport state,1,21
NYAN,1420,1787,Nuclear receptor/xenobiotic,1,21
NYAN,1420,1787,PI3K/AKT/mTOR,1,21
NYAN,958,1189,Cell cycle/mitosis,2,33
NYAN,958,1189,Nuclear receptor/xenobiotic,1,33
NYAN,33,1110,Epigenetic/chromatin,1,18
NYAN,934,1341,Cell cycle/mitosis,1,29
NYAN,934,1341,Lipid/transport state,1,29
NYAN,934,1341,PI3K/AKT/mTOR,1,29
NYAN,1189,1220,Cell cycle/mitosis,1,30
NYAN,1189,1220,PI3K/AKT/mTOR,1,30
NYAN,717,1119,Cell cycle/mitosis,3,21
NYAN,717,1119,Nuclear receptor/xenobiotic,2,21
NYAN,717,1119,DNA damage/repair,1,21
NYAN,514,1539,Cell cycle/mitosis,2,19
NYAN,514,1539,DNA damage/repair,1,19
NYAN,178,584,Lipid/transport state,1,11
NYAN,672,1110,DNA damage/repair,1,24
NYAN,672,1110,Epigenetic/chromatin,1,24
NYAN,51,514,Cell cycle/mitosis,1,18
NYAN,51,514,MAPK/RTK,1,18
NYAN,273,1080,Cell cycle/mitosis,1,27
NYAN,273,1080,PI3K/AKT/mTOR,1,27
NYAN,841,1236,Nuclear receptor/xenobiotic,2,21
NYAN,841,1236,Cell cycle/mitosis,1,21
NYAN,841,1236,MAPK/RTK,1,21
NYAN,529,1241,MAPK/RTK,2,11
NYAN,529,1241,Nuclear receptor/xenobiotic,1,11
NYAN,1214,1539,Nuclear receptor/xenobiotic,1,23
NYAN,635,1655,Proteostasis,1,8
NYAN,302,1214,Cell cycle/mitosis,1,26
NYAN,1394,1767,Proteostasis,1,1
NYAN,1719,1835,Nuclear receptor/xenobiotic,1,13
NYAN,681,1739,Cell cycle/mitosis,1,19
NYAN,681,1739,PI3K/AKT/mTOR,1,19
NYAN,294,1559,Cell cycle/mitosis,1,5
NYAN,1110,1707,DNA damage/repair,1,15
NYAN,1110,1707,Epigenetic/chromatin,1,15
NYAN,309,1763,Cell cycle/mitosis,1,31
NYAN,309,1763,Epigenetic/chromatin,1,31
NYAN,309,1763,MAPK/RTK,1,31
NYAN,309,1763,Nuclear receptor/xenobiotic,1,31
NYAN,1043,1186,Lipid/transport state,1,19
NYAN,1043,1186,Nuclear receptor/xenobiotic,1,19
NYAN,1043,1186,PI3K/AKT/mTOR,1,19
NYAN,1649,1763,Cell cycle/mitosis,2,29
NYAN,1649,1763,MAPK/RTK,1,29
NYAN,1649,1763,Proteostasis,1,29
NYAN,1428,1637,Cell cycle/mitosis,1,3
NYAN,178,1470,DNA damage/repair,1,5
NYAN,273,1719,Cell cycle/mitosis,3,20
NYAN,787,1267,PI3K/AKT/mTOR,1,26
NYAN,635,1754,Nuclear receptor/xenobiotic,2,12
NYAN,635,1754,DNA damage/repair,1,12
NYAN,635,1754,MAPK/RTK,1,12
NYAN,635,1754,Microtubule,1,12
NYAN,635,1754,Proteostasis,1,12
NYAN,120,389,MAPK/RTK,1,27
NYAN,120,389,Nuclear receptor/xenobiotic,1,27
NYAN,1484,1581,Epigenetic/chromatin,1,13
NYAN,698,816,Cell cycle/mitosis,1,21
NYAN,94,1235,Cell cycle/mitosis,1,17
NYAN,94,1235,Nuclear receptor/xenobiotic,1,17
NYAN,94,1235,PI3K/AKT/mTOR,1,17
NYAN,613,1119,Cell cycle/mitosis,1,5
NYAN,303,672,Cell cycle/mitosis,1,34
NYAN,303,672,Epigenetic/chromatin,1,34
NYAN,303,672,MAPK/RTK,1,34
NYAN,303,672,Nuclear receptor/xenobiotic,1,34
NYAN,303,672,PI3K/AKT/mTOR,1,34
NYAN,116,1382,Cell cycle/mitosis,2,25
NYAN,116,1382,DNA damage/repair,1,25
NYAN,1226,1235,Cell cycle/mitosis,1,20
NYAN,1226,1235,Nuclear receptor/xenobiotic,1,20
NYAN,1226,1235,PI3K/AKT/mTOR,1,20
NYAN,794,1637,Cell cycle/mitosis,1,12
NYAN,794,1637,Nuclear receptor/xenobiotic,1,12
NYAN,673,958,DNA damage/repair,2,26
NYAN,673,958,Cell cycle/mitosis,1,26
NYAN,673,958,Nuclear receptor/xenobiotic,1,26
NYAN,334,1238,Cell cycle/mitosis,2,10
NYAN,976,1596,Cell cycle/mitosis,2,31
NYAN,976,1596,PI3K/AKT/mTOR,2,31
NYAN,976,1596,MAPK/RTK,1,31
NYAN,976,1596,Nuclear receptor/xenobiotic,1,31
NYAN,529,1299,Cell cycle/mitosis,1,17
NYAN,436,1716,Cell cycle/mitosis,2,41
NYAN,436,1716,PI3K/AKT/mTOR,2,41
NYAN,436,1716,DNA damage/repair,1,41
NYAN,51,302,Cell cycle/mitosis,1,33
NYAN,51,302,Lipid/transport state,1,33
NYAN,479,812,Nuclear receptor/xenobiotic,3,26
NYAN,479,812,Cell cycle/mitosis,1,26
NYAN,479,812,MAPK/RTK,1,26
NYAN,698,1489,Cell cycle/mitosis,1,25
NYAN,1047,1805,Cell cycle/mitosis,2,19
NYAN,1047,1805,Nuclear receptor/xenobiotic,2,19
NYAN,1047,1805,Lipid/transport state,1,19
NYAN,529,1112,Cell cycle/mitosis,1,24
NYAN,0,608,Cell cycle/mitosis,2,32
NYAN,120,1189,Cell cycle/mitosis,1,26
NYAN,120,1189,Nuclear receptor/xenobiotic,1,26
NYAN,1043,1709,Nuclear receptor/xenobiotic,1,12
NYAN,336,436,Cell cycle/mitosis,1,35
NYAN,336,436,DNA damage/repair,1,35
NYAN,336,436,PI3K/AKT/mTOR,1,35
NYAN,449,1382,Cell cycle/mitosis,1,20
NYAN,449,1382,Nuclear receptor/xenobiotic,1,20
NYAN,334,571,Nuclear receptor/xenobiotic,5,15
NYAN,334,571,Cell cycle/mitosis,1,15
NYAN,334,571,DNA damage/repair,1,15
NYAN,82,1052,PI3K/AKT/mTOR,1,9
NYAN,1323,1382,Cell cycle/mitosis,3,26
NYAN,1323,1382,DNA damage/repair,1,26
NYAN,94,358,Lipid/transport state,1,23
NYAN,94,358,PI3K/AKT/mTOR,1,23
NYAN,10,1474,Cell cycle/mitosis,1,6
NYAN,10,1474,Microtubule,1,6
NYAN,33,1196,Cell cycle/mitosis,3,29
NYAN,33,1196,PI3K/AKT/mTOR,2,29
NYAN,33,1196,MAPK/RTK,1,29
NYAN,33,1196,Nuclear receptor/xenobiotic,1,29
NYAN,120,309,MAPK/RTK,2,30
NYAN,120,309,Cell cycle/mitosis,1,30
NYAN,120,309,Epigenetic/chromatin,1,30
NYAN,120,309,Nuclear receptor/xenobiotic,1,30
NYAN,1069,1338,Cell cycle/mitosis,3,12
NYAN,1489,1835,Nuclear receptor/xenobiotic,1,14
NYAN,116,120,MAPK/RTK,2,31
NYAN,116,120,Cell cycle/mitosis,1,31
NYAN,116,120,Nuclear receptor/xenobiotic,1,31
NYAN,1080,1382,Cell cycle/mitosis,2,26
NYAN,1080,1382,DNA damage/repair,1,26
NYAN,309,806,Cell cycle/mitosis,2,18
NYAN,309,806,Nuclear receptor/xenobiotic,2,18
NYAN,309,806,MAPK/RTK,1,18
NYAN,1238,1597,Cell cycle/mitosis,2,8
NYAN,283,627,Cell cycle/mitosis,2,18
NYAN,283,627,DNA damage/repair,1,18
NYAN,283,627,Microtubule,1,18
NYAN,283,627,PI3K/AKT/mTOR,1,18
NYAN,762,1420,Cell cycle/mitosis,1,30
NYAN,762,1420,MAPK/RTK,1,30
NYAN,762,1420,PI3K/AKT/mTOR,1,30
NYAN,1214,1238,MAPK/RTK,1,23
NYAN,387,1214,Nuclear receptor/xenobiotic,2,25
NYAN,1054,1079,Cell cycle/mitosis,1,27
NYAN,1054,1079,PI3K/AKT/mTOR,1,27
NYAN,1489,1789,Nuclear receptor/xenobiotic,1,7
NYAN,334,528,Nuclear receptor/xenobiotic,2,10
NYAN,334,528,Cell cycle/mitosis,1,10
NYAN,334,528,DNA damage/repair,1,10
NYAN,178,592,DNA damage/repair,1,14
NYAN,50,1339,DNA damage/repair,2,16
NYAN,50,1339,Nuclear receptor/xenobiotic,1,16
NYAN,613,1486,Cell cycle/mitosis,2,10
NYAN,635,794,MAPK/RTK,2,17
NYAN,635,794,DNA damage/repair,1,17
NYAN,635,794,Microtubule,1,17
NYAN,635,794,Nuclear receptor/xenobiotic,1,17
NYAN,635,794,Proteostasis,1,17
NYAN,449,613,Cell cycle/mitosis,3,14
NYAN,449,613,Lipid/transport state,1,14
NYAN,449,613,Nuclear receptor/xenobiotic,1,14
NYAN,309,1235,Nuclear receptor/xenobiotic,1,14
NYAN,33,1043,PI3K/AKT/mTOR,1,21
NYAN,389,1081,Nuclear receptor/xenobiotic,4,18
NYAN,246,283,Cell cycle/mitosis,1,23
NYAN,1080,1649,Cell cycle/mitosis,2,21
NYAN,336,878,Cell cycle/mitosis,2,18
NYAN,336,878,Microtubule,1,18
NYAN,1486,1719,Nuclear receptor/xenobiotic,3,16
NYAN,1486,1719,Cell cycle/mitosis,2,16
NYAN,1486,1719,MAPK/RTK,1,16
NYAN,379,1110,DNA damage/repair,1,9
NYAN,436,514,DNA damage/repair,2,16
NYAN,436,514,Cell cycle/mitosis,1,16
NYAN,543,1655,Proteostasis,1,3
NYAN,633,1213,Nuclear receptor/xenobiotic,3,14
NYAN,633,1213,MAPK/RTK,2,14
NYAN,673,1486,Cell cycle/mitosis,2,29
NYAN,673,1486,Nuclear receptor/xenobiotic,2,29
NYAN,673,1486,DNA damage/repair,1,29
NYAN,673,1486,PI3K/AKT/mTOR,1,29
NYAN,33,232,Cell cycle/mitosis,2,29
NYAN,33,232,MAPK/RTK,1,29
NYAN,33,232,PI3K/AKT/mTOR,1,29
NYAN,636,641,PI3K/AKT/mTOR,2,27
NYAN,636,641,Cell cycle/mitosis,1,27
NYAN,636,641,Proteostasis,1,27
NYAN,156,1236,Nuclear receptor/xenobiotic,1,17
NYAN,321,367,Cell cycle/mitosis,1,23
NYAN,321,367,MAPK/RTK,1,23
NYAN,36,355,Nuclear receptor/xenobiotic,1,3
NYAN,1189,1389,Cell cycle/mitosis,2,26
NYAN,1189,1389,PI3K/AKT/mTOR,1,26
NYAN,1226,1730,Cell cycle/mitosis,1,20
NYAN,1226,1730,PI3K/AKT/mTOR,1,20
NYAN,461,886,MAPK/RTK,2,30
NYAN,461,886,Epigenetic/chromatin,1,30
NYAN,461,886,Lipid/transport state,1,30
NYAN,461,886,Nuclear receptor/xenobiotic,1,30
NYAN,94,481,Cell cycle/mitosis,2,26
NYAN,94,481,PI3K/AKT/mTOR,1,26
NYAN,116,1186,Nuclear receptor/xenobiotic,2,27
NYAN,116,1186,Cell cycle/mitosis,1,27
NYAN,116,1186,MAPK/RTK,1,27
NYAN,116,1186,PI3K/AKT/mTOR,1,27
NYAN,546,1339,Nuclear receptor/xenobiotic,1,11
NYAN,546,1339,Proteostasis,1,11
NYAN,816,1220,Cell cycle/mitosis,1,20
NYAN,816,1220,DNA damage/repair,1,20
NYAN,816,1220,Epigenetic/chromatin,1,20
NYAN,51,1501,MAPK/RTK,1,10
NYAN,99,1707,Cell cycle/mitosis,2,24
NYAN,99,1707,DNA damage/repair,1,24
NYAN,99,1707,MAPK/RTK,1,24
NYAN,99,1707,PI3K/AKT/mTOR,1,24
NYAN,1189,1585,Cell cycle/mitosis,4,34
NYAN,1189,1585,Nuclear receptor/xenobiotic,1,34
NYAN,1189,1585,PI3K/AKT/mTOR,1,34
NYAN,356,449,MAPK/RTK,1,12
NYAN,528,812,Nuclear receptor/xenobiotic,2,24
NYAN,528,812,Cell cycle/mitosis,1,24
NYAN,528,812,Lipid/transport state,1,24
NYAN,528,812,MAPK/RTK,1,24
NYAN,309,436,Cell cycle/mitosis,1,22
NYAN,387,1238,Cell cycle/mitosis,2,35
NYAN,387,1238,Epigenetic/chromatin,1,35
NYAN,841,1235,Cell cycle/mitosis,1,18
NYAN,841,1235,Nuclear receptor/xenobiotic,1,18
NYAN,841,1235,PI3K/AKT/mTOR,1,18
NYAN,613,1835,Lipid/transport state,1,11
NYAN,227,1401,Cell cycle/mitosis,2,36
NYAN,227,1401,DNA damage/repair,2,36
NYAN,227,1401,PI3K/AKT/mTOR,2,36
NYAN,534,1299,Epigenetic/chromatin,1,14
NYAN,87,844,Nuclear receptor/xenobiotic,2,26
NYAN,87,844,Epigenetic/chromatin,1,26
NYAN,87,844,PI3K/AKT/mTOR,1,26
NYAN,350,1805,Nuclear receptor/xenobiotic,3,31
NYAN,350,1805,Cell cycle/mitosis,2,31
NYAN,350,1805,DNA damage/repair,1,31
NYAN,350,1805,Epigenetic/chromatin,1,31
NYAN,350,1805,Lipid/transport state,1,31
NYAN,85,396,Cell cycle/mitosis,1,28
NYAN,85,396,Epigenetic/chromatin,1,28
NYAN,85,396,Lipid/transport state,1,28
NYAN,50,635,DNA damage/repair,1,12
NYAN,50,635,Microtubule,1,12
NYAN,50,635,Nuclear receptor/xenobiotic,1,12
NYAN,1226,1338,Cell cycle/mitosis,1,17
NYAN,205,1104,Proteostasis,1,1
NYAN,1128,1597,Cell cycle/mitosis,1,3
NYAN,958,1585,Cell cycle/mitosis,2,32
NYAN,958,1585,MAPK/RTK,2,32
NYAN,958,1585,Nuclear receptor/xenobiotic,1,32
NYAN,1236,1486,Nuclear receptor/xenobiotic,4,33
NYAN,1236,1486,Cell cycle/mitosis,3,33
NYAN,1236,1486,DNA damage/repair,1,33
NYAN,1236,1486,MAPK/RTK,1,33
NYAN,1236,1486,PI3K/AKT/mTOR,1,33
NYAN,1080,1236,Nuclear receptor/xenobiotic,3,32
NYAN,1080,1236,Cell cycle/mitosis,1,32
NYAN,1080,1236,DNA damage/repair,1,32
NYAN,1080,1236,MAPK/RTK,1,32
NYAN,1080,1236,PI3K/AKT/mTOR,1,32
NYAN,334,1186,Cell cycle/mitosis,4,15
NYAN,334,1186,Nuclear receptor/xenobiotic,2,15
NYAN,178,1080,DNA damage/repair,1,19
NYAN,178,1080,Lipid/transport state,1,19
NYAN,87,1420,MAPK/RTK,1,22
NYAN,87,1420,Nuclear receptor/xenobiotic,1,22
NYAN,87,1420,PI3K/AKT/mTOR,1,22
NYAN,613,958,Cell cycle/mitosis,2,7
NYAN,99,421,Cell cycle/mitosis,2,28
NYAN,99,421,MAPK/RTK,2,28
NYAN,99,421,DNA damage/repair,1,28
NYAN,99,421,PI3K/AKT/mTOR,1,28
NYAN,314,1236,Cell cycle/mitosis,1,5
NYAN,314,1236,Nuclear receptor/xenobiotic,1,5
NYAN,1401,1451,Cell cycle/mitosis,2,19
NYAN,1401,1451,PI3K/AKT/mTOR,2,19
NYAN,227,841,Cell cycle/mitosis,2,26
NYAN,227,841,DNA damage/repair,1,26
NYAN,227,841,PI3K/AKT/mTOR,1,26
NYAN,387,1486,Cell cycle/mitosis,2,34
NYAN,387,1486,Nuclear receptor/xenobiotic,2,34
NYAN,387,1486,DNA damage/repair,1,34
NYAN,387,1486,MAPK/RTK,1,34
NYAN,33,586,Cell cycle/mitosis,3,27
NYAN,33,586,MAPK/RTK,1,27
NYAN,33,586,Nuclear receptor/xenobiotic,1,27
NYAN,33,586,PI3K/AKT/mTOR,1,27
NYAN,246,1617,Cell cycle/mitosis,2,13
NYAN,87,1341,MAPK/RTK,1,19
NYAN,87,1341,PI3K/AKT/mTOR,1,19
NYAN,449,1649,Cell cycle/mitosis,1,12
NYAN,449,1649,MAPK/RTK,1,12
NYAN,1220,1236,Cell cycle/mitosis,3,31
NYAN,1220,1236,DNA damage/repair,1,31
NYAN,1220,1236,MAPK/RTK,1,31
NYAN,1220,1236,Nuclear receptor/xenobiotic,1,31
NYAN,1220,1236,PI3K/AKT/mTOR,1,31
NYAN,314,1486,Nuclear receptor/xenobiotic,1,2
NYAN,105,1236,Cell cycle/mitosis,2,31
NYAN,105,1236,Nuclear receptor/xenobiotic,2,31
NYAN,105,1236,DNA damage/repair,1,31
NYAN,105,1236,MAPK/RTK,1,31
NYAN,105,1236,PI3K/AKT/mTOR,1,31
NYAN,227,1389,Cell cycle/mitosis,2,20
NYAN,227,1389,PI3K/AKT/mTOR,1,20
NYAN,688,1338,Cell cycle/mitosis,3,16
NYAN,958,1169,Cell cycle/mitosis,1,13
NYAN,958,1169,DNA damage/repair,1,13
NYAN,116,336,DNA damage/repair,2,25
NYAN,116,336,Cell cycle/mitosis,1,25
NYAN,116,336,PI3K/AKT/mTOR,1,25
NYAN,1112,1649,Nuclear receptor/xenobiotic,1,25
NYAN,1112,1649,Proteostasis,1,25
NYAN,195,205,Cell cycle/mitosis,2,21
NYAN,195,205,Proteostasis,2,21
NYAN,195,205,DNA damage/repair,1,21
NYAN,195,205,Microtubule,1,21
NYAN,195,205,Nuclear receptor/xenobiotic,1,21
NYAN,265,1805,Nuclear receptor/xenobiotic,3,18
NYAN,265,1805,Cell cycle/mitosis,2,18
NYAN,265,1805,Lipid/transport state,1,18
NYAN,470,1300,Cell cycle/mitosis,1,14
NYAN,470,1300,DNA damage/repair,1,14
NYAN,470,1300,Microtubule,1,14
NYAN,1236,1585,Nuclear receptor/xenobiotic,2,30
NYAN,1236,1585,Cell cycle/mitosis,1,30
NYAN,1236,1585,MAPK/RTK,1,30
NYAN,1236,1585,PI3K/AKT/mTOR,1,30
NYAN,454,1401,Cell cycle/mitosis,2,28
NYAN,454,1401,PI3K/AKT/mTOR,2,28
NYAN,51,1119,Cell cycle/mitosis,1,31
NYAN,673,841,Cell cycle/mitosis,3,23
NYAN,673,841,Nuclear receptor/xenobiotic,1,23
NYAN,673,841,PI3K/AKT/mTOR,1,23
NYAN,787,976,Cell cycle/mitosis,3,35
NYAN,787,976,PI3K/AKT/mTOR,2,35
NYAN,787,976,Nuclear receptor/xenobiotic,1,35
NYAN,1489,1763,Cell cycle/mitosis,1,30
NYAN,1489,1763,Proteostasis,1,30
NYAN,1431,1596,Nuclear receptor/xenobiotic,2,24
NYAN,1431,1596,Cell cycle/mitosis,1,24
NYAN,1431,1596,Lipid/transport state,1,24
NYAN,178,1835,Lipid/transport state,1,14
NYAN,571,1110,DNA damage/repair,1,18
NYAN,273,613,Cell cycle/mitosis,2,7
NYAN,105,1043,PI3K/AKT/mTOR,1,21
NYAN,294,1585,Cell cycle/mitosis,2,28
NYAN,294,1585,MAPK/RTK,1,28
NYAN,294,1585,Nuclear receptor/xenobiotic,1,28
NYAN,116,673,DNA damage/repair,2,27
NYAN,116,673,Cell cycle/mitosis,1,27
NYAN,116,673,Nuclear receptor/xenobiotic,1,27
NYAN,555,584,Cell cycle/mitosis,1,7
NYAN,1178,1300,DNA damage/repair,1,5
NYAN,1004,1214,Epigenetic/chromatin,1,10
NYAN,1004,1214,Nuclear receptor/xenobiotic,1,10
NYAN,613,812,Cell cycle/mitosis,2,13
NYAN,613,812,Lipid/transport state,1,13
NYAN,613,812,MAPK/RTK,1,13
NYAN,479,1119,Nuclear receptor/xenobiotic,4,28
NYAN,479,1119,Cell cycle/mitosis,1,28
NYAN,205,1300,Cell cycle/mitosis,1,12
NYAN,205,1300,DNA damage/repair,1,12
NYAN,205,1300,Microtubule,1,12
NYAN,334,1719,Nuclear receptor/xenobiotic,4,14
NYAN,334,1719,Cell cycle/mitosis,2,14
NYAN,1052,1697,Cell cycle/mitosis,1,16
NYAN,1052,1697,Lipid/transport state,1,16
NYAN,1052,1697,PI3K/AKT/mTOR,1,16
NYAN,1382,1486,Cell cycle/mitosis,3,23
NYAN,1382,1486,DNA damage/repair,1,23
NYAN,1186,1220,Cell cycle/mitosis,3,35
NYAN,1186,1220,Epigenetic/chromatin,1,35
NYAN,1186,1220,Lipid/transport state,1,35
NYAN,1186,1220,MAPK/RTK,1,35
NYAN,1186,1220,Microtubule,1,35
NYAN,1186,1220,Nuclear receptor/xenobiotic,1,35
NYAN,1186,1220,PI3K/AKT/mTOR,1,35
NYAN,436,1236,Cell cycle/mitosis,1,21
NYAN,436,1236,DNA damage/repair,1,21
NYAN,436,1236,PI3K/AKT/mTOR,1,21
NYAN,1112,1407,Cell cycle/mitosis,1,2
NYAN,806,1112,Nuclear receptor/xenobiotic,1,8
NYAN,449,571,Cell cycle/mitosis,1,19
NYAN,449,571,Lipid/transport state,1,19
NYAN,449,571,PI3K/AKT/mTOR,1,19
NYAN,1186,1763,Cell cycle/mitosis,1,26
NYAN,1186,1763,Epigenetic/chromatin,1,26
NYAN,1186,1763,Lipid/transport state,1,26
NYAN,1186,1763,PI3K/AKT/mTOR,1,26
NYAN,529,1338,Cell cycle/mitosis,1,19
NYAN,217,1052,Cell cycle/mitosis,1,12
NYAN,320,387,Cell cycle/mitosis,2,12
NYAN,320,387,MAPK/RTK,1,12
NYAN,320,387,Nuclear receptor/xenobiotic,1,12
NYAN,1079,1787,Nuclear receptor/xenobiotic,3,26
NYAN,1079,1787,MAPK/RTK,1,26
NYAN,1079,1787,PI3K/AKT/mTOR,1,26
NYAN,33,358,Epigenetic/chromatin,1,30
NYAN,33,358,Microtubule,1,30
NYAN,33,358,PI3K/AKT/mTOR,1,30
NYAN,27,1236,Cell cycle/mitosis,1,21
NYAN,27,1236,MAPK/RTK,1,21
NYAN,460,632,Lipid/transport state,3,14
NYAN,460,632,Cell cycle/mitosis,1,14
NYAN,613,1043,Lipid/transport state,1,13
NYAN,174,1445,MAPK/RTK,1,3
NYAN,83,309,Cell cycle/mitosis,2,21
NYAN,592,942,Cell cycle/mitosis,2,20
NYAN,592,942,DNA damage/repair,1,20
NYAN,592,942,Nuclear receptor/xenobiotic,1,20
NYAN,105,1238,Cell cycle/mitosis,1,27
NYAN,200,340,Nuclear receptor/xenobiotic,2,21
NYAN,200,340,Cell cycle/mitosis,1,21
NYAN,200,340,PI3K/AKT/mTOR,1,21
NYAN,571,613,Cell cycle/mitosis,1,10
NYAN,571,613,Lipid/transport state,1,10
NYAN,232,698,Cell cycle/mitosis,1,37
NYAN,232,698,Lipid/transport state,1,37
NYAN,232,698,MAPK/RTK,1,37
NYAN,232,698,Nuclear receptor/xenobiotic,1,37
NYAN,232,698,PI3K/AKT/mTOR,1,37
NYAN,449,1489,Cell cycle/mitosis,1,16
NYAN,334,613,Cell cycle/mitosis,2,4
NYAN,861,1330,Cell cycle/mitosis,1,17
NYAN,861,1330,Epigenetic/chromatin,1,17
NYAN,861,1330,Microtubule,1,17
NYAN,358,1451,Epigenetic/chromatin,1,20
NYAN,358,1451,PI3K/AKT/mTOR,1,20
NYAN,592,865,Nuclear receptor/xenobiotic,1,17
NYAN,571,1489,Nuclear receptor/xenobiotic,3,26
NYAN,571,1489,Cell cycle/mitosis,1,26
NYAN,571,1489,DNA damage/repair,1,26
NYAN,85,436,Cell cycle/mitosis,1,16
NYAN,85,436,Lipid/transport state,1,16
NYAN,116,449,Cell cycle/mitosis,1,18
NYAN,116,449,MAPK/RTK,1,18
NYAN,116,449,PI3K/AKT/mTOR,1,18
NYAN,1300,1470,DNA damage/repair,1,8
NYAN,794,1300,Cell cycle/mitosis,1,12
NYAN,794,1300,DNA damage/repair,1,12
NYAN,794,1300,Microtubule,1,12
NYAN,436,1382,Cell cycle/mitosis,2,25
NYAN,436,1382,DNA damage/repair,1,25
NYAN,958,1186,Cell cycle/mitosis,2,24
NYAN,958,1186,MAPK/RTK,1,24
NYAN,83,1235,Cell cycle/mitosis,1,20
NYAN,83,1235,DNA damage/repair,1,20
NYAN,83,1235,PI3K/AKT/mTOR,1,20
NYAN,300,1846,Cell cycle/mitosis,1,25
NYAN,300,1846,Epigenetic/chromatin,1,25
NYAN,300,1846,Lipid/transport state,1,25
NYAN,178,334,DNA damage/repair,1,7
NYAN,227,1323,Cell cycle/mitosis,2,30
NYAN,227,1323,DNA damage/repair,2,30
NYAN,227,1323,PI3K/AKT/mTOR,1,30
NYAN,387,613,Cell cycle/mitosis,1,6
NYAN,283,586,Cell cycle/mitosis,2,24
NYAN,283,586,PI3K/AKT/mTOR,1,24
NYAN,178,314,DNA damage/repair,1,1
NYAN,314,334,Cell cycle/mitosis,1,5
NYAN,314,334,Nuclear receptor/xenobiotic,1,5
NYAN,100,1647,Cell cycle/mitosis,2,28
NYAN,673,865,Nuclear receptor/xenobiotic,2,20
NYAN,514,1238,Cell cycle/mitosis,2,18
NYAN,514,1238,MAPK/RTK,1,18
NYAN,1186,1382,Cell cycle/mitosis,4,26
NYAN,1073,1079,MAPK/RTK,2,31
NYAN,1073,1079,Cell cycle/mitosis,1,31
NYAN,1073,1079,PI3K/AKT/mTOR,1,31
NYAN,51,334,Cell cycle/mitosis,2,9
NYAN,219,1175,Cell cycle/mitosis,1,13
NYAN,219,1175,PI3K/AKT/mTOR,1,13
NYAN,332,1709,Lipid/transport state,1,10
NYAN,94,817,Cell cycle/mitosis,2,30
NYAN,94,817,DNA damage/repair,1,30
NYAN,94,817,Lipid/transport state,1,30
NYAN,94,817,PI3K/AKT/mTOR,1,30
NYAN,205,1470,DNA damage/repair,3,14
NYAN,205,1470,Cell cycle/mitosis,2,14
NYAN,205,1470,MAPK/RTK,1,14
NYAN,205,1470,Nuclear receptor/xenobiotic,1,14
NYAN,1330,1451,Cell cycle/mitosis,1,17
NYAN,1330,1451,Epigenetic/chromatin,1,17
NYAN,1330,1451,PI3K/AKT/mTOR,1,17
NYAN,116,958,Cell cycle/mitosis,2,38
NYAN,116,958,DNA damage/repair,2,38
NYAN,116,958,MAPK/RTK,1,38
NYAN,116,958,Microtubule,1,38
NYAN,685,1382,Cell cycle/mitosis,2,20
NYAN,673,1076,DNA damage/repair,1,6
NYAN,1043,1739,Lipid/transport state,1,20
NYAN,1486,1649,Cell cycle/mitosis,3,25
NYAN,396,1220,Cell cycle/mitosis,1,37
NYAN,396,1220,Epigenetic/chromatin,1,37
NYAN,396,1220,Lipid/transport state,1,37
NYAN,396,1220,MAPK/RTK,1,37
NYAN,396,1220,PI3K/AKT/mTOR,1,37
NYAN,571,1597,Nuclear receptor/xenobiotic,4,14
NYAN,571,1597,Cell cycle/mitosis,1,14
NYAN,571,1597,PI3K/AKT/mTOR,1,14
NYAN,33,116,Cell cycle/mitosis,2,26
NYAN,33,116,MAPK/RTK,1,26
NYAN,33,116,Nuclear receptor/xenobiotic,1,26
NYAN,33,116,PI3K/AKT/mTOR,1,26
NYAN,120,1110,Epigenetic/chromatin,1,21
NYAN,942,1359,Cell cycle/mitosis,1,11
NYAN,942,1359,Nuclear receptor/xenobiotic,1,11
NYAN,817,1451,Cell cycle/mitosis,2,19
NYAN,817,1451,PI3K/AKT/mTOR,1,19
NYAN,1220,1763,Cell cycle/mitosis,1,34
NYAN,1220,1763,Epigenetic/chromatin,1,34
NYAN,1220,1763,Lipid/transport state,1,34
NYAN,1220,1763,PI3K/AKT/mTOR,1,34
NYAN,13,94,Cell cycle/mitosis,2,29
NYAN,13,94,DNA damage/repair,1,29
NYAN,13,94,PI3K/AKT/mTOR,1,29
NYAN,1060,1428,Nuclear receptor/xenobiotic,1,3
NYAN,0,586,Cell cycle/mitosis,2,28
NYAN,0,586,PI3K/AKT/mTOR,1,28
NYAN,1080,1489,Nuclear receptor/xenobiotic,2,27
NYAN,1080,1489,Cell cycle/mitosis,1,27
NYAN,1080,1489,DNA damage/repair,1,27
NYAN,1080,1489,MAPK/RTK,1,27
NYAN,309,1067,Epigenetic/chromatin,1,5
NYAN,309,1067,MAPK/RTK,1,5
NYAN,529,1315,MAPK/RTK,1,7
NYAN,546,898,MAPK/RTK,1,10
NYAN,546,898,Nuclear receptor/xenobiotic,1,10
NYAN,296,571,Nuclear receptor/xenobiotic,2,16
NYAN,296,571,Cell cycle/mitosis,1,16
NYAN,156,232,Nuclear receptor/xenobiotic,1,16
NYAN,300,1647,Cell cycle/mitosis,1,27
NYAN,300,1647,Lipid/transport state,1,27
NYAN,300,1647,MAPK/RTK,1,27
NYAN,816,1637,Cell cycle/mitosis,1,18
NYAN,816,1637,Nuclear receptor/xenobiotic,1,18
NYAN,1220,1716,Cell cycle/mitosis,1,31
NYAN,1220,1716,DNA damage/repair,1,31
NYAN,1220,1716,PI3K/AKT/mTOR,1,31
NYAN,713,1220,Microtubule,1,20
NYAN,713,1220,Nuclear receptor/xenobiotic,1,20
NYAN,51,232,Cell cycle/mitosis,1,36
NYAN,51,232,Lipid/transport state,1,36
NYAN,51,232,MAPK/RTK,1,36
NYAN,1236,1763,Cell cycle/mitosis,1,27
NYAN,1236,1763,MAPK/RTK,1,27
NYAN,1236,1763,PI3K/AKT/mTOR,1,27
NYAN,1220,1382,Cell cycle/mitosis,2,29
NYAN,1220,1382,DNA damage/repair,1,29
NYAN,613,1719,Cell cycle/mitosis,1,4
NYAN,389,514,MAPK/RTK,1,18
NYAN,389,514,Nuclear receptor/xenobiotic,1,18
NYAN,534,1112,Nuclear receptor/xenobiotic,1,14
NYAN,461,1079,MAPK/RTK,2,39
NYAN,461,1079,Cell cycle/mitosis,1,39
NYAN,461,1079,Epigenetic/chromatin,1,39
NYAN,461,1079,Nuclear receptor/xenobiotic,1,39
NYAN,461,1079,PI3K/AKT/mTOR,1,39
NYAN,1236,1716,Cell cycle/mitosis,1,24
NYAN,1236,1716,DNA damage/repair,1,24
NYAN,1236,1716,PI3K/AKT/mTOR,1,24
NYAN,1585,1637,Cell cycle/mitosis,1,19
NYAN,1585,1637,Nuclear receptor/xenobiotic,1,19
NYAN,449,1220,Cell cycle/mitosis,2,21
NYAN,449,1220,Lipid/transport state,1,21
NYAN,449,1220,Microtubule,1,21
NYAN,449,1220,PI3K/AKT/mTOR,1,21
NYAN,1238,1739,Cell cycle/mitosis,1,23
NYAN,246,436,Cell cycle/mitosis,2,23
NYAN,51,613,Cell cycle/mitosis,2,13
NYAN,51,613,Lipid/transport state,1,13
NYAN,816,1067,Epigenetic/chromatin,1,4
NYAN,613,1238,Cell cycle/mitosis,2,5
NYAN,187,681,MAPK/RTK,2,24
NYAN,187,681,Nuclear receptor/xenobiotic,2,24
NYAN,187,681,Cell cycle/mitosis,1,24
NYAN,187,681,DNA damage/repair,1,24
NYAN,187,681,PI3K/AKT/mTOR,1,24
NYAN,1338,1382,Cell cycle/mitosis,4,17
NYAN,151,1110,Nuclear receptor/xenobiotic,1,9
NYAN,942,1854,DNA damage/repair,1,9
NYAN,1445,1763,Cell cycle/mitosis,1,10
NYAN,1445,1763,PI3K/AKT/mTOR,1,10
NYAN,187,514,Cell cycle/mitosis,4,21
NYAN,187,514,DNA damage/repair,2,21
NYAN,187,514,Nuclear receptor/xenobiotic,1,21
NYAN,613,1382,Cell cycle/mitosis,1,11
NYAN,613,1382,Nuclear receptor/xenobiotic,1,11
NYAN,1315,1389,MAPK/RTK,1,4
NYAN,1501,1709,Nuclear receptor/xenobiotic,1,18
NYAN,387,528,Cell cycle/mitosis,1,31
NYAN,387,528,DNA damage/repair,1,31
NYAN,387,528,MAPK/RTK,1,31
NYAN,387,528,Nuclear receptor/xenobiotic,1,31
NYAN,187,450,Cell cycle/mitosis,4,32
NYAN,187,450,DNA damage/repair,2,32
NYAN,187,450,Microtubule,1,32
NYAN,187,450,Nuclear receptor/xenobiotic,1,32
NYAN,187,450,PI3K/AKT/mTOR,1,32
NYAN,1585,1763,Cell cycle/mitosis,2,30
NYAN,1585,1763,Epigenetic/chromatin,1,30
NYAN,1585,1763,PI3K/AKT/mTOR,1,30
NYAN,529,1169,Cell cycle/mitosis,1,9
NYAN,636,1451,PI3K/AKT/mTOR,2,13
NYAN,636,1451,Cell cycle/mitosis,1,13
NYAN,1236,1382,Cell cycle/mitosis,3,24
NYAN,1236,1382,DNA damage/repair,1,24
NYAN,449,1763,Cell cycle/mitosis,1,18
NYAN,449,1763,Lipid/transport state,1,18
NYAN,449,1763,MAPK/RTK,1,18
NYAN,449,1763,PI3K/AKT/mTOR,1,18
NYAN,389,673,Nuclear receptor/xenobiotic,2,26
NYAN,389,673,Cell cycle/mitosis,1,26
NYAN,116,227,Cell cycle/mitosis,2,34
NYAN,116,227,DNA damage/repair,2,34
NYAN,116,227,PI3K/AKT/mTOR,1,34
NYAN,1186,1189,Cell cycle/mitosis,2,26
NYAN,1186,1189,Nuclear receptor/xenobiotic,1,26
NYAN,1186,1189,PI3K/AKT/mTOR,1,26
NYAN,334,1185,Cell cycle/mitosis,2,8
NYAN,334,1185,Nuclear receptor/xenobiotic,2,8
NYAN,105,298,MAPK/RTK,1,12
NYAN,1220,1489,Cell cycle/mitosis,1,26
NYAN,1220,1489,DNA damage/repair,1,26
NYAN,1220,1489,MAPK/RTK,1,26
NYAN,402,1627,DNA damage/repair,2,14
NYAN,402,1627,Nuclear receptor/xenobiotic,1,14
NYAN,367,525,Lipid/transport state,1,28
NYAN,273,1119,Cell cycle/mitosis,2,31
NYAN,273,1119,PI3K/AKT/mTOR,1,31
NYAN,219,1052,PI3K/AKT/mTOR,1,11
NYAN,105,314,Nuclear receptor/xenobiotic,1,2
NYAN,912,1553,Cell cycle/mitosis,1,6
NYAN,116,713,Nuclear receptor/xenobiotic,2,19
NYAN,116,713,Microtubule,1,19
NYAN,105,555,Cell cycle/mitosis,1,4
NYAN,396,1043,Lipid/transport state,1,21
NYAN,396,1043,Nuclear receptor/xenobiotic,1,21
NYAN,396,1043,PI3K/AKT/mTOR,1,21
NYAN,33,1214,Epigenetic/chromatin,1,21
NYAN,33,1214,Nuclear receptor/xenobiotic,1,21
NYAN,320,1236,Nuclear receptor/xenobiotic,2,13
NYAN,320,1236,Cell cycle/mitosis,1,13
NYAN,320,1236,MAPK/RTK,1,13
NYAN,320,1236,PI3K/AKT/mTOR,1,13
NYAN,105,1719,Nuclear receptor/xenobiotic,2,16
NYAN,105,1719,Cell cycle/mitosis,1,16
NYAN,105,1719,MAPK/RTK,1,16
NYAN,33,673,Cell cycle/mitosis,1,24
NYAN,33,673,Epigenetic/chromatin,1,24
NYAN,33,673,Nuclear receptor/xenobiotic,1,24
NYAN,33,673,PI3K/AKT/mTOR,1,24
NYAN,116,1043,PI3K/AKT/mTOR,1,21
NYAN,1238,1359,Cell cycle/mitosis,1,6
NYAN,421,672,Cell cycle/mitosis,1,19
NYAN,421,672,DNA damage/repair,1,19
NYAN,421,672,Lipid/transport state,1,19
NYAN,421,672,PI3K/AKT/mTOR,1,19
NYAN,570,1739,Cell cycle/mitosis,1,17
NYAN,1186,1238,Cell cycle/mitosis,2,21
NYAN,87,1073,MAPK/RTK,2,20
NYAN,87,1073,Nuclear receptor/xenobiotic,1,20
NYAN,87,1073,PI3K/AKT/mTOR,1,20
NYAN,218,1318,Lipid/transport state,1,15
NYAN,218,1318,Nuclear receptor/xenobiotic,1,15
NYAN,794,1428,Cell cycle/mitosis,1,5
NYAN,794,1428,Nuclear receptor/xenobiotic,1,5
NYAN,794,1428,Proteostasis,1,5
NYAN,1189,1236,Nuclear receptor/xenobiotic,2,31
NYAN,1189,1236,Cell cycle/mitosis,1,31
NYAN,1189,1236,PI3K/AKT/mTOR,1,31
NYAN,613,1739,Cell cycle/mitosis,1,9
NYAN,613,1739,Lipid/transport state,1,9
NYAN,219,976,PI3K/AKT/mTOR,1,15
NYAN,514,1709,Cell cycle/mitosis,1,14
NYAN,514,1709,Nuclear receptor/xenobiotic,1,14
NYAN,300,367,Lipid/transport state,1,21
NYAN,300,367,MAPK/RTK,1,21
NYAN,641,1269,Nuclear receptor/xenobiotic,2,29
NYAN,641,1269,PI3K/AKT/mTOR,2,29
NYAN,641,1269,Cell cycle/mitosis,1,29
NYAN,641,1269,Microtubule,1,29
NYAN,641,1269,Proteostasis,1,29
NYAN,51,178,Lipid/transport state,1,20
NYAN,187,1584,MAPK/RTK,2,19
NYAN,187,1584,DNA damage/repair,1,19
NYAN,187,1584,PI3K/AKT/mTOR,1,19
NYAN,436,454,Cell cycle/mitosis,2,32
NYAN,436,454,PI3K/AKT/mTOR,2,32
NYAN,436,454,DNA damage/repair,1,32
NYAN,33,1585,Cell cycle/mitosis,2,29
NYAN,33,1585,Epigenetic/chromatin,1,29
NYAN,33,1585,MAPK/RTK,1,29
NYAN,33,1585,Nuclear receptor/xenobiotic,1,29
NYAN,33,1585,PI3K/AKT/mTOR,1,29
NYAN,1382,1719,Cell cycle/mitosis,1,11
NYAN,1080,1763,Cell cycle/mitosis,2,30
NYAN,1080,1763,Lipid/transport state,1,30
NYAN,1080,1763,PI3K/AKT/mTOR,1,30
NYAN,1186,1739,Cell cycle/mitosis,1,23
NYAN,1186,1739,Lipid/transport state,1,23
NYAN,187,1637,Nuclear receptor/xenobiotic,2,13
NYAN,120,1067,Epigenetic/chromatin,1,8
NYAN,120,1067,MAPK/RTK,1,8
NYAN,379,1043,Nuclear receptor/xenobiotic,1,13
NYAN,841,1763,Cell cycle/mitosis,2,22
NYAN,816,1539,Cell cycle/mitosis,3,23
NYAN,816,1539,DNA damage/repair,1,23
NYAN,816,1539,Nuclear receptor/xenobiotic,1,23
NYAN,379,1597,Nuclear receptor/xenobiotic,3,14
NYAN,379,1597,DNA damage/repair,1,14
NYAN,1186,1486,Cell cycle/mitosis,3,30
NYAN,1186,1486,Nuclear receptor/xenobiotic,3,30
NYAN,1186,1486,MAPK/RTK,1,30
NYAN,1186,1486,PI3K/AKT/mTOR,1,30
NYAN,713,1186,Nuclear receptor/xenobiotic,3,19
NYAN,713,1186,Microtubule,1,19
NYAN,33,1189,Cell cycle/mitosis,2,25
NYAN,33,1189,PI3K/AKT/mTOR,2,25
NYAN,33,1189,Nuclear receptor/xenobiotic,1,25
NYAN,688,1104,Proteostasis,1,1
RDKit2D,481,586,Cell cycle/mitosis,2,22
RDKit2D,481,586,PI3K/AKT/mTOR,1,22
RDKit2D,688,717,Cell cycle/mitosis,3,13
RDKit2D,688,717,Nuclear receptor/xenobiotic,1,13
RDKit2D,334,1220,Cell cycle/mitosis,1,11
RDKit2D,334,1220,DNA damage/repair,1,11
RDKit2D,334,1220,Nuclear receptor/xenobiotic,1,11
RDKit2D,1285,1854,DNA damage/repair,1,27
RDKit2D,861,1330,Cell cycle/mitosis,1,17
RDKit2D,861,1330,Epigenetic/chromatin,1,17
RDKit2D,861,1330,Microtubule,1,17
RDKit2D,187,1186,Cell cycle/mitosis,3,25
RDKit2D,187,1186,MAPK/RTK,1,25
RDKit2D,187,1186,Microtubule,1,25
RDKit2D,187,1186,Nuclear receptor/xenobiotic,1,25
RDKit2D,187,1186,PI3K/AKT/mTOR,1,25
RDKit2D,1128,1169,Cell cycle/mitosis,1,15
RDKit2D,1128,1169,MAPK/RTK,1,15
RDKit2D,436,1716,Cell cycle/mitosis,2,41
RDKit2D,436,1716,PI3K/AKT/mTOR,2,41
RDKit2D,436,1716,DNA damage/repair,1,41
RDKit2D,33,1110,Epigenetic/chromatin,1,18
RDKit2D,633,1213,Nuclear receptor/xenobiotic,3,14
RDKit2D,633,1213,MAPK/RTK,2,14
RDKit2D,232,685,Cell cycle/mitosis,2,26
RDKit2D,232,685,Nuclear receptor/xenobiotic,2,26
RDKit2D,232,685,PI3K/AKT/mTOR,1,26
RDKit2D,191,1564,Cell cycle/mitosis,1,15
RDKit2D,33,309,Cell cycle/mitosis,1,24
RDKit2D,33,309,Epigenetic/chromatin,1,24
RDKit2D,33,309,MAPK/RTK,1,24
RDKit2D,613,1692,Cell cycle/mitosis,1,7
RDKit2D,1323,1649,Cell cycle/mitosis,3,25
RDKit2D,0,100,Cell cycle/mitosis,1,31
RDKit2D,0,100,DNA damage/repair,1,31
RDKit2D,94,302,Cell cycle/mitosis,1,23
RDKit2D,94,302,Lipid/transport state,1,23
RDKit2D,35,571,Nuclear receptor/xenobiotic,4,29
RDKit2D,1382,1719,Cell cycle/mitosis,1,11
RDKit2D,387,1763,Cell cycle/mitosis,1,25
RDKit2D,7,190,Lipid/transport state,1,23
RDKit2D,7,190,Nuclear receptor/xenobiotic,1,23
RDKit2D,13,586,Cell cycle/mitosis,2,24
RDKit2D,13,586,PI3K/AKT/mTOR,1,24
RDKit2D,336,878,Cell cycle/mitosis,2,18
RDKit2D,336,878,Microtubule,1,18
RDKit2D,33,1186,Cell cycle/mitosis,3,30
RDKit2D,33,1186,Epigenetic/chromatin,1,30
RDKit2D,33,1186,MAPK/RTK,1,30
RDKit2D,33,1186,Microtubule,1,30
RDKit2D,33,1186,Nuclear receptor/xenobiotic,1,30
RDKit2D,33,1186,PI3K/AKT/mTOR,1,30
RDKit2D,33,449,Cell cycle/mitosis,1,20
RDKit2D,33,449,Microtubule,1,20
RDKit2D,33,449,Nuclear receptor/xenobiotic,1,20
RDKit2D,33,449,PI3K/AKT/mTOR,1,20
RDKit2D,841,1080,Cell cycle/mitosis,2,24
RDKit2D,841,1080,Nuclear receptor/xenobiotic,2,24
RDKit2D,841,1080,MAPK/RTK,1,24
RDKit2D,232,1004,Cell cycle/mitosis,2,17
RDKit2D,232,1004,MAPK/RTK,1,17
RDKit2D,232,1004,Nuclear receptor/xenobiotic,1,17
RDKit2D,232,1004,PI3K/AKT/mTOR,1,17
RDKit2D,1425,1707,Cell cycle/mitosis,1,7
RDKit2D,226,908,Nuclear receptor/xenobiotic,2,15
RDKit2D,11,820,Cell cycle/mitosis,2,21
RDKit2D,11,820,Nuclear receptor/xenobiotic,2,21
RDKit2D,11,820,PI3K/AKT/mTOR,2,21
RDKit2D,385,1828,MAPK/RTK,2,30
RDKit2D,385,1828,Nuclear receptor/xenobiotic,2,30
RDKit2D,385,1828,DNA damage/repair,1,30
RDKit2D,387,1080,Nuclear receptor/xenobiotic,2,30
RDKit2D,387,1080,Cell cycle/mitosis,1,30
RDKit2D,387,1080,DNA damage/repair,1,30
RDKit2D,387,1080,MAPK/RTK,1,30
RDKit2D,120,1186,Cell cycle/mitosis,1,30
RDKit2D,120,1186,Epigenetic/chromatin,1,30
RDKit2D,120,1186,MAPK/RTK,1,30
RDKit2D,120,1186,Microtubule,1,30
RDKit2D,120,1186,Nuclear receptor/xenobiotic,1,30
RDKit2D,841,1739,Cell cycle/mitosis,1,20
RDKit2D,841,1739,PI3K/AKT/mTOR,1,20
RDKit2D,334,1128,Cell cycle/mitosis,1,7
RDKit2D,116,1486,Cell cycle/mitosis,2,35
RDKit2D,116,1486,Nuclear receptor/xenobiotic,2,35
RDKit2D,116,1486,DNA damage/repair,1,35
RDKit2D,116,1486,MAPK/RTK,1,35
RDKit2D,116,1486,PI3K/AKT/mTOR,1,35
RDKit2D,358,481,Microtubule,1,27
RDKit2D,358,481,PI3K/AKT/mTOR,1,27
RDKit2D,762,1846,Cell cycle/mitosis,1,20
RDKit2D,762,1846,PI3K/AKT/mTOR,1,20
RDKit2D,528,1238,Cell cycle/mitosis,2,27
RDKit2D,865,1119,Nuclear receptor/xenobiotic,2,19
RDKit2D,461,1437,Lipid/transport state,1,32
RDKit2D,461,1437,MAPK/RTK,1,32
RDKit2D,436,976,Cell cycle/mitosis,2,35
RDKit2D,436,976,PI3K/AKT/mTOR,2,35
RDKit2D,886,976,MAPK/RTK,1,19
RDKit2D,886,976,Nuclear receptor/xenobiotic,1,19
RDKit2D,586,1235,Cell cycle/mitosis,1,16
RDKit2D,586,1235,Nuclear receptor/xenobiotic,1,16
RDKit2D,586,1235,PI3K/AKT/mTOR,1,16
RDKit2D,156,232,Nuclear receptor/xenobiotic,1,16
RDKit2D,51,232,Cell cycle/mitosis,1,36
RDKit2D,51,232,Lipid/transport state,1,36
RDKit2D,51,232,MAPK/RTK,1,36
RDKit2D,87,844,Nuclear receptor/xenobiotic,2,26
RDKit2D,87,844,Epigenetic/chromatin,1,26
RDKit2D,87,844,PI3K/AKT/mTOR,1,26
RDKit2D,232,1220,Cell cycle/mitosis,3,35
RDKit2D,232,1220,Lipid/transport state,1,35
RDKit2D,232,1220,MAPK/RTK,1,35
RDKit2D,232,1220,Nuclear receptor/xenobiotic,1,35
RDKit2D,232,1220,PI3K/AKT/mTOR,1,35
RDKit2D,99,439,Cell cycle/mitosis,3,28
RDKit2D,99,439,MAPK/RTK,3,28
RDKit2D,99,439,Microtubule,1,28
RDKit2D,99,439,PI3K/AKT/mTOR,1,28
RDKit2D,273,1080,Cell cycle/mitosis,1,27
RDKit2D,273,1080,PI3K/AKT/mTOR,1,27
RDKit2D,1076,1081,Nuclear receptor/xenobiotic,1,9
RDKit2D,436,1189,Cell cycle/mitosis,2,25
RDKit2D,436,1189,PI3K/AKT/mTOR,2,25
RDKit2D,171,367,Nuclear receptor/xenobiotic,2,26
RDKit2D,171,367,Lipid/transport state,1,26
RDKit2D,688,1709,Cell cycle/mitosis,1,24
RDKit2D,688,1709,Nuclear receptor/xenobiotic,1,24
RDKit2D,688,1709,Proteostasis,1,24
RDKit2D,534,570,Cell cycle/mitosis,1,19
RDKit2D,534,570,Epigenetic/chromatin,1,19
RDKit2D,534,570,Nuclear receptor/xenobiotic,1,19
RDKit2D,116,1584,DNA damage/repair,1,22
RDKit2D,116,1584,MAPK/RTK,1,22
RDKit2D,116,1584,PI3K/AKT/mTOR,1,22
RDKit2D,673,1235,DNA damage/repair,1,15
RDKit2D,673,1235,Nuclear receptor/xenobiotic,1,15
RDKit2D,673,1235,PI3K/AKT/mTOR,1,15
RDKit2D,1043,1241,Nuclear receptor/xenobiotic,1,6
RDKit2D,514,1186,Cell cycle/mitosis,2,19
RDKit2D,514,1186,Nuclear receptor/xenobiotic,1,19
RDKit2D,1043,1186,Lipid/transport state,1,19
RDKit2D,1043,1186,Nuclear receptor/xenobiotic,1,19
RDKit2D,1043,1186,PI3K/AKT/mTOR,1,19
RDKit2D,1649,1763,Cell cycle/mitosis,2,29
RDKit2D,1649,1763,MAPK/RTK,1,29
RDKit2D,1649,1763,Proteostasis,1,29
RDKit2D,841,1486,Cell cycle/mitosis,3,29
RDKit2D,841,1486,Nuclear receptor/xenobiotic,2,29
RDKit2D,841,1486,MAPK/RTK,1,29
RDKit2D,841,1486,PI3K/AKT/mTOR,1,29
RDKit2D,350,1047,Nuclear receptor/xenobiotic,3,26
RDKit2D,350,1047,Cell cycle/mitosis,1,26
RDKit2D,350,1047,Lipid/transport state,1,26
RDKit2D,350,1047,MAPK/RTK,1,26
RDKit2D,226,358,Cell cycle/mitosis,1,15
RDKit2D,35,1236,Nuclear receptor/xenobiotic,5,30
RDKit2D,35,1236,Cell cycle/mitosis,1,30
RDKit2D,232,1196,Cell cycle/mitosis,1,26
RDKit2D,232,1196,MAPK/RTK,1,26
RDKit2D,232,1196,PI3K/AKT/mTOR,1,26
RDKit2D,94,586,Cell cycle/mitosis,3,32
RDKit2D,94,586,Nuclear receptor/xenobiotic,2,32
RDKit2D,94,586,MAPK/RTK,1,32
RDKit2D,94,586,PI3K/AKT/mTOR,1,32
RDKit2D,87,100,Nuclear receptor/xenobiotic,1,19
RDKit2D,1047,1707,Cell cycle/mitosis,3,32
RDKit2D,1047,1707,Nuclear receptor/xenobiotic,2,32
RDKit2D,1047,1707,Lipid/transport state,1,32
RDKit2D,1047,1707,MAPK/RTK,1,32
RDKit2D,1047,1707,PI3K/AKT/mTOR,1,32
RDKit2D,87,1420,MAPK/RTK,1,22
RDKit2D,87,1420,Nuclear receptor/xenobiotic,1,22
RDKit2D,87,1420,PI3K/AKT/mTOR,1,22
RDKit2D,171,1211,DNA damage/repair,1,23
RDKit2D,1226,1235,Cell cycle/mitosis,1,20
RDKit2D,1226,1235,Nuclear receptor/xenobiotic,1,20
RDKit2D,1226,1235,PI3K/AKT/mTOR,1,20
RDKit2D,195,562,Cell cycle/mitosis,1,12
RDKit2D,195,562,DNA damage/repair,1,12
RDKit2D,195,562,Microtubule,1,12
RDKit2D,174,1445,MAPK/RTK,1,3
RDKit2D,1069,1181,DNA damage/repair,1,18
RDKit2D,673,865,Nuclear receptor/xenobiotic,2,20
RDKit2D,232,673,Cell cycle/mitosis,1,21
RDKit2D,232,673,Nuclear receptor/xenobiotic,1,21
RDKit2D,673,1196,Cell cycle/mitosis,2,26
RDKit2D,673,1196,DNA damage/repair,1,26
RDKit2D,673,1196,Nuclear receptor/xenobiotic,1,26
RDKit2D,673,1196,PI3K/AKT/mTOR,1,26
RDKit2D,592,1185,Cell cycle/mitosis,1,12
RDKit2D,592,1185,Nuclear receptor/xenobiotic,1,12
RDKit2D,841,1835,Nuclear receptor/xenobiotic,1,15
RDKit2D,334,1598,Nuclear receptor/xenobiotic,1,5
RDKit2D,283,627,Cell cycle/mitosis,2,18
RDKit2D,283,627,DNA damage/repair,1,18
RDKit2D,283,627,Microtubule,1,18
RDKit2D,283,627,PI3K/AKT/mTOR,1,18
RDKit2D,1210,1328,DNA damage/repair,1,6
RDKit2D,33,806,Cell cycle/mitosis,1,15
RDKit2D,33,806,MAPK/RTK,1,15
RDKit2D,33,806,Nuclear receptor/xenobiotic,1,15
RDKit2D,958,1169,Cell cycle/mitosis,1,13
RDKit2D,958,1169,DNA damage/repair,1,13
RDKit2D,529,1315,MAPK/RTK,1,7
RDKit2D,460,632,Lipid/transport state,3,14
RDKit2D,460,632,Cell cycle/mitosis,1,14
RDKit2D,1043,1220,Lipid/transport state,1,22
RDKit2D,1043,1220,PI3K/AKT/mTOR,1,22
RDKit2D,1236,1649,Cell cycle/mitosis,1,21
RDKit2D,1236,1649,MAPK/RTK,1,21
RDKit2D,100,1647,Cell cycle/mitosis,2,28
RDKit2D,841,1081,Nuclear receptor/xenobiotic,4,29
RDKit2D,841,1081,Cell cycle/mitosis,2,29
RDKit2D,841,1081,DNA damage/repair,1,29
RDKit2D,592,865,Nuclear receptor/xenobiotic,1,17
RDKit2D,1186,1585,Cell cycle/mitosis,2,29
RDKit2D,1186,1585,Epigenetic/chromatin,1,29
RDKit2D,1186,1585,MAPK/RTK,1,29
RDKit2D,1186,1585,Nuclear receptor/xenobiotic,1,29
RDKit2D,1186,1585,PI3K/AKT/mTOR,1,29
RDKit2D,232,1382,Cell cycle/mitosis,2,25
RDKit2D,1214,1277,Epigenetic/chromatin,1,19
RDKit2D,1214,1277,MAPK/RTK,1,19
RDKit2D,116,1043,PI3K/AKT/mTOR,1,21
RDKit2D,232,334,Nuclear receptor/xenobiotic,3,9
RDKit2D,232,334,Cell cycle/mitosis,1,9
RDKit2D,33,358,Epigenetic/chromatin,1,30
RDKit2D,33,358,Microtubule,1,30
RDKit2D,33,358,PI3K/AKT/mTOR,1,30
RDKit2D,116,336,DNA damage/repair,2,25
RDKit2D,116,336,Cell cycle/mitosis,1,25
RDKit2D,116,336,PI3K/AKT/mTOR,1,25
RDKit2D,762,1420,Cell cycle/mitosis,1,30
RDKit2D,762,1420,MAPK/RTK,1,30
RDKit2D,762,1420,PI3K/AKT/mTOR,1,30
RDKit2D,178,613,Lipid/transport state,1,13
RDKit2D,1486,1719,Nuclear receptor/xenobiotic,3,16
RDKit2D,1486,1719,Cell cycle/mitosis,2,16
RDKit2D,1486,1719,MAPK/RTK,1,16
RDKit2D,227,1189,Cell cycle/mitosis,2,29
RDKit2D,227,1189,PI3K/AKT/mTOR,2,29
RDKit2D,1043,1389,Lipid/transport state,1,23
RDKit2D,1043,1389,Nuclear receptor/xenobiotic,1,23
RDKit2D,1043,1389,PI3K/AKT/mTOR,1,23
RDKit2D,1169,1739,Cell cycle/mitosis,2,8
RDKit2D,33,1585,Cell cycle/mitosis,2,29
RDKit2D,33,1585,Epigenetic/chromatin,1,29
RDKit2D,33,1585,MAPK/RTK,1,29
RDKit2D,33,1585,Nuclear receptor/xenobiotic,1,29
RDKit2D,33,1585,PI3K/AKT/mTOR,1,29
RDKit2D,816,1181,Cell cycle/mitosis,1,15
RDKit2D,816,1181,DNA damage/repair,1,15
RDKit2D,816,1181,Epigenetic/chromatin,1,15
RDKit2D,816,1181,Nuclear receptor/xenobiotic,1,15
RDKit2D,820,1805,Cell cycle/mitosis,1,8
RDKit2D,83,673,Cell cycle/mitosis,2,32
RDKit2D,83,673,DNA damage/repair,1,32
RDKit2D,83,673,Nuclear receptor/xenobiotic,1,32
RDKit2D,83,673,PI3K/AKT/mTOR,1,32
RDKit2D,673,958,DNA damage/repair,2,26
RDKit2D,673,958,Cell cycle/mitosis,1,26
RDKit2D,673,958,Nuclear receptor/xenobiotic,1,26
RDKit2D,200,235,Cell cycle/mitosis,3,29
RDKit2D,200,235,Nuclear receptor/xenobiotic,3,29
RDKit2D,200,235,PI3K/AKT/mTOR,1,29
RDKit2D,35,232,Nuclear receptor/xenobiotic,4,34
RDKit2D,35,232,Cell cycle/mitosis,1,34
RDKit2D,673,1486,Cell cycle/mitosis,2,29
RDKit2D,673,1486,Nuclear receptor/xenobiotic,2,29
RDKit2D,673,1486,DNA damage/repair,1,29
RDKit2D,673,1486,PI3K/AKT/mTOR,1,29
RDKit2D,187,450,Cell cycle/mitosis,4,32
RDKit2D,187,450,DNA damage/repair,2,32
RDKit2D,187,450,Microtubule,1,32
RDKit2D,187,450,Nuclear receptor/xenobiotic,1,32
RDKit2D,187,450,PI3K/AKT/mTOR,1,32
RDKit2D,479,571,Nuclear receptor/xenobiotic,5,37
RDKit2D,479,571,Cell cycle/mitosis,2,37
RDKit2D,479,571,PI3K/AKT/mTOR,1,37
RDKit2D,302,1739,Lipid/transport state,1,23
RDKit2D,303,672,Cell cycle/mitosis,1,34
RDKit2D,303,672,Epigenetic/chromatin,1,34
RDKit2D,303,672,MAPK/RTK,1,34
RDKit2D,303,672,Nuclear receptor/xenobiotic,1,34
RDKit2D,303,672,PI3K/AKT/mTOR,1,34
RDKit2D,1080,1323,Cell cycle/mitosis,2,35
RDKit2D,1080,1323,Nuclear receptor/xenobiotic,2,35
RDKit2D,1080,1323,DNA damage/repair,1,35
RDKit2D,1080,1323,MAPK/RTK,1,35
RDKit2D,1080,1323,PI3K/AKT/mTOR,1,35
RDKit2D,314,1236,Cell cycle/mitosis,1,5
RDKit2D,314,1236,Nuclear receptor/xenobiotic,1,5
RDKit2D,232,1486,Nuclear receptor/xenobiotic,4,37
RDKit2D,232,1486,Cell cycle/mitosis,3,37
RDKit2D,232,1486,MAPK/RTK,1,37
RDKit2D,232,1486,PI3K/AKT/mTOR,1,37
RDKit2D,120,309,MAPK/RTK,2,30
RDKit2D,120,309,Cell cycle/mitosis,1,30
RDKit2D,120,309,Epigenetic/chromatin,1,30
RDKit2D,120,309,Nuclear receptor/xenobiotic,1,30
RDKit2D,1119,1539,Cell cycle/mitosis,3,33
RDKit2D,1119,1539,Nuclear receptor/xenobiotic,2,33
RDKit2D,1119,1539,DNA damage/repair,1,33
RDKit2D,1119,1539,PI3K/AKT/mTOR,1,33
RDKit2D,1236,1323,Nuclear receptor/xenobiotic,3,33
RDKit2D,1236,1323,Cell cycle/mitosis,2,33
RDKit2D,1236,1323,DNA damage/repair,1,33
RDKit2D,1236,1323,MAPK/RTK,1,33
RDKit2D,1236,1323,PI3K/AKT/mTOR,1,33
RDKit2D,1011,1235,PI3K/AKT/mTOR,2,21
RDKit2D,1011,1235,Cell cycle/mitosis,1,21
RDKit2D,1011,1235,Microtubule,1,21
RDKit2D,528,1835,Cell cycle/mitosis,1,23
RDKit2D,528,1835,Lipid/transport state,1,23
RDKit2D,528,1119,Nuclear receptor/xenobiotic,2,30
RDKit2D,528,1119,Cell cycle/mitosis,1,30
RDKit2D,528,1119,DNA damage/repair,1,30
RDKit2D,528,1119,PI3K/AKT/mTOR,1,30
RDKit2D,1468,1598,Lipid/transport state,1,5
RDKit2D,283,860,Cell cycle/mitosis,1,10
RDKit2D,1236,1716,Cell cycle/mitosis,1,24
RDKit2D,1236,1716,DNA damage/repair,1,24
RDKit2D,1236,1716,PI3K/AKT/mTOR,1,24
RDKit2D,556,1680,MAPK/RTK,1,12
RDKit2D,273,387,Cell cycle/mitosis,2,32
RDKit2D,273,387,Epigenetic/chromatin,1,32
RDKit2D,265,1805,Nuclear receptor/xenobiotic,3,18
RDKit2D,265,1805,Cell cycle/mitosis,2,18
RDKit2D,265,1805,Lipid/transport state,1,18
RDKit2D,0,300,Cell cycle/mitosis,1,25
RDKit2D,0,300,Lipid/transport state,1,25
RDKit2D,232,1389,Cell cycle/mitosis,3,27
RDKit2D,232,1389,MAPK/RTK,2,27
RDKit2D,232,1389,Lipid/transport state,1,27
RDKit2D,232,1389,Nuclear receptor/xenobiotic,1,27
RDKit2D,232,1389,PI3K/AKT/mTOR,1,27
RDKit2D,232,387,Cell cycle/mitosis,1,28
RDKit2D,232,387,MAPK/RTK,1,28
RDKit2D,232,387,Nuclear receptor/xenobiotic,1,28
RDKit2D,1080,1382,Cell cycle/mitosis,2,26
RDKit2D,1080,1382,DNA damage/repair,1,26
RDKit2D,1186,1220,Cell cycle/mitosis,3,35
RDKit2D,1186,1220,Epigenetic/chromatin,1,35
RDKit2D,1186,1220,Lipid/transport state,1,35
RDKit2D,1186,1220,MAPK/RTK,1,35
RDKit2D,1186,1220,Microtubule,1,35
RDKit2D,1186,1220,Nuclear receptor/xenobiotic,1,35
RDKit2D,1186,1220,PI3K/AKT/mTOR,1,35
RDKit2D,31,1787,Nuclear receptor/xenobiotic,3,25
RDKit2D,31,1787,MAPK/RTK,1,25
RDKit2D,592,717,Cell cycle/mitosis,2,31
RDKit2D,592,717,DNA damage/repair,2,31
RDKit2D,592,717,Nuclear receptor/xenobiotic,2,31
RDKit2D,592,717,Lipid/transport state,1,31
RDKit2D,1410,1470,MAPK/RTK,1,2
RDKit2D,1420,1781,Cell cycle/mitosis,1,24
RDKit2D,87,1341,MAPK/RTK,1,19
RDKit2D,87,1341,PI3K/AKT/mTOR,1,19
RDKit2D,83,1178,Cell cycle/mitosis,1,13
RDKit2D,83,1178,DNA damage/repair,1,13
RDKit2D,1080,1112,Cell cycle/mitosis,1,20
RDKit2D,436,1382,Cell cycle/mitosis,2,25
RDKit2D,436,1382,DNA damage/repair,1,25
RDKit2D,1196,1401,Cell cycle/mitosis,2,31
RDKit2D,1196,1401,PI3K/AKT/mTOR,2,31
RDKit2D,1196,1401,DNA damage/repair,1,31
RDKit2D,227,841,Cell cycle/mitosis,2,26
RDKit2D,227,841,DNA damage/repair,1,26
RDKit2D,227,841,PI3K/AKT/mTOR,1,26
RDKit2D,283,1451,Cell cycle/mitosis,2,20
RDKit2D,283,1451,Epigenetic/chromatin,1,20
RDKit2D,283,1451,PI3K/AKT/mTOR,1,20
RDKit2D,178,334,DNA damage/repair,1,7
RDKit2D,302,1214,Cell cycle/mitosis,1,26
RDKit2D,613,812,Cell cycle/mitosis,2,13
RDKit2D,613,812,Lipid/transport state,1,13
RDKit2D,613,812,MAPK/RTK,1,13
RDKit2D,1323,1489,Cell cycle/mitosis,2,30
RDKit2D,1323,1489,Nuclear receptor/xenobiotic,2,30
RDKit2D,1323,1489,DNA damage/repair,1,30
RDKit2D,1323,1489,MAPK/RTK,1,30
RDKit2D,402,1627,DNA damage/repair,2,14
RDKit2D,402,1627,Nuclear receptor/xenobiotic,1,14
RDKit2D,232,1214,MAPK/RTK,1,27
RDKit2D,232,1214,Nuclear receptor/xenobiotic,1,27
RDKit2D,1112,1649,Nuclear receptor/xenobiotic,1,25
RDKit2D,1112,1649,Proteostasis,1,25
RDKit2D,314,334,Cell cycle/mitosis,1,5
RDKit2D,314,334,Nuclear receptor/xenobiotic,1,5
RDKit2D,227,1486,Cell cycle/mitosis,2,33
RDKit2D,227,1486,PI3K/AKT/mTOR,2,33
RDKit2D,227,1486,DNA damage/repair,1,33
RDKit2D,51,1238,Cell cycle/mitosis,1,31
RDKit2D,51,1238,MAPK/RTK,1,31
RDKit2D,35,1186,Nuclear receptor/xenobiotic,3,26
RDKit2D,35,1186,Cell cycle/mitosis,1,26
RDKit2D,334,1186,Cell cycle/mitosis,4,15
RDKit2D,334,1186,Nuclear receptor/xenobiotic,2,15
RDKit2D,688,1523,Cell cycle/mitosis,2,12
RDKit2D,688,1523,Nuclear receptor/xenobiotic,2,12
RDKit2D,387,396,Cell cycle/mitosis,1,32
RDKit2D,387,396,MAPK/RTK,1,32
RDKit2D,584,1161,Cell cycle/mitosis,2,8
RDKit2D,584,1161,PI3K/AKT/mTOR,1,8
RDKit2D,120,1315,MAPK/RTK,1,5
RDKit2D,283,449,Cell cycle/mitosis,2,22
RDKit2D,283,449,Lipid/transport state,1,22
RDKit2D,283,449,Microtubule,1,22
RDKit2D,283,449,PI3K/AKT/mTOR,1,22
RDKit2D,461,1079,MAPK/RTK,2,39
RDKit2D,461,1079,Cell cycle/mitosis,1,39
RDKit2D,461,1079,Epigenetic/chromatin,1,39
RDKit2D,461,1079,Nuclear receptor/xenobiotic,1,39
RDKit2D,461,1079,PI3K/AKT/mTOR,1,39
RDKit2D,528,762,Cell cycle/mitosis,2,33
RDKit2D,528,762,PI3K/AKT/mTOR,2,33
RDKit2D,481,1716,Cell cycle/mitosis,2,32
RDKit2D,481,1716,PI3K/AKT/mTOR,2,32
RDKit2D,1137,1245,Cell cycle/mitosis,1,6
RDKit2D,1137,1245,DNA damage/repair,1,6
RDKit2D,300,762,Cell cycle/mitosis,1,25
RDKit2D,300,762,MAPK/RTK,1,25
RDKit2D,436,841,Cell cycle/mitosis,2,23
RDKit2D,436,841,DNA damage/repair,1,23
RDKit2D,436,841,PI3K/AKT/mTOR,1,23
RDKit2D,33,83,Cell cycle/mitosis,3,22
RDKit2D,33,83,Nuclear receptor/xenobiotic,1,22
RDKit2D,33,83,PI3K/AKT/mTOR,1,22
RDKit2D,881,1235,PI3K/AKT/mTOR,2,18
RDKit2D,881,1235,Cell cycle/mitosis,1,18
RDKit2D,881,1235,Nuclear receptor/xenobiotic,1,18
RDKit2D,608,1073,Cell cycle/mitosis,1,33
RDKit2D,608,1073,MAPK/RTK,1,33
RDKit2D,85,396,Cell cycle/mitosis,1,28
RDKit2D,85,396,Epigenetic/chromatin,1,28
RDKit2D,85,396,Lipid/transport state,1,28
RDKit2D,314,1719,Cell cycle/mitosis,1,8
RDKit2D,314,1719,Nuclear receptor/xenobiotic,1,8
RDKit2D,105,387,Nuclear receptor/xenobiotic,2,34
RDKit2D,105,387,Cell cycle/mitosis,1,34
RDKit2D,105,387,DNA damage/repair,1,34
RDKit2D,105,387,MAPK/RTK,1,34
RDKit2D,387,1739,Cell cycle/mitosis,1,21
RDKit2D,1052,1697,Cell cycle/mitosis,1,16
RDKit2D,1052,1697,Lipid/transport state,1,16
RDKit2D,1052,1697,PI3K/AKT/mTOR,1,16
RDKit2D,303,787,Cell cycle/mitosis,3,34
RDKit2D,303,787,MAPK/RTK,1,34
RDKit2D,303,787,Nuclear receptor/xenobiotic,1,34
RDKit2D,303,787,PI3K/AKT/mTOR,1,34
RDKit2D,1214,1787,Nuclear receptor/xenobiotic,3,25
RDKit2D,816,1359,Cell cycle/mitosis,1,14
RDKit2D,816,1359,Epigenetic/chromatin,1,14
RDKit2D,219,976,PI3K/AKT/mTOR,1,15
RDKit2D,421,672,Cell cycle/mitosis,1,19
RDKit2D,421,672,DNA damage/repair,1,19
RDKit2D,421,672,Lipid/transport state,1,19
RDKit2D,421,672,PI3K/AKT/mTOR,1,19
RDKit2D,321,367,Cell cycle/mitosis,1,23
RDKit2D,321,367,MAPK/RTK,1,23
RDKit2D,11,1805,Cell cycle/mitosis,2,20
RDKit2D,11,1805,Nuclear receptor/xenobiotic,2,20
RDKit2D,11,1805,Lipid/transport state,1,20
RDKit2D,1112,1186,Cell cycle/mitosis,1,16
RDKit2D,350,1805,Nuclear receptor/xenobiotic,3,31
RDKit2D,350,1805,Cell cycle/mitosis,2,31
RDKit2D,350,1805,DNA damage/repair,1,31
RDKit2D,350,1805,Epigenetic/chromatin,1,31
RDKit2D,350,1805,Lipid/transport state,1,31
RDKit2D,1382,1835,Cell cycle/mitosis,1,17
RDKit2D,681,1189,Cell cycle/mitosis,3,36
RDKit2D,681,1189,Nuclear receptor/xenobiotic,2,36
RDKit2D,681,1189,PI3K/AKT/mTOR,2,36
RDKit2D,816,1854,DNA damage/repair,1,12
RDKit2D,232,1739,Cell cycle/mitosis,1,23
RDKit2D,232,1739,Lipid/transport state,1,23
RDKit2D,387,528,Cell cycle/mitosis,1,31
RDKit2D,387,528,DNA damage/repair,1,31
RDKit2D,387,528,MAPK/RTK,1,31
RDKit2D,387,528,Nuclear receptor/xenobiotic,1,31
RDKit2D,1585,1649,Cell cycle/mitosis,3,24
RDKit2D,35,116,Nuclear receptor/xenobiotic,2,28
RDKit2D,120,1110,Epigenetic/chromatin,1,21
RDKit2D,94,1235,Cell cycle/mitosis,1,17
RDKit2D,94,1235,Nuclear receptor/xenobiotic,1,17
RDKit2D,94,1235,PI3K/AKT/mTOR,1,17
RDKit2D,672,1420,Cell cycle/mitosis,1,32
RDKit2D,672,1420,Lipid/transport state,1,32
RDKit2D,672,1420,MAPK/RTK,1,32
RDKit2D,672,1420,PI3K/AKT/mTOR,1,32
RDKit2D,816,965,DNA damage/repair,1,17
RDKit2D,235,1805,Cell cycle/mitosis,3,21
RDKit2D,235,1805,Nuclear receptor/xenobiotic,2,21
RDKit2D,235,1805,DNA damage/repair,1,21
RDKit2D,235,1805,Lipid/transport state,1,21
RDKit2D,613,1043,Lipid/transport state,1,13
RDKit2D,35,1382,Cell cycle/mitosis,1,19
RDKit2D,87,608,Epigenetic/chromatin,1,20
RDKit2D,87,608,MAPK/RTK,1,20
RDKit2D,1060,1428,Nuclear receptor/xenobiotic,1,3
RDKit2D,613,1186,Cell cycle/mitosis,3,14
RDKit2D,613,1186,Lipid/transport state,1,14
RDKit2D,812,1220,Cell cycle/mitosis,1,19
RDKit2D,812,1220,Lipid/transport state,1,19
RDKit2D,812,1220,MAPK/RTK,1,19
RDKit2D,812,1220,Nuclear receptor/xenobiotic,1,19
RDKit2D,387,1214,Nuclear receptor/xenobiotic,2,25
RDKit2D,389,1092,Nuclear receptor/xenobiotic,2,14
RDKit2D,273,841,Cell cycle/mitosis,3,30
RDKit2D,273,841,PI3K/AKT/mTOR,1,30
RDKit2D,1080,1189,Cell cycle/mitosis,2,32
RDKit2D,1080,1189,Nuclear receptor/xenobiotic,2,32
RDKit2D,1080,1189,PI3K/AKT/mTOR,1,32
RDKit2D,436,454,Cell cycle/mitosis,2,32
RDKit2D,436,454,PI3K/AKT/mTOR,2,32
RDKit2D,436,454,DNA damage/repair,1,32
RDKit2D,673,1739,Cell cycle/mitosis,1,18
RDKit2D,673,1739,PI3K/AKT/mTOR,1,18
RDKit2D,816,1069,Cell cycle/mitosis,1,13
RDKit2D,816,1069,DNA damage/repair,1,13
RDKit2D,227,1401,Cell cycle/mitosis,2,36
RDKit2D,227,1401,DNA damage/repair,2,36
RDKit2D,227,1401,PI3K/AKT/mTOR,2,36
RDKit2D,1431,1596,Nuclear receptor/xenobiotic,2,24
RDKit2D,1431,1596,Cell cycle/mitosis,1,24
RDKit2D,1431,1596,Lipid/transport state,1,24
RDKit2D,35,1585,Nuclear receptor/xenobiotic,2,25
RDKit2D,83,1196,Cell cycle/mitosis,3,27
RDKit2D,83,1196,Microtubule,1,27
RDKit2D,83,1196,Nuclear receptor/xenobiotic,1,27
RDKit2D,83,1196,PI3K/AKT/mTOR,1,27
RDKit2D,1056,1598,Lipid/transport state,1,6
RDKit2D,1056,1598,Nuclear receptor/xenobiotic,1,6
RDKit2D,1437,1846,Lipid/transport state,1,19
RDKit2D,178,584,Lipid/transport state,1,11
RDKit2D,461,886,MAPK/RTK,2,30
RDKit2D,461,886,Epigenetic/chromatin,1,30
RDKit2D,461,886,Lipid/transport state,1,30
RDKit2D,461,886,Nuclear receptor/xenobiotic,1,30
RDKit2D,1277,1486,Cell cycle/mitosis,2,20
RDKit2D,1277,1486,MAPK/RTK,1,20
RDKit2D,1080,1763,Cell cycle/mitosis,2,30
RDKit2D,1080,1763,Lipid/transport state,1,30
RDKit2D,1080,1763,PI3K/AKT/mTOR,1,30
RDKit2D,389,841,Nuclear receptor/xenobiotic,3,23
RDKit2D,389,841,Cell cycle/mitosis,1,23
RDKit2D,417,908,Cell cycle/mitosis,2,29
RDKit2D,417,908,Lipid/transport state,1,29
RDKit2D,417,908,MAPK/RTK,1,29
RDKit2D,417,908,Nuclear receptor/xenobiotic,1,29
RDKit2D,417,908,PI3K/AKT/mTOR,1,29
RDKit2D,1739,1763,Cell cycle/mitosis,1,21
RDKit2D,1739,1763,Lipid/transport state,1,21
RDKit2D,1119,1503,Cell cycle/mitosis,2,28
RDKit2D,1119,1503,Nuclear receptor/xenobiotic,1,28
RDKit2D,1238,1389,Cell cycle/mitosis,2,21
RDKit2D,1238,1389,MAPK/RTK,1,21
RDKit2D,1110,1585,Epigenetic/chromatin,1,17
RDKit2D,794,1637,Cell cycle/mitosis,1,12
RDKit2D,794,1637,Nuclear receptor/xenobiotic,1,12
RDKit2D,83,1186,Cell cycle/mitosis,2,18
RDKit2D,83,1186,Nuclear receptor/xenobiotic,1,18
RDKit2D,976,1835,Cell cycle/mitosis,1,23
RDKit2D,976,1835,DNA damage/repair,1,23
RDKit2D,976,1835,Nuclear receptor/xenobiotic,1,23
RDKit2D,1235,1389,Cell cycle/mitosis,1,11
RDKit2D,1235,1389,Microtubule,1,11
RDKit2D,1235,1389,PI3K/AKT/mTOR,1,11
RDKit2D,116,673,DNA damage/repair,2,27
RDKit2D,116,673,Cell cycle/mitosis,1,27
RDKit2D,116,673,Nuclear receptor/xenobiotic,1,27
RDKit2D,397,1047,Cell cycle/mitosis,3,26
RDKit2D,397,1047,Nuclear receptor/xenobiotic,2,26
RDKit2D,397,1047,MAPK/RTK,1,26
RDKit2D,1119,1709,Cell cycle/mitosis,1,23
RDKit2D,1119,1709,Nuclear receptor/xenobiotic,1,23
RDKit2D,278,529,Cell cycle/mitosis,2,17
RDKit2D,278,529,Nuclear receptor/xenobiotic,2,17
RDKit2D,278,529,Microtubule,1,17
RDKit2D,33,1236,Cell cycle/mitosis,3,26
RDKit2D,33,1236,MAPK/RTK,1,26
RDKit2D,33,1236,Nuclear receptor/xenobiotic,1,26
RDKit2D,33,1236,PI3K/AKT/mTOR,1,26
RDKit2D,580,1338,Cell cycle/mitosis,1,6
RDKit2D,1080,1585,Cell cycle/mitosis,2,33
RDKit2D,1080,1585,Nuclear receptor/xenobiotic,2,33
RDKit2D,1080,1585,MAPK/RTK,1,33
RDKit2D,1080,1585,PI3K/AKT/mTOR,1,33
RDKit2D,1598,1835,Cell cycle/mitosis,1,7
RDKit2D,1598,1835,Lipid/transport state,1,7
RDKit2D,35,841,Nuclear receptor/xenobiotic,2,19
RDKit2D,1220,1716,Cell cycle/mitosis,1,31
RDKit2D,1220,1716,DNA damage/repair,1,31
RDKit2D,1220,1716,PI3K/AKT/mTOR,1,31
RDKit2D,613,1169,Cell cycle/mitosis,1,6
RDKit2D,309,1763,Cell cycle/mitosis,1,31
RDKit2D,309,1763,Epigenetic/chromatin,1,31
RDKit2D,309,1763,MAPK/RTK,1,31
RDKit2D,309,1763,Nuclear receptor/xenobiotic,1,31
RDKit2D,273,1585,Cell cycle/mitosis,2,27
RDKit2D,273,1585,PI3K/AKT/mTOR,1,27
RDKit2D,187,1637,Nuclear receptor/xenobiotic,2,13
RDKit2D,841,1189,Cell cycle/mitosis,4,30
RDKit2D,841,1189,MAPK/RTK,1,30
RDKit2D,841,1189,Nuclear receptor/xenobiotic,1,30
RDKit2D,841,1189,PI3K/AKT/mTOR,1,30
RDKit2D,529,1169,Cell cycle/mitosis,1,9
RDKit2D,94,481,Cell cycle/mitosis,2,26
RDKit2D,94,481,PI3K/AKT/mTOR,1,26
RDKit2D,421,1468,Cell cycle/mitosis,1,15
RDKit2D,421,1468,Lipid/transport state,1,15
RDKit2D,421,1468,MAPK/RTK,1,15
RDKit2D,794,1428,Cell cycle/mitosis,1,5
RDKit2D,794,1428,Nuclear receptor/xenobiotic,1,5
RDKit2D,794,1428,Proteostasis,1,5
RDKit2D,613,1470,Cell cycle/mitosis,1,4
RDKit2D,685,1186,Cell cycle/mitosis,6,33
RDKit2D,685,1186,Nuclear receptor/xenobiotic,3,33
RDKit2D,685,1186,PI3K/AKT/mTOR,1,33
RDKit2D,1110,1220,DNA damage/repair,1,19
RDKit2D,1110,1220,Epigenetic/chromatin,1,19
RDKit2D,232,449,Cell cycle/mitosis,2,20
RDKit2D,232,449,Lipid/transport state,1,20
RDKit2D,232,449,MAPK/RTK,1,20
RDKit2D,232,449,PI3K/AKT/mTOR,1,20
RDKit2D,673,1189,Cell cycle/mitosis,3,30
RDKit2D,673,1189,Nuclear receptor/xenobiotic,1,30
RDKit2D,673,1189,PI3K/AKT/mTOR,1,30
RDKit2D,514,1539,Cell cycle/mitosis,2,19
RDKit2D,514,1539,DNA damage/repair,1,19
RDKit2D,200,1319,Nuclear receptor/xenobiotic,3,22
RDKit2D,200,1319,Cell cycle/mitosis,1,22
RDKit2D,200,1319,DNA damage/repair,1,22
RDKit2D,200,1319,PI3K/AKT/mTOR,1,22
RDKit2D,1323,1382,Cell cycle/mitosis,3,26
RDKit2D,1323,1382,DNA damage/repair,1,26
RDKit2D,1186,1338,Cell cycle/mitosis,2,17
RDKit2D,1186,1338,Microtubule,1,17
RDKit2D,227,387,Cell cycle/mitosis,1,28
RDKit2D,227,387,DNA damage/repair,1,28
RDKit2D,436,514,DNA damage/repair,2,16
RDKit2D,436,514,Cell cycle/mitosis,1,16
RDKit2D,1189,1739,Cell cycle/mitosis,1,25
RDKit2D,1189,1739,PI3K/AKT/mTOR,1,25
RDKit2D,379,1043,Nuclear receptor/xenobiotic,1,13
RDKit2D,571,1637,Nuclear receptor/xenobiotic,2,23
RDKit2D,1503,1739,Cell cycle/mitosis,1,21
RDKit2D,334,613,Cell cycle/mitosis,2,4
RDKit2D,283,358,Epigenetic/chromatin,1,26
RDKit2D,283,358,Lipid/transport state,1,26
RDKit2D,283,358,Microtubule,1,26
RDKit2D,283,358,PI3K/AKT/mTOR,1,26
RDKit2D,1137,1754,DNA damage/repair,1,5
RDKit2D,1112,1428,Nuclear receptor/xenobiotic,1,3
RDKit2D,1238,1597,Cell cycle/mitosis,2,8
RDKit2D,673,1389,Cell cycle/mitosis,1,20
RDKit2D,673,1389,Epigenetic/chromatin,1,20
RDKit2D,283,1692,Cell cycle/mitosis,2,21
RDKit2D,283,1692,DNA damage/repair,1,21
RDKit2D,283,1692,Epigenetic/chromatin,1,21
RDKit2D,283,1692,Microtubule,1,21
RDKit2D,283,1692,PI3K/AKT/mTOR,1,21
RDKit2D,529,1486,Nuclear receptor/xenobiotic,3,32
RDKit2D,529,1486,Cell cycle/mitosis,2,32
RDKit2D,529,1486,MAPK/RTK,1,32
RDKit2D,529,1486,PI3K/AKT/mTOR,1,32
RDKit2D,227,1323,Cell cycle/mitosis,2,30
RDKit2D,227,1323,DNA damage/repair,2,30
RDKit2D,227,1323,PI3K/AKT/mTOR,1,30
RDKit2D,94,358,Lipid/transport state,1,23
RDKit2D,94,358,PI3K/AKT/mTOR,1,23
RDKit2D,94,817,Cell cycle/mitosis,2,30
RDKit2D,94,817,DNA damage/repair,1,30
RDKit2D,94,817,Lipid/transport state,1,30
RDKit2D,94,817,PI3K/AKT/mTOR,1,30
RDKit2D,529,1739,Cell cycle/mitosis,1,24
RDKit2D,529,1739,PI3K/AKT/mTOR,1,24
RDKit2D,300,1437,Lipid/transport state,1,25
RDKit2D,300,1437,MAPK/RTK,1,25
RDKit2D,1220,1637,Nuclear receptor/xenobiotic,1,20
RDKit2D,13,836,Cell cycle/mitosis,4,27
RDKit2D,13,836,DNA damage/repair,1,27
RDKit2D,13,836,PI3K/AKT/mTOR,1,27
RDKit2D,300,1846,Cell cycle/mitosis,1,25
RDKit2D,300,1846,Epigenetic/chromatin,1,25
RDKit2D,300,1846,Lipid/transport state,1,25
RDKit2D,33,1692,Cell cycle/mitosis,2,20
RDKit2D,33,1692,Epigenetic/chromatin,1,20
RDKit2D,33,1692,MAPK/RTK,1,20
RDKit2D,33,1692,Microtubule,1,20
RDKit2D,33,1692,Nuclear receptor/xenobiotic,1,20
RDKit2D,33,1692,PI3K/AKT/mTOR,1,20
RDKit2D,1069,1854,DNA damage/repair,1,9
RDKit2D,1489,1763,Cell cycle/mitosis,1,30
RDKit2D,1489,1763,Proteostasis,1,30
RDKit2D,1056,1175,Cell cycle/mitosis,1,16
RDKit2D,1056,1175,DNA damage/repair,1,16
RDKit2D,1056,1175,Lipid/transport state,1,16
RDKit2D,681,1503,Cell cycle/mitosis,3,29
RDKit2D,681,1503,MAPK/RTK,2,29
RDKit2D,681,1503,Nuclear receptor/xenobiotic,1,29
RDKit2D,681,1503,PI3K/AKT/mTOR,1,29
RDKit2D,458,536,Cell cycle/mitosis,1,16
RDKit2D,458,536,Nuclear receptor/xenobiotic,1,16
RDKit2D,458,536,Proteostasis,1,16
RDKit2D,1047,1805,Cell cycle/mitosis,2,19
RDKit2D,1047,1805,Nuclear receptor/xenobiotic,2,19
RDKit2D,1047,1805,Lipid/transport state,1,19
RDKit2D,87,1437,Nuclear receptor/xenobiotic,2,25
RDKit2D,87,1437,MAPK/RTK,1,25
RDKit2D,1236,1486,Nuclear receptor/xenobiotic,4,33
RDKit2D,1236,1486,Cell cycle/mitosis,3,33
RDKit2D,1236,1486,DNA damage/repair,1,33
RDKit2D,1236,1486,MAPK/RTK,1,33
RDKit2D,1236,1486,PI3K/AKT/mTOR,1,33
RDKit2D,1079,1787,Nuclear receptor/xenobiotic,3,26
RDKit2D,1079,1787,MAPK/RTK,1,26
RDKit2D,1079,1787,PI3K/AKT/mTOR,1,26
RDKit2D,1043,1189,PI3K/AKT/mTOR,1,17
RDKit2D,717,1119,Cell cycle/mitosis,3,21
RDKit2D,717,1119,Nuclear receptor/xenobiotic,2,21
RDKit2D,717,1119,DNA damage/repair,1,21
RDKit2D,281,385,MAPK/RTK,1,16
RDKit2D,281,385,Nuclear receptor/xenobiotic,1,16
RDKit2D,273,1214,MAPK/RTK,1,22
RDKit2D,379,1597,Nuclear receptor/xenobiotic,3,14
RDKit2D,379,1597,DNA damage/repair,1,14
RDKit2D,1052,1056,Cell cycle/mitosis,1,11
RDKit2D,1052,1056,Lipid/transport state,1,11
RDKit2D,1110,1598,Lipid/transport state,1,5
RDKit2D,592,1539,Cell cycle/mitosis,1,15
RDKit2D,592,1539,DNA damage/repair,1,15
RDKit2D,592,1539,Nuclear receptor/xenobiotic,1,15
RDKit2D,1401,1451,Cell cycle/mitosis,2,19
RDKit2D,1401,1451,PI3K/AKT/mTOR,2,19
RDKit2D,841,1235,Cell cycle/mitosis,1,18
RDKit2D,841,1235,Nuclear receptor/xenobiotic,1,18
RDKit2D,841,1235,PI3K/AKT/mTOR,1,18
RDKit2D,529,1238,Cell cycle/mitosis,1,25
RDKit2D,0,528,PI3K/AKT/mTOR,2,35
RDKit2D,0,528,Cell cycle/mitosis,1,35
RDKit2D,0,528,DNA damage/repair,1,35
RDKit2D,0,528,Lipid/transport state,1,35
RDKit2D,389,1186,Nuclear receptor/xenobiotic,3,28
RDKit2D,389,1186,Cell cycle/mitosis,2,28
RDKit2D,35,314,DNA damage/repair,1,3
RDKit2D,35,314,Nuclear receptor/xenobiotic,1,3
RDKit2D,1128,1238,Cell cycle/mitosis,1,5
RDKit2D,1073,1079,MAPK/RTK,2,31
RDKit2D,1073,1079,Cell cycle/mitosis,1,31
RDKit2D,1073,1079,PI3K/AKT/mTOR,1,31
RDKit2D,436,1401,Cell cycle/mitosis,2,37
RDKit2D,436,1401,PI3K/AKT/mTOR,2,37
RDKit2D,436,1401,DNA damage/repair,1,37
RDKit2D,449,1382,Cell cycle/mitosis,1,20
RDKit2D,449,1382,Nuclear receptor/xenobiotic,1,20
RDKit2D,94,1401,Cell cycle/mitosis,2,25
RDKit2D,94,1401,DNA damage/repair,1,25
RDKit2D,94,1401,PI3K/AKT/mTOR,1,25
RDKit2D,11,200,Nuclear receptor/xenobiotic,3,27
RDKit2D,11,200,Cell cycle/mitosis,2,27
RDKit2D,11,200,PI3K/AKT/mTOR,1,27
RDKit2D,232,1241,MAPK/RTK,1,6
RDKit2D,232,1241,Nuclear receptor/xenobiotic,1,6
RDKit2D,571,1277,Cell cycle/mitosis,1,18
RDKit2D,571,1277,Lipid/transport state,1,18
RDKit2D,1169,1389,Cell cycle/mitosis,1,11
RDKit2D,116,1382,Cell cycle/mitosis,2,25
RDKit2D,116,1382,DNA damage/repair,1,25
RDKit2D,387,1238,Cell cycle/mitosis,2,35
RDKit2D,387,1238,Epigenetic/chromatin,1,35
RDKit2D,1186,1637,Nuclear receptor/xenobiotic,2,16
RDKit2D,205,1637,Nuclear receptor/xenobiotic,1,10
RDKit2D,1236,1585,Nuclear receptor/xenobiotic,2,30
RDKit2D,1236,1585,Cell cycle/mitosis,1,30
RDKit2D,1236,1585,MAPK/RTK,1,30
RDKit2D,1236,1585,PI3K/AKT/mTOR,1,30
RDKit2D,273,1119,Cell cycle/mitosis,2,31
RDKit2D,273,1119,PI3K/AKT/mTOR,1,31
RDKit2D,116,227,Cell cycle/mitosis,2,34
RDKit2D,116,227,DNA damage/repair,2,34
RDKit2D,116,227,PI3K/AKT/mTOR,1,34
RDKit2D,436,881,Cell cycle/mitosis,2,36
RDKit2D,436,881,PI3K/AKT/mTOR,2,36
RDKit2D,436,881,Lipid/transport state,1,36
RDKit2D,116,1235,Cell cycle/mitosis,1,19
RDKit2D,116,1235,DNA damage/repair,1,19
RDKit2D,116,1235,PI3K/AKT/mTOR,1,19
RDKit2D,51,1220,Cell cycle/mitosis,1,33
RDKit2D,51,1220,Lipid/transport state,1,33
RDKit2D,1043,1709,Nuclear receptor/xenobiotic,1,12
RDKit2D,294,1043,Nuclear receptor/xenobiotic,1,15
RDKit2D,367,608,MAPK/RTK,1,22
RDKit2D,1043,1763,Lipid/transport state,1,21
RDKit2D,1043,1763,Nuclear receptor/xenobiotic,1,21
RDKit2D,1043,1763,PI3K/AKT/mTOR,1,21
RDKit2D,120,232,MAPK/RTK,2,28
RDKit2D,120,232,Cell cycle/mitosis,1,28
RDKit2D,762,1787,PI3K/AKT/mTOR,1,19
RDKit2D,450,1220,Cell cycle/mitosis,2,25
RDKit2D,450,1220,DNA damage/repair,1,25
RDKit2D,450,1220,Microtubule,1,25
RDKit2D,450,1220,PI3K/AKT/mTOR,1,25
RDKit2D,613,1220,Cell cycle/mitosis,2,12
RDKit2D,613,1220,Lipid/transport state,1,12
RDKit2D,83,187,Cell cycle/mitosis,2,20
RDKit2D,83,187,DNA damage/repair,1,20
RDKit2D,83,187,Nuclear receptor/xenobiotic,1,20
RDKit2D,116,120,MAPK/RTK,2,31
RDKit2D,116,120,Cell cycle/mitosis,1,31
RDKit2D,116,120,Nuclear receptor/xenobiotic,1,31
RDKit2D,200,1701,Cell cycle/mitosis,2,26
RDKit2D,200,1701,Nuclear receptor/xenobiotic,2,26
RDKit2D,200,1701,PI3K/AKT/mTOR,1,26
RDKit2D,110,350,Nuclear receptor/xenobiotic,2,16
RDKit2D,110,350,Cell cycle/mitosis,1,16
RDKit2D,110,350,DNA damage/repair,1,16
RDKit2D,110,350,Epigenetic/chromatin,1,16
RDKit2D,35,1220,Cell cycle/mitosis,1,26
RDKit2D,35,1220,Nuclear receptor/xenobiotic,1,26
RDKit2D,881,1269,PI3K/AKT/mTOR,2,24
RDKit2D,881,1269,Cell cycle/mitosis,1,24
RDKit2D,881,1269,Nuclear receptor/xenobiotic,1,24
RDKit2D,35,178,DNA damage/repair,1,15
RDKit2D,1069,1359,Cell cycle/mitosis,1,7
RDKit2D,1069,1359,MAPK/RTK,1,7
RDKit2D,1189,1236,Nuclear receptor/xenobiotic,2,31
RDKit2D,1189,1236,Cell cycle/mitosis,1,31
RDKit2D,1189,1236,PI3K/AKT/mTOR,1,31
RDKit2D,685,1119,Nuclear receptor/xenobiotic,2,25
RDKit2D,685,1119,Cell cycle/mitosis,1,25
RDKit2D,1073,1787,Lipid/transport state,1,19
RDKit2D,1073,1787,MAPK/RTK,1,19
RDKit2D,1073,1787,PI3K/AKT/mTOR,1,19
RDKit2D,33,1401,Cell cycle/mitosis,2,27
RDKit2D,33,1401,PI3K/AKT/mTOR,2,27
RDKit2D,33,1401,Microtubule,1,27
RDKit2D,1235,1486,PI3K/AKT/mTOR,2,19
RDKit2D,1235,1486,Cell cycle/mitosis,1,19
RDKit2D,1235,1486,Nuclear receptor/xenobiotic,1,19
RDKit2D,571,1382,Cell cycle/mitosis,2,24
RDKit2D,571,1382,DNA damage/repair,1,24
RDKit2D,120,389,MAPK/RTK,1,27
RDKit2D,120,389,Nuclear receptor/xenobiotic,1,27
RDKit2D,396,436,Cell cycle/mitosis,1,27
RDKit2D,396,436,Lipid/transport state,1,27
RDKit2D,396,436,PI3K/AKT/mTOR,1,27
RDKit2D,1112,1707,Cell cycle/mitosis,1,12
RDKit2D,720,1474,Cell cycle/mitosis,1,2
RDKit2D,387,436,Cell cycle/mitosis,1,23
RDKit2D,387,436,DNA damage/repair,1,23
RDKit2D,1011,1196,Cell cycle/mitosis,2,32
RDKit2D,1011,1196,PI3K/AKT/mTOR,2,32
RDKit2D,1011,1196,MAPK/RTK,1,32
RDKit2D,120,1196,Cell cycle/mitosis,1,25
RDKit2D,120,1196,MAPK/RTK,1,25
RDKit2D,120,1196,Nuclear receptor/xenobiotic,1,25
RDKit2D,1236,1267,PI3K/AKT/mTOR,1,22
RDKit2D,83,1763,Cell cycle/mitosis,2,19
RDKit2D,7,1282,Cell cycle/mitosis,1,21
RDKit2D,7,1282,Lipid/transport state,1,21
RDKit2D,7,1282,Nuclear receptor/xenobiotic,1,21
RDKit2D,698,1236,Cell cycle/mitosis,1,30
RDKit2D,698,1236,MAPK/RTK,1,30
RDKit2D,698,1236,Nuclear receptor/xenobiotic,1,30
RDKit2D,698,1236,PI3K/AKT/mTOR,1,30
RDKit2D,314,1119,Cell cycle/mitosis,1,3
RDKit2D,314,1119,Nuclear receptor/xenobiotic,1,3
RDKit2D,1128,1637,Cell cycle/mitosis,1,7
RDKit2D,227,1382,Cell cycle/mitosis,2,21
RDKit2D,227,1382,DNA damage/repair,1,21
RDKit2D,1470,1835,DNA damage/repair,1,7
RDKit2D,1470,1835,Microtubule,1,7
RDKit2D,387,1486,Cell cycle/mitosis,2,34
RDKit2D,387,1486,Nuclear receptor/xenobiotic,2,34
RDKit2D,387,1486,DNA damage/repair,1,34
RDKit2D,387,1486,MAPK/RTK,1,34
RDKit2D,13,358,PI3K/AKT/mTOR,1,28
RDKit2D,336,436,Cell cycle/mitosis,1,35
RDKit2D,336,436,DNA damage/repair,1,35
RDKit2D,336,436,PI3K/AKT/mTOR,1,35
RDKit2D,1470,1486,DNA damage/repair,1,7
RDKit2D,1470,1486,Nuclear receptor/xenobiotic,1,7
RDKit2D,273,1323,Cell cycle/mitosis,2,29
RDKit2D,273,1323,PI3K/AKT/mTOR,1,29
RDKit2D,27,1236,Cell cycle/mitosis,1,21
RDKit2D,27,1236,MAPK/RTK,1,21
RDKit2D,235,820,Cell cycle/mitosis,2,19
RDKit2D,235,820,Nuclear receptor/xenobiotic,1,19
RDKit2D,235,820,PI3K/AKT/mTOR,1,19
RDKit2D,1220,1236,Cell cycle/mitosis,3,31
RDKit2D,1220,1236,DNA damage/repair,1,31
RDKit2D,1220,1236,MAPK/RTK,1,31
RDKit2D,1220,1236,Nuclear receptor/xenobiotic,1,31
RDKit2D,1220,1236,PI3K/AKT/mTOR,1,31
RDKit2D,912,1470,Cell cycle/mitosis,1,2
RDKit2D,1196,1235,PI3K/AKT/mTOR,2,20
RDKit2D,1196,1235,Cell cycle/mitosis,1,20
RDKit2D,449,1220,Cell cycle/mitosis,2,21
RDKit2D,449,1220,Lipid/transport state,1,21
RDKit2D,449,1220,Microtubule,1,21
RDKit2D,449,1220,PI3K/AKT/mTOR,1,21
RDKit2D,300,1420,Cell cycle/mitosis,1,30
RDKit2D,300,1420,Lipid/transport state,1,30
RDKit2D,300,1420,MAPK/RTK,1,30
RDKit2D,557,1267,PI3K/AKT/mTOR,1,24
RDKit2D,912,1553,Cell cycle/mitosis,1,6
RDKit2D,449,1489,Cell cycle/mitosis,1,16
RDKit2D,51,613,Cell cycle/mitosis,2,13
RDKit2D,51,613,Lipid/transport state,1,13
RDKit2D,389,1011,Nuclear receptor/xenobiotic,1,22
RDKit2D,99,1047,Cell cycle/mitosis,2,21
RDKit2D,99,1047,MAPK/RTK,1,21
RDKit2D,99,1047,PI3K/AKT/mTOR,1,21
RDKit2D,762,1073,Cell cycle/mitosis,2,35
RDKit2D,762,1073,MAPK/RTK,1,35
RDKit2D,762,1073,PI3K/AKT/mTOR,1,35
RDKit2D,636,1269,PI3K/AKT/mTOR,2,25
RDKit2D,636,1269,Cell cycle/mitosis,1,25
RDKit2D,636,1269,Proteostasis,1,25
RDKit2D,1043,1585,Nuclear receptor/xenobiotic,1,20
RDKit2D,1043,1585,PI3K/AKT/mTOR,1,20
RDKit2D,1189,1238,Cell cycle/mitosis,2,29
RDKit2D,449,1186,Cell cycle/mitosis,3,22
RDKit2D,449,1186,Lipid/transport state,1,22
RDKit2D,449,1186,Microtubule,1,22
RDKit2D,449,1186,PI3K/AKT/mTOR,1,22
RDKit2D,265,820,Nuclear receptor/xenobiotic,2,16
RDKit2D,265,820,Cell cycle/mitosis,1,16
RDKit2D,265,820,MAPK/RTK,1,16
RDKit2D,265,820,PI3K/AKT/mTOR,1,16
RDKit2D,87,1073,MAPK/RTK,2,20
RDKit2D,87,1073,Nuclear receptor/xenobiotic,1,20
RDKit2D,87,1073,PI3K/AKT/mTOR,1,20
RDKit2D,120,1067,Epigenetic/chromatin,1,8
RDKit2D,120,1067,MAPK/RTK,1,8
RDKit2D,171,1054,Cell cycle/mitosis,1,31
RDKit2D,171,1054,Lipid/transport state,1,31
RDKit2D,171,1054,PI3K/AKT/mTOR,1,31
RDKit2D,226,417,Cell cycle/mitosis,2,13
RDKit2D,226,417,Nuclear receptor/xenobiotic,1,13
RDKit2D,402,1655,Proteostasis,1,6
RDKit2D,334,1707,Cell cycle/mitosis,3,16
RDKit2D,334,1707,Nuclear receptor/xenobiotic,3,16
RDKit2D,334,1707,DNA damage/repair,1,16
RDKit2D,1451,1716,Cell cycle/mitosis,2,23
RDKit2D,1451,1716,PI3K/AKT/mTOR,2,23
RDKit2D,1169,1709,Cell cycle/mitosis,1,16
RDKit2D,92,449,Cell cycle/mitosis,1,22
RDKit2D,92,449,Microtubule,1,22
RDKit2D,92,449,PI3K/AKT/mTOR,1,22
RDKit2D,546,635,Proteostasis,1,5
RDKit2D,514,1709,Cell cycle/mitosis,1,14
RDKit2D,514,1709,Nuclear receptor/xenobiotic,1,14
RDKit2D,232,1338,Cell cycle/mitosis,1,15
RDKit2D,178,1043,Lipid/transport state,1,13
RDKit2D,698,976,Cell cycle/mitosis,1,29
RDKit2D,698,976,Nuclear receptor/xenobiotic,1,29
RDKit2D,698,976,PI3K/AKT/mTOR,1,29
RDKit2D,200,340,Nuclear receptor/xenobiotic,2,21
RDKit2D,200,340,Cell cycle/mitosis,1,21
RDKit2D,200,340,PI3K/AKT/mTOR,1,21
RDKit2D,314,514,Cell cycle/mitosis,1,6
RDKit2D,314,514,Microtubule,1,6
RDKit2D,787,976,Cell cycle/mitosis,3,35
RDKit2D,787,976,PI3K/AKT/mTOR,2,35
RDKit2D,787,976,Nuclear receptor/xenobiotic,1,35
RDKit2D,336,841,Cell cycle/mitosis,1,16
RDKit2D,273,1719,Cell cycle/mitosis,3,20
RDKit2D,1181,1854,DNA damage/repair,1,9
RDKit2D,190,912,Nuclear receptor/xenobiotic,1,28
RDKit2D,320,1004,Cell cycle/mitosis,3,18
RDKit2D,320,1004,MAPK/RTK,2,18
RDKit2D,320,1004,Nuclear receptor/xenobiotic,2,18
RDKit2D,320,1004,PI3K/AKT/mTOR,1,18
RDKit2D,1112,1277,Proteostasis,1,19
RDKit2D,958,1196,Cell cycle/mitosis,2,30
RDKit2D,958,1196,DNA damage/repair,1,30
RDKit2D,958,1196,MAPK/RTK,1,30
RDKit2D,87,300,Epigenetic/chromatin,1,19
RDKit2D,87,300,MAPK/RTK,1,19
RDKit2D,300,1647,Cell cycle/mitosis,1,27
RDKit2D,300,1647,Lipid/transport state,1,27
RDKit2D,300,1647,MAPK/RTK,1,27
RDKit2D,314,613,MAPK/RTK,1,4
RDKit2D,529,1590,Nuclear receptor/xenobiotic,1,1
RDKit2D,580,1692,Cell cycle/mitosis,1,1
RDKit2D,1713,1854,DNA damage/repair,1,6
RDKit2D,820,1047,Cell cycle/mitosis,1,13
RDKit2D,820,1047,Nuclear receptor/xenobiotic,1,13
RDKit2D,820,1047,PI3K/AKT/mTOR,1,13
RDKit2D,1112,1835,Nuclear receptor/xenobiotic,1,18
RDKit2D,514,1081,Cell cycle/mitosis,2,16
RDKit2D,514,1081,DNA damage/repair,1,16
RDKit2D,514,1081,Microtubule,1,16
RDKit2D,514,1081,Nuclear receptor/xenobiotic,1,16
RDKit2D,460,1339,Cell cycle/mitosis,1,13
RDKit2D,460,1339,DNA damage/repair,1,13
RDKit2D,460,1339,Nuclear receptor/xenobiotic,1,13
RDKit2D,1214,1585,Epigenetic/chromatin,1,21
RDKit2D,1214,1585,Nuclear receptor/xenobiotic,1,21
RDKit2D,303,1052,Cell cycle/mitosis,1,20
RDKit2D,303,1052,Epigenetic/chromatin,1,20
RDKit2D,303,1052,PI3K/AKT/mTOR,1,20
RDKit2D,1043,1597,Nuclear receptor/xenobiotic,1,7
RDKit2D,1043,1597,PI3K/AKT/mTOR,1,7
RDKit2D,1220,1539,Cell cycle/mitosis,3,38
RDKit2D,1220,1539,DNA damage/repair,1,38
RDKit2D,1220,1539,Nuclear receptor/xenobiotic,1,38
RDKit2D,1220,1539,PI3K/AKT/mTOR,1,38
RDKit2D,436,1236,Cell cycle/mitosis,1,21
RDKit2D,436,1236,DNA damage/repair,1,21
RDKit2D,436,1236,PI3K/AKT/mTOR,1,21
RDKit2D,387,1236,Nuclear receptor/xenobiotic,2,27
RDKit2D,387,1236,Cell cycle/mitosis,1,27
RDKit2D,387,1236,DNA damage/repair,1,27
RDKit2D,387,1236,MAPK/RTK,1,27
RDKit2D,187,673,DNA damage/repair,2,21
RDKit2D,187,673,Nuclear receptor/xenobiotic,2,21
RDKit2D,187,673,Cell cycle/mitosis,1,21
RDKit2D,232,1189,Cell cycle/mitosis,1,27
RDKit2D,232,1189,Nuclear receptor/xenobiotic,1,27
RDKit2D,232,1189,PI3K/AKT/mTOR,1,27
RDKit2D,178,1539,DNA damage/repair,1,18
RDKit2D,1001,1828,Nuclear receptor/xenobiotic,1,24
RDKit2D,105,227,Cell cycle/mitosis,2,34
RDKit2D,105,227,DNA damage/repair,1,34
RDKit2D,105,227,PI3K/AKT/mTOR,1,34
RDKit2D,33,1196,Cell cycle/mitosis,3,29
RDKit2D,33,1196,PI3K/AKT/mTOR,2,29
RDKit2D,33,1196,MAPK/RTK,1,29
RDKit2D,33,1196,Nuclear receptor/xenobiotic,1,29
RDKit2D,13,94,Cell cycle/mitosis,2,29
RDKit2D,13,94,DNA damage/repair,1,29
RDKit2D,13,94,PI3K/AKT/mTOR,1,29
RDKit2D,178,1300,Nuclear receptor/xenobiotic,1,7
RDKit2D,33,232,Cell cycle/mitosis,2,29
RDKit2D,33,232,MAPK/RTK,1,29
RDKit2D,33,232,PI3K/AKT/mTOR,1,29
RDKit2D,571,1719,Nuclear receptor/xenobiotic,4,16
RDKit2D,571,1719,Cell cycle/mitosis,1,16
RDKit2D,1382,1486,Cell cycle/mitosis,3,23
RDKit2D,1382,1486,DNA damage/repair,1,23
RDKit2D,334,1539,Cell cycle/mitosis,3,15
RDKit2D,334,1539,Nuclear receptor/xenobiotic,2,15
RDKit2D,334,1539,DNA damage/repair,1,15
RDKit2D,1175,1431,Cell cycle/mitosis,2,22
RDKit2D,1175,1431,DNA damage/repair,1,22
RDKit2D,1175,1431,Lipid/transport state,1,22
RDKit2D,1539,1637,Nuclear receptor/xenobiotic,1,18
RDKit2D,314,1186,Cell cycle/mitosis,2,3
RDKit2D,1486,1739,Cell cycle/mitosis,1,21
RDKit2D,1486,1739,PI3K/AKT/mTOR,1,21
RDKit2D,358,1451,Epigenetic/chromatin,1,20
RDKit2D,358,1451,PI3K/AKT/mTOR,1,20
RDKit2D,1189,1382,Cell cycle/mitosis,3,26
RDKit2D,1431,1484,Cell cycle/mitosis,1,28
RDKit2D,1431,1484,Lipid/transport state,1,28
RDKit2D,1431,1484,MAPK/RTK,1,28
RDKit2D,1043,1236,Nuclear receptor/xenobiotic,2,22
RDKit2D,1043,1236,PI3K/AKT/mTOR,1,22
RDKit2D,934,1437,Lipid/transport state,1,27
RDKit2D,635,1394,Proteostasis,2,12
RDKit2D,635,1394,Cell cycle/mitosis,1,12
RDKit2D,635,1394,Microtubule,1,12
RDKit2D,635,1394,Nuclear receptor/xenobiotic,1,12
RDKit2D,1043,1739,Lipid/transport state,1,20
RDKit2D,232,1585,Cell cycle/mitosis,1,26
RDKit2D,232,1585,MAPK/RTK,1,26
RDKit2D,232,1585,Nuclear receptor/xenobiotic,1,26
RDKit2D,232,1585,PI3K/AKT/mTOR,1,26
RDKit2D,1186,1382,Cell cycle/mitosis,4,26
RDKit2D,1186,1196,Cell cycle/mitosis,3,29
RDKit2D,1186,1196,MAPK/RTK,1,29
RDKit2D,1186,1196,Nuclear receptor/xenobiotic,1,29
RDKit2D,1186,1196,PI3K/AKT/mTOR,1,29
RDKit2D,460,560,Lipid/transport state,1,2
RDKit2D,613,698,Cell cycle/mitosis,1,12
RDKit2D,613,698,Lipid/transport state,1,12
RDKit2D,1189,1389,Cell cycle/mitosis,2,26
RDKit2D,1189,1389,PI3K/AKT/mTOR,1,26
RDKit2D,232,309,MAPK/RTK,2,31
RDKit2D,232,309,Nuclear receptor/xenobiotic,2,31
RDKit2D,232,309,Cell cycle/mitosis,1,31
RDKit2D,1323,1585,Cell cycle/mitosis,3,33
RDKit2D,1323,1585,Nuclear receptor/xenobiotic,2,33
RDKit2D,1323,1585,MAPK/RTK,1,33
RDKit2D,1323,1585,PI3K/AKT/mTOR,1,33
RDKit2D,881,1716,Cell cycle/mitosis,2,35
RDKit2D,881,1716,PI3K/AKT/mTOR,2,35
RDKit2D,7,945,Nuclear receptor/xenobiotic,2,27
RDKit2D,7,945,DNA damage/repair,1,27
RDKit2D,7,945,MAPK/RTK,1,27
RDKit2D,309,673,Cell cycle/mitosis,3,30
RDKit2D,309,673,Epigenetic/chromatin,1,30
RDKit2D,309,673,Nuclear receptor/xenobiotic,1,30
RDKit2D,116,1186,Nuclear receptor/xenobiotic,2,27
RDKit2D,116,1186,Cell cycle/mitosis,1,27
RDKit2D,116,1186,MAPK/RTK,1,27
RDKit2D,116,1186,PI3K/AKT/mTOR,1,27
RDKit2D,455,1267,Lipid/transport state,1,28
RDKit2D,455,1267,PI3K/AKT/mTOR,1,28
RDKit2D,334,1185,Cell cycle/mitosis,2,8
RDKit2D,334,1185,Nuclear receptor/xenobiotic,2,8
RDKit2D,273,1189,Cell cycle/mitosis,2,29
RDKit2D,273,1189,PI3K/AKT/mTOR,2,29
RDKit2D,1501,1637,Lipid/transport state,1,11
RDKit2D,613,1835,Lipid/transport state,1,11
RDKit2D,1186,1486,Cell cycle/mitosis,3,30
RDKit2D,1186,1486,Nuclear receptor/xenobiotic,3,30
RDKit2D,1186,1486,MAPK/RTK,1,30
RDKit2D,1186,1486,PI3K/AKT/mTOR,1,30
RDKit2D,571,1763,Cell cycle/mitosis,2,27
RDKit2D,571,1763,Lipid/transport state,1,27
RDKit2D,571,1763,PI3K/AKT/mTOR,1,27
RDKit2D,1175,1596,Cell cycle/mitosis,1,24
RDKit2D,1175,1596,Lipid/transport state,1,24
RDKit2D,1175,1596,MAPK/RTK,1,24
RDKit2D,1175,1596,PI3K/AKT/mTOR,1,24
RDKit2D,449,1043,Lipid/transport state,1,16
RDKit2D,449,1043,PI3K/AKT/mTOR,1,16
RDKit2D,613,1585,Cell cycle/mitosis,1,7
RDKit2D,334,1692,Cell cycle/mitosis,3,13
RDKit2D,334,1692,Nuclear receptor/xenobiotic,3,13
RDKit2D,334,1692,DNA damage/repair,1,13
RDKit2D,1054,1079,Cell cycle/mitosis,1,27
RDKit2D,1054,1079,PI3K/AKT/mTOR,1,27
RDKit2D,436,672,Cell cycle/mitosis,1,32
RDKit2D,436,672,DNA damage/repair,1,32
RDKit2D,436,672,Lipid/transport state,1,32
RDKit2D,436,672,PI3K/AKT/mTOR,1,32
RDKit2D,713,1214,Nuclear receptor/xenobiotic,3,24
RDKit2D,33,1716,Cell cycle/mitosis,2,30
RDKit2D,33,1716,PI3K/AKT/mTOR,2,30
RDKit2D,1073,1846,Cell cycle/mitosis,1,25
RDKit2D,1073,1846,Lipid/transport state,1,25
RDKit2D,1073,1846,PI3K/AKT/mTOR,1,25
RDKit2D,116,1092,Nuclear receptor/xenobiotic,1,12
RDKit2D,105,1043,PI3K/AKT/mTOR,1,21
RDKit2D,387,1186,Cell cycle/mitosis,1,23
RDKit2D,387,1186,MAPK/RTK,1,23
RDKit2D,387,1186,Nuclear receptor/xenobiotic,1,23
RDKit2D,1484,1581,Epigenetic/chromatin,1,13
RDKit2D,31,976,Cell cycle/mitosis,1,25
RDKit2D,31,976,MAPK/RTK,1,25
RDKit2D,31,976,Nuclear receptor/xenobiotic,1,25
RDKit2D,302,1389,Lipid/transport state,1,22
RDKit2D,450,454,Cell cycle/mitosis,2,23
RDKit2D,450,454,PI3K/AKT/mTOR,2,23
RDKit2D,314,528,Nuclear receptor/xenobiotic,1,1
RDKit2D,33,613,Cell cycle/mitosis,1,13
RDKit2D,33,613,Nuclear receptor/xenobiotic,1,13
RDKit2D,1220,1489,Cell cycle/mitosis,1,26
RDKit2D,1220,1489,DNA damage/repair,1,26
RDKit2D,1220,1489,MAPK/RTK,1,26
RDKit2D,33,116,Cell cycle/mitosis,2,26
RDKit2D,33,116,MAPK/RTK,1,26
RDKit2D,33,116,Nuclear receptor/xenobiotic,1,26
RDKit2D,33,116,PI3K/AKT/mTOR,1,26
Random,232,1241,MAPK/RTK,1,6
Random,232,1241,Nuclear receptor/xenobiotic,1,6
Random,681,1226,Nuclear receptor/xenobiotic,4,39
Random,681,1226,Cell cycle/mitosis,2,39
Random,681,1226,MAPK/RTK,2,39
Random,681,1226,PI3K/AKT/mTOR,1,39
Random,1339,1486,Cell cycle/mitosis,1,10
Random,1339,1486,DNA damage/repair,1,10
Random,1339,1486,Nuclear receptor/xenobiotic,1,10
Random,584,1161,Cell cycle/mitosis,2,8
Random,584,1161,PI3K/AKT/mTOR,1,8
Random,1181,1489,Cell cycle/mitosis,1,14
Random,1181,1489,DNA damage/repair,1,14
Random,294,861,Cell cycle/mitosis,1,6
Random,436,1245,Cell cycle/mitosis,1,5
Random,1382,1470,Cell cycle/mitosis,1,7
Random,1382,1470,DNA damage/repair,1,7
Random,1428,1649,Cell cycle/mitosis,1,3
Random,1358,1730,DNA damage/repair,1,3
Random,33,50,Cell cycle/mitosis,2,15
Random,33,50,Microtubule,1,15
Random,33,50,Nuclear receptor/xenobiotic,1,15
Random,836,881,Cell cycle/mitosis,2,22
Random,836,881,Lipid/transport state,1,22
Random,836,881,PI3K/AKT/mTOR,1,22
Random,116,1186,Nuclear receptor/xenobiotic,2,27
Random,116,1186,Cell cycle/mitosis,1,27
Random,116,1186,MAPK/RTK,1,27
Random,116,1186,PI3K/AKT/mTOR,1,27
Random,105,174,MAPK/RTK,1,4
Random,195,1486,Nuclear receptor/xenobiotic,1,7
Random,528,1692,Cell cycle/mitosis,1,16
Random,528,1692,DNA damage/repair,1,16
Random,528,1692,MAPK/RTK,1,16
Random,528,1692,PI3K/AKT/mTOR,1,16
Random,436,450,Cell cycle/mitosis,2,26
Random,436,450,PI3K/AKT/mTOR,2,26
Random,436,450,DNA damage/repair,1,26
Random,671,806,MAPK/RTK,1,1
Random,1389,1470,Microtubule,2,6
Random,93,556,MAPK/RTK,2,13
Random,93,556,Cell cycle/mitosis,1,13
Random,93,556,Microtubule,1,13
Random,93,556,Nuclear receptor/xenobiotic,1,13
Random,402,1394,Proteostasis,1,1
Random,912,1754,Cell cycle/mitosis,1,2
Random,685,1189,Cell cycle/mitosis,1,26
Random,685,1189,Nuclear receptor/xenobiotic,1,26
Random,685,1189,PI3K/AKT/mTOR,1,26
Random,83,1709,Cell cycle/mitosis,1,14
Random,83,1709,Nuclear receptor/xenobiotic,1,14
Random,436,1004,Cell cycle/mitosis,2,13
Random,436,1004,PI3K/AKT/mTOR,1,13
Random,1060,1080,DNA damage/repair,1,14
Random,1060,1080,Nuclear receptor/xenobiotic,1,14
Random,187,1235,DNA damage/repair,1,13
Random,187,1235,Microtubule,1,13
Random,187,1235,Nuclear receptor/xenobiotic,1,13
Random,187,1235,PI3K/AKT/mTOR,1,13
Random,1339,1719,Cell cycle/mitosis,1,5
Random,283,449,Cell cycle/mitosis,2,22
Random,283,449,Lipid/transport state,1,22
Random,283,449,Microtubule,1,22
Random,283,449,PI3K/AKT/mTOR,1,22
Random,1110,1713,DNA damage/repair,1,9
Random,268,1641,Nuclear receptor/xenobiotic,1,6
Random,529,1407,Cell cycle/mitosis,1,3
Random,806,1692,Nuclear receptor/xenobiotic,3,21
Random,806,1692,Cell cycle/mitosis,2,21
Random,806,1692,MAPK/RTK,1,21
Random,543,1300,Cell cycle/mitosis,1,12
Random,543,1300,DNA damage/repair,1,12
Random,543,1300,Microtubule,1,12
Random,178,1339,DNA damage/repair,1,8
Random,50,635,DNA damage/repair,1,12
Random,50,635,Microtubule,1,12
Random,50,635,Nuclear receptor/xenobiotic,1,12
Random,387,1470,DNA damage/repair,1,6
Random,1128,1649,Cell cycle/mitosis,1,5
Random,294,534,Cell cycle/mitosis,1,13
Random,1236,1692,Cell cycle/mitosis,2,28
Random,1236,1692,Nuclear receptor/xenobiotic,2,28
Random,1236,1692,DNA damage/repair,1,28
Random,1236,1692,MAPK/RTK,1,28
Random,1236,1692,PI3K/AKT/mTOR,1,28
Random,387,460,Cell cycle/mitosis,1,12
Random,387,460,Nuclear receptor/xenobiotic,1,12
Random,85,1637,Cell cycle/mitosis,1,15
Random,1394,1597,Nuclear receptor/xenobiotic,3,6
Random,671,713,Nuclear receptor/xenobiotic,1,1
Random,218,458,Lipid/transport state,1,12
Random,218,458,Nuclear receptor/xenobiotic,1,12
Random,398,636,DNA damage/repair,2,22
Random,398,636,Cell cycle/mitosis,1,22
Random,398,636,PI3K/AKT/mTOR,1,22
Random,1060,1470,DNA damage/repair,3,10
Random,1060,1470,Cell cycle/mitosis,1,10
Random,470,841,Nuclear receptor/xenobiotic,1,12
Random,116,713,Nuclear receptor/xenobiotic,2,19
Random,116,713,Microtubule,1,19
Random,1169,1553,Cell cycle/mitosis,1,7
Random,232,570,Cell cycle/mitosis,1,18
Random,379,387,Nuclear receptor/xenobiotic,2,27
Random,379,387,DNA damage/repair,1,27
Random,379,387,MAPK/RTK,1,27
Random,543,1522,Proteostasis,1,2
Random,1110,1319,DNA damage/repair,1,12
Random,1181,1338,Cell cycle/mitosis,1,9
Random,116,671,MAPK/RTK,1,1
Random,1080,1407,Cell cycle/mitosis,1,3
Random,529,1043,Nuclear receptor/xenobiotic,1,19
Random,942,1226,Nuclear receptor/xenobiotic,2,15
Random,942,1226,Cell cycle/mitosis,1,15
Random,1299,1382,Cell cycle/mitosis,1,11
Random,108,1210,Cell cycle/mitosis,1,9
Random,713,1220,Microtubule,1,20
Random,713,1220,Nuclear receptor/xenobiotic,1,20
Random,534,831,Cell cycle/mitosis,1,2
Random,227,945,DNA damage/repair,1,5
Random,1081,1637,Cell cycle/mitosis,1,16
Random,1081,1637,Nuclear receptor/xenobiotic,1,16
Random,178,528,DNA damage/repair,1,20
Random,178,528,Lipid/transport state,1,20
Random,608,1527,Cell cycle/mitosis,2,31
Random,608,1527,Nuclear receptor/xenobiotic,1,31
Random,1080,1597,Nuclear receptor/xenobiotic,3,15
Random,1080,1597,Cell cycle/mitosis,1,15
Random,1080,1597,PI3K/AKT/mTOR,1,15
Random,358,481,Microtubule,1,27
Random,358,481,PI3K/AKT/mTOR,1,27
Random,449,528,Cell cycle/mitosis,2,18
Random,449,528,Lipid/transport state,1,18
Random,449,528,PI3K/AKT/mTOR,1,18
Random,1560,1707,DNA damage/repair,1,3
Random,449,1407,Cell cycle/mitosis,1,6
Random,635,1655,Proteostasis,1,8
Random,528,584,Cell cycle/mitosis,1,21
Random,528,584,Lipid/transport state,1,21
Random,528,584,PI3K/AKT/mTOR,1,21
Random,195,1338,Cell cycle/mitosis,1,5
Random,227,1226,Cell cycle/mitosis,2,25
Random,227,1226,PI3K/AKT/mTOR,1,25
Random,273,529,Cell cycle/mitosis,1,26
Random,273,529,PI3K/AKT/mTOR,1,26
Random,336,1300,DNA damage/repair,1,8
Random,120,942,Cell cycle/mitosis,1,20
Random,120,942,Nuclear receptor/xenobiotic,1,20
Random,1181,1754,DNA damage/repair,1,5
Random,1181,1754,Nuclear receptor/xenobiotic,1,5
Random,13,1011,Cell cycle/mitosis,2,31
Random,13,1011,PI3K/AKT/mTOR,2,31
Random,13,1011,DNA damage/repair,1,31
Random,227,1069,Cell cycle/mitosis,1,8
Random,227,1069,DNA damage/repair,1,8
Random,195,1835,DNA damage/repair,1,4
Random,1692,1716,Cell cycle/mitosis,1,17
Random,1692,1716,DNA damage/repair,1,17
Random,1692,1716,PI3K/AKT/mTOR,1,17
Random,841,1394,Nuclear receptor/xenobiotic,2,9
Random,592,717,Cell cycle/mitosis,2,31
Random,592,717,DNA damage/repair,2,31
Random,592,717,Nuclear receptor/xenobiotic,2,31
Random,592,717,Lipid/transport state,1,31
Random,514,1503,Cell cycle/mitosis,2,16
Random,83,309,Cell cycle/mitosis,2,21
Random,806,1060,Nuclear receptor/xenobiotic,3,13
Random,806,1060,Cell cycle/mitosis,1,13
Random,806,1060,Microtubule,1,13
Random,227,681,Cell cycle/mitosis,2,29
Random,227,681,PI3K/AKT/mTOR,2,29
Random,227,681,DNA damage/repair,1,29
Random,1080,1692,Nuclear receptor/xenobiotic,2,22
Random,1080,1692,Cell cycle/mitosis,1,22
Random,1080,1692,DNA damage/repair,1,22
Random,1080,1692,MAPK/RTK,1,22
Random,1080,1692,PI3K/AKT/mTOR,1,22
Random,1707,1854,DNA damage/repair,1,7
Random,1238,1739,Cell cycle/mitosis,1,23
Random,528,1119,Nuclear receptor/xenobiotic,2,30
Random,528,1119,Cell cycle/mitosis,1,30
Random,528,1119,DNA damage/repair,1,30
Random,528,1119,PI3K/AKT/mTOR,1,30
Random,205,942,Nuclear receptor/xenobiotic,2,21
Random,205,942,Cell cycle/mitosis,1,21
Random,205,942,DNA damage/repair,1,21
Random,205,942,Proteostasis,1,21
Random,570,1584,DNA damage/repair,1,12
Random,355,555,MAPK/RTK,1,3
Random,355,555,Proteostasis,1,3
Random,1047,1319,Nuclear receptor/xenobiotic,2,16
Random,1047,1319,Cell cycle/mitosis,1,16
Random,1047,1319,PI3K/AKT/mTOR,1,16
Random,116,470,DNA damage/repair,2,16
Random,116,470,Microtubule,1,16
Random,116,470,Nuclear receptor/xenobiotic,1,16
Random,543,1692,DNA damage/repair,1,6
Random,385,1828,MAPK/RTK,2,30
Random,385,1828,Nuclear receptor/xenobiotic,2,30
Random,385,1828,DNA damage/repair,1,30
Random,1080,1637,Nuclear receptor/xenobiotic,2,21
Random,1551,1730,DNA damage/repair,1,3
Random,1551,1730,Lipid/transport state,1,3
Random,309,1186,Cell cycle/mitosis,2,28
Random,309,1186,Epigenetic/chromatin,1,28
Random,309,1186,MAPK/RTK,1,28
Random,309,1186,Nuclear receptor/xenobiotic,1,28
Random,436,1719,Cell cycle/mitosis,1,8
Random,187,1637,Nuclear receptor/xenobiotic,2,13
Random,881,1196,Cell cycle/mitosis,2,30
Random,881,1196,PI3K/AKT/mTOR,2,30
Random,881,1196,MAPK/RTK,1,30
Random,1189,1503,Cell cycle/mitosis,3,29
Random,1189,1503,PI3K/AKT/mTOR,1,29
Random,83,1189,Cell cycle/mitosis,3,29
Random,83,1189,Nuclear receptor/xenobiotic,2,29
Random,83,1189,PI3K/AKT/mTOR,1,29
Random,314,912,Cell cycle/mitosis,1,2
Random,178,530,Lipid/transport state,1,1
Random,1389,1763,Cell cycle/mitosis,2,31
Random,1389,1763,Epigenetic/chromatin,1,31
Random,1389,1763,Lipid/transport state,1,31
Random,1389,1763,MAPK/RTK,1,31
Random,1389,1763,Nuclear receptor/xenobiotic,1,31
Random,1389,1763,PI3K/AKT/mTOR,1,31
Random,227,1300,DNA damage/repair,1,6
Random,562,945,Nuclear receptor/xenobiotic,1,2
Random,232,685,Cell cycle/mitosis,2,26
Random,232,685,Nuclear receptor/xenobiotic,2,26
Random,232,685,PI3K/AKT/mTOR,1,26
Random,1004,1637,Nuclear receptor/xenobiotic,2,12
Random,1004,1637,Cell cycle/mitosis,1,12
Random,1186,1692,Cell cycle/mitosis,2,18
Random,1186,1692,Epigenetic/chromatin,1,18
Random,1186,1692,MAPK/RTK,1,18
Random,1186,1692,Microtubule,1,18
Random,1186,1692,Nuclear receptor/xenobiotic,1,18
Random,1186,1692,PI3K/AKT/mTOR,1,18
Random,77,1702,Cell cycle/mitosis,1,10
Random,77,1702,Lipid/transport state,1,10
Random,528,534,Nuclear receptor/xenobiotic,1,8
Random,205,546,Proteostasis,1,7
Random,556,1694,MAPK/RTK,1,10
Random,556,1694,Microtubule,1,10
Random,1236,1597,Nuclear receptor/xenobiotic,3,16
Random,1236,1597,Cell cycle/mitosis,1,16
Random,1236,1597,PI3K/AKT/mTOR,1,16
Random,592,865,Nuclear receptor/xenobiotic,1,17
Random,379,534,Nuclear receptor/xenobiotic,2,17
Random,379,534,Cell cycle/mitosis,1,17
Random,1081,1730,DNA damage/repair,1,10
Random,334,1112,Cell cycle/mitosis,1,8
Random,1382,1486,Cell cycle/mitosis,3,23
Random,1382,1486,DNA damage/repair,1,23
Random,976,1236,Cell cycle/mitosis,3,28
Random,976,1236,Nuclear receptor/xenobiotic,2,28
Random,976,1236,MAPK/RTK,1,28
Random,976,1236,PI3K/AKT/mTOR,1,28
Random,817,881,Cell cycle/mitosis,2,34
Random,817,881,Lipid/transport state,1,34
Random,817,881,PI3K/AKT/mTOR,1,34
Random,635,1300,Microtubule,1,5
Random,450,1486,Cell cycle/mitosis,3,26
Random,450,1486,PI3K/AKT/mTOR,2,26
Random,450,1486,DNA damage/repair,1,26
Random,450,1486,Nuclear receptor/xenobiotic,1,26
Random,387,396,Cell cycle/mitosis,1,32
Random,387,396,MAPK/RTK,1,32
Random,1081,1486,Nuclear receptor/xenobiotic,3,20
Random,1081,1486,Cell cycle/mitosis,2,20
Random,1214,1649,MAPK/RTK,1,21
Random,1069,1739,Cell cycle/mitosis,2,5
Random,387,1739,Cell cycle/mitosis,1,21
Random,449,1470,Cell cycle/mitosis,1,9
Random,449,1470,Microtubule,1,9
Random,205,816,DNA damage/repair,1,14
Random,205,816,Microtubule,1,14
Random,205,816,Nuclear receptor/xenobiotic,1,14
Random,205,1236,Nuclear receptor/xenobiotic,2,17
Random,205,1236,Cell cycle/mitosis,1,17
Random,205,1236,DNA damage/repair,1,17
Random,205,1236,MAPK/RTK,1,17
Random,379,1333,Nuclear receptor/xenobiotic,2,19
Random,514,1739,Cell cycle/mitosis,2,14
Random,33,1637,Nuclear receptor/xenobiotic,1,16
Random,336,513,Cell cycle/mitosis,2,21
Random,227,1245,Cell cycle/mitosis,1,10
Random,227,1245,DNA damage/repair,1,10
Random,334,1839,Nuclear receptor/xenobiotic,1,3
Random,35,571,Nuclear receptor/xenobiotic,4,29
Random,83,389,Nuclear receptor/xenobiotic,2,20
Random,178,1763,Epigenetic/chromatin,1,18
Random,178,1763,Lipid/transport state,1,18
Random,816,1854,DNA damage/repair,1,12
Random,171,1670,Lipid/transport state,1,17
Random,171,1670,Microtubule,1,17
Random,1186,1739,Cell cycle/mitosis,1,23
Random,1186,1739,Lipid/transport state,1,23
Random,205,671,MAPK/RTK,1,3
Random,1181,1428,Cell cycle/mitosis,1,18
Random,1181,1428,Lipid/transport state,1,18
Random,1181,1428,Nuclear receptor/xenobiotic,1,18
Random,33,1110,Epigenetic/chromatin,1,18
Random,27,1110,Epigenetic/chromatin,1,25
Random,27,1110,Nuclear receptor/xenobiotic,1,25
Random,334,1598,Nuclear receptor/xenobiotic,1,5
Random,635,942,Nuclear receptor/xenobiotic,2,10
Random,635,942,DNA damage/repair,1,10
Random,816,1069,Cell cycle/mitosis,1,13
Random,816,1069,DNA damage/repair,1,13
Random,227,635,DNA damage/repair,1,12
Random,50,806,Cell cycle/mitosis,1,16
Random,50,806,Nuclear receptor/xenobiotic,1,16
Random,190,912,Nuclear receptor/xenobiotic,1,28
Random,525,1787,Lipid/transport state,1,18
Random,450,1181,DNA damage/repair,1,7
Random,0,94,Cell cycle/mitosis,2,35
Random,0,94,DNA damage/repair,1,35
Random,0,94,Lipid/transport state,1,35
Random,0,94,PI3K/AKT/mTOR,1,35
Random,36,584,Cell cycle/mitosis,1,3
Random,35,116,Nuclear receptor/xenobiotic,2,28
Random,232,1719,Nuclear receptor/xenobiotic,2,13
Random,232,1719,Cell cycle/mitosis,1,13
Random,232,1719,MAPK/RTK,1,13
Random,613,1220,Cell cycle/mitosis,2,12
Random,613,1220,Lipid/transport state,1,12
Random,514,1226,Cell cycle/mitosis,1,16
Random,514,1226,Nuclear receptor/xenobiotic,1,16
Random,85,1226,Cell cycle/mitosis,1,19
Random,672,1420,Cell cycle/mitosis,1,32
Random,672,1420,Lipid/transport state,1,32
Random,672,1420,MAPK/RTK,1,32
Random,672,1420,PI3K/AKT/mTOR,1,32
Random,698,1692,Cell cycle/mitosis,1,17
Random,698,1692,PI3K/AKT/mTOR,1,17
Random,436,1389,Cell cycle/mitosis,2,21
Random,436,1389,Lipid/transport state,1,21
Random,436,1389,PI3K/AKT/mTOR,1,21
Random,635,1470,Cell cycle/mitosis,1,10
Random,635,1470,DNA damage/repair,1,10
Random,635,1470,Nuclear receptor/xenobiotic,1,10
Random,1043,1241,Nuclear receptor/xenobiotic,1,6
Random,205,1719,MAPK/RTK,2,9
Random,205,1719,Nuclear receptor/xenobiotic,2,9
Random,1238,1486,Cell cycle/mitosis,3,28
Random,273,1338,Cell cycle/mitosis,2,18
Random,205,334,Nuclear receptor/xenobiotic,3,14
Random,205,334,Cell cycle/mitosis,2,14
Random,205,334,DNA damage/repair,1,14
Random,529,1112,Cell cycle/mitosis,1,24
Random,116,385,DNA damage/repair,1,7
Random,1076,1435,Nuclear receptor/xenobiotic,2,8
Random,584,1236,Cell cycle/mitosis,1,15
Random,584,1236,PI3K/AKT/mTOR,1,15
