seed,epoch,component,loss
31,1,Total objective,15.077550397600447
31,1,Compound,5.569054705756051
31,1,ORF,5.193463100705828
31,1,CRISPR,4.31503255707877
31,2,Total objective,14.110108784266881
31,2,Compound,5.242166723523821
31,2,ORF,4.918514578683036
31,2,CRISPR,3.9494274990899223
31,3,Total objective,13.62743557521275
31,3,Compound,5.067137466158186
31,3,ORF,4.809769698551723
31,3,CRISPR,3.7505284547805786
31,4,Total objective,13.296780368259975
31,4,Compound,4.966516971588135
31,4,ORF,4.708302845273699
31,4,CRISPR,3.6219605173383442
31,5,Total objective,13.111199719565255
31,5,Compound,4.891829068320138
31,5,ORF,4.687716552189419
31,5,CRISPR,3.531654017312186
31,6,Total objective,12.936546407427107
31,6,Compound,4.828008576801845
31,6,ORF,4.608622639519828
31,6,CRISPR,3.4999152183532716
31,7,Total objective,12.79831440789359
31,7,Compound,4.787195941380092
31,7,ORF,4.568402133669172
31,7,CRISPR,3.4427162647247314
31,8,Total objective,12.668093926565987
31,8,Compound,4.744550793511527
31,8,ORF,4.558364009857177
31,8,CRISPR,3.3651791334152223
31,9,Total objective,12.585965279170445
31,9,Compound,4.712258216312954
31,9,ORF,4.516989115306309
31,9,CRISPR,3.356717940739223
31,10,Total objective,12.518289606911795
31,10,Compound,4.689654336656843
31,10,ORF,4.483572122028896
31,10,CRISPR,3.3450631175722396
31,11,Total objective,12.34362313406808
31,11,Compound,4.65971644946507
31,11,ORF,4.440573106493269
31,11,CRISPR,3.2433335065841673
31,12,Total objective,12.25830956867763
31,12,Compound,4.649168041774205
31,12,ORF,4.392902639933995
31,12,CRISPR,3.216238910811288
31,13,Total objective,12.208102457863944
31,13,Compound,4.602132620130266
31,13,ORF,4.39502729007176
31,13,CRISPR,3.210942544255938
31,14,Total objective,12.130090359279087
31,14,Compound,4.5960721629006525
31,14,ORF,4.369841759545462
31,14,CRISPR,3.164176416397095
31,15,Total objective,12.075161865779332
31,15,Compound,4.579260901042393
31,15,ORF,4.35941389628819
31,15,CRISPR,3.1364870718547277
31,16,Total objective,12.024908869607108
31,16,Compound,4.5512268951960975
31,16,ORF,4.348909439359392
31,16,CRISPR,3.1247726133891516
31,17,Total objective,11.890092999594552
31,17,Compound,4.520853069850377
31,17,ORF,4.312531805038452
31,17,CRISPR,3.056708104269845
31,18,Total objective,11.864617443084716
31,18,Compound,4.5281895092555455
31,18,ORF,4.306248222078596
31,18,CRISPR,3.030179708344596
31,19,Total objective,11.781207534245082
31,19,Compound,4.488264547075544
31,19,ORF,4.283859198434012
31,19,CRISPR,3.009083809171404
31,20,Total objective,11.794534056527274
31,20,Compound,4.497977181843349
31,20,ORF,4.266998992647443
31,20,CRISPR,3.029557909284319
31,21,Total objective,11.702617359161376
31,21,Compound,4.4910398210797995
31,21,ORF,4.249273000444685
31,21,CRISPR,2.9623045410428728
31,22,Total objective,11.681094346727644
31,22,Compound,4.470905596869333
31,22,ORF,4.233521785054888
31,22,CRISPR,2.976666934149606
31,23,Total objective,11.631977885110038
31,23,Compound,4.45847133908953
31,23,ORF,4.208036146845136
31,23,CRISPR,2.965470344679696
31,24,Total objective,11.595077868870327
31,24,Compound,4.458245577130999
31,24,ORF,4.20608310018267
31,24,CRISPR,2.9307492528642927
31,25,Total objective,11.538142599378313
31,25,Compound,4.444032614571707
31,25,ORF,4.185798583711897
31,25,CRISPR,2.9083113431930543
31,26,Total objective,11.473951666695731
31,26,Compound,4.420103263854981
31,26,ORF,4.176379701069423
31,26,CRISPR,2.877468633651733
31,27,Total objective,11.453258637019566
31,27,Compound,4.410481779915946
31,27,ORF,4.169825897897993
31,27,CRISPR,2.87295093195779
31,28,Total objective,11.371544851575578
31,28,Compound,4.396606404440743
31,28,ORF,4.124720341818673
31,28,CRISPR,2.85021812915802
31,29,Total objective,11.373956257956369
31,29,Compound,4.394328716823033
31,29,ORF,4.145542073249817
31,29,CRISPR,2.834085474695478
31,30,Total objective,11.320711585453578
31,30,Compound,4.373715271268572
31,30,ORF,4.120352561133249
31,30,CRISPR,2.826643773487636
31,31,Total objective,11.278558812822615
31,31,Compound,4.36802785055978
31,31,ORF,4.111392773900714
31,31,CRISPR,2.79913809299469
31,32,Total objective,11.241148553575789
31,32,Compound,4.360844353267125
31,32,ORF,4.09373893397195
31,32,CRISPR,2.7865652118410384
31,33,Total objective,11.227752304077148
31,33,Compound,4.361207962036133
31,33,ORF,4.0855182886123655
31,33,CRISPR,2.7810260261808124
31,34,Total objective,11.157017353602818
31,34,Compound,4.360315445491246
31,34,ORF,4.058253240585327
31,34,CRISPR,2.7384487049920216
31,35,Total objective,11.155211312430245
31,35,Compound,4.372323519842965
31,35,ORF,4.061310734067645
31,35,CRISPR,2.7215770619256157
31,36,Total objective,11.095956311907088
31,36,Compound,4.341742420196534
31,36,ORF,4.035787691388811
31,36,CRISPR,2.7184262445994785
31,37,Total objective,11.110099056788853
31,37,Compound,4.348134463174002
31,37,ORF,4.035987186431885
31,37,CRISPR,2.725977410588946
31,38,Total objective,11.06565182549613
31,38,Compound,4.335876458031791
31,38,ORF,4.0458256483078
31,38,CRISPR,2.683949729374477
31,39,Total objective,11.011782850537982
31,39,Compound,4.327471276691981
31,39,ORF,4.022019961902074
31,39,CRISPR,2.662291625567845
31,40,Total objective,10.94690501349313
31,40,Compound,4.317095306941441
31,40,ORF,4.004159000941685
31,40,CRISPR,2.6256507294518605
31,41,Total objective,10.938694313594274
31,41,Compound,4.312601225716727
31,41,ORF,3.997927737236023
31,41,CRISPR,2.6281653165817263
31,42,Total objective,10.90181392942156
31,42,Compound,4.308934995106289
31,42,ORF,3.9432204008102416
31,42,CRISPR,2.6496585300990514
31,43,Total objective,10.878874097551618
31,43,Compound,4.303368561608451
31,43,ORF,3.9704885346548897
31,43,CRISPR,2.6050169740404403
31,44,Total objective,10.856634140014648
31,44,Compound,4.290947341918946
31,44,ORF,3.9675932713917326
31,44,CRISPR,2.5980935505458285
31,45,Total objective,10.816796343667166
31,45,Compound,4.286422341210502
31,45,ORF,3.929729424204145
31,45,CRISPR,2.6006445918764385
31,46,Total objective,10.787450885772705
31,46,Compound,4.280883026123047
31,46,ORF,3.929893514088222
31,46,CRISPR,2.576674345561436
31,47,Total objective,10.755000141688756
31,47,Compound,4.269464479173933
31,47,ORF,3.893629046848842
31,47,CRISPR,2.5919066190719606
31,48,Total objective,10.740090642656599
31,48,Compound,4.280228390012469
31,48,ORF,3.918623627935137
31,48,CRISPR,2.541238590649196
31,49,Total objective,10.737645612444197
31,49,Compound,4.273792287281581
31,49,ORF,3.892126410348075
31,49,CRISPR,2.571726942062378
31,50,Total objective,10.712797914232526
31,50,Compound,4.259734453473772
31,50,ORF,3.9210174219948906
31,50,CRISPR,2.532046089853559
31,51,Total objective,10.644685540880475
31,51,Compound,4.243215336118426
31,51,ORF,3.9050537007195607
31,51,CRISPR,2.49641649382455
31,52,Total objective,10.65602798461914
31,52,Compound,4.268098054613386
31,52,ORF,3.874774258477347
31,52,CRISPR,2.513155712400164
31,53,Total objective,10.632218306405203
31,53,Compound,4.25104420525687
31,53,ORF,3.859901911871774
31,53,CRISPR,2.5212722063064574
31,54,Total objective,10.62267690386091
31,54,Compound,4.25709456716265
31,54,ORF,3.862201588494437
31,54,CRISPR,2.503380785669599
31,55,Total objective,10.583453914097378
31,55,Compound,4.235499143600464
31,55,ORF,3.857146498135158
31,55,CRISPR,2.4908083064215525
31,56,Total objective,10.528297410692488
31,56,Compound,4.223332793372018
31,56,ORF,3.8403045075280327
31,56,CRISPR,2.464660140446254
31,57,Total objective,10.50375258581979
31,57,Compound,4.223960644858224
31,57,ORF,3.815065816470555
31,57,CRISPR,2.4647262164524624
31,58,Total objective,10.5037570135934
31,58,Compound,4.234113304955619
31,58,ORF,3.8299887384687152
31,58,CRISPR,2.439655011040824
31,59,Total objective,10.478621768951417
31,59,Compound,4.240427848270961
31,59,ORF,3.787719556263515
31,59,CRISPR,2.450474418912615
31,60,Total objective,10.4884549004691
31,60,Compound,4.233129378727504
31,60,ORF,3.804575940540859
31,60,CRISPR,2.450749635696411
31,61,Total objective,10.4272659437997
31,61,Compound,4.233652653012957
31,61,ORF,3.784861295563834
31,61,CRISPR,2.408752019064767
31,62,Total objective,10.40562046595982
31,62,Compound,4.214139771461487
31,62,ORF,3.8058360031672884
31,62,CRISPR,2.385644653865269
31,63,Total objective,10.34514149257115
31,63,Compound,4.203680842263358
31,63,ORF,3.748335140092032
31,63,CRISPR,2.3931254727499827
31,64,Total objective,10.402073424203055
31,64,Compound,4.226685673849923
31,64,ORF,3.786857339314052
31,64,CRISPR,2.388530465534755
31,65,Total objective,10.331938212258475
31,65,Compound,4.210316467285156
31,65,ORF,3.7248450585774013
31,65,CRISPR,2.396776669366019
31,66,Total objective,10.356901209694998
31,66,Compound,4.218741171700614
31,66,ORF,3.751501621518816
31,66,CRISPR,2.3866583585739134
31,67,Total objective,10.29299155644008
31,67,Compound,4.199804530824934
31,67,ORF,3.7297606331961495
31,67,CRISPR,2.363426436696734
31,68,Total objective,10.243747275216238
31,68,Compound,4.1933457510811945
31,68,ORF,3.7150742088045394
31,68,CRISPR,2.3353273800441197
31,69,Total objective,10.27155087334769
31,69,Compound,4.218607636860439
31,69,ORF,3.7287180389676777
31,69,CRISPR,2.3242252332823616
31,70,Total objective,10.20641701562064
31,70,Compound,4.175106464113508
31,70,ORF,3.7241127116339547
31,70,CRISPR,2.30719781603132
31,71,Total objective,10.208139937264578
31,71,Compound,4.182268156324114
31,71,ORF,3.698399179322379
31,71,CRISPR,2.3274726118360247
31,72,Total objective,10.191879040854317
31,72,Compound,4.186188956669398
31,72,ORF,3.683249020576477
31,72,CRISPR,2.32244109085628
31,73,Total objective,10.16736763545445
31,73,Compound,4.184898376464844
31,73,ORF,3.6832655770438056
31,73,CRISPR,2.299203607014247
31,74,Total objective,10.184342629568917
31,74,Compound,4.190475681849889
31,74,ORF,3.6743052414485384
31,74,CRISPR,2.3195616483688353
31,75,Total objective,10.13392049244472
31,75,Compound,4.167390435082572
31,75,ORF,3.6610126563480923
31,75,CRISPR,2.3055174810545784
31,76,Total objective,10.10830067225865
31,76,Compound,4.175333026477269
31,76,ORF,3.6558162655149187
31,76,CRISPR,2.2771514245441984
31,77,Total objective,10.063837650844029
31,77,Compound,4.1639864649091445
31,77,ORF,3.6376916919435773
31,77,CRISPR,2.2621595450810026
31,78,Total objective,10.088302217211043
31,78,Compound,4.177441099711827
31,78,ORF,3.6412250655038014
31,78,CRISPR,2.2696361098970685
31,79,Total objective,10.039809499468122
31,79,Compound,4.153621694019862
31,79,ORF,3.628608785356794
31,79,CRISPR,2.2575790030615672
31,80,Total objective,10.042328875405447
31,80,Compound,4.153046877043588
31,80,ORF,3.6262304646628243
31,80,CRISPR,2.2630515030452183
31,81,Total objective,10.01879610334124
31,81,Compound,4.165180369785854
31,81,ORF,3.6130707842963083
31,81,CRISPR,2.2405449662889754
31,82,Total objective,9.951112474714007
31,82,Compound,4.145842855317252
31,82,ORF,3.585265598978315
31,82,CRISPR,2.2200039948735917
31,83,Total objective,9.963057286398751
31,83,Compound,4.144723619733538
31,83,ORF,3.608803224563599
31,83,CRISPR,2.209530431883676
31,84,Total objective,9.942971774509974
31,84,Compound,4.145231151580811
31,84,ORF,3.5760981695992604
31,84,CRISPR,2.2216424124581473
31,85,Total objective,9.942774527413505
31,85,Compound,4.152167449678694
31,85,ORF,3.5774583986827304
31,85,CRISPR,2.213148697784969
31,86,Total objective,9.928637708936419
31,86,Compound,4.1275114910943165
31,86,ORF,3.5849269151687624
31,86,CRISPR,2.216199319703238
31,87,Total objective,9.91495076588222
31,87,Compound,4.15439019884382
31,87,ORF,3.5774386984961373
31,87,CRISPR,2.183121853215354
31,88,Total objective,9.856864316122872
31,88,Compound,4.135923191479274
31,88,ORF,3.546646935599191
31,88,CRISPR,2.1742941652025496
31,89,Total objective,9.917590849740165
31,89,Compound,4.146154049464634
31,89,ORF,3.562474261011396
31,89,CRISPR,2.2089625682149614
31,90,Total objective,9.869407422201974
31,90,Compound,4.130554263932364
31,90,ORF,3.558008589063372
31,90,CRISPR,2.180844576018197
31,91,Total objective,9.842061683109828
31,91,Compound,4.124449402945382
31,91,ORF,3.529219681876046
31,91,CRISPR,2.188392560822623
31,92,Total objective,9.84539476122175
31,92,Compound,4.12528921195439
31,92,ORF,3.5517294679369247
31,92,CRISPR,2.168376052379608
31,93,Total objective,9.81972804750715
31,93,Compound,4.126102277210781
31,93,ORF,3.5429534230913435
31,93,CRISPR,2.1506723046302794
31,94,Total objective,9.82483102253505
31,94,Compound,4.144728582245963
31,94,ORF,3.5250970704214915
31,94,CRISPR,2.155005323886871
31,95,Total objective,9.787048230852399
31,95,Compound,4.116289683750698
31,95,ORF,3.5234787464141846
31,95,CRISPR,2.1472797751426698
31,96,Total objective,9.762173775264195
31,96,Compound,4.115651365688869
31,96,ORF,3.5087498256138394
31,96,CRISPR,2.1377725992883954
31,97,Total objective,9.738604954310826
31,97,Compound,4.127537832941328
31,97,ORF,3.494693582398551
31,97,CRISPR,2.1163735508918764
31,98,Total objective,9.72482076372419
31,98,Compound,4.121996549197606
31,98,ORF,3.4629373039518083
31,98,CRISPR,2.139886965070452
31,99,Total objective,9.700658076150077
31,99,Compound,4.123906207084656
31,99,ORF,3.478532293864659
31,99,CRISPR,2.098219542843955
31,100,Total objective,9.664227744511196
31,100,Compound,4.115547200611659
31,100,ORF,3.4594969374792917
31,100,CRISPR,2.08918354511261
31,101,Total objective,9.661527047838483
31,101,Compound,4.10377494267055
31,101,ORF,3.4591960089547293
31,101,CRISPR,2.0985560400145395
31,102,Total objective,9.645243045261928
31,102,Compound,4.099048890386309
31,102,ORF,3.45519403389522
31,102,CRISPR,2.091000097138541
31,103,Total objective,9.642410700661795
31,103,Compound,4.11976831299918
31,103,ORF,3.4579090731484547
31,103,CRISPR,2.064733380930764
31,104,Total objective,9.592059230804443
31,104,Compound,4.100153640338353
31,104,ORF,3.4180777175085884
31,104,CRISPR,2.0738278678485327
31,105,Total objective,9.59083013534546
31,105,Compound,4.098361066409519
31,105,ORF,3.442274672644479
31,105,CRISPR,2.050194457599095
31,106,Total objective,9.565528610774448
31,106,Compound,4.084604641369411
31,106,ORF,3.424074149131775
31,106,CRISPR,2.056849811758314
31,107,Total objective,9.576473576681954
31,107,Compound,4.101299660546439
31,107,ORF,3.4198136125292096
31,107,CRISPR,2.055360278061458
31,108,Total objective,9.53931154523577
31,108,Compound,4.087847590446472
31,108,ORF,3.4068456513541086
31,108,CRISPR,2.0446182778903417
31,109,Total objective,9.542479487827846
31,109,Compound,4.095544069153922
31,109,ORF,3.414405594553266
31,109,CRISPR,2.0325298292296274
31,110,Total objective,9.537565531049456
31,110,Compound,4.099881444658552
31,110,ORF,3.385979039328439
31,110,CRISPR,2.051705048765455
31,111,Total objective,9.542854636056083
31,111,Compound,4.105815955570766
31,111,ORF,3.394932106563023
31,111,CRISPR,2.0421065739222937
31,112,Total objective,9.523531654902866
31,112,Compound,4.080841514042445
31,112,ORF,3.4042703253882274
31,112,CRISPR,2.0384197865213665
31,113,Total objective,9.454453727177212
31,113,Compound,4.072119706017631
31,113,ORF,3.360661646298
31,113,CRISPR,2.0216723459107535
31,114,Total objective,9.484184850965228
31,114,Compound,4.076106831005641
31,114,ORF,3.383265355655125
31,114,CRISPR,2.0248126370566233
31,115,Total objective,9.466500336783273
31,115,Compound,4.088979816436767
31,115,ORF,3.365589533533369
31,115,CRISPR,2.011931048120771
31,116,Total objective,9.455048888070243
31,116,Compound,4.095326375961304
31,116,ORF,3.3577139786311556
31,116,CRISPR,2.0020085147448947
31,117,Total objective,9.415385573250907
31,117,Compound,4.081805041858128
31,117,ORF,3.339071931157793
31,117,CRISPR,1.9945086666515894
31,118,Total objective,9.41273991721017
31,118,Compound,4.067359617778233
31,118,ORF,3.3569328035627093
31,118,CRISPR,1.9884474158287049
31,119,Total objective,9.400542613438198
31,119,Compound,4.066430738994053
31,119,ORF,3.3314187833241053
31,119,CRISPR,2.00269307749612
31,120,Total objective,9.39764701298305
31,120,Compound,4.0629820108413695
31,120,ORF,3.334722638130188
31,120,CRISPR,1.999942421913147
31,121,Total objective,9.4147155216762
31,121,Compound,4.081285493714469
31,121,ORF,3.315400035040719
31,121,CRISPR,2.0180300099509103
31,122,Total objective,9.378260449000768
31,122,Compound,4.066939568519592
31,122,ORF,3.314182608468192
31,122,CRISPR,1.9971382941518512
31,123,Total objective,9.36465230669294
31,123,Compound,4.088750658716474
31,123,ORF,3.311266163417271
31,123,CRISPR,1.964635465826307
31,124,Total objective,9.345120321001325
31,124,Compound,4.074275367600578
31,124,ORF,3.316059555326189
31,124,CRISPR,1.9547854287283761
31,125,Total objective,9.379882730756487
31,125,Compound,4.094781606537955
31,125,ORF,3.306984659603664
31,125,CRISPR,1.978116398198264
31,126,Total objective,9.305701964242118
31,126,Compound,4.0625648123877385
31,126,ORF,3.297332467351641
31,126,CRISPR,1.9458047219685146
31,127,Total objective,9.29727076121739
31,127,Compound,4.050486888204302
31,127,ORF,3.312433934211731
31,127,CRISPR,1.9343499388013567
31,128,Total objective,9.272510583060129
31,128,Compound,4.058624867030552
31,128,ORF,3.262901864733015
31,128,CRISPR,1.9509838683264595
31,129,Total objective,9.30654923575265
31,129,Compound,4.065707445144653
31,129,ORF,3.292167670386178
31,129,CRISPR,1.948674167905535
31,130,Total objective,9.222819750649588
31,130,Compound,4.0489888123103555
31,130,ORF,3.278898123332432
31,130,CRISPR,1.8949327519961765
31,131,Total objective,9.225417368752616
31,131,Compound,4.054536240441458
31,131,ORF,3.2599130971091133
31,131,CRISPR,1.9109680703708103
31,132,Total objective,9.234451430184501
31,132,Compound,4.042260101863316
31,132,ORF,3.249224400520325
31,132,CRISPR,1.9429669414247785
31,133,Total objective,9.247389670780727
31,133,Compound,4.053807789938791
31,133,ORF,3.2567858151027136
31,133,CRISPR,1.936796123640878
31,134,Total objective,9.206082425798689
31,134,Compound,4.033131844656808
31,134,ORF,3.2485692501068115
31,134,CRISPR,1.9243813225201198
31,135,Total objective,9.21126459666661
31,135,Compound,4.0673772845949445
31,135,ORF,3.232081927571978
31,135,CRISPR,1.9118053231920515
31,136,Total objective,9.166183539799281
31,136,Compound,4.071416299683707
31,136,ORF,3.217888494900295
31,136,CRISPR,1.8768787179674422
31,137,Total objective,9.175767653329032
31,137,Compound,4.056613864217486
31,137,ORF,3.2341232095445904
31,137,CRISPR,1.8850305659430369
31,138,Total objective,9.19912098475865
31,138,Compound,4.050061753817967
31,138,ORF,3.2238411733082364
31,138,CRISPR,1.9252180678503854
31,139,Total objective,9.13139806474958
31,139,Compound,4.027269836834499
31,139,ORF,3.2213624341147287
31,139,CRISPR,1.8827658006123134
31,140,Total objective,9.108217648097447
31,140,Compound,4.034659160886492
31,140,ORF,3.1916823829923358
31,140,CRISPR,1.8818761110305786
31,141,Total objective,9.1019442149571
31,141,Compound,4.045491548946925
31,141,ORF,3.202456215449742
31,141,CRISPR,1.8539964641843523
31,142,Total objective,9.105007117135184
31,142,Compound,4.052350459780012
31,142,ORF,3.1868597984313967
31,142,CRISPR,1.8657968197550092
31,143,Total objective,9.098683779580252
31,143,Compound,4.035092227799552
31,143,ORF,3.2176469700677055
31,143,CRISPR,1.8459445595741273
31,144,Total objective,9.09097923551287
31,144,Compound,4.038172803606305
31,144,ORF,3.185920098849705
31,144,CRISPR,1.8668863466807775
31,145,Total objective,9.03215570449829
31,145,Compound,4.031101386887687
31,145,ORF,3.14651426587786
31,145,CRISPR,1.8545401096343994
31,146,Total objective,9.038150228772844
31,146,Compound,4.032857871055603
31,146,ORF,3.167181771142142
31,146,CRISPR,1.838110545703343
31,147,Total objective,9.048415088653565
31,147,Compound,4.041863203048706
31,147,ORF,3.1557679006031583
31,147,CRISPR,1.8507839441299438
31,148,Total objective,9.033548968178886
31,148,Compound,4.039436268806457
31,148,ORF,3.1637804644448417
31,148,CRISPR,1.8303323098591395
31,149,Total objective,8.99358422415597
31,149,Compound,4.03113671030317
31,149,ORF,3.1413650546755107
31,149,CRISPR,1.8210825051580157
31,150,Total objective,8.993578651973179
31,150,Compound,4.030570455959865
31,150,ORF,3.1503689936229162
31,150,CRISPR,1.8126391989844186
31,151,Total objective,8.998386560167585
31,151,Compound,4.025550375665937
31,151,ORF,3.1573211874280656
31,151,CRISPR,1.8155149374689374
31,152,Total objective,8.97964062009539
31,152,Compound,4.01608294078282
31,152,ORF,3.127018632207598
31,152,CRISPR,1.8365390947886875
31,153,Total objective,8.986734117780413
31,153,Compound,4.029690023830959
31,153,ORF,3.151856851577759
31,153,CRISPR,1.8051871759550913
31,154,Total objective,8.966229261670794
31,154,Compound,4.026826436179025
31,154,ORF,3.1303427015032086
31,154,CRISPR,1.8090601325035096
31,155,Total objective,8.928892762320382
31,155,Compound,4.017479198319571
31,155,ORF,3.1229922771453857
31,155,CRISPR,1.7884212289537702
31,156,Total objective,8.915761293683733
31,156,Compound,4.009637035642352
31,156,ORF,3.1051863772528514
31,156,CRISPR,1.8009378501347133
31,157,Total objective,8.928887557983398
31,157,Compound,4.027083366257804
31,157,ORF,3.1275213956832886
31,157,CRISPR,1.774282785824367
31,158,Total objective,8.872237300872802
31,158,Compound,3.9864475897380283
31,158,ORF,3.1008305617741176
31,158,CRISPR,1.7849591766084945
31,159,Total objective,8.878093555995397
31,159,Compound,4.011925441878183
31,159,ORF,3.099603417941502
31,159,CRISPR,1.7665647183145796
31,160,Total objective,8.864031137738909
31,160,Compound,3.992712415967669
31,160,ORF,3.0707301037652153
31,160,CRISPR,1.80058867590768
31,161,Total objective,8.87473417009626
31,161,Compound,4.007862768854413
31,161,ORF,3.0881049258368356
31,161,CRISPR,1.7787664805139813
31,162,Total objective,8.895250020708357
31,162,Compound,4.019467803410121
31,162,ORF,3.1029085874557496
31,162,CRISPR,1.7728736400604248
31,163,Total objective,8.85855004446847
31,163,Compound,4.01263940674918
31,163,ORF,3.1040444782802035
31,163,CRISPR,1.7418661645480564
31,164,Total objective,8.847557408469063
31,164,Compound,4.01657029901232
31,164,ORF,3.073957347869873
31,164,CRISPR,1.757029790537698
31,165,Total objective,8.812838867732458
31,165,Compound,4.005688912527901
31,165,ORF,3.0474246876580375
31,165,CRISPR,1.7597252198628017
31,166,Total objective,8.805037185123988
31,166,Compound,4.000456936018807
31,166,ORF,3.052656623295375
31,166,CRISPR,1.7519236292157854
31,167,Total objective,8.810420036315918
31,167,Compound,4.008155076844352
31,167,ORF,3.047322688783918
31,167,CRISPR,1.7549423030444553
31,168,Total objective,8.790117277417863
31,168,Compound,4.004755742209298
31,168,ORF,3.0554268530436923
31,168,CRISPR,1.729934663431985
31,169,Total objective,8.77052993774414
31,169,Compound,3.994786466870989
31,169,ORF,3.034931768689837
31,169,CRISPR,1.7408117055892944
31,170,Total objective,8.801373713357108
31,170,Compound,4.006644364765712
31,170,ORF,3.0434046881539483
31,170,CRISPR,1.7513246195656913
31,171,Total objective,8.762069497789655
31,171,Compound,3.997885172707694
31,171,ORF,3.0212304183415006
31,171,CRISPR,1.7429539033344814
31,172,Total objective,8.760004329681397
31,172,Compound,4.011143245015826
31,172,ORF,3.0184934650148665
31,172,CRISPR,1.7303676060267856
31,173,Total objective,8.721419075557163
31,173,Compound,3.987748442377363
31,173,ORF,3.015896660940988
31,173,CRISPR,1.7177740590912955
31,174,Total objective,8.720783696855818
31,174,Compound,3.99413275037493
31,174,ORF,3.000556104523795
31,174,CRISPR,1.7260948061943053
31,175,Total objective,8.729373959132603
31,175,Compound,4.008364459446498
31,175,ORF,3.006242152622768
31,175,CRISPR,1.7147673044885907
31,176,Total objective,8.718521159035818
31,176,Compound,3.984382166181292
31,176,ORF,3.0079160792487007
31,176,CRISPR,1.726222894872938
31,177,Total objective,8.74110687800816
31,177,Compound,3.990818772997175
31,177,ORF,3.012694914000375
31,177,CRISPR,1.7375932029315404
31,178,Total objective,8.687468542371477
31,178,Compound,3.9983332361493793
31,178,ORF,2.9948129994528636
31,178,CRISPR,1.6943223084722245
31,179,Total objective,8.674223136901855
31,179,Compound,3.9997284957340784
31,179,ORF,2.975623025212969
31,179,CRISPR,1.6988716346876962
31,180,Total objective,8.67869302204677
31,180,Compound,3.9992339985711234
31,180,ORF,2.972933166367667
31,180,CRISPR,1.7065257753644671
31,181,Total objective,8.649820082528251
31,181,Compound,3.9846101999282837
31,181,ORF,2.9717058658599855
31,181,CRISPR,1.6935040048190526
31,182,Total objective,8.646684578486852
31,182,Compound,3.972848779814584
31,182,ORF,2.9842305183410645
31,182,CRISPR,1.6896053212029594
31,183,Total objective,8.630545507158551
31,183,Compound,3.9848770107541767
31,183,ORF,2.9560816969190324
31,183,CRISPR,1.6895867466926575
31,184,Total objective,8.637376853397914
31,184,Compound,3.988106734412057
31,184,ORF,2.958607278551374
31,184,CRISPR,1.6906628540584019
31,185,Total objective,8.628727449689592
31,185,Compound,3.9638212851115635
31,185,ORF,2.970397288458688
31,185,CRISPR,1.6945089425359454
31,186,Total objective,8.633244637080601
31,186,Compound,3.9848175491605486
31,186,ORF,2.9729604516710553
31,186,CRISPR,1.6754665749413626
31,187,Total objective,8.628691877637591
31,187,Compound,3.993544670513698
31,187,ORF,2.9574188266481674
31,187,CRISPR,1.6777283838817052
31,188,Total objective,8.562455190931047
31,188,Compound,3.9475264413016182
31,188,ORF,2.934299121584211
31,188,CRISPR,1.6806296007973807
31,189,Total objective,8.587335559300014
31,189,Compound,3.963810321262905
31,189,ORF,2.95044196333204
31,189,CRISPR,1.6730832593781608
31,190,Total objective,8.555249963487897
31,190,Compound,3.9671097925731114
31,190,ORF,2.9243481840406145
31,190,CRISPR,1.663791959626334
31,191,Total objective,8.584524399893624
31,191,Compound,3.9863143444061278
31,191,ORF,2.9366237708500456
31,191,CRISPR,1.6615862573896136
31,192,Total objective,8.549445165906633
31,192,Compound,3.9793667214257376
31,192,ORF,2.9010548182896208
31,192,CRISPR,1.669023609161377
31,193,Total objective,8.550361633300781
31,193,Compound,3.972455675261361
31,193,ORF,2.921732725415911
31,193,CRISPR,1.6561732189995901
31,194,Total objective,8.534703935895648
31,194,Compound,3.973039586203439
31,194,ORF,2.925717077936445
31,194,CRISPR,1.6359472700527735
31,195,Total objective,8.549228749956404
31,195,Compound,3.9704382760184154
31,195,ORF,2.9362705741609845
31,195,CRISPR,1.6425198469843183
31,196,Total objective,8.538431222098215
31,196,Compound,3.9753538642610824
31,196,ORF,2.9082238776343208
31,196,CRISPR,1.6548534989356996
31,197,Total objective,8.5250593321664
31,197,Compound,3.9806463548115323
31,197,ORF,2.905779777254377
31,197,CRISPR,1.6386331711496627
31,198,Total objective,8.482624871390206
31,198,Compound,3.971849240575518
31,198,ORF,2.888991577284677
31,198,CRISPR,1.6217841574123928
31,199,Total objective,8.495156955718993
31,199,Compound,3.9573746749332974
31,199,ORF,2.8920221396854946
31,199,CRISPR,1.6457602194377354
31,200,Total objective,8.477435411725725
31,200,Compound,3.963899643080575
31,200,ORF,2.8871766703469413
31,200,CRISPR,1.6263591289520263
31,201,Total objective,8.468146964481898
31,201,Compound,3.9586955990110124
31,201,ORF,2.8878404583249773
31,201,CRISPR,1.6216109922954014
31,202,Total objective,8.495035416739327
31,202,Compound,3.97514431817191
31,202,ORF,2.88647004876818
31,202,CRISPR,1.633421073641096
31,203,Total objective,8.435511030469621
31,203,Compound,3.952405776296343
31,203,ORF,2.8796176740101407
31,203,CRISPR,1.6034875239644732
31,204,Total objective,8.455789402553014
31,204,Compound,3.975561911719186
31,204,ORF,2.8669305426733835
31,204,CRISPR,1.6132969158036368
31,205,Total objective,8.459596906389509
31,205,Compound,3.9700826440538677
31,205,ORF,2.8699149915150235
31,205,CRISPR,1.619599289553506
31,206,Total objective,8.446449661254883
31,206,Compound,3.967932217461722
31,206,ORF,2.863217261859349
31,206,CRISPR,1.6153001495770045
31,207,Total objective,8.430825764792306
31,207,Compound,3.9598753690719604
31,207,ORF,2.858268438066755
31,207,CRISPR,1.6126820853778294
31,208,Total objective,8.41427710396903
31,208,Compound,3.9463424648557393
31,208,ORF,2.847476267814636
31,208,CRISPR,1.6204583747046335
31,209,Total objective,8.398960999080114
31,209,Compound,3.952293300628662
31,209,ORF,2.8336319719042096
31,209,CRISPR,1.6130356754575457
31,210,Total objective,8.378656373705184
31,210,Compound,3.9435394627707345
31,210,ORF,2.856810222353254
31,210,CRISPR,1.5783066817692348
31,211,Total objective,8.395933989116124
31,211,Compound,3.9597532749176025
31,211,ORF,2.8262108530317036
31,211,CRISPR,1.6099698850086757
31,212,Total objective,8.365805666787283
31,212,Compound,3.9546242134911673
31,212,ORF,2.829303891318185
31,212,CRISPR,1.5818775517599923
31,213,Total objective,8.337737900870186
31,213,Compound,3.952478861808777
31,213,ORF,2.8008117982319423
31,213,CRISPR,1.584447297028133
31,214,Total objective,8.370212915965489
31,214,Compound,3.9586404732295444
31,214,ORF,2.8183943169457573
31,214,CRISPR,1.5931781700679235
31,215,Total objective,8.336957686288017
31,215,Compound,3.9592873879841397
31,215,ORF,2.7998870168413434
31,215,CRISPR,1.577783269541604
31,216,Total objective,8.347044822147915
31,216,Compound,3.9542350360325407
31,216,ORF,2.8163031203406197
31,216,CRISPR,1.5765066879136223
31,217,Total objective,8.364015061514719
31,217,Compound,3.9643366030284337
31,217,ORF,2.8130371229989186
31,217,CRISPR,1.5866413133484976
31,218,Total objective,8.351573637553624
31,218,Compound,3.9584079912730625
31,218,ORF,2.7960976907185144
31,218,CRISPR,1.5970679930278233
31,219,Total objective,8.335760647909982
31,219,Compound,3.960333592551095
31,219,ORF,2.7959248065948485
31,219,CRISPR,1.5795022555759974
31,220,Total objective,8.311976528167724
31,220,Compound,3.9441341059548516
31,220,ORF,2.798530650138855
31,220,CRISPR,1.5693117686680385
31,221,Total objective,8.328064557484218
31,221,Compound,3.955265746797834
31,221,ORF,2.798719573020935
31,221,CRISPR,1.5740792376654489
31,222,Total objective,8.31918625150408
31,222,Compound,3.9338458265577043
31,222,ORF,2.805745802606855
31,222,CRISPR,1.579594670023237
31,223,Total objective,8.31161413192749
31,223,Compound,3.944698592594692
31,223,ORF,2.801667581285749
31,223,CRISPR,1.5652479444231306
31,224,Total objective,8.270127970831735
31,224,Compound,3.9377844946725027
31,224,ORF,2.766272589138576
31,224,CRISPR,1.5660708171980722
31,225,Total objective,8.29287975856236
31,225,Compound,3.951621273585728
31,225,ORF,2.7799155269350324
31,225,CRISPR,1.5613429955073765
31,226,Total objective,8.248817811693463
31,226,Compound,3.952055127280099
31,226,ORF,2.7696809598377774
31,226,CRISPR,1.527081745011466
31,227,Total objective,8.217854309082032
31,227,Compound,3.926653858593532
31,227,ORF,2.7519345692225863
31,227,CRISPR,1.5392659442765373
31,228,Total objective,8.235141447612218
31,228,Compound,3.9256909881319317
31,228,ORF,2.755739940915789
31,228,CRISPR,1.5537104896136693
31,229,Total objective,8.222117301395961
31,229,Compound,3.9269017015184673
31,229,ORF,2.7666743176324027
31,229,CRISPR,1.5285413554736547
31,230,Total objective,8.265937491825648
31,230,Compound,3.94506345476423
31,230,ORF,2.779517980984279
31,230,CRISPR,1.5413560577801295
31,231,Total objective,8.22644132886614
31,231,Compound,3.9484038421085903
31,231,ORF,2.7385413340159825
31,231,CRISPR,1.5394961680684771
31,232,Total objective,8.205393375669207
31,232,Compound,3.9439353568213327
31,232,ORF,2.7414064611707416
31,232,CRISPR,1.5200515270233155
31,233,Total objective,8.21618744305202
31,233,Compound,3.938139053753444
31,233,ORF,2.7457714217049736
31,233,CRISPR,1.532276976108551
31,234,Total objective,8.18659506525312
31,234,Compound,3.923477806363787
31,234,ORF,2.7471599987574984
31,234,CRISPR,1.5159572448049272
31,235,Total objective,8.178221532276698
31,235,Compound,3.9326488631112233
31,235,ORF,2.717314055987767
31,235,CRISPR,1.5282585842268808
31,236,Total objective,8.201042222976685
31,236,Compound,3.938522481918335
31,236,ORF,2.739894870349339
31,236,CRISPR,1.5226249030658177
31,237,Total objective,8.157487406049455
31,237,Compound,3.9294681106294904
31,237,ORF,2.7184154714856827
31,237,CRISPR,1.5096038137163434
31,238,Total objective,8.188691111973354
31,238,Compound,3.9291570833751135
31,238,ORF,2.7317772592817033
31,238,CRISPR,1.5277567795344762
31,239,Total objective,8.15943057877677
31,239,Compound,3.930499161992754
31,239,ORF,2.7160462720053538
31,239,CRISPR,1.5128851345607213
31,240,Total objective,8.155083329336984
31,240,Compound,3.938373119490487
31,240,ORF,2.71016070161547
31,240,CRISPR,1.5065494605473109
31,241,Total objective,8.142677027838571
31,241,Compound,3.938938784599304
31,241,ORF,2.7087364877973283
31,241,CRISPR,1.4950018082346235
31,242,Total objective,8.146583918162754
31,242,Compound,3.9418737854276387
31,242,ORF,2.699938818386623
31,242,CRISPR,1.5047713841710773
31,243,Total objective,8.129513325010027
31,243,Compound,3.9142409018107824
31,243,ORF,2.712420034408569
31,243,CRISPR,1.5028524143355233
31,244,Total objective,8.132368489674159
31,244,Compound,3.919649474961417
31,244,ORF,2.6989388704299926
31,244,CRISPR,1.5137801034109932
31,245,Total objective,8.1333320413317
31,245,Compound,3.9427516426358906
31,245,ORF,2.6797939470836094
31,245,CRISPR,1.5107864822660173
31,246,Total objective,8.107216542107718
31,246,Compound,3.934165750231062
31,246,ORF,2.6892826795578
31,246,CRISPR,1.4837681072098867
31,247,Total objective,8.088829231262206
31,247,Compound,3.909890583583287
31,247,ORF,2.6768266575677053
31,247,CRISPR,1.5021121280533927
31,248,Total objective,8.09590106691633
31,248,Compound,3.9215210267475675
31,248,ORF,2.6888342482703074
31,248,CRISPR,1.485545793601445
31,249,Total objective,8.064670658111572
31,249,Compound,3.904755319867815
31,249,ORF,2.664194805281503
31,249,CRISPR,1.4957205380712237
31,250,Total objective,8.094746371677944
31,250,Compound,3.902414958817618
31,250,ORF,2.698628408568246
31,250,CRISPR,1.4937030281339372
31,251,Total objective,8.092128889901298
31,251,Compound,3.931174438340323
31,251,ORF,2.674890606743949
31,251,CRISPR,1.4860638448170254
31,252,Total objective,8.089066389628819
31,252,Compound,3.9378819601876396
31,252,ORF,2.6836506264550346
31,252,CRISPR,1.4675338319369724
31,253,Total objective,8.067280524117606
31,253,Compound,3.909826564788818
31,253,ORF,2.6691563401903426
31,253,CRISPR,1.4882976021085466
31,254,Total objective,8.045879343577793
31,254,Compound,3.9204696484974453
31,254,ORF,2.6586166858673095
31,254,CRISPR,1.466792973450252
31,255,Total objective,8.029058136258806
31,255,Compound,3.9222932270595003
31,255,ORF,2.650151644434248
31,255,CRISPR,1.4566132511411394
31,256,Total objective,8.009928512573243
31,256,Compound,3.914823375429426
31,256,ORF,2.634113587651934
31,256,CRISPR,1.4609915699277605
31,257,Total objective,7.98484810420445
31,257,Compound,3.9156160048076085
31,257,ORF,2.6198966707502094
31,257,CRISPR,1.449335401398795
31,258,Total objective,8.010426664352417
31,258,Compound,3.919277436392648
31,258,ORF,2.6540857212884084
31,258,CRISPR,1.437063557761056
31,259,Total objective,8.027321556636265
31,259,Compound,3.905447176524571
31,259,ORF,2.6488646268844604
31,259,CRISPR,1.4730097310883659
31,260,Total objective,7.954867798941476
31,260,Compound,3.8752856390816826
31,260,ORF,2.6337324585233417
31,260,CRISPR,1.445849745614188
31,261,Total objective,8.010229853221349
31,261,Compound,3.913804408482143
31,261,ORF,2.6419159412384032
31,261,CRISPR,1.4545094558170863
31,262,Total objective,7.964923776899066
31,262,Compound,3.907085364205497
31,262,ORF,2.6204132965632847
31,262,CRISPR,1.4374250837734768
31,263,Total objective,7.962151214054653
31,263,Compound,3.909327006340027
31,263,ORF,2.614392277172634
31,263,CRISPR,1.4384319748197283
31,264,Total objective,7.977030386243547
31,264,Compound,3.9121795892715454
31,264,ORF,2.608481124469212
31,264,CRISPR,1.4563696333340237
31,265,Total objective,7.9475655828203475
31,265,Compound,3.9071492774145944
31,265,ORF,2.5839640957968575
31,265,CRISPR,1.4564522555896213
31,266,Total objective,7.945716544560024
31,266,Compound,3.9205498559134346
31,266,ORF,2.5920204605375017
31,266,CRISPR,1.433146253653935
31,267,Total objective,7.952789402008056
31,267,Compound,3.8937073298863
31,267,ORF,2.611679744720459
31,267,CRISPR,1.4474022899355208
31,268,Total objective,7.949797739301409
31,268,Compound,3.9001897266932897
31,268,ORF,2.607280615397862
31,268,CRISPR,1.4423274176461356
31,269,Total objective,7.920830590384347
31,269,Compound,3.8930110488619123
31,269,ORF,2.5928484507969447
31,269,CRISPR,1.4349711009434292
31,270,Total objective,7.942533397674561
31,270,Compound,3.8976661818368092
31,270,ORF,2.604436574663435
31,270,CRISPR,1.4404306377683367
31,271,Total objective,7.938687440327236
31,271,Compound,3.9152814149856567
31,271,ORF,2.5952564546040127
31,271,CRISPR,1.42814952645983
31,272,Total objective,7.905458409445626
31,272,Compound,3.9004833459854127
31,272,ORF,2.579124116897583
31,272,CRISPR,1.425850900581905
31,273,Total objective,7.916985607147216
31,273,Compound,3.9010852439062935
31,273,ORF,2.588874520574297
31,273,CRISPR,1.4270258392606463
31,274,Total objective,7.918085118702479
31,274,Compound,3.9030963965824674
31,274,ORF,2.5857664346694946
31,274,CRISPR,1.4292223010744367
31,275,Total objective,7.909106527056013
31,275,Compound,3.9095787082399642
31,275,ORF,2.5700483730861117
31,275,CRISPR,1.4294794474329267
31,276,Total objective,7.85247677394322
31,276,Compound,3.87289639541081
31,276,ORF,2.5539493220193044
31,276,CRISPR,1.4256310360772269
31,277,Total objective,7.896474177496774
31,277,Compound,3.8962593725749426
31,277,ORF,2.5666760342461723
31,277,CRISPR,1.4335387706756593
31,278,Total objective,7.863736983707973
31,278,Compound,3.8834858008793423
31,278,ORF,2.5619031156812397
31,278,CRISPR,1.4183480739593506
31,279,Total objective,7.893653440475464
31,279,Compound,3.8931676524026053
31,279,ORF,2.5804107325417656
31,279,CRISPR,1.4200749908174788
31,280,Total objective,7.863450200217111
31,280,Compound,3.8899871928351266
31,280,ORF,2.5778141736984255
31,280,CRISPR,1.3956488490104675
31,281,Total objective,7.84542920930045
31,281,Compound,3.8912878785814558
31,281,ORF,2.5536796944481988
31,281,CRISPR,1.4004616328648158
31,282,Total objective,7.85537770816258
31,282,Compound,3.8951105867113385
31,282,ORF,2.555841909136091
31,282,CRISPR,1.4044251935822623
31,283,Total objective,7.840902962003436
31,283,Compound,3.8838496174131123
31,283,ORF,2.5577683006014142
31,283,CRISPR,1.3992850371769496
31,284,Total objective,7.845370279039655
31,284,Compound,3.8860211406435283
31,284,ORF,2.546635729925973
31,284,CRISPR,1.4127134135791233
31,285,Total objective,7.8602556773594445
31,285,Compound,3.890011899811881
31,285,ORF,2.5534704004015243
31,285,CRISPR,1.4167733567101615
31,286,Total objective,7.840462235042027
31,286,Compound,3.907037878036499
31,286,ORF,2.5183439867837087
31,286,CRISPR,1.4150803531919207
31,287,Total objective,7.816760819298881
31,287,Compound,3.882870500428336
31,287,ORF,2.5375168698174613
31,287,CRISPR,1.3963734575680324
31,288,Total objective,7.833257504871914
31,288,Compound,3.882942867279053
31,288,ORF,2.5497784171785627
31,288,CRISPR,1.400536184651511
31,289,Total objective,7.816245589937482
31,289,Compound,3.878758181844439
31,289,ORF,2.5421491963522773
31,289,CRISPR,1.3953381981168473
31,290,Total objective,7.8194677421024865
31,290,Compound,3.891833700452532
31,290,ORF,2.536076879501343
31,290,CRISPR,1.3915572200502668
31,291,Total objective,7.795285177230835
31,291,Compound,3.8820932728903634
31,291,ORF,2.5316147225243704
31,291,CRISPR,1.3815771886280606
31,292,Total objective,7.793865844181606
31,292,Compound,3.890102982521057
31,292,ORF,2.52106066771916
31,292,CRISPR,1.382702190535409
31,293,Total objective,7.766860219410487
31,293,Compound,3.872225032533918
31,293,ORF,2.5250779151916505
31,293,CRISPR,1.3695572325161525
31,294,Total objective,7.77764013835362
31,294,Compound,3.8805594342095513
31,294,ORF,2.525174369130816
31,294,CRISPR,1.3719063179833548
31,295,Total objective,7.759201233727591
31,295,Compound,3.8710470506123134
31,295,ORF,2.516004913193839
31,295,CRISPR,1.3721492443765912
31,296,Total objective,7.759197691508702
31,296,Compound,3.869244190624782
31,296,ORF,2.5191025631768365
31,296,CRISPR,1.3708509155682156
31,297,Total objective,7.741542986461094
31,297,Compound,3.870892037664141
31,297,ORF,2.495878481864929
31,297,CRISPR,1.3747724499021257
31,298,Total objective,7.750495209012713
31,298,Compound,3.8924129315785
31,298,ORF,2.489990782737732
31,298,CRISPR,1.368091516835349
31,299,Total objective,7.738311154501779
31,299,Compound,3.874794016565595
31,299,ORF,2.492152006285531
31,299,CRISPR,1.3713651503835405
31,300,Total objective,7.743246950422015
31,300,Compound,3.88002940927233
31,300,ORF,2.4935425519943237
31,300,CRISPR,1.3696749516895839
37,1,Total objective,14.886609881264823
37,1,Compound,5.595986155101231
37,1,ORF,5.169074930463519
37,1,CRISPR,4.121548836571829
37,2,Total objective,13.858308056422642
37,2,Compound,5.266155351911272
37,2,ORF,4.895015845979963
37,2,CRISPR,3.6971368959971835
37,3,Total objective,13.380493545532227
37,3,Compound,5.0980617114475795
37,3,ORF,4.7769537380763465
37,3,CRISPR,3.505478010858808
37,4,Total objective,13.1059645652771
37,4,Compound,5.007070623125348
37,4,ORF,4.711793497630528
37,4,CRISPR,3.387100410461426
37,5,Total objective,12.911944675445557
37,5,Compound,4.94917654309954
37,5,ORF,4.66677075113569
37,5,CRISPR,3.2959973675864083
37,6,Total objective,12.726312841687884
37,6,Compound,4.879538474764143
37,6,ORF,4.612501430511474
37,6,CRISPR,3.234272878510611
37,7,Total objective,12.547494329724993
37,7,Compound,4.83989644731794
37,7,ORF,4.5533003398350305
37,7,CRISPR,3.154297460828509
37,8,Total objective,12.414131368909564
37,8,Compound,4.796151787894113
37,8,ORF,4.52745486668178
37,8,CRISPR,3.0905247483934675
37,9,Total objective,12.31963563646589
37,9,Compound,4.759069442749023
37,9,ORF,4.48019802910941
37,9,CRISPR,3.0803682497569493
37,10,Total objective,12.209671810695104
37,10,Compound,4.727529437201364
37,10,ORF,4.4532608304704935
37,10,CRISPR,3.0288815668651035
37,11,Total objective,12.077391610826766
37,11,Compound,4.6954432964324955
37,11,ORF,4.396722343989781
37,11,CRISPR,2.985225994246347
37,12,Total objective,12.033062962123326
37,12,Compound,4.669126006535121
37,12,ORF,4.409848254067557
37,12,CRISPR,2.9540886776787896
37,13,Total objective,11.937113898141044
37,13,Compound,4.660074417931693
37,13,ORF,4.3773307459695
37,13,CRISPR,2.899708764893668
37,14,Total objective,11.892993640899657
37,14,Compound,4.6556219986506875
37,14,ORF,4.351323032379151
37,14,CRISPR,2.88604862008776
37,15,Total objective,11.803958225250245
37,15,Compound,4.637882532392229
37,15,ORF,4.321414436612811
37,15,CRISPR,2.8446612528392246
37,16,Total objective,11.744203404017858
37,16,Compound,4.607599755695888
37,16,ORF,4.309437186377389
37,16,CRISPR,2.827166369983128
37,17,Total objective,11.716931506565638
37,17,Compound,4.592759547914778
37,17,ORF,4.268721839359828
37,17,CRISPR,2.855450081825256
37,18,Total objective,11.613684776851109
37,18,Compound,4.573153877258301
37,18,ORF,4.259697151184082
37,18,CRISPR,2.780833751814706
37,19,Total objective,11.551311111450195
37,19,Compound,4.564081253324236
37,19,ORF,4.234830447605678
37,19,CRISPR,2.752399410520281
37,20,Total objective,11.546145166669573
37,20,Compound,4.553747579029628
37,20,ORF,4.2225345577512465
37,20,CRISPR,2.769863077572414
37,21,Total objective,11.44260185786656
37,21,Compound,4.547752727781023
37,21,ORF,4.200539541244507
37,21,CRISPR,2.6943095786230904
37,22,Total objective,11.375368431636266
37,22,Compound,4.508858612605503
37,22,ORF,4.160184560503279
37,22,CRISPR,2.706325272151402
37,23,Total objective,11.384466866084507
37,23,Compound,4.526037631716047
37,23,ORF,4.1789776768003195
37,23,CRISPR,2.679451560974121
37,24,Total objective,11.336407157352992
37,24,Compound,4.501983690261841
37,24,ORF,4.1694261278424944
37,24,CRISPR,2.664997294970921
37,25,Total objective,11.300961467197963
37,25,Compound,4.490507595879691
37,25,ORF,4.137163686752319
37,25,CRISPR,2.6732902084078107
37,26,Total objective,11.21910743713379
37,26,Compound,4.490937083108085
37,26,ORF,4.111525729724339
37,26,CRISPR,2.6166447298867364
37,27,Total objective,11.224017565590994
37,27,Compound,4.485262101037161
37,27,ORF,4.123110406739372
37,27,CRISPR,2.615645044190543
37,28,Total objective,11.146530437469483
37,28,Compound,4.456995160239083
37,28,ORF,4.122698381968907
37,28,CRISPR,2.5668369599751064
37,29,Total objective,11.144392367771694
37,29,Compound,4.459965290342058
37,29,ORF,4.11428610597338
37,29,CRISPR,2.5701409918921336
37,30,Total objective,11.088003035954067
37,30,Compound,4.4517658369881765
37,30,ORF,4.080283570289612
37,30,CRISPR,2.555953700201852
37,31,Total objective,11.087322684696742
37,31,Compound,4.446364961351667
37,31,ORF,4.092925473621913
37,31,CRISPR,2.548032229287284
37,32,Total objective,10.996079676491874
37,32,Compound,4.449803604398455
37,32,ORF,4.056805191721235
37,32,CRISPR,2.4894708939961023
37,33,Total objective,10.980490343911308
37,33,Compound,4.426120179040091
37,33,ORF,4.048062947818211
37,33,CRISPR,2.5063072749546595
37,34,Total objective,10.966760308401925
37,34,Compound,4.441072191510882
37,34,ORF,4.006066444941929
37,34,CRISPR,2.5196216447012767
37,35,Total objective,10.86358607155936
37,35,Compound,4.418710265840803
37,35,ORF,3.992308620044163
37,35,CRISPR,2.4525671720504763
37,36,Total objective,10.917663628714426
37,36,Compound,4.411412675040109
37,36,ORF,4.022120394025531
37,36,CRISPR,2.484130549430847
37,37,Total objective,10.853085313524518
37,37,Compound,4.402993733542306
37,37,ORF,3.997171262332371
37,37,CRISPR,2.452920314243862
37,38,Total objective,10.804354803902763
37,38,Compound,4.382022707802909
37,38,ORF,3.988608036722456
37,38,CRISPR,2.4337240644863676
37,39,Total objective,10.794048840659006
37,39,Compound,4.373464168821062
37,39,ORF,3.9768297910690307
37,39,CRISPR,2.443754802431379
37,40,Total objective,10.730333886827742
37,40,Compound,4.373888805934361
37,40,ORF,3.9477632658822195
37,40,CRISPR,2.408681811605181
37,41,Total objective,10.703427955082484
37,41,Compound,4.373420252118792
37,41,ORF,3.940910758290972
37,41,CRISPR,2.3890969140189036
37,42,Total objective,10.654709121159145
37,42,Compound,4.366734422956195
37,42,ORF,3.9184323242732457
37,42,CRISPR,2.369542350087847
37,43,Total objective,10.595401804787771
37,43,Compound,4.360151134218488
37,43,ORF,3.8846524272646223
37,43,CRISPR,2.3505982416016713
37,44,Total objective,10.636838599613734
37,44,Compound,4.345188631330218
37,44,ORF,3.925580133710589
37,44,CRISPR,2.366069940158299
37,45,Total objective,10.566482830047608
37,45,Compound,4.3237433433532715
37,45,ORF,3.876549107687814
37,45,CRISPR,2.366190358570644
37,46,Total objective,10.544014985220773
37,46,Compound,4.32641955784389
37,46,ORF,3.891427663394383
37,46,CRISPR,2.3261678576469422
37,47,Total objective,10.550014781951905
37,47,Compound,4.3440847601209365
37,47,ORF,3.8978804758616854
37,47,CRISPR,2.3080495476722716
37,48,Total objective,10.515464632851737
37,48,Compound,4.340825489589146
37,48,ORF,3.858729669025966
37,48,CRISPR,2.3159094878605435
37,49,Total objective,10.475178500584194
37,49,Compound,4.318221746172224
37,49,ORF,3.8530904190880912
37,49,CRISPR,2.303866411958422
37,50,Total objective,10.460023144313267
37,50,Compound,4.328796202795846
37,50,ORF,3.8528991971697124
37,50,CRISPR,2.2783277920314244
37,51,Total objective,10.461398451668876
37,51,Compound,4.3316774027688165
37,51,ORF,3.833354445866176
37,51,CRISPR,2.2963666234697615
37,52,Total objective,10.407256044660295
37,52,Compound,4.315810721261161
37,52,ORF,3.8094294990812028
37,52,CRISPR,2.282015868595668
37,53,Total objective,10.391168185642787
37,53,Compound,4.321683386393956
37,53,ORF,3.8111087696892874
37,53,CRISPR,2.2583760040146963
37,54,Total objective,10.42622231074742
37,54,Compound,4.323276683262416
37,54,ORF,3.826888486317226
37,54,CRISPR,2.276057175227574
37,55,Total objective,10.370089544568742
37,55,Compound,4.310256440298898
37,55,ORF,3.7949119431631906
37,55,CRISPR,2.2649211849485127
37,56,Total objective,10.291298239571708
37,56,Compound,4.276018347058978
37,56,ORF,3.7944120270865302
37,56,CRISPR,2.2208678909710478
37,57,Total objective,10.347333104269845
37,57,Compound,4.292133862631662
37,57,ORF,3.805937160764422
37,57,CRISPR,2.2492620740618023
37,58,Total objective,10.27940446308681
37,58,Compound,4.299033737182617
37,58,ORF,3.7901774099894934
37,58,CRISPR,2.1901932920728413
37,59,Total objective,10.276252623966762
37,59,Compound,4.287426832744053
37,59,ORF,3.7637684856142317
37,59,CRISPR,2.225057293687548
37,60,Total objective,10.251306329454694
37,60,Compound,4.296591533933367
37,60,ORF,3.7472358431134904
37,60,CRISPR,2.2074789472988674
37,61,Total objective,10.177129799979074
37,61,Compound,4.273772839137486
37,61,ORF,3.722866027695792
37,61,CRISPR,2.1804909672055928
37,62,Total objective,10.18492522920881
37,62,Compound,4.254298039845058
37,62,ORF,3.7359269687107632
37,62,CRISPR,2.194700246197837
37,63,Total objective,10.223011466435024
37,63,Compound,4.283660187040057
37,63,ORF,3.727278975078038
37,63,CRISPR,2.2120722549302236
37,64,Total objective,10.15795852116176
37,64,Compound,4.267023318154472
37,64,ORF,3.7007324184690202
37,64,CRISPR,2.1902026976857867
37,65,Total objective,10.112321158817837
37,65,Compound,4.266888284683228
37,65,ORF,3.694323778152466
37,65,CRISPR,2.1511091453688485
37,66,Total objective,10.08569427217756
37,66,Compound,4.257118007114955
37,66,ORF,3.675497691971915
37,66,CRISPR,2.1530785526548115
37,67,Total objective,10.097431659698486
37,67,Compound,4.261082131522042
37,67,ORF,3.6758994681494577
37,67,CRISPR,2.1604499680655342
37,68,Total objective,10.061031968253
37,68,Compound,4.247414711543492
37,68,ORF,3.6768323046820504
37,68,CRISPR,2.1367850269590107
37,69,Total objective,10.113686220986503
37,69,Compound,4.269747856685093
37,69,ORF,3.705495698111398
37,69,CRISPR,2.1384426406451635
37,70,Total objective,10.061685167040144
37,70,Compound,4.2646819114685055
37,70,ORF,3.6590384347098213
37,70,CRISPR,2.137964848109654
37,71,Total objective,9.972990485600063
37,71,Compound,4.2406381947653635
37,71,ORF,3.6148037808282036
37,71,CRISPR,2.117548528739384
37,72,Total objective,10.007043947492328
37,72,Compound,4.240585218157087
37,72,ORF,3.6590184654508318
37,72,CRISPR,2.1074402604784286
37,73,Total objective,9.945401382446288
37,73,Compound,4.234768445151193
37,73,ORF,3.6207420860018047
37,73,CRISPR,2.0898908615112304
37,74,Total objective,9.907344014304025
37,74,Compound,4.231991413661412
37,74,ORF,3.5960931743894307
37,74,CRISPR,2.0792594926697867
37,75,Total objective,9.973700169154576
37,75,Compound,4.235720900126866
37,75,ORF,3.629735578809466
37,75,CRISPR,2.1082436255046297
37,76,Total objective,9.904507078443254
37,76,Compound,4.23388329914638
37,76,ORF,3.6079213551112583
37,76,CRISPR,2.06270238671984
37,77,Total objective,9.897214685167585
37,77,Compound,4.229485164369856
37,77,ORF,3.6092055354799544
37,77,CRISPR,2.0585239461490086
37,78,Total objective,9.871014486040387
37,78,Compound,4.208378454617091
37,78,ORF,3.5763673680169243
37,78,CRISPR,2.0862687485558644
37,79,Total objective,9.867267268044609
37,79,Compound,4.21698784828186
37,79,ORF,3.568225680078779
37,79,CRISPR,2.0820536664554052
37,80,Total objective,9.847967542920793
37,80,Compound,4.214131171362741
37,80,ORF,3.592425881113325
37,80,CRISPR,2.041410519395556
37,81,Total objective,9.822189222063336
37,81,Compound,4.231706333160401
37,81,ORF,3.5435357672827585
37,81,CRISPR,2.046947140353067
37,82,Total objective,9.789524814060757
37,82,Compound,4.211934798104423
37,82,ORF,3.54287086554936
37,82,CRISPR,2.0347192117146085
37,83,Total objective,9.816729027884348
37,83,Compound,4.2310175010136195
37,83,ORF,3.5548065526144845
37,83,CRISPR,2.0309049299785067
37,84,Total objective,9.76646089553833
37,84,Compound,4.216551515034267
37,84,ORF,3.5302200215203423
37,84,CRISPR,2.01968936920166
37,85,Total objective,9.774148750305176
37,85,Compound,4.206285422188895
37,85,ORF,3.5357928446360996
37,85,CRISPR,2.032070451123374
37,86,Total objective,9.76639802115304
37,86,Compound,4.200805180413383
37,86,ORF,3.5319248744419642
37,86,CRISPR,2.0336680156844005
37,87,Total objective,9.714279133932932
37,87,Compound,4.210987118312291
37,87,ORF,3.5128681523459298
37,87,CRISPR,1.990423858165741
37,88,Total objective,9.694970689501082
37,88,Compound,4.215890809467861
37,88,ORF,3.4781621626445225
37,88,CRISPR,2.000917685031891
37,89,Total objective,9.709483882359097
37,89,Compound,4.219375807898385
37,89,ORF,3.4871298040662495
37,89,CRISPR,2.002978278909411
37,90,Total objective,9.64753554207938
37,90,Compound,4.203267424447196
37,90,ORF,3.4600535256522043
37,90,CRISPR,1.9842146021979197
37,91,Total objective,9.659608704703194
37,91,Compound,4.186448894228254
37,91,ORF,3.4851258754730225
37,91,CRISPR,1.9880338941301618
37,92,Total objective,9.653491469791957
37,92,Compound,4.207240663255964
37,92,ORF,3.4771278824125016
37,92,CRISPR,1.9691229479653494
37,93,Total objective,9.63370794568743
37,93,Compound,4.196143886021205
37,93,ORF,3.4580493552344187
37,93,CRISPR,1.979514697619847
37,94,Total objective,9.646509674617223
37,94,Compound,4.210168164116996
37,94,ORF,3.472467473575047
37,94,CRISPR,1.9638739892414638
37,95,Total objective,9.612065396990095
37,95,Compound,4.187233332225254
37,95,ORF,3.461515869413103
37,95,CRISPR,1.963316203866686
37,96,Total objective,9.586432266235352
37,96,Compound,4.185664108821324
37,96,ORF,3.462263492175511
37,96,CRISPR,1.9385046720504762
37,97,Total objective,9.551099858965193
37,97,Compound,4.187924889155797
37,97,ORF,3.414199549811227
37,97,CRISPR,1.9489754165921893
37,98,Total objective,9.526046344212123
37,98,Compound,4.170083171980721
37,98,ORF,3.4315919637680055
37,98,CRISPR,1.9243712953158787
37,99,Total objective,9.548658875056676
37,99,Compound,4.18077039037432
37,99,ORF,3.397509162766593
37,99,CRISPR,1.9703793627875192
37,100,Total objective,9.534717736925398
37,100,Compound,4.189031887054443
37,100,ORF,3.431204332624163
37,100,CRISPR,1.914481450830187
37,101,Total objective,9.496231474195207
37,101,Compound,4.175946739741734
37,101,ORF,3.4002085277012415
37,101,CRISPR,1.9200762816837855
37,102,Total objective,9.52458462033953
37,102,Compound,4.173641674859184
37,102,ORF,3.417168494633266
37,102,CRISPR,1.9337744695799692
37,103,Total objective,9.468074362618582
37,103,Compound,4.172444449152265
37,103,ORF,3.3606637409755162
37,103,CRISPR,1.934966150351933
37,104,Total objective,9.474513367244176
37,104,Compound,4.168904961858477
37,104,ORF,3.3926112481525967
37,104,CRISPR,1.9129970942224774
37,105,Total objective,9.48195904323033
37,105,Compound,4.195338494437081
37,105,ORF,3.3820247241428922
37,105,CRISPR,1.9045958025114877
37,106,Total objective,9.46070522580828
37,106,Compound,4.179478968892779
37,106,ORF,3.377360899107797
37,106,CRISPR,1.9038653867585318
37,107,Total objective,9.423781367710658
37,107,Compound,4.167438857895988
37,107,ORF,3.3612545490264893
37,107,CRISPR,1.8950880135808672
37,108,Total objective,9.383388492039272
37,108,Compound,4.1559330872126985
37,108,ORF,3.3347165380205426
37,108,CRISPR,1.8927388037954058
37,109,Total objective,9.392534324101039
37,109,Compound,4.1656168324606755
37,109,ORF,3.334192282812936
37,109,CRISPR,1.8927252020154681
37,110,Total objective,9.390623119899205
37,110,Compound,4.172160598209926
37,110,ORF,3.3283917563302174
37,110,CRISPR,1.8900707534381322
37,111,Total objective,9.37091794695173
37,111,Compound,4.161484125682286
37,111,ORF,3.3276534421103343
37,111,CRISPR,1.881780425139836
37,112,Total objective,9.380297647203719
37,112,Compound,4.1642600502286635
37,112,ORF,3.349021874155317
37,112,CRISPR,1.86701568875994
37,113,Total objective,9.363153226034981
37,113,Compound,4.15506500857217
37,113,ORF,3.3269100325448173
37,113,CRISPR,1.8811781321253096
37,114,Total objective,9.347450242723738
37,114,Compound,4.149150589534215
37,114,ORF,3.31521064553942
37,114,CRISPR,1.8830890331949506
37,115,Total objective,9.320210034506662
37,115,Compound,4.160519293376377
37,115,ORF,3.3130867855889456
37,115,CRISPR,1.8466040066310339
37,116,Total objective,9.332526356833322
37,116,Compound,4.151847212655204
37,116,ORF,3.309870549610683
37,116,CRISPR,1.8708086047853743
37,117,Total objective,9.25063191822597
37,117,Compound,4.131385731697082
37,117,ORF,3.2696945326668874
37,117,CRISPR,1.8495517015457152
37,118,Total objective,9.278105272565568
37,118,Compound,4.132491435323443
37,118,ORF,3.275693038531712
37,118,CRISPR,1.869920745917729
37,119,Total objective,9.256511116027832
37,119,Compound,4.152687202181135
37,119,ORF,3.2885609831128804
37,119,CRISPR,1.8152629239218576
37,120,Total objective,9.26140569959368
37,120,Compound,4.156506606510708
37,120,ORF,3.2643213272094727
37,120,CRISPR,1.8405777181897844
37,121,Total objective,9.208476161956787
37,121,Compound,4.138285848072597
37,121,ORF,3.215198108128139
37,121,CRISPR,1.85499222108296
37,122,Total objective,9.212497002737862
37,122,Compound,4.128403973579407
37,122,ORF,3.249596643447876
37,122,CRISPR,1.834496339729854
37,123,Total objective,9.194322599683488
37,123,Compound,4.126186738695417
37,123,ORF,3.2421835797173637
37,123,CRISPR,1.8259522608348302
37,124,Total objective,9.19519203730992
37,124,Compound,4.138511068480355
37,124,ORF,3.2438044003077917
37,124,CRISPR,1.8128765072141375
37,125,Total objective,9.199614947182791
37,125,Compound,4.141246942111424
37,125,ORF,3.255096994127546
37,125,CRISPR,1.8032709564481462
37,126,Total objective,9.205799497876848
37,126,Compound,4.123198887280055
37,126,ORF,3.2593091453824723
37,126,CRISPR,1.8232914243425642
37,127,Total objective,9.146475873674666
37,127,Compound,4.1509214844022475
37,127,ORF,3.214179025377546
37,127,CRISPR,1.781375389439719
37,128,Total objective,9.108919661385672
37,128,Compound,4.114269089698792
37,128,ORF,3.223439472062247
37,128,CRISPR,1.7712110315050398
37,129,Total objective,9.099410847255163
37,129,Compound,4.12026059286935
37,129,ORF,3.206027136530195
37,129,CRISPR,1.7731231791632516
37,130,Total objective,9.1274721963065
37,130,Compound,4.113347377095904
37,130,ORF,3.232587092263358
37,130,CRISPR,1.7815377507890975
37,131,Total objective,9.119064862387521
37,131,Compound,4.128751220021929
37,131,ORF,3.208428314753941
37,131,CRISPR,1.7818853752953665
37,132,Total objective,9.089778627668109
37,132,Compound,4.121059962681362
37,132,ORF,3.2079674073628017
37,132,CRISPR,1.7607513104166304
37,133,Total objective,9.090424128941127
37,133,Compound,4.11372515474047
37,133,ORF,3.1847119433539253
37,133,CRISPR,1.7919869695390973
37,134,Total objective,9.056563145773751
37,134,Compound,4.108969259262085
37,134,ORF,3.1799411841801235
37,134,CRISPR,1.7676526870046343
37,135,Total objective,9.045576354435513
37,135,Compound,4.102780890464783
37,135,ORF,3.189917176110404
37,135,CRISPR,1.7528782623154777
37,136,Total objective,9.05576538358416
37,136,Compound,4.117397580827985
37,136,ORF,3.176358849661691
37,136,CRISPR,1.762008878162929
37,137,Total objective,9.035584735870362
37,137,Compound,4.114692183903285
37,137,ORF,3.157389770235334
37,137,CRISPR,1.7635027953556606
37,138,Total objective,9.006251880100795
37,138,Compound,4.115221881866455
37,138,ORF,3.136381391116551
37,138,CRISPR,1.754648619038718
37,139,Total objective,8.966616834912982
37,139,Compound,4.110075456755502
37,139,ORF,3.1450366837637764
37,139,CRISPR,1.711504694393703
37,140,Total objective,8.998411328451974
37,140,Compound,4.128300765582494
37,140,ORF,3.114897952760969
37,140,CRISPR,1.7552126015935625
37,141,Total objective,9.000176416124617
37,141,Compound,4.085259825842721
37,141,ORF,3.164294069153922
37,141,CRISPR,1.7506225092070444
37,142,Total objective,8.997917597634451
37,142,Compound,4.115243033000401
37,142,ORF,3.130480783326285
37,142,CRISPR,1.7521938187735422
37,143,Total objective,8.964037908826555
37,143,Compound,4.107439054761614
37,143,ORF,3.132575246265956
37,143,CRISPR,1.72402366399765
37,144,Total objective,8.948828996930803
37,144,Compound,4.107479235104152
37,144,ORF,3.1327556950705393
37,144,CRISPR,1.7085940548351832
37,145,Total objective,8.940112277439662
37,145,Compound,4.104840275219509
37,145,ORF,3.143300519670759
37,145,CRISPR,1.6919715574809484
37,146,Total objective,8.90831368310111
37,146,Compound,4.10143975189754
37,146,ORF,3.0953442301068987
37,146,CRISPR,1.711529781137194
37,147,Total objective,8.958896119253977
37,147,Compound,4.109229867798941
37,147,ORF,3.1109566075461252
37,147,CRISPR,1.7387096660477774
37,148,Total objective,8.896410083770752
37,148,Compound,4.107221824782235
37,148,ORF,3.0825389214924406
37,148,CRISPR,1.7066493460110255
37,149,Total objective,8.905914456503732
37,149,Compound,4.097288949148996
37,149,ORF,3.1207268476486205
37,149,CRISPR,1.6878986580031259
37,150,Total objective,8.875793770381383
37,150,Compound,4.100846113477434
37,150,ORF,3.059621524810791
37,150,CRISPR,1.715326178073883
37,151,Total objective,8.853085477011545
37,151,Compound,4.085117646626064
37,151,ORF,3.074427703448704
37,151,CRISPR,1.6935401729175024
37,152,Total objective,8.860235037122454
37,152,Compound,4.0895153999328615
37,152,ORF,3.0560094356536864
37,152,CRISPR,1.7147102304867337
37,153,Total objective,8.837179470062257
37,153,Compound,4.097418447903224
37,153,ORF,3.0600308861051286
37,153,CRISPR,1.6797301139150347
37,154,Total objective,8.82299747467041
37,154,Compound,4.090899784224374
37,154,ORF,3.0563809326716833
37,154,CRISPR,1.6757167850221906
37,155,Total objective,8.85383277620588
37,155,Compound,4.106257445471627
37,155,ORF,3.068517565727234
37,155,CRISPR,1.6790578416415622
37,156,Total objective,8.790005084446499
37,156,Compound,4.086865227563041
37,156,ORF,3.033253632272993
37,156,CRISPR,1.6698862961360386
37,157,Total objective,8.791442244393485
37,157,Compound,4.096514643941607
37,157,ORF,3.0344669342041017
37,157,CRISPR,1.6604606679507665
37,158,Total objective,8.785598373413086
37,158,Compound,4.070049497059413
37,158,ORF,3.0416132416043964
37,158,CRISPR,1.6739356517791748
37,159,Total objective,8.800278513772147
37,159,Compound,4.080294244629997
37,159,ORF,3.036936293329511
37,159,CRISPR,1.68304796900068
37,160,Total objective,8.79139563696725
37,160,Compound,4.0628969839641025
37,160,ORF,3.0460521629878454
37,160,CRISPR,1.68244640316282
37,161,Total objective,8.740528651646205
37,161,Compound,4.0746516466140745
37,161,ORF,3.009916765349252
37,161,CRISPR,1.6559602209499904
37,162,Total objective,8.724030562809535
37,162,Compound,4.0773427827017645
37,162,ORF,2.99940721307482
37,162,CRISPR,1.6472805840628488
37,163,Total objective,8.749580478668213
37,163,Compound,4.0743208578654695
37,163,ORF,3.0044426373073034
37,163,CRISPR,1.6708170107432774
37,164,Total objective,8.720677103315081
37,164,Compound,4.072254150254386
37,164,ORF,2.995191703523908
37,164,CRISPR,1.6532312188829694
37,165,Total objective,8.704410661969867
37,165,Compound,4.07317031451634
37,165,ORF,2.9916025297982354
37,165,CRISPR,1.639637906210763
37,166,Total objective,8.732199546269008
37,166,Compound,4.082768430028643
37,166,ORF,2.97852532182421
37,166,CRISPR,1.6709058233669827
37,167,Total objective,8.72655690056937
37,167,Compound,4.071332291194371
37,167,ORF,3.0177400588989256
37,167,CRISPR,1.6374845300401961
37,168,Total objective,8.674156870160784
37,168,Compound,4.06689133644104
37,168,ORF,2.974711149079459
37,168,CRISPR,1.632554406779153
37,169,Total objective,8.662538037981307
37,169,Compound,4.06679231779916
37,169,ORF,2.963091584614345
37,169,CRISPR,1.6326541440827507
37,170,Total objective,8.678699016571045
37,170,Compound,4.079379871913365
37,170,ORF,2.9571521043777467
37,170,CRISPR,1.6421670607158116
37,171,Total objective,8.675199154445103
37,171,Compound,4.08702336038862
37,171,ORF,2.96063917023795
37,171,CRISPR,1.6275366084916252
37,172,Total objective,8.667284842899868
37,172,Compound,4.077249200003488
37,172,ORF,2.9706843103681293
37,172,CRISPR,1.6193513461521694
37,173,Total objective,8.648163958958216
37,173,Compound,4.067304515838623
37,173,ORF,2.9525908742632185
37,173,CRISPR,1.6282686693327768
37,174,Total objective,8.655008602142335
37,174,Compound,4.0725913388388495
37,174,ORF,2.9632471527372086
37,174,CRISPR,1.6191701667649405
37,175,Total objective,8.631512710026332
37,175,Compound,4.048547322409494
37,175,ORF,2.952676800319127
37,175,CRISPR,1.6302885855947222
37,176,Total objective,8.57021450315203
37,176,Compound,4.051388008253915
37,176,ORF,2.917960401943752
37,176,CRISPR,1.6008660878453935
37,177,Total objective,8.625485610961913
37,177,Compound,4.059847937311445
37,177,ORF,2.954683072226388
37,177,CRISPR,1.6109545775822232
37,178,Total objective,8.585467038835798
37,178,Compound,4.059372537476676
37,178,ORF,2.923586855615888
37,178,CRISPR,1.602507620198386
37,179,Total objective,8.61279787336077
37,179,Compound,4.071645866121565
37,179,ORF,2.917113654954093
37,179,CRISPR,1.6240383420671736
37,180,Total objective,8.588353538513184
37,180,Compound,4.065109726360866
37,180,ORF,2.925919672421047
37,180,CRISPR,1.5973241124834334
37,181,Total objective,8.585722010476248
37,181,Compound,4.055988396917071
37,181,ORF,2.9265582493373326
37,181,CRISPR,1.603175357409886
37,182,Total objective,8.59373997279576
37,182,Compound,4.0641255446842735
37,182,ORF,2.9103637320654734
37,182,CRISPR,1.619250682422093
37,183,Total objective,8.542167104993547
37,183,Compound,4.052116124970572
37,183,ORF,2.905713074547904
37,183,CRISPR,1.5843378850391934
37,184,Total objective,8.542541176932199
37,184,Compound,4.043156020981925
37,184,ORF,2.916456948007856
37,184,CRISPR,1.5829282590321132
37,185,Total objective,8.560133252825056
37,185,Compound,4.060483350072588
37,185,ORF,2.9032463686806813
37,185,CRISPR,1.5964036004883901
37,186,Total objective,8.507587705339704
37,186,Compound,4.041696149962289
37,186,ORF,2.886868589265006
37,186,CRISPR,1.5790229558944702
37,187,Total objective,8.533385944366454
37,187,Compound,4.067135899407523
37,187,ORF,2.8921369109834942
37,187,CRISPR,1.574113118648529
37,188,Total objective,8.49291445868356
37,188,Compound,4.039861856188093
37,188,ORF,2.867407883916582
37,188,CRISPR,1.5856447185788836
37,189,Total objective,8.504172420501709
37,189,Compound,4.057216906547547
37,189,ORF,2.865095199857439
37,189,CRISPR,1.5818603430475509
37,190,Total objective,8.471651118142264
37,190,Compound,4.039501278741019
37,190,ORF,2.8701612097876414
37,190,CRISPR,1.5619886824062892
37,191,Total objective,8.469916875021799
37,191,Compound,4.053825739451817
37,191,ORF,2.8685617310660225
37,191,CRISPR,1.5475294232368468
37,192,Total objective,8.50059221812657
37,192,Compound,4.05434490612575
37,192,ORF,2.875603338650295
37,192,CRISPR,1.570643981865474
37,193,Total objective,8.470201996394566
37,193,Compound,4.0404861552374705
37,193,ORF,2.8471153327396936
37,193,CRISPR,1.5826004709516253
37,194,Total objective,8.44544095993042
37,194,Compound,4.03729977948325
37,194,ORF,2.8526028054101125
37,194,CRISPR,1.5555384039878846
37,195,Total objective,8.460984761374338
37,195,Compound,4.052296475001744
37,195,ORF,2.833717506272452
37,195,CRISPR,1.5749707511493138
37,196,Total objective,8.443943650381906
37,196,Compound,4.034436896869114
37,196,ORF,2.8552416597093853
37,196,CRISPR,1.5542650444167
37,197,Total objective,8.43267387662615
37,197,Compound,4.045901131629944
37,197,ORF,2.8357973269053867
37,197,CRISPR,1.550975467477526
37,198,Total objective,8.419013023376465
37,198,Compound,4.025074097088405
37,198,ORF,2.833915911402021
37,198,CRISPR,1.560023043836866
37,199,Total objective,8.393793637411935
37,199,Compound,4.024645870072501
37,199,ORF,2.829657680647714
37,199,CRISPR,1.539490144593375
37,200,Total objective,8.37092385973249
37,200,Compound,4.020396334784372
37,200,ORF,2.8176584380013603
37,200,CRISPR,1.5328691755022321
37,201,Total objective,8.374736840384347
37,201,Compound,4.0461936882564
37,201,ORF,2.812312126159668
37,201,CRISPR,1.5162310225622995
37,202,Total objective,8.381761114937918
37,202,Compound,4.034579883302961
37,202,ORF,2.811157134601048
37,202,CRISPR,1.5360240936279297
37,203,Total objective,8.332376037325178
37,203,Compound,4.024932731900896
37,203,ORF,2.7961664267948696
37,203,CRISPR,1.5112768530845642
37,204,Total objective,8.360715171269009
37,204,Compound,4.024667991910662
37,204,ORF,2.8049217530659267
37,204,CRISPR,1.531125475679125
37,205,Total objective,8.350199018205915
37,205,Compound,4.018340914590018
37,205,ORF,2.812950805255345
37,205,CRISPR,1.5189073443412782
37,206,Total objective,8.347676536015102
37,206,Compound,4.033955332211086
37,206,ORF,2.8032240050179618
37,206,CRISPR,1.510497190271105
37,207,Total objective,8.356176785060338
37,207,Compound,4.0397123166493
37,207,ORF,2.8008854287011284
37,207,CRISPR,1.515579048224858
37,208,Total objective,8.339973763057165
37,208,Compound,4.048197725840978
37,208,ORF,2.785415574482509
37,208,CRISPR,1.5063604440007892
37,209,Total objective,8.295961604799544
37,209,Compound,4.027668969971793
37,209,ORF,2.7457161120006015
37,209,CRISPR,1.5225764989852906
37,210,Total objective,8.332627092088972
37,210,Compound,4.02997909614018
37,210,ORF,2.789426476614816
37,210,CRISPR,1.5132214903831482
37,211,Total objective,8.311887638909477
37,211,Compound,4.031557658740453
37,211,ORF,2.7598345449992587
37,211,CRISPR,1.5204954487936837
37,212,Total objective,8.315061214991978
37,212,Compound,4.020541432925633
37,212,ORF,2.78365581376212
37,212,CRISPR,1.510863971710205
37,213,Total objective,8.266921765463692
37,213,Compound,4.019058261598859
37,213,ORF,2.7435417447771346
37,213,CRISPR,1.5043217369488306
37,214,Total objective,8.319425106048584
37,214,Compound,4.027737191745213
37,214,ORF,2.7808385610580446
37,214,CRISPR,1.5108493413243975
37,215,Total objective,8.259298242841448
37,215,Compound,4.024972551209586
37,215,ORF,2.763129779270717
37,215,CRISPR,1.4711959770747594
37,216,Total objective,8.269447714941842
37,216,Compound,4.01935851914542
37,216,ORF,2.7466925246374947
37,216,CRISPR,1.5033966728619166
37,217,Total objective,8.247716999053955
37,217,Compound,4.006698080471584
37,217,ORF,2.7614553485597884
37,217,CRISPR,1.4795635070119586
37,218,Total objective,8.255191332953316
37,218,Compound,4.016394063404628
37,218,ORF,2.753309004647391
37,218,CRISPR,1.4854883943285262
37,219,Total objective,8.261895452226911
37,219,Compound,4.026283758027213
37,219,ORF,2.7418044226510183
37,219,CRISPR,1.4938072970935277
37,220,Total objective,8.216115147726876
37,220,Compound,4.012485592705863
37,220,ORF,2.731720951625279
37,220,CRISPR,1.4719086050987245
37,221,Total objective,8.212847042083741
37,221,Compound,4.010589722224644
37,221,ORF,2.752622379575457
37,221,CRISPR,1.4496349862643652
37,222,Total objective,8.240008572169712
37,222,Compound,4.026481137956892
37,222,ORF,2.7139938252312796
37,222,CRISPR,1.4995336515562876
37,223,Total objective,8.193318298884801
37,223,Compound,4.013592488425118
37,223,ORF,2.713903794969831
37,223,CRISPR,1.4658220853124346
37,224,Total objective,8.21402771813529
37,224,Compound,4.026693374770028
37,224,ORF,2.7161153520856587
37,224,CRISPR,1.471219038963318
37,225,Total objective,8.19718976020813
37,225,Compound,4.016515816961016
37,225,ORF,2.706456732749939
37,225,CRISPR,1.4742172019822257
37,226,Total objective,8.202562734058924
37,226,Compound,4.041489750998361
37,226,ORF,2.6967801400593348
37,226,CRISPR,1.4642928430012294
37,227,Total objective,8.189120619637626
37,227,Compound,4.00264561516898
37,227,ORF,2.7128887721470423
37,227,CRISPR,1.4735862408365523
37,228,Total objective,8.22391312462943
37,228,Compound,4.014791464805603
37,228,ORF,2.7260069131851195
37,228,CRISPR,1.4831147262028286
37,229,Total objective,8.202835587092808
37,229,Compound,4.0103276286806375
37,229,ORF,2.7304680722100394
37,229,CRISPR,1.4620398317064558
37,230,Total objective,8.181708363124303
37,230,Compound,4.005692556926182
37,230,ORF,2.7096515587397985
37,230,CRISPR,1.4663642525672913
37,231,Total objective,8.192038331712995
37,231,Compound,4.019053036825998
37,231,ORF,2.6941193989345007
37,231,CRISPR,1.4788659112794058
37,232,Total objective,8.114870071411133
37,232,Compound,4.003593267713274
37,232,ORF,2.6746829203196936
37,232,CRISPR,1.4365939021110534
37,233,Total objective,8.146655116762433
37,233,Compound,4.005842501776559
37,233,ORF,2.6872755323137554
37,233,CRISPR,1.4535370911870684
37,234,Total objective,8.128090878895351
37,234,Compound,4.009168352399554
37,234,ORF,2.6679417405809676
37,234,CRISPR,1.45098078250885
37,235,Total objective,8.132676560538156
37,235,Compound,4.002015028681074
37,235,ORF,2.690900390488761
37,235,CRISPR,1.4397611720221384
37,236,Total objective,8.11718009540013
37,236,Compound,4.00849906035832
37,236,ORF,2.667602096285139
37,236,CRISPR,1.4410789830344064
37,237,Total objective,8.076441969190325
37,237,Compound,3.9978865589414325
37,237,ORF,2.6437087774276735
37,237,CRISPR,1.4348466345242092
37,238,Total objective,8.093445049013411
37,238,Compound,3.99460084438324
37,238,ORF,2.667678894315447
37,238,CRISPR,1.431165213244302
37,239,Total objective,8.076931129183087
37,239,Compound,4.002299339430673
37,239,ORF,2.6445608854293825
37,239,CRISPR,1.4300709520067487
37,240,Total objective,8.065153537477766
37,240,Compound,3.991276236942836
37,240,ORF,2.638140310559954
37,240,CRISPR,1.435737007004874
37,241,Total objective,8.067811318806239
37,241,Compound,3.9954551594597953
37,241,ORF,2.648522434915815
37,241,CRISPR,1.4238337312425886
37,242,Total objective,8.055637645721436
37,242,Compound,3.9809233461107527
37,242,ORF,2.6507606983184813
37,242,CRISPR,1.4239536285400392
37,243,Total objective,8.05321343285697
37,243,Compound,3.9999996423721313
37,243,ORF,2.6469459772109984
37,243,CRISPR,1.4062678728784834
37,244,Total objective,8.039589616230556
37,244,Compound,3.9847115073885235
37,244,ORF,2.6349162408283777
37,244,CRISPR,1.4199618748256138
37,245,Total objective,8.031777402332851
37,245,Compound,3.9872115407671247
37,245,ORF,2.6207452501569475
37,245,CRISPR,1.4238206045968191
37,246,Total objective,8.034063455036708
37,246,Compound,3.974636823790414
37,246,ORF,2.6201113155909947
37,246,CRISPR,1.4393152696745737
37,247,Total objective,8.044731146948678
37,247,Compound,3.983866490636553
37,247,ORF,2.6508525950568065
37,247,CRISPR,1.410012117453984
37,248,Total objective,8.058572578430176
37,248,Compound,3.994402360916138
37,248,ORF,2.6247082846505303
37,248,CRISPR,1.43946190731866
37,249,Total objective,8.009653329849243
37,249,Compound,3.985263068335397
37,249,ORF,2.6051470960889542
37,249,CRISPR,1.4192431807518004
37,250,Total objective,8.034066486358643
37,250,Compound,4.000448775291443
37,250,ORF,2.625198701449803
37,250,CRISPR,1.4084190487861634
37,251,Total objective,8.009423160552979
37,251,Compound,3.9928956985473634
37,251,ORF,2.6110170909336636
37,251,CRISPR,1.405510377883911
37,252,Total objective,8.073000444684709
37,252,Compound,4.009024020603725
37,252,ORF,2.641513582638332
37,252,CRISPR,1.422462843145643
37,253,Total objective,7.974465104511806
37,253,Compound,3.982062009402684
37,253,ORF,2.579103742327009
37,253,CRISPR,1.4132992710386003
37,254,Total objective,7.97951694897243
37,254,Compound,3.9726938247680663
37,254,ORF,2.600921838624137
37,254,CRISPR,1.4059012310845511
37,255,Total objective,7.999973154067993
37,255,Compound,4.001018391336713
37,255,ORF,2.5887136902127947
37,255,CRISPR,1.4102411202022007
37,256,Total objective,7.986951501028878
37,256,Compound,3.9997098173413956
37,256,ORF,2.585436953817095
37,256,CRISPR,1.4018047298703875
37,257,Total objective,7.9826260157993865
37,257,Compound,3.9975793395723613
37,257,ORF,2.5870356627873012
37,257,CRISPR,1.3980110304696218
37,258,Total objective,7.980868475777762
37,258,Compound,3.9873186588287353
37,258,ORF,2.590890942301069
37,258,CRISPR,1.4026589240346636
37,259,Total objective,7.969396141597203
37,259,Compound,3.9948523112705776
37,259,ORF,2.57787720816476
37,259,CRISPR,1.396666647706713
37,260,Total objective,7.951073884963989
37,260,Compound,3.984804606437683
37,260,ORF,2.568795459611075
37,260,CRISPR,1.3974738138062612
37,261,Total objective,7.966518034253801
37,261,Compound,3.99114032132285
37,261,ORF,2.5690055097852436
37,261,CRISPR,1.406372216769627
37,262,Total objective,7.942652062007359
37,262,Compound,3.999045852252415
37,262,ORF,2.5602002859115602
37,262,CRISPR,1.3834059374673027
37,263,Total objective,7.938094861166817
37,263,Compound,3.993833841596331
37,263,ORF,2.5631469215665543
37,263,CRISPR,1.3811140963009425
37,264,Total objective,7.956199598312378
37,264,Compound,3.9910584381648473
37,264,ORF,2.5837172065462384
37,264,CRISPR,1.381423957007272
37,265,Total objective,7.9247001443590435
37,265,Compound,3.9801346029554097
37,265,ORF,2.5764244965144565
37,265,CRISPR,1.3681410670280456
37,266,Total objective,7.951967171260288
37,266,Compound,3.9861479657036916
37,266,ORF,2.562282521384103
37,266,CRISPR,1.4035366926874433
37,267,Total objective,7.893080936159406
37,267,Compound,3.984989183289664
37,267,ORF,2.535362025669643
37,267,CRISPR,1.372729754447937
37,268,Total objective,7.899600764683314
37,268,Compound,3.9755036762782505
37,268,ORF,2.550891385759626
37,268,CRISPR,1.3732057009424483
37,269,Total objective,7.870005941390991
37,269,Compound,3.9670065437044415
37,269,ORF,2.5428517988749912
37,269,CRISPR,1.3601475954055786
37,270,Total objective,7.871988821029663
37,270,Compound,3.9716551882880076
37,270,ORF,2.5312115294592723
37,270,CRISPR,1.3691221049853735
37,271,Total objective,7.887137126922608
37,271,Compound,3.9793476615633283
37,271,ORF,2.5361200298581803
37,271,CRISPR,1.3716694559369769
37,272,Total objective,7.883803606033325
37,272,Compound,3.9716390814099993
37,272,ORF,2.540074474470956
37,272,CRISPR,1.3720900365284512
37,273,Total objective,7.878884622028896
37,273,Compound,3.974046703747341
37,273,ORF,2.53994927746909
37,273,CRISPR,1.3648885982377188
37,274,Total objective,7.848467063903809
37,274,Compound,3.9541558844702585
37,274,ORF,2.5251697642462596
37,274,CRISPR,1.3691414271082196
37,275,Total objective,7.860751213346209
37,275,Compound,3.9808440446853637
37,275,ORF,2.540502565247672
37,275,CRISPR,1.33940464087895
37,276,Total objective,7.836368683406285
37,276,Compound,3.9552064452852522
37,276,ORF,2.5254840918949673
37,276,CRISPR,1.3556781206812178
37,277,Total objective,7.841593095234463
37,277,Compound,3.9744624137878417
37,277,ORF,2.4954492637089323
37,277,CRISPR,1.3716814007077898
37,278,Total objective,7.836396414893014
37,278,Compound,3.9832649265016826
37,278,ORF,2.494883796146938
37,278,CRISPR,1.3582476820264544
37,279,Total objective,7.84196344784328
37,279,Compound,3.9785978487559728
37,279,ORF,2.509578674180167
37,279,CRISPR,1.353786906174251
37,280,Total objective,7.844634110586984
37,280,Compound,3.9673189742224557
37,280,ORF,2.5243324995040894
37,280,CRISPR,1.3529826419694082
37,281,Total objective,7.823355742863247
37,281,Compound,3.974621909005301
37,281,ORF,2.505353260040283
37,281,CRISPR,1.3433805755206516
37,282,Total objective,7.7907036100115095
37,282,Compound,3.973378951208932
37,282,ORF,2.4788103205817085
37,282,CRISPR,1.3385143433298383
37,283,Total objective,7.823456805092948
37,283,Compound,3.979428574017116
37,283,ORF,2.506903256688799
37,283,CRISPR,1.3371249794960023
37,284,Total objective,7.7997356823512485
37,284,Compound,3.973687093598502
37,284,ORF,2.4947094678878785
37,284,CRISPR,1.3313391208648682
37,285,Total objective,7.802834286008562
37,285,Compound,3.9810027054377963
37,285,ORF,2.4711864164897372
37,285,CRISPR,1.350645169189998
37,286,Total objective,7.782356289454869
37,286,Compound,3.9517374549593245
37,286,ORF,2.47352842262813
37,286,CRISPR,1.3570904016494751
37,287,Total objective,7.7822944436754495
37,287,Compound,3.964775916508266
37,287,ORF,2.4798585585185458
37,287,CRISPR,1.3376599652426584
37,288,Total objective,7.795035294124058
37,288,Compound,3.972409084865025
37,288,ORF,2.475006321498326
37,288,CRISPR,1.3476198962756565
37,289,Total objective,7.780601637704032
37,289,Compound,3.9724380765642437
37,289,ORF,2.471136178289141
37,289,CRISPR,1.3370273998805455
37,290,Total objective,7.764788620812553
37,290,Compound,3.952414393424988
37,290,ORF,2.4804305962153843
37,290,CRISPR,1.331943588597434
37,291,Total objective,7.754766123635428
37,291,Compound,3.9648413590022495
37,291,ORF,2.4720858097076417
37,291,CRISPR,1.3178389617374966
37,292,Total objective,7.762100969042097
37,292,Compound,3.9624008893966676
37,292,ORF,2.4681051356451853
37,292,CRISPR,1.331594945703234
37,293,Total objective,7.755421801975795
37,293,Compound,3.962434162412371
37,293,ORF,2.467560318538121
37,293,CRISPR,1.3254273056983947
37,294,Total objective,7.761938537870135
37,294,Compound,3.962148932048253
37,294,ORF,2.4725389821188792
37,294,CRISPR,1.3272506305149623
37,295,Total objective,7.716819408961705
37,295,Compound,3.9521444695336476
37,295,ORF,2.4718291759490967
37,295,CRISPR,1.2928457634789603
37,296,Total objective,7.745066772188459
37,296,Compound,3.9674026353018625
37,296,ORF,2.4509383133479528
37,296,CRISPR,1.3267258303506033
37,297,Total objective,7.705245883124215
37,297,Compound,3.9514845269066945
37,297,ORF,2.427031636238098
37,297,CRISPR,1.3267297199794224
37,298,Total objective,7.716661357879639
37,298,Compound,3.962587823186602
37,298,ORF,2.43437910420554
37,298,CRISPR,1.319694425378527
37,299,Total objective,7.721410764966692
37,299,Compound,3.947733191081456
37,299,ORF,2.4619378805160523
37,299,CRISPR,1.3117396882602146
37,300,Total objective,7.707520621163504
37,300,Compound,3.9426993983132497
37,300,ORF,2.444770574569702
37,300,CRISPR,1.3200506329536439
41,1,Total objective,14.856614071982248
41,1,Compound,5.557660893031529
41,1,ORF,5.16128008706229
41,1,CRISPR,4.137673040798732
41,2,Total objective,13.798975358690534
41,2,Compound,5.241492523465838
41,2,ORF,4.90064354624067
41,2,CRISPR,3.656839316231864
41,3,Total objective,13.359890038626535
41,3,Compound,5.081241566794259
41,3,ORF,4.814011233193534
41,3,CRISPR,3.464637211390904
41,4,Total objective,13.04985464641026
41,4,Compound,4.998677444458008
41,4,ORF,4.695473997933524
41,4,CRISPR,3.3557031869888307
41,5,Total objective,12.819703006744385
41,5,Compound,4.902391767501831
41,5,ORF,4.653242172513689
41,5,CRISPR,3.2640691212245394
41,6,Total objective,12.643372358594622
41,6,Compound,4.842983429772513
41,6,ORF,4.6169885090419225
41,6,CRISPR,3.1834004640579225
41,7,Total objective,12.511522960662841
41,7,Compound,4.825694404329572
41,7,ORF,4.560917561394827
41,7,CRISPR,3.124911035810198
41,8,Total objective,12.385323565346853
41,8,Compound,4.792513513565064
41,8,ORF,4.528995595659528
41,8,CRISPR,3.0638144765581403
41,9,Total objective,12.244592080797467
41,9,Compound,4.738276611055647
41,9,ORF,4.4869920458112444
41,9,CRISPR,3.0193234409604752
41,10,Total objective,12.147935009002685
41,10,Compound,4.718050479888916
41,10,ORF,4.470398051398141
41,10,CRISPR,2.9594864334378923
41,11,Total objective,12.035406412397112
41,11,Compound,4.697920199802944
41,11,ORF,4.441032477787563
41,11,CRISPR,2.8964536564690726
41,12,Total objective,11.984597165243967
41,12,Compound,4.668670204707555
41,12,ORF,4.434388698850359
41,12,CRISPR,2.881538312775748
41,13,Total objective,11.872915894644601
41,13,Compound,4.63347978591919
41,13,ORF,4.375590937478202
41,13,CRISPR,2.863845201901027
41,14,Total objective,11.826490715571813
41,14,Compound,4.622212069375174
41,14,ORF,4.390850475856236
41,14,CRISPR,2.8134281635284424
41,15,Total objective,11.761828899383545
41,15,Compound,4.611391728264945
41,15,ORF,4.355508327484131
41,15,CRISPR,2.794928973061698
41,16,Total objective,11.701807635171074
41,16,Compound,4.587695366995675
41,16,ORF,4.329516724177769
41,16,CRISPR,2.784595516749791
41,17,Total objective,11.590622547694615
41,17,Compound,4.5575925145830425
41,17,ORF,4.308427824292864
41,17,CRISPR,2.7246022020067486
41,18,Total objective,11.567669296264649
41,18,Compound,4.556407826287406
41,18,ORF,4.293972083500454
41,18,CRISPR,2.7172893830708094
41,19,Total objective,11.525256443023682
41,19,Compound,4.555188839776175
41,19,ORF,4.258686978476388
41,19,CRISPR,2.7113805873053414
41,20,Total objective,11.47446323122297
41,20,Compound,4.5398518766675675
41,20,ORF,4.2475919451032365
41,20,CRISPR,2.687019399234227
41,21,Total objective,11.440102795192173
41,21,Compound,4.534918587548392
41,21,ORF,4.225999525615147
41,21,CRISPR,2.679184695652553
41,22,Total objective,11.340932491847447
41,22,Compound,4.50902977670942
41,22,ORF,4.197572316442217
41,22,CRISPR,2.6343303680419923
41,23,Total objective,11.302516187940325
41,23,Compound,4.488242959976196
41,23,ORF,4.201212913649423
41,23,CRISPR,2.613060358592442
41,24,Total objective,11.24967726298741
41,24,Compound,4.471324614116123
41,24,ORF,4.1886678321020945
41,24,CRISPR,2.5896848133632115
41,25,Total objective,11.195657307761056
41,25,Compound,4.477063267571586
41,25,ORF,4.1605386631829395
41,25,CRISPR,2.5580552986689975
41,26,Total objective,11.170684146881104
41,26,Compound,4.47139026096889
41,26,ORF,4.149704827581133
41,26,CRISPR,2.5495890174593243
41,27,Total objective,11.11720142364502
41,27,Compound,4.455811023712158
41,27,ORF,4.152334536824908
41,27,CRISPR,2.509055815424238
41,28,Total objective,11.090195914677212
41,28,Compound,4.452898284367152
41,28,ORF,4.107855905805315
41,28,CRISPR,2.529441697256906
41,29,Total objective,11.069792434147425
41,29,Compound,4.44800683430263
41,29,ORF,4.111476693834577
41,29,CRISPR,2.5103089570999146
41,30,Total objective,11.044358648572649
41,30,Compound,4.432048920222691
41,30,ORF,4.101691593442644
41,30,CRISPR,2.5106181008475166
41,31,Total objective,10.93340858731951
41,31,Compound,4.410930783408029
41,31,ORF,4.075069907733372
41,31,CRISPR,2.4474079302379064
41,32,Total objective,10.960524463653565
41,32,Compound,4.417367833001273
41,32,ORF,4.070202514103481
41,32,CRISPR,2.472954157420567
41,33,Total objective,10.900908660888671
41,33,Compound,4.394934933526176
41,33,ORF,4.0581943239484515
41,33,CRISPR,2.447779389790126
41,34,Total objective,10.898165157863072
41,34,Compound,4.412566014698574
41,34,ORF,4.044792430741446
41,34,CRISPR,2.4408067669187274
41,35,Total objective,10.843198067801339
41,35,Compound,4.390975557054792
41,35,ORF,4.0282804931913105
41,35,CRISPR,2.423941956247602
41,36,Total objective,10.832963861737932
41,36,Compound,4.397669465201242
41,36,ORF,4.025955969946725
41,36,CRISPR,2.4093384640557427
41,37,Total objective,10.808476434435164
41,37,Compound,4.371283033915929
41,37,ORF,4.027767470904759
41,37,CRISPR,2.409425960268293
41,38,Total objective,10.784559835706439
41,38,Compound,4.386888088498797
41,38,ORF,4.020521610123771
41,38,CRISPR,2.377150058746338
41,39,Total objective,10.701627894810267
41,39,Compound,4.374654184068953
41,39,ORF,3.9759404454912457
41,39,CRISPR,2.3510331869125367
41,40,Total objective,10.720455346788679
41,40,Compound,4.377049813951765
41,40,ORF,3.9845143250056676
41,40,CRISPR,2.3588912078312467
41,41,Total objective,10.700544725145612
41,41,Compound,4.33880911554609
41,41,ORF,3.9753668240138462
41,41,CRISPR,2.3863688349723815
41,42,Total objective,10.627328681945801
41,42,Compound,4.334896782466344
41,42,ORF,3.984909929547991
41,42,CRISPR,2.3075218643460955
41,43,Total objective,10.618104389735631
41,43,Compound,4.319254575456892
41,43,ORF,3.9636040244783675
41,43,CRISPR,2.3352457421166557
41,44,Total objective,10.579059137616838
41,44,Compound,4.344386066709246
41,44,ORF,3.9318456513541085
41,44,CRISPR,2.3028274297714235
41,45,Total objective,10.55406837463379
41,45,Compound,4.331211757659912
41,45,ORF,3.930791255405971
41,45,CRISPR,2.2920652900423324
41,46,Total objective,10.539425018855503
41,46,Compound,4.328618587766375
41,46,ORF,3.913053240094866
41,46,CRISPR,2.2977531245776586
41,47,Total objective,10.495971693311418
41,47,Compound,4.30377790587289
41,47,ORF,3.9096660920551844
41,47,CRISPR,2.282527695383344
41,48,Total objective,10.494855267660958
41,48,Compound,4.311872448240008
41,48,ORF,3.9010649919509888
41,48,CRISPR,2.2819178513118197
41,49,Total objective,10.464816420418876
41,49,Compound,4.299983474186488
41,49,ORF,3.8836205857140675
41,49,CRISPR,2.2812124150139943
41,50,Total objective,10.402695860181536
41,50,Compound,4.298153693335397
41,50,ORF,3.8603620631354194
41,50,CRISPR,2.244180084977831
41,51,Total objective,10.411493110656739
41,51,Compound,4.305174357550484
41,51,ORF,3.8368269647870745
41,51,CRISPR,2.2694918189729965
41,52,Total objective,10.3594103540693
41,52,Compound,4.291701248713902
41,52,ORF,3.8397941146578107
41,52,CRISPR,2.227914927686964
41,53,Total objective,10.3775479725429
41,53,Compound,4.302166761670794
41,53,ORF,3.8360248259135656
41,53,CRISPR,2.239356347492763
41,54,Total objective,10.353401333945138
41,54,Compound,4.286713184629168
41,54,ORF,3.8284153052738734
41,54,CRISPR,2.2382729155676704
41,55,Total objective,10.310812486921037
41,55,Compound,4.28034531048366
41,55,ORF,3.8242583445140292
41,55,CRISPR,2.2062087978635514
41,56,Total objective,10.30285438810076
41,56,Compound,4.275794240406581
41,56,ORF,3.82768463747842
41,56,CRISPR,2.199375431878226
41,57,Total objective,10.270979527064732
41,57,Compound,4.260605410167149
41,57,ORF,3.81321690423148
41,57,CRISPR,2.197157229696001
41,58,Total objective,10.193119103567941
41,58,Compound,4.266981472287859
41,58,ORF,3.7624160460063387
41,58,CRISPR,2.1637215648378643
41,59,Total objective,10.25433098929269
41,59,Compound,4.282092162540981
41,59,ORF,3.7964792455945697
41,59,CRISPR,2.175759652682713
41,60,Total objective,10.241275528499058
41,60,Compound,4.274288252421788
41,60,ORF,3.8047128336770193
41,60,CRISPR,2.1622745037078857
41,61,Total objective,10.17896078654698
41,61,Compound,4.2760520321982245
41,61,ORF,3.7588153396333968
41,61,CRISPR,2.144093443666186
41,62,Total objective,10.1652042388916
41,62,Compound,4.266839374814714
41,62,ORF,3.7683010339736938
41,62,CRISPR,2.13006375006267
41,63,Total objective,10.121982192993164
41,63,Compound,4.254085438592093
41,63,ORF,3.738459689276559
41,63,CRISPR,2.1294370463916232
41,64,Total objective,10.091701807294573
41,64,Compound,4.246769571304322
41,64,ORF,3.7264133998325892
41,64,CRISPR,2.118518776553018
41,65,Total objective,10.098576981680734
41,65,Compound,4.248679004396711
41,65,ORF,3.712728180204119
41,65,CRISPR,2.1371697919709343
41,66,Total objective,10.065526172092982
41,66,Compound,4.257458141871861
41,66,ORF,3.733599942071097
41,66,CRISPR,2.0744681068829127
41,67,Total objective,10.019280529022216
41,67,Compound,4.236486884525844
41,67,ORF,3.7051563433238437
41,67,CRISPR,2.07763728754861
41,68,Total objective,10.016206700461252
41,68,Compound,4.241130733489991
41,68,ORF,3.6701476335525514
41,68,CRISPR,2.104928309576852
41,69,Total objective,10.023729269845145
41,69,Compound,4.235327223369054
41,69,ORF,3.698912477493286
41,69,CRISPR,2.089489541734968
41,70,Total objective,9.997110652923585
41,70,Compound,4.233934824807303
41,70,ORF,3.682191150529044
41,70,CRISPR,2.080984682696206
41,71,Total objective,10.008156367710658
41,71,Compound,4.2457500866481235
41,71,ORF,3.6945630346025737
41,71,CRISPR,2.0678431749343873
41,72,Total objective,9.966387040274483
41,72,Compound,4.227833652496338
41,72,ORF,3.661145612171718
41,72,CRISPR,2.077407811369215
41,73,Total objective,9.955858271462576
41,73,Compound,4.2248990331377305
41,73,ORF,3.672909368787493
41,73,CRISPR,2.0580499257360185
41,74,Total objective,9.925282546452113
41,74,Compound,4.2228709425245015
41,74,ORF,3.6473219871520994
41,74,CRISPR,2.0550895895276753
41,75,Total objective,9.913365268707276
41,75,Compound,4.227692018236433
41,75,ORF,3.641523630278451
41,75,CRISPR,2.0441495742116658
41,76,Total objective,9.885713590894426
41,76,Compound,4.225421953201294
41,76,ORF,3.6406518493379867
41,76,CRISPR,2.0196398104940143
41,77,Total objective,9.87808290209089
41,77,Compound,4.204499077796936
41,77,ORF,3.6307625770568848
41,77,CRISPR,2.0428211893354145
41,78,Total objective,9.861328860691616
41,78,Compound,4.212809767041888
41,78,ORF,3.608536652156285
41,78,CRISPR,2.0399824244635445
41,79,Total objective,9.82390227999006
41,79,Compound,4.194993250710624
41,79,ORF,3.5931177718298777
41,79,CRISPR,2.0357912302017214
41,80,Total objective,9.776364598955427
41,80,Compound,4.187043741771153
41,80,ORF,3.5826975209372383
41,80,CRISPR,2.0066233209201267
41,81,Total objective,9.786515058789934
41,81,Compound,4.196731758117676
41,81,ORF,3.6012406281062534
41,81,CRISPR,1.9885426810809543
41,82,Total objective,9.773582458496094
41,82,Compound,4.196457018171038
41,82,ORF,3.5860363960266115
41,82,CRISPR,1.9910890289715357
41,83,Total objective,9.751153237479073
41,83,Compound,4.20082973071507
41,83,ORF,3.5425357512065343
41,83,CRISPR,2.0077877623694285
41,84,Total objective,9.715252440316336
41,84,Compound,4.189284338269915
41,84,ORF,3.5456497192382814
41,84,CRISPR,1.9803183555603028
41,85,Total objective,9.758499431610108
41,85,Compound,4.201790864127023
41,85,ORF,3.5726480449948994
41,85,CRISPR,1.9840605480330331
41,86,Total objective,9.726543889726912
41,86,Compound,4.192232343128749
41,86,ORF,3.557776267187936
41,86,CRISPR,1.9765353219849722
41,87,Total objective,9.662106009892055
41,87,Compound,4.195897483825684
41,87,ORF,3.5270179169518605
41,87,CRISPR,1.939190605708531
41,88,Total objective,9.67977568762643
41,88,Compound,4.187223815917969
41,88,ORF,3.519868128640311
41,88,CRISPR,1.9726837141173226
41,89,Total objective,9.666264847346715
41,89,Compound,4.1852344138281685
41,89,ORF,3.532445846285139
41,89,CRISPR,1.9485845531736101
41,90,Total objective,9.6370130947658
41,90,Compound,4.176374653407506
41,90,ORF,3.520005771092006
41,90,CRISPR,1.940632688999176
41,91,Total objective,9.637028585161481
41,91,Compound,4.197170329093933
41,91,ORF,3.512472445624215
41,91,CRISPR,1.9273858189582824
41,92,Total objective,9.629973261696952
41,92,Compound,4.172372790745326
41,92,ORF,3.5056922401700703
41,92,CRISPR,1.9519082273755755
41,93,Total objective,9.552483858380999
41,93,Compound,4.150918320247105
41,93,ORF,3.494293461527143
41,93,CRISPR,1.9072719812393188
41,94,Total objective,9.600579166412354
41,94,Compound,4.175073773520333
41,94,ORF,3.5007551431655886
41,94,CRISPR,1.9247502718652998
41,95,Total objective,9.58882805960519
41,95,Compound,4.169399728093828
41,95,ORF,3.492893270083836
41,95,CRISPR,1.9265350137438093
41,96,Total objective,9.521599633353096
41,96,Compound,4.163572829110282
41,96,ORF,3.444157041822161
41,96,CRISPR,1.9138697590146745
41,97,Total objective,9.555760506221226
41,97,Compound,4.193015936442784
41,97,ORF,3.4731596061161585
41,97,CRISPR,1.8895849296024867
41,98,Total objective,9.528311484200614
41,98,Compound,4.171839829853603
41,98,ORF,3.444479254313878
41,98,CRISPR,1.9119924170630318
41,99,Total objective,9.509839003426688
41,99,Compound,4.172346809932164
41,99,ORF,3.4306906700134276
41,99,CRISPR,1.9068015132631575
41,100,Total objective,9.49832525253296
41,100,Compound,4.163096669742039
41,100,ORF,3.436584404536656
41,100,CRISPR,1.8986441544124057
41,101,Total objective,9.436365113939559
41,101,Compound,4.145138420377459
41,101,ORF,3.4261745248522075
41,101,CRISPR,1.8650521806308202
41,102,Total objective,9.426054641178675
41,102,Compound,4.155624553135463
41,102,ORF,3.4053409133638652
41,102,CRISPR,1.8650891627584185
41,103,Total objective,9.477903747558594
41,103,Compound,4.160033566611154
41,103,ORF,3.4351405620574953
41,103,CRISPR,1.8827296342168536
41,104,Total objective,9.403303064618791
41,104,Compound,4.121861253465925
41,104,ORF,3.3988400323050363
41,104,CRISPR,1.8826018146106176
41,105,Total objective,9.421654333387103
41,105,Compound,4.147734594345093
41,105,ORF,3.407021362440927
41,105,CRISPR,1.8668983238083976
41,106,Total objective,9.382978207724435
41,106,Compound,4.157972271101816
41,106,ORF,3.38485734803336
41,106,CRISPR,1.8401486277580261
41,107,Total objective,9.371077973502024
41,107,Compound,4.140868670599801
41,107,ORF,3.3776358127593995
41,107,CRISPR,1.8525735701833452
41,108,Total objective,9.409196172441755
41,108,Compound,4.1572625432695665
41,108,ORF,3.3926044395991735
41,108,CRISPR,1.8593291759490966
41,109,Total objective,9.372444302695138
41,109,Compound,4.147313329151698
41,109,ORF,3.3643087897981916
41,109,CRISPR,1.8608221139226642
41,110,Total objective,9.381327193123953
41,110,Compound,4.142895007133484
41,110,ORF,3.4010763134275166
41,110,CRISPR,1.837355875968933
41,111,Total objective,9.318850599016463
41,111,Compound,4.137439526830401
41,111,ORF,3.35047402041299
41,111,CRISPR,1.830937022822244
41,112,Total objective,9.333780479431152
41,112,Compound,4.139913272857666
41,112,ORF,3.354980523245675
41,112,CRISPR,1.8388866441590446
41,113,Total objective,9.280778312683106
41,113,Compound,4.127537809099469
41,113,ORF,3.3379064287458147
41,113,CRISPR,1.8153340765408108
41,114,Total objective,9.280311638968332
41,114,Compound,4.138482342447554
41,114,ORF,3.3278251716068814
41,114,CRISPR,1.8140040738242014
41,115,Total objective,9.235999693189349
41,115,Compound,4.11547702721187
41,115,ORF,3.3063101802553447
41,115,CRISPR,1.8142124533653259
41,116,Total objective,9.261192675999233
41,116,Compound,4.130540176800319
41,116,ORF,3.304712360245841
41,116,CRISPR,1.8259401542799814
41,117,Total objective,9.249904251098632
41,117,Compound,4.133390859195164
41,117,ORF,3.323935215813773
41,117,CRISPR,1.7925781948225838
41,118,Total objective,9.238999666486468
41,118,Compound,4.122388761384147
41,118,ORF,3.3255370480673654
41,118,CRISPR,1.7910738502229964
41,119,Total objective,9.245040171486991
41,119,Compound,4.118951630592346
41,119,ORF,3.31884971005576
41,119,CRISPR,1.8072387967790877
41,120,Total objective,9.194817284175327
41,120,Compound,4.118576465334211
41,120,ORF,3.279378138269697
41,120,CRISPR,1.7968626056398664
41,121,Total objective,9.207147230420794
41,121,Compound,4.127310238565717
41,121,ORF,3.2909715243748257
41,121,CRISPR,1.788865465777261
41,122,Total objective,9.192307335989815
41,122,Compound,4.119050080435617
41,122,ORF,3.28008302620479
41,122,CRISPR,1.7931742548942566
41,123,Total objective,9.173700823102678
41,123,Compound,4.118477736200605
41,123,ORF,3.2647617748805455
41,123,CRISPR,1.7904613273484367
41,124,Total objective,9.13601119177682
41,124,Compound,4.112677591187613
41,124,ORF,3.2648227555411204
41,124,CRISPR,1.758510843345097
41,125,Total objective,9.131457914624896
41,125,Compound,4.113520738056728
41,125,ORF,3.2703673601150514
41,125,CRISPR,1.7475697670664105
41,126,Total objective,9.101685551234654
41,126,Compound,4.0917442628315515
41,126,ORF,3.252257537841797
41,126,CRISPR,1.7576837403433663
41,127,Total objective,9.13201585497175
41,127,Compound,4.110290595463344
41,127,ORF,3.2668544258390155
41,127,CRISPR,1.754870811530522
41,128,Total objective,9.09772172655378
41,128,Compound,4.098857658249991
41,128,ORF,3.2450431551252095
41,128,CRISPR,1.7538209131785802
41,129,Total objective,9.113917119162423
41,129,Compound,4.109565087727138
41,129,ORF,3.237993904522487
41,129,CRISPR,1.7663580792290823
41,130,Total objective,9.073229816981724
41,130,Compound,4.100892339433942
41,130,ORF,3.255145229612078
41,130,CRISPR,1.7171922274998257
41,131,Total objective,9.076700619288854
41,131,Compound,4.096012047358921
41,131,ORF,3.225616887637547
41,131,CRISPR,1.755071657044547
41,132,Total objective,9.05179168156215
41,132,Compound,4.076763926233564
41,132,ORF,3.233357218333653
41,132,CRISPR,1.7416705523218428
41,133,Total objective,9.019014181409563
41,133,Compound,4.100997754505703
41,133,ORF,3.1922675882067
41,133,CRISPR,1.725748814855303
41,134,Total objective,9.063832201276506
41,134,Compound,4.110982758658273
41,134,ORF,3.219350518499102
41,134,CRISPR,1.7334988917623246
41,135,Total objective,9.026122760772704
41,135,Compound,4.090498052324567
41,135,ORF,3.20713324206216
41,135,CRISPR,1.728491462979998
41,136,Total objective,9.002770151410784
41,136,Compound,4.102799197605678
41,136,ORF,3.203144039426531
41,136,CRISPR,1.6968269092696053
41,137,Total objective,8.99826489857265
41,137,Compound,4.094503225599016
41,137,ORF,3.188670236723764
41,137,CRISPR,1.7150913783482142
41,138,Total objective,8.982138402121407
41,138,Compound,4.0870586224964685
41,138,ORF,3.177366576875959
41,138,CRISPR,1.7177131942340307
41,139,Total objective,8.991021810259138
41,139,Compound,4.085227234022958
41,139,ORF,3.1714023283549717
41,139,CRISPR,1.7343922325542995
41,140,Total objective,8.981878757476807
41,140,Compound,4.105028206961496
41,140,ORF,3.1557488850184847
41,140,CRISPR,1.721101667199816
41,141,Total objective,8.948178209577287
41,141,Compound,4.076833292416164
41,141,ORF,3.157934318270002
41,141,CRISPR,1.7134105512074063
41,142,Total objective,8.961797986711774
41,142,Compound,4.081665001596723
41,142,ORF,3.1658003636768886
41,142,CRISPR,1.7143325754574368
41,143,Total objective,8.902755832672119
41,143,Compound,4.075193320001874
41,143,ORF,3.1381107330322267
41,143,CRISPR,1.6894517626081194
41,144,Total objective,8.93054234640939
41,144,Compound,4.081275122506278
41,144,ORF,3.1451331990105764
41,144,CRISPR,1.7041339993476867
41,145,Total objective,8.914375986371722
41,145,Compound,4.071745426314218
41,145,ORF,3.150687173434666
41,145,CRISPR,1.6919434343065534
41,146,Total objective,8.915043476649693
41,146,Compound,4.096626952716282
41,146,ORF,3.128641438484192
41,146,CRISPR,1.6897750547954014
41,147,Total objective,8.901739161355154
41,147,Compound,4.086011321204049
41,147,ORF,3.1414194004876275
41,147,CRISPR,1.6743083391870772
41,148,Total objective,8.884767273494175
41,148,Compound,4.092092510632106
41,148,ORF,3.115640010152544
41,148,CRISPR,1.6770347476005554
41,149,Total objective,8.859201322283063
41,149,Compound,4.085399096352713
41,149,ORF,3.129857747895377
41,149,CRISPR,1.6439446091651917
41,150,Total objective,8.812525068010602
41,150,Compound,4.059675404003689
41,150,ORF,3.0988150869097026
41,150,CRISPR,1.6540345515523638
41,151,Total objective,8.840080778939383
41,151,Compound,4.075011825561523
41,151,ORF,3.103815395491464
41,151,CRISPR,1.6612534999847413
41,152,Total objective,8.816837419782367
41,152,Compound,4.080194657189505
41,152,ORF,3.087647455079215
41,152,CRISPR,1.6489952325820922
41,153,Total objective,8.827867875780377
41,153,Compound,4.065563910348075
41,153,ORF,3.0914532014301845
41,153,CRISPR,1.6708507588931492
41,154,Total objective,8.772191497257777
41,154,Compound,4.084558238301958
41,154,ORF,3.0574216297694616
41,154,CRISPR,1.6302116155624389
41,155,Total objective,8.804994814736503
41,155,Compound,4.073972977910723
41,155,ORF,3.0726225410188945
41,155,CRISPR,1.658399280479976
41,156,Total objective,8.83202941077096
41,156,Compound,4.093368455341884
41,156,ORF,3.0900533778326853
41,156,CRISPR,1.6486075043678283
41,157,Total objective,8.772283799307687
41,157,Compound,4.076787791933332
41,157,ORF,3.073138001986912
41,157,CRISPR,1.6223579628126963
41,158,Total objective,8.762486267089844
41,158,Compound,4.050953715188163
41,158,ORF,3.0652634280068534
41,158,CRISPR,1.6462690421513149
41,159,Total objective,8.78055316380092
41,159,Compound,4.059130958148411
41,159,ORF,3.0696485485349383
41,159,CRISPR,1.6517736383846828
41,160,Total objective,8.713811234065465
41,160,Compound,4.030250096321106
41,160,ORF,3.06823433807918
41,160,CRISPR,1.6153268235070364
41,161,Total objective,8.772485079084124
41,161,Compound,4.064598001752581
41,161,ORF,3.0574805293764387
41,161,CRISPR,1.6504065292222159
41,162,Total objective,8.743653842381068
41,162,Compound,4.070239458765302
41,162,ORF,3.045300493921552
41,162,CRISPR,1.628113956110818
41,163,Total objective,8.721323762621198
41,163,Compound,4.063668319157192
41,163,ORF,3.035497215815953
41,163,CRISPR,1.6221582089151656
41,164,Total objective,8.698279762268067
41,164,Compound,4.054386193411691
41,164,ORF,3.03106632232666
41,164,CRISPR,1.6128272822925023
41,165,Total objective,8.685851274217878
41,165,Compound,4.05540692125048
41,165,ORF,3.0203031301498413
41,165,CRISPR,1.610141270501273
41,166,Total objective,8.677535343170167
41,166,Compound,4.065031569344657
41,166,ORF,2.9999239240373883
41,166,CRISPR,1.6125798787389483
41,167,Total objective,8.676596069335938
41,167,Compound,4.067097316469465
41,167,ORF,3.0042437621525355
41,167,CRISPR,1.6052549515451704
41,168,Total objective,8.641355637141636
41,168,Compound,4.033675387927464
41,168,ORF,3.0045402015958516
41,168,CRISPR,1.6031399965286255
41,169,Total objective,8.608779648372105
41,169,Compound,4.044634866714477
41,169,ORF,3.0024448122297014
41,169,CRISPR,1.5616999898638044
41,170,Total objective,8.650382695879255
41,170,Compound,4.043480181694031
41,170,ORF,3.006845351627895
41,170,CRISPR,1.6000571983201164
41,171,Total objective,8.634653636387416
41,171,Compound,4.038633980069842
41,171,ORF,2.998081224305289
41,171,CRISPR,1.5979384865079607
41,172,Total objective,8.640591825757708
41,172,Compound,4.041659317697797
41,172,ORF,3.0100928817476547
41,172,CRISPR,1.5888396314212254
41,173,Total objective,8.604453413827079
41,173,Compound,4.051556083134242
41,173,ORF,2.962379799570356
41,173,CRISPR,1.5905175583703177
41,174,Total objective,8.601595388139998
41,174,Compound,4.056978106498718
41,174,ORF,2.9626618351255143
41,174,CRISPR,1.5819553920200893
41,175,Total objective,8.587128557477678
41,175,Compound,4.034760393415179
41,175,ORF,2.9722764832632884
41,175,CRISPR,1.5800916007586887
41,176,Total objective,8.553625542776926
41,176,Compound,4.025796529224941
41,176,ORF,2.959711183820452
41,176,CRISPR,1.568117834840502
41,177,Total objective,8.594633620125906
41,177,Compound,4.048641269547598
41,177,ORF,2.9592487096786497
41,177,CRISPR,1.5867436068398613
41,178,Total objective,8.574767807551792
41,178,Compound,4.05433817250388
41,178,ORF,2.95000718661717
41,178,CRISPR,1.5704224024500166
41,179,Total objective,8.53728836604527
41,179,Compound,4.038881819588798
41,179,ORF,2.941273403167725
41,179,CRISPR,1.5571331654276166
41,180,Total objective,8.521754932403564
41,180,Compound,4.030124647276742
41,180,ORF,2.9507719789232527
41,180,CRISPR,1.540858338560377
41,181,Total objective,8.519506181989398
41,181,Compound,4.041830236571176
41,181,ORF,2.935592988559178
41,181,CRISPR,1.5420829262052262
41,182,Total objective,8.545273726327078
41,182,Compound,4.0231818744114465
41,182,ORF,2.957647371292114
41,182,CRISPR,1.5644444056919642
41,183,Total objective,8.479930836813791
41,183,Compound,4.025416353770665
41,183,ORF,2.935741513116019
41,183,CRISPR,1.5187729818480356
41,184,Total objective,8.494778456006731
41,184,Compound,4.020956114360264
41,184,ORF,2.91538644858769
41,184,CRISPR,1.5584359322275434
41,185,Total objective,8.50893771307809
41,185,Compound,4.022297508375985
41,185,ORF,2.938158099991935
41,185,CRISPR,1.5484822154045106
41,186,Total objective,8.46487854548863
41,186,Compound,4.019143830026899
41,186,ORF,2.880979265485491
41,186,CRISPR,1.5647554295403616
41,187,Total objective,8.458405208587646
41,187,Compound,4.014402260099138
41,187,ORF,2.9073836054120745
41,187,CRISPR,1.53661926644189
41,188,Total objective,8.483631025041852
41,188,Compound,4.022442678042821
41,188,ORF,2.913668039866856
41,188,CRISPR,1.5475203003202165
41,189,Total objective,8.462261724472047
41,189,Compound,4.0276813983917235
41,189,ORF,2.9131231137684415
41,189,CRISPR,1.5214572293417794
41,190,Total objective,8.449566963740757
41,190,Compound,4.015088953290667
41,190,ORF,2.9028898681913105
41,190,CRISPR,1.5315881286348616
41,191,Total objective,8.451779011317662
41,191,Compound,4.025782792908805
41,191,ORF,2.894631702559335
41,191,CRISPR,1.531364471571786
41,192,Total objective,8.426596764155796
41,192,Compound,4.01433481829507
41,192,ORF,2.8701240130833217
41,192,CRISPR,1.5421379004205977
41,193,Total objective,8.408999988010951
41,193,Compound,4.010749241283961
41,193,ORF,2.8640544721058436
41,193,CRISPR,1.5341962388583592
41,194,Total objective,8.398226996830532
41,194,Compound,4.015924048423767
41,194,ORF,2.8668925966535297
41,194,CRISPR,1.5154103568622044
41,195,Total objective,8.402650220053536
41,195,Compound,4.0210814271654405
41,195,ORF,2.8652737413133895
41,195,CRISPR,1.5162950345448085
41,196,Total objective,8.392922169821603
41,196,Compound,4.016373317582267
41,196,ORF,2.853052748952593
41,196,CRISPR,1.5234960062163216
41,197,Total objective,8.418809454781668
41,197,Compound,4.030976097924369
41,197,ORF,2.8786982366016933
41,197,CRISPR,1.509135137285505
41,198,Total objective,8.3924790927342
41,198,Compound,4.0325950554439
41,198,ORF,2.8610216856002806
41,198,CRISPR,1.4988623465810502
41,199,Total objective,8.375797721317836
41,199,Compound,4.017610686165946
41,199,ORF,2.8571264232907976
41,199,CRISPR,1.5010605709893363
41,200,Total objective,8.368305506025042
41,200,Compound,4.024264567238944
41,200,ORF,2.843579718044826
41,200,CRISPR,1.50046124288014
41,201,Total objective,8.368709366662161
41,201,Compound,4.009747808320181
41,201,ORF,2.8442549671445576
41,201,CRISPR,1.514706642287118
41,202,Total objective,8.348186091014318
41,202,Compound,4.003949884005955
41,202,ORF,2.8448561327798028
41,202,CRISPR,1.4993801082883562
41,203,Total objective,8.350529377801077
41,203,Compound,4.028267359733581
41,203,ORF,2.8278125252042496
41,203,CRISPR,1.4944495269230433
41,204,Total objective,8.312155737195695
41,204,Compound,3.9905437980379377
41,204,ORF,2.8329900571278164
41,204,CRISPR,1.4886219365256173
41,205,Total objective,8.30582377570016
41,205,Compound,4.018604833739144
41,205,ORF,2.8073726654052735
41,205,CRISPR,1.4798463310514178
41,206,Total objective,8.299829864501953
41,206,Compound,3.99289390700204
41,206,ORF,2.8091785294669016
41,206,CRISPR,1.4977574212210518
41,207,Total objective,8.324005440303258
41,207,Compound,4.003597661427089
41,207,ORF,2.830158928462437
41,207,CRISPR,1.4902488436017718
41,208,Total objective,8.316822378976005
41,208,Compound,3.9849586486816406
41,208,ORF,2.8539719445364815
41,208,CRISPR,1.4778916989053998
41,209,Total objective,8.28805890764509
41,209,Compound,4.00205500125885
41,209,ORF,2.795512294769287
41,209,CRISPR,1.4904916286468506
41,210,Total objective,8.275439507620675
41,210,Compound,3.996984474999564
41,210,ORF,2.7777895757130215
41,210,CRISPR,1.5006654262542725
41,211,Total objective,8.266712978907995
41,211,Compound,3.99740743296487
41,211,ORF,2.8128112350191388
41,211,CRISPR,1.4564943296568735
41,212,Total objective,8.271752132688249
41,212,Compound,4.0021125452859065
41,212,ORF,2.8098138059888567
41,212,CRISPR,1.459825771195548
41,213,Total objective,8.250989600590296
41,213,Compound,3.9984950542449953
41,213,ORF,2.79090781893049
41,213,CRISPR,1.4615866933550155
41,214,Total objective,8.216214057377407
41,214,Compound,3.997818330356053
41,214,ORF,2.76311183656965
41,214,CRISPR,1.4552838001932418
41,215,Total objective,8.280066204071044
41,215,Compound,4.006787368229458
41,215,ORF,2.7943475110190255
41,215,CRISPR,1.478931268623897
41,216,Total objective,8.223787341799055
41,216,Compound,3.985291532107762
41,216,ORF,2.7809201444898335
41,216,CRISPR,1.457575615814754
41,217,Total objective,8.23584292275565
41,217,Compound,4.018171729360308
41,217,ORF,2.7597627605710713
41,217,CRISPR,1.4579084123883927
41,218,Total objective,8.250384289877756
41,218,Compound,4.015826020921979
41,218,ORF,2.761821372168405
41,218,CRISPR,1.4727369138172695
41,219,Total objective,8.192916890553066
41,219,Compound,3.9863689116069247
41,219,ORF,2.7632843153817315
41,219,CRISPR,1.4432635954448154
41,220,Total objective,8.210132258278984
41,220,Compound,3.9917629752840313
41,220,ORF,2.74414724281856
41,220,CRISPR,1.4742220503943306
41,221,Total objective,8.22828062602452
41,221,Compound,4.004365542956761
41,221,ORF,2.7854828800473896
41,221,CRISPR,1.438432230268206
41,222,Total objective,8.193987723759243
41,222,Compound,3.9970241750989643
41,222,ORF,2.735721666472299
41,222,CRISPR,1.461241831098284
41,223,Total objective,8.187322010312762
41,223,Compound,3.990731341498239
41,223,ORF,2.7307364293507166
41,223,CRISPR,1.465854251384735
41,224,Total objective,8.179433577401298
41,224,Compound,3.991038680076599
41,224,ORF,2.7518824917929514
41,224,CRISPR,1.4365124685423716
41,225,Total objective,8.156990459987096
41,225,Compound,3.9905642236982075
41,225,ORF,2.739050783429827
41,225,CRISPR,1.4273754664829799
41,226,Total objective,8.178028174809047
41,226,Compound,4.006574753352574
41,226,ORF,2.744443872996739
41,226,CRISPR,1.4270095467567443
41,227,Total objective,8.131747470583235
41,227,Compound,3.9846507004329137
41,227,ORF,2.7073215757097517
41,227,CRISPR,1.4397751893315995
41,228,Total objective,8.106904772349766
41,228,Compound,3.986975952557155
41,228,ORF,2.713803992952619
41,228,CRISPR,1.4061248506818498
41,229,Total objective,8.120018931797572
41,229,Compound,3.9970568895339964
41,229,ORF,2.6929354803902763
41,229,CRISPR,1.4300265329224722
41,230,Total objective,8.120670189176288
41,230,Compound,3.9788383449826923
41,230,ORF,2.7120814970561438
41,230,CRISPR,1.429750324998583
41,231,Total objective,8.09863052368164
41,231,Compound,3.979540021078927
41,231,ORF,2.690202900341579
41,231,CRISPR,1.42888753925051
41,232,Total objective,8.09227135522025
41,232,Compound,3.998753912108285
41,232,ORF,2.6843781198774064
41,232,CRISPR,1.409139324937548
41,233,Total objective,8.106200299944197
41,233,Compound,3.9876466274261473
41,233,ORF,2.6940179824829102
41,233,CRISPR,1.424535732609885
41,234,Total objective,8.11594180379595
41,234,Compound,3.9988876002175466
41,234,ORF,2.6892476218087333
41,234,CRISPR,1.427806568145752
41,235,Total objective,8.099934666497367
41,235,Compound,3.977501143727984
41,235,ORF,2.6932507140295847
41,235,CRISPR,1.429182837690626
41,236,Total objective,8.11295315197536
41,236,Compound,4.0007866757256645
41,236,ORF,2.6992033651896885
41,236,CRISPR,1.4129631246839252
41,237,Total objective,8.06482322556632
41,237,Compound,3.972425743511745
41,237,ORF,2.682184212548392
41,237,CRISPR,1.4102133188928876
41,238,Total objective,8.056588404519218
41,238,Compound,3.967330653326852
41,238,ORF,2.67602173941476
41,238,CRISPR,1.4132359879357475
41,239,Total objective,8.03843275478908
41,239,Compound,3.977502475466047
41,239,ORF,2.66375835282462
41,239,CRISPR,1.397171996320997
41,240,Total objective,8.05745518548148
41,240,Compound,3.98469067301069
41,240,ORF,2.6869365862437657
41,240,CRISPR,1.3858278955732073
41,241,Total objective,8.049517883573259
41,241,Compound,3.986844147954668
41,241,ORF,2.6503813096455167
41,241,CRISPR,1.4122924259730747
41,242,Total objective,8.030492101396833
41,242,Compound,3.979524755477905
41,242,ORF,2.6593686989375525
41,242,CRISPR,1.3915986401694163
41,243,Total objective,8.022897052764893
41,243,Compound,3.9752504042216708
41,243,ORF,2.6561980043138775
41,243,CRISPR,1.3914486118725369
41,244,Total objective,8.013594279970441
41,244,Compound,3.9643662112099785
41,244,ORF,2.660454957825797
41,244,CRISPR,1.3887730751718794
41,245,Total objective,7.989009462084089
41,245,Compound,3.9484457322529383
41,245,ORF,2.649904646192278
41,245,CRISPR,1.390659078529903
41,246,Total objective,8.030567026138305
41,246,Compound,3.9901456356048586
41,246,ORF,2.6390332528523035
41,246,CRISPR,1.4013881257602148
41,247,Total objective,8.002572958809989
41,247,Compound,3.9860396351133076
41,247,ORF,2.635444218771798
41,247,CRISPR,1.3810890861919949
41,248,Total objective,7.976633862086705
41,248,Compound,3.9598528487341746
41,248,ORF,2.6245082650865825
41,248,CRISPR,1.3922727397509984
41,249,Total objective,7.956631898880005
41,249,Compound,3.9489719016211375
41,249,ORF,2.630415449823652
41,249,CRISPR,1.3772445287023272
41,250,Total objective,7.993382222311837
41,250,Compound,3.9740571669169835
41,250,ORF,2.6295826775687083
41,250,CRISPR,1.3897423471723285
41,251,Total objective,7.94985865184239
41,251,Compound,3.9662692308425904
41,251,ORF,2.5968801055635726
41,251,CRISPR,1.386709325654166
41,252,Total objective,7.9835907663617816
41,252,Compound,3.97732047353472
41,252,ORF,2.621909764834813
41,252,CRISPR,1.384360524586269
41,253,Total objective,7.941925934382847
41,253,Compound,3.9563919476100375
41,253,ORF,2.627094101905823
41,253,CRISPR,1.3584398814610072
41,254,Total objective,7.946402508871896
41,254,Compound,3.967064326150077
41,254,ORF,2.617221736907959
41,254,CRISPR,1.362116495200566
41,255,Total objective,7.9650090830666676
41,255,Compound,3.976606593813215
41,255,ORF,2.6180256366729737
41,255,CRISPR,1.3703768508774894
41,256,Total objective,7.901961987359183
41,256,Compound,3.9491345916475566
41,256,ORF,2.599339151382446
41,256,CRISPR,1.3534882749829973
41,257,Total objective,7.920824772971017
41,257,Compound,3.9520710808890205
41,257,ORF,2.592600645337786
41,257,CRISPR,1.3761530637741088
41,258,Total objective,7.909559563228062
41,258,Compound,3.9675162076950072
41,258,ORF,2.5786366258348736
41,258,CRISPR,1.3634067365101405
41,259,Total objective,7.923861762455531
41,259,Compound,3.9749477999550957
41,259,ORF,2.602913570404053
41,259,CRISPR,1.3460003665515354
41,260,Total objective,7.887340382167271
41,260,Compound,3.9571787289210727
41,260,ORF,2.5789730548858643
41,260,CRISPR,1.3511886153902326
41,261,Total objective,7.898856823784964
41,261,Compound,3.9597139017922536
41,261,ORF,2.585314379419599
41,261,CRISPR,1.3538284761565071
41,262,Total objective,7.917593928745815
41,262,Compound,3.973217753001622
41,262,ORF,2.5813522611345565
41,262,CRISPR,1.3630239060946874
41,263,Total objective,7.89265388080052
41,263,Compound,3.9550750494003295
41,263,ORF,2.580088438306536
41,263,CRISPR,1.3574903982026236
41,264,Total objective,7.900633260181972
41,264,Compound,3.9582841328212193
41,264,ORF,2.6024089200156078
41,264,CRISPR,1.3399402124541147
41,265,Total objective,7.891628633226667
41,265,Compound,3.9564300537109376
41,265,ORF,2.5742396524974276
41,265,CRISPR,1.3609589219093323
41,266,Total objective,7.853261184692383
41,266,Compound,3.9453380244118827
41,266,ORF,2.5765627145767214
41,266,CRISPR,1.3313604405948094
41,267,Total objective,7.86326345716204
41,267,Compound,3.95520920753479
41,267,ORF,2.5611815180097306
41,267,CRISPR,1.346872683933803
41,268,Total objective,7.844484111240932
41,268,Compound,3.946776488849095
41,268,ORF,2.5520686285836356
41,268,CRISPR,1.3456389631543841
41,269,Total objective,7.852675172260829
41,269,Compound,3.9452357189995904
41,269,ORF,2.5584544556481497
41,269,CRISPR,1.3489849822861808
41,270,Total objective,7.843360144751412
41,270,Compound,3.958701045172555
41,270,ORF,2.5505295889718194
41,270,CRISPR,1.334129536151886
41,271,Total objective,7.841480445861817
41,271,Compound,3.954570732797895
41,271,ORF,2.547373444693429
41,271,CRISPR,1.3395362445286343
41,272,Total objective,7.823356444495065
41,272,Compound,3.9476560388292583
41,272,ORF,2.547022233690534
41,272,CRISPR,1.3286781549453734
41,273,Total objective,7.832101801463536
41,273,Compound,3.94631906577519
41,273,ORF,2.5441277163369316
41,273,CRISPR,1.3416550278663635
41,274,Total objective,7.793763419560023
41,274,Compound,3.937918666430882
41,274,ORF,2.5351277010781423
41,274,CRISPR,1.32071704183306
41,275,Total objective,7.79479033606393
41,275,Compound,3.9297032390322
41,275,ORF,2.5286879539489746
41,275,CRISPR,1.3363991447857448
41,276,Total objective,7.801797498975481
41,276,Compound,3.9480465957096644
41,276,ORF,2.5245967149734496
41,276,CRISPR,1.3291541491236005
41,277,Total objective,7.810692099162511
41,277,Compound,3.9516127484185355
41,277,ORF,2.535958055087498
41,277,CRISPR,1.3231212513787405
41,278,Total objective,7.766181455339704
41,278,Compound,3.9267542668751307
41,278,ORF,2.541844711984907
41,278,CRISPR,1.2975824526378086
41,279,Total objective,7.801893104825701
41,279,Compound,3.955407057489668
41,279,ORF,2.5297974722726004
41,279,CRISPR,1.3166885954993113
41,280,Total objective,7.787051943370274
41,280,Compound,3.936979467528207
41,280,ORF,2.5175226960863384
41,280,CRISPR,1.332549774646759
41,281,Total objective,7.766013724463327
41,281,Compound,3.934470786367144
41,281,ORF,2.5132388148988998
41,281,CRISPR,1.3183041368212018
41,282,Total objective,7.761638110024588
41,282,Compound,3.9426925386701313
41,282,ORF,2.4973025832857405
41,282,CRISPR,1.3216429778507777
41,283,Total objective,7.78663717678615
41,283,Compound,3.9439957550593783
41,283,ORF,2.5190407855170114
41,283,CRISPR,1.3236006311007908
41,284,Total objective,7.768739666257586
41,284,Compound,3.9458931173597063
41,284,ORF,2.506651830673218
41,284,CRISPR,1.316194702897753
41,285,Total objective,7.717426776885986
41,285,Compound,3.9379900591714043
41,285,ORF,2.4742919615336825
41,285,CRISPR,1.3051447715078082
41,286,Total objective,7.739537538800921
41,286,Compound,3.936002366883414
41,286,ORF,2.475102537018912
41,286,CRISPR,1.3284326434135436
41,287,Total objective,7.74810517856053
41,287,Compound,3.9466251373291015
41,287,ORF,2.4968719891139437
41,287,CRISPR,1.3046080572264536
41,288,Total objective,7.743978500366211
41,288,Compound,3.9456087827682493
41,288,ORF,2.4868146692003523
41,288,CRISPR,1.3115550466946193
41,289,Total objective,7.709839166913714
41,289,Compound,3.9361060959952217
41,289,ORF,2.480594110488892
41,289,CRISPR,1.293138953617641
41,290,Total objective,7.737816831043788
41,290,Compound,3.9425147329057966
41,290,ORF,2.4760069744927544
41,290,CRISPR,1.3192950998033797
41,291,Total objective,7.705954946790423
41,291,Compound,3.9299549749919347
41,291,ORF,2.4694708449499947
41,291,CRISPR,1.3065291098185947
41,292,Total objective,7.730740697043283
41,292,Compound,3.954695108958653
41,292,ORF,2.4764157703944614
41,292,CRISPR,1.299629787036351
41,293,Total objective,7.730123124803815
41,293,Compound,3.9537045342581614
41,293,ORF,2.473262432643345
41,293,CRISPR,1.3031561596052987
41,294,Total objective,7.711872039522444
41,294,Compound,3.9407461370740617
41,294,ORF,2.475813058444432
41,294,CRISPR,1.2953128371919904
41,295,Total objective,7.705155944824218
41,295,Compound,3.928342250415257
41,295,ORF,2.4829726082938057
41,295,CRISPR,1.2938410690852573
41,296,Total objective,7.698372493471418
41,296,Compound,3.938285265650068
41,296,ORF,2.4667584214891707
41,296,CRISPR,1.2933288216590881
41,297,Total objective,7.6935152803148545
41,297,Compound,3.928804465702602
41,297,ORF,2.469181180000305
41,297,CRISPR,1.2955296720777238
41,298,Total objective,7.688378654207502
41,298,Compound,3.935532920701163
41,298,ORF,2.462233781814575
41,298,CRISPR,1.2906119023050582
41,299,Total objective,7.671131672177996
41,299,Compound,3.9319191558020457
41,299,ORF,2.451509049960545
41,299,CRISPR,1.287703456197466
41,300,Total objective,7.679815585272653
41,300,Compound,3.92213146345956
41,300,ORF,2.4598115750721523
41,300,CRISPR,1.2978725620678493
